f0,f1,f2,f3,f4,f5,f6,f7,f8,f9,f10,f11,f12,f13,f14,f15,f16,f17,f18,f19,f20,f21,label
114.8,142.4,317.4,230.8,33.8,21.2,2.0,1.6,40.0,12.9,3.6,139.5,184.8,313.7,213.3,29.5,31.7,1.2,0.8,55.6,1.5,-0.4,0
67.3,104.3,174.3,244.0,11.3,25.7,3.0,2.0,40.0,-11.3,-8.4,102.8,202.3,129.8,279.3,11.8,40.3,0.5,1.0,36.4,-24.5,-12.7,1
227.7,153.0,181.6,281.9,29.3,29.9,1.0,1.5,40.0,-6.4,-9.5,212.9,181.4,187.9,275.1,31.6,29.0,1.2,2.2,20.0,-1.7,-4.0,0
197.4,114.6,201.6,218.2,33.7,18.1,1.5,3.3,60.0,10.3,-1.1,120.2,100.8,230.8,241.1,28.3,18.2,1.5,3.0,60.0,7.4,0.8,1
210.7,155.4,175.4,274.0,23.7,28.9,1.5,1.5,77.8,-4.8,-3.1,286.8,198.4,51.7,252.7,23.6,36.9,1.1,1.5,77.8,-7.4,-2.3,1
119.6,135.2,221.3,226.0,21.3,24.1,1.9,1.9,70.0,-1.5,-2.8,145.2,184.7,218.9,202.6,19.3,28.7,1.7,1.6,80.0,-10.3,-2.1,0
203.2,93.5,347.8,332.0,47.7,23.0,1.2,1.8,70.0,22.6,10.9,121.7,127.0,240.8,185.7,25.7,19.2,1.5,1.2,50.0,9.8,3.7,1
103.4,103.0,244.8,134.0,23.0,15.0,2.6,2.2,30.0,4.2,-1.9,104.0,126.3,206.0,157.0,25.5,9.0,1.3,2.8,50.0,9.5,0.0,0
0.0,0.0,0.0,0.0,39.1,22.0,0.3,0.7,30.0,15.7,4.1,0.0,0.0,0.0,0.0,18.4,39.7,0.4,0.8,80.0,-17.8,-4.8,1
116.7,136.6,406.6,278.4,45.6,27.1,2.0,1.7,70.0,10.8,-0.4,111.3,194.5,134.3,222.9,11.3,33.3,1.9,1.5,50.0,-17.8,-5.8,1
146.0,208.0,134.0,330.0,14.0,66.0,4.0,0.0,50.0,-15.4,-14.1,144.0,43.0,310.0,323.0,49.0,21.0,0.0,5.0,40.0,-0.5,-17.9,0
96.0,164.0,229.0,216.0,20.0,27.0,1.0,2.0,80.0,5.5,-3.6,123.0,-5.0,303.0,229.0,30.0,6.0,0.0,2.0,90.0,5.1,-19.0,0
191.5,113.0,237.0,158.0,23.5,13.0,2.5,1.5,55.6,7.4,-5.5,327.5,143.0,126.5,209.5,43.5,20.0,1.0,2.0,88.9,20.3,9.0,0
181.4,125.8,250.6,146.5,36.0,19.9,1.0,1.8,50.0,11.3,-0.5,149.9,121.0,192.1,224.4,28.8,22.2,2.0,2.8,70.0,3.4,-2.1,1
274.3,114.5,179.7,246.1,38.3,25.3,2.5,2.2,90.0,12.6,4.5,169.4,130.9,230.8,154.6,39.1,19.1,1.3,2.2,70.0,12.3,1.9,1
210.6,123.4,287.6,161.9,36.9,18.4,1.9,2.0,44.4,20.9,6.0,160.3,202.3,190.2,223.3,20.9,27.0,1.4,1.7,33.3,-1.2,2.5,0
173.0,122.0,242.7,222.3,29.0,21.7,2.0,2.0,50.0,3.6,0.8,119.7,336.0,242.3,143.0,17.7,40.0,2.3,1.3,30.0,-10.9,0.6,0
231.0,240.5,224.5,156.0,30.5,15.5,2.0,0.5,44.4,8.3,-5.5,276.0,150.3,132.0,177.7,35.7,24.7,1.3,2.3,88.9,16.8,8.4,1
129.8,161.9,201.3,221.5,23.1,24.5,1.2,2.0,40.0,0.8,1.9,86.5,177.9,259.6,212.3,21.1,28.5,3.0,1.3,50.0,-4.5,-0.2,1
120.5,137.9,316.8,317.4,31.9,32.6,2.0,2.0,90.9,1.5,0.1,132.1,154.3,279.9,216.9,30.0,16.7,1.4,1.7,70.0,14.5,5.2,0
191.5,143.8,210.3,241.6,22.5,24.9,0.9,1.0,44.4,-5.7,-7.2,189.1,130.8,301.1,256.8,40.4,24.0,1.8,2.1,55.6,-3.5,-13.2,0
248.3,93.6,214.8,150.9,37.3,12.0,1.3,1.7,60.0,20.9,4.4,123.6,158.8,180.8,225.1,16.3,27.1,1.1,1.1,40.0,-12.2,-6.8,0
157.5,186.0,243.0,272.7,24.7,33.0,2.0,2.2,70.0,-5.4,-0.4,220.0,187.8,114.2,174.7,21.7,27.5,1.2,2.2,77.8,-10.1,-8.2,0
110.8,134.0,318.3,296.5,25.0,35.5,1.5,0.3,77.8,-5.8,-5.9,179.0,193.3,241.5,168.3,28.5,30.3,0.8,1.3,88.9,-4.8,-5.2,0
172.7,109.0,207.3,329.7,33.3,25.0,2.3,1.7,40.0,0.6,-5.3,83.0,187.5,225.0,166.0,18.5,21.5,2.0,1.0,50.0,6.9,-3.9,1
145.5,171.0,299.5,234.5,30.5,16.5,3.0,3.0,90.0,-6.0,-15.5,115.0,363.0,325.0,76.0,40.0,14.0,1.0,3.0,40.0,-3.4,-21.7,0
107.6,77.4,253.3,275.9,23.4,21.0,1.5,1.9,33.3,11.2,8.8,246.3,151.8,131.4,186.0,31.6,24.5,0.9,2.0,44.4,4.8,1.5,0
105.0,232.0,214.0,239.0,28.0,32.0,1.0,0.0,60.0,-6.2,-6.7,113.0,90.0,342.0,129.0,17.0,13.0,2.0,1.0,60.0,0.6,-15.3,0
97.0,127.5,218.0,326.0,26.5,33.5,1.0,1.0,30.0,-5.1,-5.0,72.0,128.5,271.5,327.0,18.5,33.5,1.5,1.0,60.0,-2.5,0.6,0
251.6,217.3,273.6,219.9,44.2,22.7,0.6,2.3,44.4,14.3,-2.7,208.6,235.4,240.4,215.8,30.6,32.6,2.0,1.8,77.8,-6.3,-7.2,1
180.9,129.2,199.8,183.1,32.2,19.0,1.8,3.1,20.0,5.3,-4.1,116.7,234.1,214.6,268.1,17.9,43.9,2.7,2.3,50.0,-19.0,-9.9,1
294.8,170.6,215.8,268.2,47.2,26.6,1.4,1.2,90.0,26.3,10.7,89.9,156.1,248.0,252.7,21.9,36.0,0.9,1.0,30.0,-7.8,0.3,0
25.1,38.6,73.4,56.7,24.2,25.3,1.3,1.4,50.0,-1.8,-1.8,14.1,39.8,19.3,20.8,13.7,25.5,0.6,0.4,80.0,-3.7,-3.7,1
174.4,230.9,181.3,209.4,24.3,33.5,1.7,1.4,20.0,-1.6,3.7,229.5,255.9,269.9,285.9,34.8,43.5,1.2,1.0,88.9,2.2,5.9,1
137.0,136.5,315.8,283.0,31.7,25.5,0.8,1.7,80.0,9.0,4.8,141.8,123.0,165.3,239.3,27.0,24.2,1.8,2.3,9.1,6.3,0.9,1
140.6,140.4,358.9,202.5,37.8,28.9,1.5,1.3,90.9,11.4,6.7,184.8,200.5,160.0,249.0,15.1,33.1,2.0,1.5,50.0,-8.3,1.0,0
125.1,151.9,185.8,224.9,26.3,22.6,0.8,1.8,40.0,2.1,-1.3,151.0,245.6,250.7,194.9,25.6,31.9,2.0,1.7,81.8,-4.6,-4.6,1
52.0,25.0,247.0,219.0,28.0,14.0,1.0,1.0,70.0,4.6,1.0,80.0,199.0,341.0,217.0,24.0,31.0,3.0,2.0,50.0,-5.0,-5.2,1
120.7,136.8,203.8,200.8,22.8,19.2,1.2,1.7,50.0,12.1,7.3,104.8,149.2,193.3,234.5,17.8,28.2,1.7,0.8,30.0,-6.6,-3.2,0
84.4,191.0,244.0,220.4,14.2,37.6,4.4,1.8,50.0,-16.7,-11.4,140.7,220.2,177.3,208.8,18.0,29.5,2.0,2.7,30.0,-12.5,-8.6,0
186.5,157.0,225.7,189.0,30.7,23.7,1.0,1.7,50.0,-1.3,-6.8,199.2,227.4,204.2,273.0,38.4,41.2,0.8,0.8,60.0,-1.0,-3.6,1
199.5,116.8,203.8,227.1,30.5,21.5,1.8,1.4,50.0,10.2,2.7,145.3,149.4,179.5,197.5,22.3,17.1,1.6,1.6,50.0,7.1,1.9,1
195.5,138.9,225.9,234.3,31.4,28.4,0.8,1.5,50.0,-5.0,-8.3,112.9,144.4,172.5,206.4,18.1,26.5,2.0,1.8,50.0,-10.4,-5.7,1
157.4,208.9,308.5,266.8,34.8,29.8,1.6,1.9,70.0,0.7,-3.4,185.4,100.6,359.4,262.4,33.6,25.3,1.7,1.0,70.0,2.1,-4.0,0
296.0,120.7,43.7,175.5,26.2,18.7,1.7,1.5,55.6,-1.5,-9.2,185.4,212.6,107.2,197.8,18.4,32.0,1.1,1.0,77.8,-8.1,-0.5,1
116.7,150.9,191.9,228.5,20.6,24.7,2.0,1.6,70.0,-7.0,-6.3,136.9,166.4,222.5,221.1,22.9,36.0,2.7,0.9,50.0,-15.2,-8.7,1
142.0,104.0,219.8,179.5,27.8,17.3,1.5,1.8,66.7,10.4,2.1,163.5,157.5,247.7,212.2,27.8,25.8,1.5,2.2,100.0,2.0,-0.1,1
216.5,29.0,299.5,87.0,55.0,0.0,1.0,2.0,30.0,26.3,-4.9,170.5,133.5,226.0,138.5,32.0,21.0,2.5,2.5,77.8,15.6,-5.6,0
199.2,148.1,337.6,304.3,41.1,32.1,1.8,1.4,10.0,17.4,8.2,164.1,186.1,228.7,240.5,28.3,31.1,1.5,1.9,18.2,-2.1,-2.3,1
242.0,112.5,218.8,194.0,42.8,16.3,0.5,2.0,88.9,24.2,5.9,140.3,167.0,239.5,197.5,26.8,19.0,1.8,2.3,80.0,-0.3,-3.4,1
128.5,90.9,206.3,215.6,23.5,19.4,1.9,2.4,30.0,3.6,1.1,168.0,137.2,196.0,177.1,27.7,25.9,1.9,2.1,70.0,2.7,1.5,1
126.3,191.6,200.4,214.8,15.1,30.0,1.1,2.0,90.0,-7.9,0.0,147.3,192.8,346.9,282.1,38.3,32.1,1.0,1.0,40.0,8.1,2.3,0
236.8,234.0,211.5,154.8,35.8,26.3,1.3,0.5,30.0,-2.5,-13.3,213.6,168.2,263.6,317.6,35.8,37.8,0.8,0.8,40.0,-6.8,-5.3,0
179.0,141.9,293.4,261.1,36.6,26.7,1.1,1.5,50.0,3.2,-4.4,192.5,182.3,268.2,268.7,32.3,30.4,1.5,1.3,90.0,-5.1,-7.2,0
107.8,162.7,302.6,285.4,22.5,37.3,1.8,0.8,40.0,-2.3,2.8,136.1,154.2,157.1,234.0,18.5,24.2,1.1,1.6,50.0,-0.2,2.7,1
91.8,209.6,182.9,211.6,17.0,29.1,1.9,1.9,70.0,-13.2,-7.5,89.1,236.9,186.9,310.1,9.6,46.8,2.6,0.8,70.0,-25.1,-2.8,0
218.5,186.0,340.2,231.5,39.1,27.8,1.5,1.4,66.7,17.7,8.7,270.0,185.4,261.7,288.7,41.5,36.3,1.4,1.7,88.9,10.9,6.7,0
129.6,143.0,186.8,232.2,20.6,25.4,1.8,1.2,70.0,-1.9,1.3,130.7,114.5,253.5,240.5,23.9,22.0,2.1,2.5,50.0,2.4,1.8,1
163.5,175.9,244.3,227.9,23.0,32.3,1.6,1.1,33.3,0.2,3.5,133.6,260.8,153.9,208.3,15.4,39.6,1.9,1.5,50.0,-11.2,-3.6,0
178.7,123.5,196.8,214.5,30.7,21.9,1.4,1.7,90.0,11.3,4.2,192.4,94.7,190.7,215.2,22.7,18.6,2.0,1.6,90.0,4.6,-0.7,1
171.8,181.3,281.5,170.6,27.0,24.9,2.3,1.1,50.0,5.4,0.6,80.4,219.5,190.9,207.6,17.6,28.6,2.5,2.0,55.6,-15.6,-10.4,1
121.0,161.0,369.0,328.3,32.0,34.3,2.3,1.7,11.1,8.3,1.9,238.3,150.7,262.0,235.7,44.7,34.7,1.3,0.3,77.8,5.1,-0.5,0
158.8,149.9,205.1,175.4,25.5,19.0,1.9,2.4,80.0,6.2,1.9,197.7,99.3,264.3,249.0,43.1,24.2,1.3,1.3,30.0,19.5,6.2,0
161.1,235.2,351.8,273.1,41.6,39.8,1.4,1.6,80.0,-6.3,-8.4,117.6,141.9,170.8,212.1,16.4,23.9,1.8,1.7,50.0,-11.5,-7.3,0
251.9,189.4,212.1,196.3,33.1,28.1,1.4,1.1,77.8,4.9,0.9,132.0,194.8,272.5,204.3,24.3,32.4,1.5,1.4,22.2,-4.1,3.4,1
174.8,225.0,296.3,255.4,35.3,37.1,1.5,0.9,30.0,7.6,5.6,206.1,112.9,179.1,217.8,30.5,22.9,2.1,2.8,30.0,12.6,9.3,1
209.0,47.0,179.0,278.0,31.0,24.0,0.0,3.0,70.0,1.3,-2.2,83.0,149.0,279.0,233.0,30.0,27.0,2.0,2.0,18.2,-2.6,-15.8,1
115.0,256.0,233.0,283.0,16.0,34.0,1.0,0.0,33.3,-19.1,-20.4,138.0,228.5,302.5,225.5,36.0,32.5,1.0,2.0,22.2,-6.4,-12.6,1
200.3,123.8,186.3,252.0,34.8,22.5,0.8,2.5,30.0,10.9,4.1,118.0,162.0,298.8,210.8,26.0,22.0,2.8,1.8,60.0,-1.5,-8.6,0
216.7,126.7,350.3,189.9,53.6,15.1,0.7,2.3,88.9,33.4,4.6,154.2,158.2,203.6,233.2,20.2,29.8,1.8,1.0,66.7,-0.6,2.5,0
81.5,256.0,325.8,230.8,22.3,41.0,1.5,0.5,90.0,-4.1,-2.6,58.2,282.4,195.0,159.6,16.0,31.0,0.6,0.8,80.0,-0.6,3.3,0
191.1,111.3,187.7,216.3,33.4,18.9,1.3,1.7,40.0,3.7,-7.6,145.8,166.0,244.0,192.3,32.4,24.5,1.2,1.9,90.0,11.1,5.1,0
173.3,167.5,264.5,202.3,30.7,20.7,1.2,1.7,80.0,-0.5,-7.0,79.6,248.1,133.7,207.1,10.4,31.4,1.0,1.1,40.0,-11.2,-0.8,0
272.6,98.2,269.2,328.2,42.6,19.4,1.8,2.4,45.5,18.4,8.0,268.0,100.2,229.2,206.4,42.0,14.4,1.0,1.8,40.0,27.7,9.8,0
118.3,157.3,252.0,178.3,24.8,25.5,1.5,1.0,80.0,9.0,9.0,129.0,104.8,200.0,255.5,22.0,19.0,2.5,2.5,40.0,-7.2,-9.8,0
148.3,112.8,282.7,208.5,30.4,19.4,1.9,2.3,50.0,-0.6,-8.8,91.1,210.0,289.5,252.8,23.2,32.6,2.5,1.6,60.0,-15.1,-11.1,0
185.1,101.6,198.6,222.8,20.7,18.4,1.5,1.9,50.0,1.6,-3.3,187.6,174.4,101.1,225.3,19.1,28.2,1.3,1.7,72.7,-15.2,-10.4,1
154.3,109.0,366.3,259.1,41.0,24.6,1.3,1.5,70.0,14.0,2.8,216.3,180.8,273.6,240.7,38.9,33.4,1.3,1.3,40.0,9.0,3.6,1
280.8,135.3,239.0,239.8,51.5,25.5,1.3,2.5,10.0,13.0,-7.0,177.5,97.8,385.5,289.5,53.8,24.3,1.3,1.8,70.0,22.5,0.5,0
95.0,141.0,346.3,289.3,38.7,29.7,2.7,1.7,50.0,18.7,6.0,12.5,194.8,178.5,186.0,17.0,23.5,2.0,2.3,70.0,-10.2,-10.2,0
140.9,109.9,263.9,177.9,32.6,10.3,1.9,2.7,60.0,14.1,-1.4,134.3,180.8,191.6,249.6,21.0,35.6,1.8,1.8,50.0,-17.6,-7.4,0
122.7,169.0,245.0,256.7,28.7,33.3,1.3,2.0,50.0,-11.3,-7.8,131.3,98.0,119.0,300.3,15.7,29.7,0.7,2.0,50.0,-7.8,-4.4,0
183.3,231.3,201.3,231.3,17.8,38.5,2.5,2.0,80.0,-16.4,-9.4,77.3,114.0,197.0,223.0,13.8,31.5,2.3,1.3,72.7,-14.3,-7.3,0
176.1,217.4,278.9,208.6,35.3,26.6,1.0,2.0,40.0,-2.4,-8.3,123.5,212.5,278.2,257.3,28.7,38.5,2.8,2.0,60.0,-7.6,-7.0,0
167.5,130.2,258.2,270.4,35.0,27.5,1.2,1.8,80.0,16.1,6.3,205.0,128.4,211.5,250.4,30.0,27.0,1.1,1.6,90.0,8.9,4.3,1
194.0,89.0,222.0,220.0,29.0,22.0,1.5,2.0,50.0,-6.2,-7.9,106.0,252.0,168.0,80.0,22.0,9.5,2.0,2.5,50.0,-6.4,-10.2,1
117.6,93.3,190.7,242.0,22.7,22.1,2.6,2.6,80.0,5.7,3.5,92.3,187.4,369.7,309.6,28.9,38.4,1.7,1.3,70.0,5.4,8.5,1
156.5,163.5,382.5,239.5,39.5,29.0,1.0,1.0,66.7,7.8,-1.4,64.3,202.3,216.3,301.3,15.7,45.0,3.7,1.0,50.0,-17.6,-11.9,0
148.2,217.2,203.3,232.8,23.8,40.5,1.8,1.5,22.2,-0.5,3.8,121.8,267.5,308.0,225.3,28.3,39.8,1.5,0.7,90.0,-1.8,-0.2,0
151.7,125.0,153.7,233.7,21.3,22.7,2.0,2.3,70.0,-2.2,-6.9,98.7,171.3,195.3,276.7,15.3,41.0,2.0,1.3,80.0,-10.0,3.1,1
163.8,96.0,249.6,193.8,30.4,13.8,1.0,1.8,80.0,12.7,3.5,175.0,180.8,201.3,196.3,26.8,30.3,3.3,2.5,70.0,-1.3,-1.6,0
195.9,110.1,241.2,237.9,33.1,23.0,1.2,1.4,60.0,13.7,7.3,132.3,117.9,284.4,165.9,25.6,18.9,1.3,1.6,40.0,7.6,2.6,1
101.3,109.3,159.8,230.8,14.8,27.3,3.0,2.0,70.0,-4.4,-2.2,77.2,123.4,253.6,198.8,21.0,25.0,1.6,2.2,36.4,-4.3,-2.4,0
226.0,112.2,245.7,281.7,37.9,19.8,1.1,2.3,70.0,18.2,5.2,184.9,219.1,351.6,248.0,43.7,31.5,1.9,1.8,100.0,15.5,6.6,0
125.0,108.3,241.3,197.0,22.8,22.8,2.3,1.5,20.0,-19.9,-20.8,66.0,102.3,185.5,281.5,12.3,34.8,2.8,1.0,70.0,-15.8,-12.8,0
233.7,151.0,322.7,257.7,42.0,23.1,1.9,0.9,100.0,20.4,6.1,159.0,149.1,238.1,199.9,29.7,18.6,1.1,2.4,45.5,7.8,-1.8,0
121.5,178.7,223.7,281.0,29.0,30.8,0.7,2.0,18.2,9.5,10.5,170.2,131.3,184.3,207.5,31.8,23.5,1.5,2.2,60.0,11.5,5.0,1
126.0,208.7,268.0,256.7,30.7,41.7,1.3,1.0,90.0,-4.5,-0.2,142.7,97.3,271.3,154.3,26.0,21.7,2.3,1.7,40.0,6.3,1.3,1
162.2,123.4,303.8,252.0,33.4,23.8,2.6,1.8,100.0,10.2,3.5,293.4,155.9,157.3,145.2,37.4,19.1,1.2,1.8,70.0,13.4,1.1,0
236.2,93.2,303.0,180.8,39.6,15.6,1.2,1.2,50.0,18.4,-2.0,128.3,258.0,311.2,274.7,26.2,36.0,1.5,1.8,80.0,-2.1,1.4,1
28.8,34.5,60.1,32.0,46.1,27.5,0.7,1.3,30.0,7.4,7.4,13.5,12.9,39.0,27.8,16.7,34.5,0.8,0.8,80.0,-15.0,-15.0,1
215.1,54.3,215.7,123.4,35.2,7.7,1.1,1.6,80.0,25.7,8.1,219.5,93.0,152.8,172.3,37.6,11.2,0.6,2.4,60.0,28.4,12.3,1
181.7,124.0,310.3,213.2,47.0,27.7,1.0,2.3,70.0,10.9,-0.7,145.2,156.4,215.6,228.8,23.2,33.4,1.6,1.8,70.0,-6.3,-2.0,1
176.0,192.0,209.6,181.6,27.2,22.6,0.8,1.6,40.0,3.7,0.4,136.6,170.9,223.4,295.1,26.0,34.6,1.3,1.0,33.3,-15.9,-8.8,0
205.7,139.4,183.3,182.2,24.7,19.4,0.7,1.0,55.6,11.1,4.9,165.8,165.7,234.2,206.8,32.8,28.5,1.2,1.7,100.0,5.7,2.6,0
133.1,110.9,271.7,235.9,29.6,17.6,0.6,1.3,50.0,11.2,3.2,210.7,169.9,189.3,222.9,31.7,27.9,2.1,1.6,50.0,3.2,3.3,1
354.0,14.0,331.0,301.0,49.0,14.0,3.0,1.0,30.0,6.8,-10.3,60.0,177.0,377.0,341.0,17.0,63.0,3.0,1.0,70.0,-10.7,7.2,0
194.9,130.3,247.1,226.1,34.8,23.0,1.8,1.8,40.0,7.0,-2.0,106.7,127.9,237.9,208.8,22.4,25.3,1.6,1.8,60.0,-7.6,-9.9,0
6.0,241.0,362.0,211.0,24.0,44.0,1.0,2.0,30.0,-22.6,-8.4,110.0,67.0,192.0,304.0,17.0,19.0,1.0,1.0,60.0,-3.0,11.7,1
126.9,154.8,175.6,227.2,16.9,28.7,2.1,1.7,60.0,-14.1,-10.0,144.8,151.3,232.6,241.6,25.2,32.0,2.3,0.9,60.0,-7.5,-7.3,1
105.0,83.3,310.5,236.8,24.3,26.5,1.8,1.8,77.8,6.4,0.2,80.5,103.8,246.3,197.5,27.3,22.5,1.8,1.0,80.0,6.0,1.0,0
94.5,257.3,272.0,167.0,16.5,21.5,1.5,1.8,44.4,-11.0,-12.1,97.2,240.4,245.2,280.0,19.2,47.2,2.8,0.6,33.3,-22.0,-5.9,1
200.3,121.4,185.1,203.4,24.2,24.0,2.1,2.0,30.0,5.0,4.0,171.4,161.3,207.9,263.5,20.5,33.6,1.9,1.5,100.0,-10.2,-5.1,0
151.0,125.5,237.0,193.0,26.0,24.0,2.0,1.5,50.0,3.9,-0.1,84.0,147.5,186.5,249.0,22.5,30.5,2.5,2.0,30.0,-0.7,4.7,1
195.4,183.9,295.9,268.7,41.0,31.3,1.1,2.1,30.0,8.4,0.8,222.9,236.6,218.9,277.3,30.9,39.1,1.4,1.3,66.7,-3.5,-2.0,1
126.5,90.0,220.5,283.5,32.5,16.5,1.0,1.5,50.0,-2.7,-11.4,235.0,57.0,187.0,84.0,30.0,3.0,0.0,2.0,40.0,11.3,-11.1,1
195.8,165.3,267.8,265.2,33.6,30.5,1.3,1.8,50.0,0.5,-4.0,192.8,169.1,223.9,263.7,29.8,26.4,1.3,2.8,10.0,-7.9,-8.6,0
112.5,168.5,100.5,230.0,4.5,30.5,3.0,3.0,50.0,-12.4,-7.0,119.0,119.7,238.0,149.0,26.3,16.3,2.0,2.0,70.0,4.2,0.4,1
185.5,158.8,306.7,286.4,35.6,26.1,1.1,1.8,70.0,11.6,5.2,170.8,145.0,172.0,249.2,28.7,24.9,1.1,1.9,80.0,12.3,8.8,1
358.9,182.5,94.6,263.5,38.9,37.6,1.3,1.2,80.0,-7.1,-8.6,90.3,235.7,191.0,212.8,18.6,31.9,2.6,1.9,55.6,-16.6,-9.2,1
28.0,118.0,329.0,147.0,14.0,13.0,4.0,2.0,90.0,11.4,20.8,39.0,201.0,325.0,211.0,13.0,37.0,2.0,1.0,80.0,-16.1,5.0,0
142.2,171.1,226.3,214.2,28.8,26.3,1.5,2.2,50.0,-8.6,-9.4,141.5,246.5,323.8,273.7,31.4,34.6,1.6,1.1,50.0,-5.1,-4.0,0
319.1,114.3,185.3,309.0,34.6,30.1,2.1,1.0,20.0,-2.1,-6.5,52.3,253.5,202.3,222.8,14.5,39.5,1.8,2.3,30.0,-14.7,-4.7,0
163.5,155.3,304.5,327.5,31.8,31.3,0.5,1.0,55.6,-4.0,-4.5,115.3,106.0,331.8,288.0,29.3,26.8,2.0,1.3,77.8,2.7,-4.4,0
137.0,246.7,269.3,173.7,36.0,31.3,0.7,0.3,66.7,6.8,2.0,118.0,114.0,239.0,334.5,25.5,31.0,0.5,1.5,22.2,-8.3,-7.1,1
52.5,164.5,447.0,224.5,42.0,31.0,0.5,2.0,18.2,6.2,-2.2,64.0,263.0,216.0,182.0,7.0,42.0,4.0,1.0,80.0,-10.8,-7.7,0
134.2,105.8,276.6,247.1,28.6,24.3,1.7,1.2,30.0,5.4,0.0,135.8,173.1,248.5,196.4,25.9,28.8,2.8,1.9,18.2,-0.4,1.3,0
152.2,212.3,281.7,231.3,31.9,32.1,1.6,1.3,33.3,7.0,7.0,151.8,247.8,281.6,263.1,31.3,39.8,1.6,1.4,44.4,7.6,7.6,0
190.0,96.0,98.0,183.0,34.0,10.0,0.0,1.0,80.0,8.6,-9.1,117.0,126.0,391.0,128.0,20.0,23.0,5.0,0.0,80.0,6.3,3.3,1
219.0,100.0,305.0,200.0,22.0,13.0,2.0,3.0,80.0,-0.5,-12.7,249.0,151.0,190.5,227.0,27.0,33.0,2.0,1.5,50.0,-4.5,-0.1,0
160.5,62.3,296.5,202.0,39.0,7.5,1.3,1.5,33.3,26.3,2.6,174.2,87.6,250.0,167.4,27.4,8.8,1.0,1.4,66.7,14.6,5.5,1
139.4,79.6,175.1,203.5,23.5,21.1,1.7,2.6,60.0,-3.1,-5.1,92.5,138.6,235.3,183.4,21.5,23.1,1.6,1.8,36.4,-5.4,-5.0,1
221.5,125.0,219.8,179.8,35.5,21.8,0.8,1.0,60.0,3.9,-7.4,118.0,230.2,189.0,286.0,18.8,50.8,1.0,2.2,40.0,-18.2,0.2,1
204.8,111.3,334.8,216.5,53.8,12.8,1.0,2.0,88.9,36.1,7.4,151.5,321.0,194.0,231.0,19.0,43.0,0.5,1.0,40.0,-17.6,-15.4,0
139.8,139.8,237.6,336.0,29.2,35.6,1.8,1.4,20.0,-10.3,-11.0,215.8,274.6,319.4,172.4,38.2,28.6,1.2,1.8,40.0,-3.9,-10.5,0
13.2,135.2,203.2,243.6,7.8,25.2,1.8,1.6,70.0,-7.2,0.0,84.7,269.7,194.2,185.3,12.2,36.3,2.5,1.7,30.0,-13.3,3.8,0
201.1,138.8,266.8,224.6,31.4,22.5,1.6,1.5,77.8,15.0,9.5,87.2,160.3,316.0,195.8,27.5,25.8,2.3,2.1,33.3,7.7,6.3,1
147.7,106.7,364.0,263.2,39.8,24.4,1.2,1.4,70.0,13.4,2.7,130.1,236.3,385.1,256.6,34.4,33.9,1.7,1.2,81.8,5.3,3.7,1
159.2,135.2,205.2,131.0,26.8,11.2,1.6,1.8,55.6,9.9,-3.5,148.8,184.7,192.7,180.0,27.3,26.8,1.8,1.7,33.3,7.9,3.7,1
311.7,221.9,186.6,218.9,35.7,33.0,2.1,1.4,40.0,-7.1,-7.1,91.4,153.4,168.0,215.3,21.4,25.6,1.9,2.3,50.0,-9.8,-4.3,1
119.9,172.9,321.0,257.0,23.3,35.6,1.8,0.5,66.7,-16.0,-7.2,211.2,346.0,171.7,285.9,20.2,49.3,2.0,0.9,70.0,-25.2,-10.7,1
161.4,65.4,186.2,249.4,21.0,17.2,1.0,2.0,90.0,7.5,0.8,156.2,111.3,202.3,197.3,25.3,21.2,2.3,2.3,80.0,1.1,-4.0,1
80.0,337.0,205.0,155.0,14.0,31.0,0.0,1.0,33.3,-4.9,-5.7,117.5,150.5,342.0,252.5,28.0,24.0,1.5,0.5,22.2,-9.0,-6.3,1
115.2,99.0,352.0,233.6,29.2,23.8,2.4,1.6,90.0,9.5,3.1,158.2,157.5,214.2,219.8,18.5,23.8,1.3,1.5,80.0,-7.7,-1.5,0
137.6,156.5,229.7,210.3,26.0,20.3,1.9,1.9,66.7,11.0,6.9,82.4,192.1,416.9,241.6,36.2,27.7,1.5,2.0,44.4,5.8,2.8,0
138.3,130.9,172.5,216.3,18.9,17.9,1.1,1.0,50.0,14.9,8.7,115.3,207.7,163.9,260.6,13.9,38.7,1.7,0.7,72.7,-31.5,-20.7,0
124.1,109.5,238.5,210.6,22.0,22.7,1.8,1.8,33.3,8.3,6.3,172.2,168.7,289.1,261.6,31.3,31.3,1.4,2.2,66.7,0.9,-2.0,0
148.3,144.7,217.7,171.7,21.3,16.0,1.3,1.3,66.7,16.6,8.0,155.0,172.3,175.0,200.3,23.3,21.7,0.7,1.3,88.9,3.0,1.7,0
197.0,159.7,292.1,251.0,34.8,26.2,1.8,2.0,77.8,13.6,6.0,210.2,170.8,183.7,220.0,32.3,20.7,0.8,2.0,30.0,15.8,7.4,0
125.0,72.0,214.5,258.5,13.3,15.3,1.5,1.0,60.0,0.4,-1.0,133.8,183.0,131.7,166.7,15.8,24.2,2.8,1.0,55.6,-5.0,-5.0,1
287.5,151.0,148.0,131.0,31.0,37.5,1.0,1.0,30.0,-4.5,-4.0,60.5,107.5,194.0,128.5,13.0,14.0,1.5,2.0,50.0,0.2,1.5,1
149.6,172.8,295.2,220.8,30.7,26.5,1.5,1.5,50.0,-7.0,-9.1,168.3,84.5,156.5,237.7,25.8,16.9,1.0,1.6,80.0,0.3,-5.3,0
367.0,115.5,128.8,172.7,37.2,18.3,1.7,1.2,30.0,15.5,0.9,162.6,166.7,245.4,260.9,25.7,29.0,1.7,1.1,50.0,-1.7,-0.1,1
142.6,159.4,197.4,247.8,22.3,28.6,2.3,1.7,50.0,-6.4,-5.1,67.9,140.6,296.2,256.3,28.8,28.8,1.6,2.3,20.0,-3.1,-3.9,0
137.1,224.6,255.3,208.7,26.2,32.1,2.0,1.6,22.2,3.8,6.4,210.0,157.1,192.2,256.1,25.0,30.9,1.3,1.8,50.0,1.3,2.4,1
271.7,100.7,218.7,190.7,33.7,9.0,1.7,2.0,80.0,14.1,-10.9,113.3,114.3,280.0,228.3,26.5,21.0,0.8,1.0,80.0,6.3,-1.5,1
168.8,115.3,225.8,218.3,27.3,26.0,1.9,1.3,70.0,5.3,2.3,125.9,147.0,226.5,209.5,16.1,23.3,2.3,1.6,81.8,-2.6,0.1,1
143.8,261.6,343.8,237.8,33.2,37.4,1.6,1.2,44.4,-11.4,-7.7,205.2,151.8,219.2,243.2,32.2,28.6,1.8,1.8,60.0,-1.7,-9.5,0
93.0,87.8,342.0,222.5,28.0,16.8,1.5,1.3,70.0,11.4,2.9,81.8,280.0,261.6,258.6,21.0,47.0,1.4,1.8,50.0,-17.3,-4.8,0
173.6,174.0,283.1,221.0,26.4,26.5,1.6,1.6,100.0,0.9,0.2,139.4,277.0,139.0,178.0,13.7,40.6,2.0,1.1,50.0,-12.0,-4.1,0
137.7,226.4,253.0,175.6,23.6,29.4,2.0,1.6,70.0,-7.1,-3.7,143.0,153.4,300.4,213.6,27.7,22.8,1.6,2.3,30.0,-1.3,-5.3,0
259.0,185.8,136.1,242.9,29.6,32.1,1.1,1.3,77.8,4.1,5.3,206.3,218.6,233.8,274.7,29.7,37.6,1.6,1.1,66.7,-2.8,-0.1,0
90.8,132.6,185.0,221.0,18.8,21.2,1.6,2.4,70.0,-5.1,-3.5,59.8,165.3,200.3,240.0,8.3,29.3,1.8,1.5,80.0,-9.6,-5.9,0
210.3,259.0,217.0,271.3,25.0,44.5,2.0,0.3,70.0,-16.6,-10.1,103.8,284.8,238.0,205.8,19.5,42.8,2.8,1.0,33.3,-14.4,-8.5,1
206.8,189.5,148.0,272.8,17.0,34.3,1.8,2.0,66.7,-6.4,2.2,193.3,202.7,176.7,233.7,20.0,32.0,1.7,1.7,70.0,6.0,13.6,1
152.8,159.2,268.8,234.2,31.2,29.6,1.6,1.4,20.0,-3.4,-6.3,146.8,98.8,193.0,247.5,24.3,25.8,1.0,2.3,50.0,-3.1,-3.5,1
178.8,148.3,316.5,251.8,49.5,36.3,1.8,2.0,77.8,12.6,3.5,115.0,151.5,189.0,185.0,34.0,20.5,1.0,2.0,55.6,9.3,1.1,1
0.0,0.0,0.0,0.0,27.3,20.2,0.6,1.3,45.5,9.1,5.4,0.0,0.0,0.0,0.0,14.4,39.8,1.0,0.3,72.7,-26.3,-6.4,1
199.2,70.4,129.0,223.4,29.8,15.0,1.2,1.6,80.0,-1.8,-11.6,330.8,99.3,83.8,189.8,30.8,16.7,0.7,1.7,30.0,1.1,-7.8,0
108.8,134.0,225.3,251.3,25.3,18.5,2.3,2.5,80.0,2.0,-1.8,168.4,128.0,142.8,259.2,25.0,27.6,1.8,1.6,30.0,-1.8,1.5,1
188.3,82.7,277.7,173.7,30.7,13.3,1.3,1.0,60.0,16.3,5.1,137.0,144.0,199.7,228.7,17.7,23.7,2.0,0.7,40.0,1.7,-3.0,0
119.8,160.3,281.0,301.9,30.3,30.9,1.0,2.0,60.0,-7.8,-8.1,141.9,116.3,144.0,247.9,18.0,22.4,0.8,1.8,50.0,-9.6,-9.0,0
79.3,172.3,185.7,207.0,20.7,32.0,1.3,3.7,50.0,-18.3,-15.9,128.2,221.8,185.4,280.8,23.4,34.8,1.2,1.4,40.0,-8.4,-3.5,0
226.3,50.8,152.3,211.3,33.7,13.5,1.3,2.0,80.0,14.6,2.9,156.4,120.4,217.4,249.8,28.2,27.6,2.6,1.8,90.9,1.9,0.7,1
178.6,297.1,213.0,282.4,24.5,43.8,1.8,0.9,33.3,-20.6,-15.2,92.4,228.7,195.1,232.3,17.2,44.0,2.7,0.8,33.3,-21.4,-10.2,0
101.9,221.1,276.3,236.9,25.3,33.8,1.4,1.6,30.0,-13.7,-8.3,52.9,202.3,202.7,187.8,10.2,35.7,2.6,0.8,36.4,-35.1,-19.5,0
247.3,111.9,257.4,144.1,40.0,12.0,1.9,2.1,44.4,27.9,4.0,266.2,165.3,223.5,311.2,32.8,30.7,1.0,1.7,10.0,-2.6,-8.4,1
163.3,92.0,398.0,200.5,52.0,21.3,1.3,1.8,55.6,25.7,5.8,112.5,111.5,283.3,194.3,27.8,14.3,3.3,3.3,33.3,17.6,4.6,0
85.0,221.0,243.0,305.0,21.0,43.5,1.0,1.5,60.0,-9.1,-5.1,62.3,253.0,168.0,228.3,11.0,56.7,1.7,1.3,50.0,-18.8,8.5,0
204.9,224.9,238.8,242.8,34.8,41.3,2.0,2.9,60.0,-13.2,-11.7,132.9,168.0,174.6,226.1,18.0,27.9,2.1,2.4,36.4,-14.1,-9.3,1
123.8,85.3,232.3,195.1,26.5,17.3,2.1,2.5,70.0,9.4,2.3,257.6,98.0,131.1,236.1,25.9,21.4,0.9,1.0,9.1,2.9,-0.5,1
182.4,87.8,266.3,229.8,31.9,22.0,2.0,2.1,90.0,4.2,-3.4,242.6,161.8,196.4,226.3,29.7,30.4,1.7,2.1,10.0,-5.2,-5.2,1
175.6,28.4,182.1,206.9,28.3,11.6,0.9,2.2,80.0,12.8,1.3,95.1,170.3,249.6,269.4,28.3,27.9,1.9,1.8,40.0,-6.1,-7.4,1
211.5,127.0,297.0,220.5,45.0,21.0,0.5,1.5,100.0,32.4,16.7,113.5,92.0,148.0,278.5,29.5,32.0,3.0,3.5,50.0,-3.3,3.7,0
227.5,70.5,279.5,180.0,50.0,13.5,1.5,2.0,40.0,20.5,-5.3,105.3,201.7,207.0,169.3,24.0,16.3,1.7,2.3,50.0,-5.5,-6.5,0
114.0,241.0,222.7,242.0,19.7,35.0,1.3,1.3,44.4,-13.7,-12.2,161.8,237.3,170.3,295.0,25.8,47.8,1.3,1.8,0.0,-35.7,-22.3,1
226.5,60.5,166.5,202.0,30.5,6.5,2.5,2.5,40.0,13.8,-6.5,102.0,95.0,257.0,176.0,14.0,22.0,5.0,3.0,45.5,-5.4,-14.3,1
157.4,204.4,437.9,237.1,51.7,28.3,1.3,2.3,80.0,11.6,-7.8,108.3,196.3,228.1,284.9,14.9,35.1,2.4,2.1,30.0,-19.8,-7.2,0
191.9,148.6,244.7,201.0,30.8,20.9,1.4,2.1,30.0,16.2,6.6,273.5,107.0,202.4,203.9,34.6,16.2,1.3,1.5,30.0,17.9,6.2,1
185.0,37.0,376.0,293.0,37.0,13.0,1.0,0.0,44.4,27.0,4.4,188.0,56.0,262.0,286.0,38.0,20.0,3.0,7.0,80.0,6.0,-3.6,0
25.9,12.0,40.3,40.2,28.3,15.8,1.0,1.2,80.0,15.3,15.3,20.1,21.2,11.0,26.0,26.9,34.0,0.8,0.8,50.0,-9.1,-9.1,1
156.7,118.2,214.7,244.7,26.8,27.0,2.7,1.8,90.9,2.6,2.3,141.8,171.5,210.3,202.3,17.3,34.8,2.5,1.7,20.0,-5.2,1.3,0
322.5,160.0,114.3,248.1,32.8,24.4,1.1,2.0,80.0,2.2,-4.3,256.7,144.9,79.2,194.1,28.4,26.4,1.0,2.2,55.6,-7.7,-9.3,1
72.4,98.0,175.8,153.3,19.7,22.6,1.2,1.8,36.4,-6.9,-5.7,97.0,177.7,119.7,159.0,15.5,29.8,2.9,1.4,55.6,-11.9,-6.1,0
173.8,154.9,229.2,195.3,31.7,27.7,2.0,1.3,60.0,-3.2,-8.9,186.8,149.3,222.0,197.7,28.9,25.4,2.1,1.8,40.0,-4.7,-7.3,1
120.0,130.0,114.0,117.0,31.0,3.0,1.0,4.0,70.0,1.6,-15.0,125.5,184.5,170.0,170.5,15.5,29.0,2.5,0.5,70.0,-5.3,1.1,0
225.0,57.5,396.5,173.0,54.0,10.5,1.0,2.0,50.0,25.5,-5.7,93.5,180.5,234.5,192.5,24.0,24.5,1.0,1.0,60.0,-3.5,-2.1,0
154.9,194.4,193.3,215.3,23.1,28.8,1.4,1.2,18.2,-3.4,-2.8,119.6,224.2,341.8,232.5,35.4,29.9,1.9,2.2,60.0,-1.0,-5.2,1
126.3,138.3,280.8,240.3,32.5,20.3,2.3,2.3,20.0,4.5,-4.9,203.3,221.8,87.7,240.8,19.2,47.0,2.3,0.3,50.0,-15.6,0.8,0
180.3,267.5,420.5,299.5,47.8,40.5,1.5,1.3,90.0,7.4,6.2,171.0,156.3,263.3,201.0,26.0,24.7,1.3,1.0,60.0,-2.2,-5.8,0
115.3,208.3,255.7,247.7,19.3,19.7,1.7,1.3,55.6,-1.1,-1.6,201.0,159.0,197.0,207.0,33.7,10.3,0.0,1.7,66.7,5.8,-10.3,1
182.3,118.4,283.9,248.9,36.3,25.3,1.4,1.6,66.7,7.5,-3.3,239.7,99.1,135.6,300.0,30.0,17.9,0.7,1.9,44.4,-3.9,-10.5,1
184.7,109.7,256.9,184.6,34.4,21.0,1.0,1.0,60.0,12.8,5.0,214.0,206.9,233.5,227.4,39.4,29.8,1.1,1.5,70.0,14.2,7.9,0
73.0,140.7,124.0,187.0,5.7,29.7,3.0,1.3,10.0,-9.3,-7.1,94.5,138.5,101.5,201.3,11.8,30.8,2.3,1.8,90.0,-9.0,2.1,0
112.0,126.2,215.2,287.4,20.2,29.2,1.0,1.2,30.0,3.8,8.7,189.8,156.0,223.0,201.3,36.0,18.3,1.3,2.3,66.7,16.0,-0.1,0
217.6,79.9,301.6,161.0,47.7,13.4,1.1,1.9,60.0,25.0,2.9,102.0,155.8,383.6,201.4,35.9,24.3,1.4,2.8,70.0,6.6,-2.7,0
153.0,149.0,287.5,186.0,29.3,20.0,2.8,2.5,44.4,21.7,11.5,128.8,86.3,168.3,139.5,18.8,19.0,2.0,1.5,10.0,-1.4,-6.0,1
131.9,136.7,268.1,204.7,30.9,24.1,1.3,1.4,70.0,9.0,1.1,253.1,103.7,96.9,283.9,25.7,27.0,1.4,2.0,80.0,-5.8,-3.7,1
130.3,163.3,158.0,257.0,17.0,27.3,2.0,2.0,50.0,-6.9,-3.0,65.3,200.3,215.0,259.3,21.0,40.7,0.0,1.0,30.0,-13.9,-11.1,0
89.0,70.0,321.0,323.0,33.0,23.0,1.0,2.0,80.0,12.4,6.0,262.0,103.0,250.0,401.0,38.0,20.0,0.0,5.0,77.8,3.1,-11.5,0
124.9,149.5,339.8,204.0,36.2,28.0,1.8,1.9,36.4,7.4,7.4,120.1,150.1,213.3,255.2,21.8,28.6,2.1,2.2,50.0,-7.4,-7.4,1
170.5,151.2,227.3,171.2,28.7,18.5,1.2,2.0,80.0,10.8,6.9,206.7,90.7,206.7,204.8,33.3,15.5,2.2,2.0,40.0,12.6,2.2,0
270.0,112.9,232.1,175.9,46.6,16.1,1.8,1.8,70.0,23.1,6.4,122.7,141.0,202.7,196.7,18.3,21.4,2.7,2.3,50.0,-0.3,0.0,1
151.3,72.7,248.0,246.0,24.3,17.0,2.3,0.3,30.0,2.1,-2.0,159.5,164.5,123.0,106.5,21.5,6.5,2.0,3.5,10.0,-0.2,-9.1,1
163.0,155.6,135.5,146.5,22.3,21.4,1.9,1.8,72.7,0.1,-3.6,211.4,136.1,134.3,204.3,27.0,19.5,1.6,3.0,70.0,8.3,3.9,0
261.7,221.3,296.3,266.0,41.0,36.3,1.7,2.0,70.0,7.3,-2.0,163.3,198.8,284.3,155.5,32.8,17.5,0.5,2.3,80.0,17.1,6.1,0
164.6,76.2,244.8,223.0,29.4,20.6,0.8,1.4,70.0,7.8,-4.6,131.0,231.2,138.4,207.4,16.2,35.6,1.4,1.0,30.0,-14.3,-6.3,0
147.1,152.5,212.8,202.6,27.5,20.7,1.5,2.1,30.0,5.7,1.0,133.9,182.5,237.0,209.4,21.0,29.8,2.4,1.4,18.2,-2.0,0.9,0
158.0,115.0,226.5,201.5,24.5,22.0,2.5,0.5,30.0,-3.6,-14.0,202.3,137.0,99.3,178.0,23.0,17.7,2.0,1.3,70.0,2.5,-5.9,0
206.9,202.5,226.1,266.6,30.8,34.5,1.5,1.3,66.7,0.3,1.4,282.3,178.7,233.8,262.3,41.8,33.0,1.3,1.5,80.0,4.7,-2.2,1
141.8,124.5,175.3,322.3,20.0,19.5,0.5,2.3,66.7,-0.8,-3.2,127.0,245.0,353.3,349.5,28.0,45.3,1.3,1.3,30.0,-4.8,-0.7,0
190.1,110.3,206.7,223.6,25.4,21.6,1.4,1.3,80.0,9.0,5.0,165.0,172.2,255.5,274.8,29.3,30.0,2.2,1.3,80.0,10.8,9.3,0
157.2,121.3,340.3,265.8,34.7,26.8,1.5,1.8,90.0,8.2,3.5,64.8,210.8,216.2,204.2,17.0,29.6,2.8,1.0,70.0,-5.7,-2.3,1
166.6,111.0,204.6,258.6,25.1,23.8,2.1,1.9,90.9,3.4,1.8,149.2,223.4,198.8,234.3,24.0,30.3,1.1,1.3,30.0,-13.9,-11.4,0
221.6,127.6,215.1,224.5,36.5,21.5,1.0,0.9,30.0,17.2,6.8,176.8,211.0,245.9,244.5,27.6,30.1,1.4,1.6,30.0,-3.5,-4.5,0
145.0,220.0,216.8,253.8,24.6,31.4,1.6,0.6,60.0,-8.3,-7.5,176.0,247.4,179.4,206.0,22.2,31.2,0.6,1.0,40.0,-12.9,-11.3,1
148.0,97.0,152.3,230.3,22.8,18.8,1.0,3.3,50.0,-8.0,-11.6,229.5,119.7,64.7,181.3,18.7,21.2,1.5,2.2,55.6,-13.5,-12.0,1
130.8,225.9,202.6,252.1,21.4,43.0,2.1,1.5,22.2,-21.1,-11.1,195.9,252.8,163.4,205.7,23.4,34.6,1.4,1.1,66.7,-14.9,-9.0,0
228.1,180.1,206.9,216.5,33.3,26.9,1.3,1.9,60.0,-0.9,-4.1,187.5,132.4,202.4,222.0,31.5,20.4,0.6,2.4,50.0,-2.1,-8.8,0
114.5,127.8,208.9,187.0,17.1,23.1,2.1,1.4,50.0,-0.2,1.9,116.5,142.6,186.6,193.4,19.9,17.5,0.9,1.3,10.0,-5.4,-9.4,0
216.9,81.3,315.9,165.9,47.6,12.8,1.3,1.8,60.0,25.9,1.7,176.5,155.6,220.9,215.9,34.3,29.9,1.4,1.1,70.0,-2.3,-6.6,1
128.0,194.3,408.0,235.0,40.3,30.3,2.0,2.3,80.0,4.3,-7.9,103.3,178.3,214.7,229.3,19.0,30.0,2.3,1.7,20.0,-13.6,-10.3,0
173.7,162.0,328.5,311.3,39.3,33.3,1.0,2.2,70.0,0.8,-4.4,262.0,287.8,182.8,258.5,32.8,37.6,1.0,1.5,22.2,-5.4,-3.5,1
207.6,168.5,204.5,193.0,30.2,26.5,1.5,1.6,40.0,7.5,4.9,110.7,128.8,266.3,228.1,23.2,24.2,1.8,2.2,50.0,-3.2,-3.9,1
86.9,131.9,272.0,200.9,28.2,21.3,0.6,1.7,30.0,-5.9,-10.0,150.1,223.3,213.5,225.9,19.9,37.3,1.6,0.7,70.0,-23.5,-14.3,1
141.1,185.4,120.7,195.7,15.0,29.0,1.9,0.6,30.0,-27.0,-19.9,168.2,191.8,71.3,202.3,10.7,36.8,1.3,1.8,0.0,-27.9,-14.7,1
160.8,185.8,220.8,246.5,29.8,30.8,0.8,1.3,44.4,-14.6,-13.2,124.0,213.2,204.7,233.2,24.8,28.3,1.3,2.3,88.9,-11.0,-8.8,1
205.4,119.8,216.0,278.4,32.2,28.2,1.0,1.6,30.0,6.6,3.2,113.3,196.9,138.9,231.0,17.1,28.0,0.8,0.8,30.0,-4.5,0.0,1
111.0,126.5,238.5,185.3,24.5,21.4,2.8,2.4,40.0,1.7,-3.5,86.8,229.1,187.1,299.1,10.0,43.1,2.3,0.9,70.0,-24.8,-5.8,1
178.4,146.2,251.9,228.1,28.5,26.4,2.0,1.5,40.0,-0.6,-2.2,288.9,105.1,188.7,190.4,35.7,14.7,1.1,1.6,30.0,20.3,8.0,0
182.0,116.5,176.0,195.5,25.9,17.1,1.1,1.1,30.0,6.0,-0.5,144.0,212.5,300.9,220.8,34.3,30.4,0.9,1.0,100.0,-4.1,-5.3,0
314.6,96.9,91.4,225.9,32.9,20.6,0.6,1.3,55.6,7.6,0.9,244.7,119.6,153.0,288.3,30.7,30.6,1.0,1.0,33.3,-1.2,-3.6,1
133.1,170.8,311.0,247.2,30.5,28.1,2.1,1.3,77.8,9.7,7.5,112.5,152.3,176.0,241.4,18.1,21.6,0.8,1.3,60.0,1.4,3.0,0
124.9,173.8,206.2,200.0,21.7,32.5,1.6,1.2,60.0,-12.2,-4.2,114.2,191.8,204.4,184.4,15.9,31.3,2.0,1.0,50.0,-14.8,-6.0,0
226.4,205.1,143.1,248.7,27.3,36.3,1.3,1.6,77.8,0.4,4.7,169.0,124.3,206.7,217.7,26.3,19.6,1.6,1.7,80.0,4.2,0.6,1
158.0,194.9,195.4,170.4,22.2,27.1,2.0,1.7,40.0,-8.1,-3.6,74.6,219.0,231.4,226.4,12.8,43.7,3.6,1.6,70.0,-29.1,-12.9,0
112.4,152.8,293.0,248.2,24.6,24.8,2.4,1.6,80.0,2.5,2.5,170.0,105.0,152.3,251.3,23.7,25.0,2.0,2.0,70.0,2.5,-0.4,1
151.7,164.7,254.7,316.0,25.7,34.4,1.3,1.7,30.0,-3.5,2.5,120.8,150.5,228.0,263.5,22.6,28.0,0.8,1.3,30.0,3.0,5.4,1
212.9,165.7,139.7,184.1,20.3,20.8,1.7,1.3,44.4,3.2,3.1,118.1,197.0,178.6,268.8,15.1,35.0,1.3,1.0,80.0,-10.4,0.3,1
139.5,120.9,230.3,183.7,23.8,13.2,1.0,1.5,66.7,14.9,8.6,126.3,166.3,335.9,248.9,33.2,27.8,1.9,1.3,77.8,11.4,7.1,0
319.0,146.0,97.0,279.0,37.0,29.0,2.0,4.0,80.0,2.7,-13.6,97.5,331.5,432.0,161.5,50.5,33.5,1.5,0.5,33.3,8.3,-5.2,1
89.0,186.0,209.0,144.8,12.4,28.0,1.8,1.2,50.0,-13.4,-6.5,110.8,166.3,247.2,204.2,25.7,25.3,2.0,1.8,30.0,-3.3,-3.4,1
87.4,147.4,281.8,224.6,30.2,26.4,1.4,1.6,80.0,4.7,3.6,87.2,282.8,202.2,176.0,12.6,37.4,2.8,2.0,30.0,-13.3,2.8,0
150.0,270.5,223.5,127.0,30.5,19.0,2.0,5.0,50.0,4.3,-7.4,58.7,138.3,204.7,220.3,15.0,30.0,2.0,1.3,72.7,-11.7,-7.5,0
142.5,145.8,219.8,242.8,23.3,26.5,1.3,2.5,60.0,8.2,5.1,112.6,123.6,170.2,162.0,20.2,17.2,1.8,2.2,30.0,2.9,2.5,0
118.7,148.7,311.4,265.2,35.8,30.2,1.9,1.3,70.0,8.5,4.1,116.3,163.2,199.6,184.8,23.8,22.7,1.1,1.8,30.0,6.5,4.8,0
106.0,161.7,213.0,251.7,16.7,31.7,2.7,2.7,50.0,-8.1,-7.8,141.3,141.3,268.3,260.0,24.3,29.0,1.3,1.0,60.0,-0.9,-0.9,0
233.3,145.2,262.0,254.2,34.2,18.3,1.5,1.0,40.0,11.5,-0.6,148.0,116.5,263.2,197.7,32.5,24.0,1.5,1.3,70.0,8.7,-1.4,0
171.0,101.6,223.8,210.9,28.3,23.9,1.7,1.3,70.0,6.9,2.1,201.8,111.2,217.6,274.8,32.0,21.7,0.7,2.1,50.0,2.2,-3.4,0
164.4,269.8,240.6,144.2,18.6,32.0,1.4,1.6,50.0,-4.4,-3.0,152.4,256.6,223.4,256.6,22.0,37.0,1.6,1.4,11.1,-17.9,-10.4,1
141.3,183.6,231.3,205.4,25.8,24.0,1.5,1.4,20.0,-14.0,-18.1,148.2,153.8,280.3,213.8,27.7,27.0,2.1,1.1,70.0,-4.0,-4.5,1
164.1,201.3,160.8,230.4,18.3,33.9,2.1,1.1,70.0,-18.9,-12.2,156.3,183.3,206.7,213.7,22.1,25.9,1.9,1.4,44.4,-13.0,-12.1,0
125.0,190.8,263.0,223.0,21.8,19.0,1.3,0.8,50.0,12.8,7.5,107.0,203.3,168.0,202.0,14.0,33.7,2.0,0.7,60.0,-16.9,-13.8,1
179.4,96.0,230.3,205.6,37.9,21.7,1.3,2.7,60.0,11.5,0.1,278.8,103.3,196.1,263.4,41.5,24.9,2.3,2.0,90.0,13.9,3.6,0
164.9,141.3,226.1,171.9,30.6,20.7,1.5,1.9,70.0,9.2,3.9,192.4,184.5,140.4,181.0,26.5,23.2,1.7,1.8,50.0,3.8,1.3,0
0.0,0.0,0.0,0.0,45.1,12.8,0.9,0.8,60.0,26.3,4.1,0.0,0.0,0.0,0.0,30.2,23.3,0.6,0.8,90.0,10.6,5.1,1
100.9,130.6,233.0,221.2,22.4,24.7,1.4,2.3,50.0,-0.6,-1.7,163.5,234.3,222.1,232.6,20.8,35.2,1.7,1.8,40.0,-7.6,-0.3,1
199.7,142.0,160.3,182.3,19.7,16.0,2.7,2.3,80.0,2.7,-1.4,114.0,148.7,238.3,262.7,19.0,36.3,1.7,1.7,50.0,-11.0,-11.8,0
218.4,127.7,150.6,236.7,24.5,20.5,1.5,2.4,45.5,6.8,5.4,219.5,156.2,180.4,241.6,29.6,34.2,1.9,1.5,90.9,-3.1,-1.7,1
167.3,112.1,224.4,307.0,26.0,28.7,2.4,2.0,50.0,-2.8,-3.6,163.1,94.0,107.6,226.6,14.7,20.1,1.7,2.6,30.0,-4.7,-0.9,1
0.0,0.0,0.0,0.0,25.5,31.2,0.9,0.5,50.0,-5.9,-4.1,0.0,0.0,0.0,0.0,16.8,19.5,0.4,0.9,9.1,-0.5,0.1,0
171.7,108.1,247.7,230.0,28.6,15.4,1.4,1.0,50.0,4.3,-3.6,129.3,148.0,232.5,230.8,26.5,32.8,1.8,3.0,50.0,-13.3,-18.9,1
225.8,148.5,240.3,215.8,41.1,21.3,1.4,2.3,30.0,17.2,5.9,135.1,136.9,274.7,240.9,27.7,27.3,2.4,1.3,70.0,5.1,4.3,0
170.1,186.1,334.4,209.3,33.6,26.4,2.1,1.6,77.8,-3.4,-8.3,151.2,185.0,201.7,303.8,21.3,43.0,2.3,0.8,22.2,-24.0,-17.4,0
137.0,221.8,331.0,307.5,25.3,37.7,1.3,1.5,30.0,-3.0,2.0,134.0,114.0,153.8,167.2,17.0,26.4,2.0,1.4,10.0,-5.1,-5.5,0
162.4,134.4,361.6,270.0,40.4,26.0,1.6,2.6,70.0,11.3,2.7,79.5,188.0,494.8,191.2,45.8,22.8,1.8,1.8,90.9,14.0,-3.7,1
140.3,225.3,288.3,261.0,32.0,40.0,2.0,1.3,80.0,0.6,2.3,100.0,92.3,249.7,266.7,20.7,16.3,1.7,2.7,50.0,0.0,-6.1,0
171.3,193.3,294.3,229.7,26.0,19.7,2.3,2.0,40.0,7.3,1.7,101.0,209.8,521.8,254.0,51.8,44.0,1.3,0.5,90.0,7.0,-1.1,1
286.0,296.0,149.0,167.0,24.0,47.0,1.0,0.0,33.3,-11.9,-19.1,153.0,170.0,283.0,378.0,17.0,23.0,1.0,3.0,77.8,-4.4,-9.8,1
134.9,224.7,171.0,167.3,16.1,30.0,1.6,0.7,22.2,-25.4,-14.4,126.9,180.8,181.1,273.6,17.4,40.4,2.1,1.0,50.0,-26.5,-13.6,1
60.0,202.0,290.0,271.0,15.0,33.0,3.0,1.0,50.0,-7.1,9.7,164.0,309.0,174.0,336.0,14.0,59.0,2.0,1.0,72.7,-22.8,8.4,1
299.0,89.0,186.0,238.0,38.0,14.0,1.0,2.0,30.0,5.0,-14.0,93.0,345.0,254.0,79.0,32.0,31.0,1.0,1.0,40.0,-7.9,-5.7,1
151.5,149.3,323.8,279.5,32.3,32.0,1.8,2.3,30.0,-8.6,-8.1,149.7,256.0,182.2,250.8,19.2,33.2,1.3,1.5,40.0,-12.0,-6.6,1
147.1,108.3,303.4,230.4,36.1,15.9,1.1,2.6,90.0,11.2,-0.8,279.7,128.5,75.7,192.8,23.0,21.0,1.2,2.0,30.0,1.1,-0.5,1
180.8,91.7,237.6,169.3,35.9,7.3,1.0,2.2,100.0,21.7,3.8,161.5,127.0,176.3,174.3,17.0,27.3,2.8,1.5,70.0,-5.9,-1.6,0
205.3,52.5,276.8,250.8,49.5,10.8,1.0,1.3,70.0,22.6,-7.4,155.0,210.3,182.3,116.3,25.3,23.3,2.0,1.7,30.0,-1.0,-4.1,0
114.8,122.4,391.8,220.6,38.0,18.2,2.0,1.8,90.9,11.8,-5.0,143.6,232.4,247.0,226.2,24.0,30.8,2.8,2.8,36.4,-3.6,-1.2,1
159.7,91.2,181.0,248.8,21.5,22.6,1.4,2.1,36.4,-6.9,-9.3,170.5,165.8,211.4,186.6,31.3,28.6,1.8,1.8,55.6,-0.1,-1.7,1
128.5,65.3,197.8,251.3,26.0,15.3,1.3,2.5,30.0,11.3,1.0,162.3,192.3,338.3,333.3,29.5,35.5,2.5,2.3,70.0,2.4,2.5,0
167.0,133.6,154.1,226.1,22.8,28.8,1.3,1.0,70.0,-5.2,-2.1,121.3,232.0,209.9,260.9,16.1,43.7,2.8,2.3,50.0,-20.7,-10.4,0
121.7,85.5,273.2,216.2,26.5,11.8,2.0,2.8,80.0,24.6,11.7,161.8,119.0,171.0,264.5,24.0,24.8,1.5,2.8,50.0,-2.5,-5.3,1
119.1,222.3,274.6,272.8,28.7,36.1,1.6,1.8,11.1,-10.6,-5.5,237.4,244.6,186.3,219.8,29.0,31.5,1.1,1.6,77.8,-11.0,-10.1,0
180.5,177.5,242.5,198.0,30.5,25.5,2.0,1.5,80.0,-1.3,-6.6,115.5,195.0,170.0,278.5,17.0,34.0,1.5,1.0,77.8,-1.0,-5.6,0
172.8,100.0,225.4,211.0,28.2,25.8,0.8,1.8,70.0,-2.6,-8.2,102.5,180.5,174.5,257.3,13.0,39.2,1.8,1.0,72.7,-24.3,-6.4,0
211.5,78.8,300.3,241.3,40.5,24.3,1.0,1.8,30.0,9.5,-3.2,192.8,143.5,224.8,183.8,34.3,16.3,0.8,2.5,80.0,19.1,2.6,1
263.4,196.8,197.6,241.4,33.0,36.6,1.6,1.4,11.1,-11.3,-8.8,220.2,177.8,71.0,168.8,21.4,20.6,1.4,1.6,55.6,-2.4,-6.8,0
153.8,121.5,230.8,196.0,26.3,17.6,1.3,1.8,50.0,6.5,1.7,114.5,218.1,177.8,176.6,13.5,30.8,2.0,1.3,40.0,-18.5,-9.3,0
247.6,157.4,327.5,347.9,52.6,35.0,0.9,3.0,50.0,5.2,-6.1,113.6,144.0,235.6,263.4,24.6,35.8,1.8,2.8,50.0,-14.5,-16.6,0
180.5,156.5,190.0,201.5,33.0,25.5,1.0,2.5,66.7,1.4,-5.3,201.0,168.5,284.0,207.0,41.5,25.5,3.0,4.5,11.1,6.4,0.3,1
137.6,158.0,237.4,199.6,22.1,28.9,2.3,1.6,20.0,-16.3,-13.1,171.8,176.5,231.2,240.8,27.7,30.2,1.3,1.7,40.0,-6.1,-7.0,1
301.5,119.5,201.0,232.5,38.3,19.3,1.8,1.7,20.0,8.6,-3.0,137.5,189.0,160.8,256.0,16.5,33.0,1.3,1.8,50.0,-13.6,-6.4,0
152.1,139.5,207.0,288.1,20.1,32.8,2.1,1.8,50.0,-15.0,-8.9,109.0,145.2,149.6,149.3,20.7,23.8,2.1,2.1,45.5,-1.1,1.4,0
169.0,144.0,201.0,195.9,27.7,21.7,0.7,1.1,90.0,9.7,4.6,174.6,201.5,273.6,175.6,34.5,23.6,2.6,2.8,60.0,0.4,-4.5,1
209.8,112.2,234.2,135.4,44.4,12.4,0.6,1.8,77.8,25.7,4.3,147.3,246.8,141.0,219.8,14.3,37.0,1.3,1.0,50.0,-6.8,-3.8,0
137.8,117.1,275.7,250.6,28.6,21.3,1.2,1.6,77.8,12.9,10.3,120.1,192.4,223.8,290.9,17.4,45.5,2.0,0.8,50.0,-20.8,-7.7,0
191.5,152.5,158.5,265.5,31.0,35.5,1.0,1.5,60.0,4.9,4.7,173.0,103.0,89.0,191.0,7.0,10.0,1.0,1.0,30.0,3.4,0.8,0
98.8,123.5,163.2,202.0,21.8,25.9,1.7,1.0,70.0,-0.9,2.2,20.3,36.7,47.1,50.3,17.4,24.6,1.1,1.4,30.0,-3.5,1.7,1
315.0,339.0,230.0,134.0,27.0,48.0,4.0,0.0,80.0,0.3,18.0,44.0,266.0,199.0,223.0,17.0,38.0,3.0,2.0,80.0,-18.0,-9.6,1
76.0,156.5,262.5,263.0,23.5,30.5,1.5,2.5,30.0,-10.1,-4.4,170.0,37.0,210.5,201.5,36.5,13.0,1.5,2.5,66.7,-2.8,-22.0,0
130.3,172.0,230.0,263.5,27.8,33.0,2.3,1.5,33.3,-4.7,-8.4,163.7,160.8,261.5,211.0,26.5,24.3,1.0,1.2,44.4,6.1,6.0,0
287.8,138.2,75.6,232.2,32.2,21.0,0.6,2.2,77.8,5.1,-3.1,229.7,146.7,154.3,265.8,26.5,25.2,1.3,1.8,77.8,-2.4,-4.2,1
180.8,100.2,173.2,215.3,22.3,22.8,2.5,0.3,80.0,1.4,-0.1,101.0,60.2,306.8,228.6,22.8,14.6,1.8,1.6,40.0,3.6,-3.0,1
181.8,189.1,362.8,261.9,40.0,33.9,2.4,1.6,30.0,-1.3,-6.3,105.5,203.6,287.5,322.1,32.0,45.1,2.2,2.3,50.0,-18.6,-11.8,1
178.4,110.1,222.3,226.1,33.7,20.1,1.0,1.7,70.0,11.2,-0.4,108.9,88.7,193.4,264.9,18.9,27.9,2.7,2.0,30.0,-8.8,-4.6,1
129.5,51.0,230.0,252.5,19.0,13.5,1.5,3.5,80.0,0.2,-5.1,51.0,161.0,377.0,190.0,19.0,21.0,0.0,2.0,30.0,-2.6,-8.5,0
192.4,110.8,137.4,273.4,23.8,26.5,2.4,1.3,30.0,-0.7,2.6,70.7,303.3,129.4,187.4,9.0,53.7,2.9,0.9,50.0,-23.0,-8.4,0
91.0,80.5,251.3,243.7,20.8,27.8,1.5,1.3,77.8,1.8,1.8,183.8,237.8,192.2,289.4,19.2,37.2,1.8,1.6,44.4,-5.1,0.2,1
199.9,93.6,165.7,177.2,35.1,11.6,0.6,2.2,60.0,25.5,12.6,126.2,208.7,169.6,217.9,16.1,30.9,2.1,1.3,90.9,-8.0,-0.9,1
166.4,187.2,361.8,250.8,33.4,36.2,2.6,0.8,77.8,0.8,-0.1,120.5,179.5,240.2,186.0,19.8,20.8,1.2,2.0,70.0,-8.8,-6.7,0
103.8,185.0,246.8,229.0,22.8,26.8,1.0,2.0,88.9,8.9,14.7,109.3,189.3,215.0,103.3,15.3,18.0,1.3,1.0,70.0,-12.9,-11.3,0
134.3,191.0,216.5,256.5,29.0,34.0,1.0,2.3,50.0,-9.1,-9.4,93.2,281.4,195.4,157.4,13.4,40.4,3.0,1.4,60.0,-22.5,-11.8,1
148.0,133.3,158.3,168.8,24.8,18.5,2.5,3.5,80.0,3.1,-3.0,139.7,52.3,210.0,270.3,15.3,13.7,1.0,1.0,60.0,2.2,-1.1,1
178.2,166.9,387.8,255.2,44.2,27.8,0.9,1.8,30.0,8.5,-1.5,209.6,164.6,212.6,228.9,32.5,24.7,1.5,2.0,30.0,1.9,-4.3,0
165.0,178.6,236.3,200.3,28.6,25.6,1.9,1.0,33.3,8.9,7.1,191.4,213.0,331.0,264.4,33.0,33.7,1.0,1.3,90.0,3.4,2.3,1
368.0,164.0,178.0,102.0,63.0,14.0,0.0,1.0,55.6,9.2,-22.0,111.7,201.0,165.0,234.3,13.7,34.3,0.3,0.3,50.0,-18.2,4.1,1
194.4,146.8,293.6,247.0,36.8,24.8,1.8,1.4,55.6,-6.0,-13.2,117.0,131.6,338.8,288.4,29.0,33.8,1.2,0.6,77.8,-4.3,-5.9,0
172.5,104.5,239.5,271.0,29.0,24.5,1.0,1.0,80.0,7.3,-1.2,149.0,222.0,211.0,219.0,23.0,26.0,1.0,2.0,50.0,-4.9,-18.3,0
168.3,139.5,264.8,232.3,31.0,23.0,0.7,0.7,40.0,14.3,8.7,251.2,192.2,275.2,237.8,39.8,30.2,0.5,1.7,90.9,16.1,9.1,1
136.0,226.5,242.0,215.0,22.0,25.5,1.0,1.0,50.0,-2.2,-6.2,94.0,156.3,222.3,258.3,20.7,31.7,2.3,1.7,50.0,-13.1,-4.4,1
230.5,188.0,53.5,307.3,17.5,35.0,1.5,1.3,70.0,-12.7,-8.0,148.3,191.3,174.3,300.7,20.3,35.0,1.3,1.3,40.0,-16.6,-10.0,0
118.3,241.4,216.9,238.7,23.2,36.2,1.7,1.3,80.0,-11.0,-5.6,68.7,174.9,253.5,215.9,22.1,31.9,2.1,1.0,80.0,-12.9,-8.7,0
188.7,40.7,194.9,238.4,37.9,16.1,1.4,2.6,70.0,16.1,3.9,76.6,157.7,332.3,160.1,25.1,24.4,2.3,1.3,90.9,3.2,-0.8,0
106.6,164.8,197.9,229.8,18.9,26.6,2.8,1.8,60.0,-9.0,-8.4,139.3,132.3,149.5,213.4,21.8,25.0,1.7,2.1,10.0,-4.0,-5.0,0
184.8,87.8,216.5,144.8,29.3,13.8,0.5,1.0,80.0,6.0,-4.4,149.3,79.0,268.3,144.0,34.5,13.0,0.5,2.0,30.0,10.1,-3.6,1
213.7,123.0,187.7,210.7,36.7,20.3,1.3,1.3,30.0,14.4,-0.1,66.0,171.0,301.7,109.0,25.3,12.7,3.3,1.7,50.0,4.3,0.3,1
147.0,134.0,268.6,219.4,33.9,21.8,0.9,1.5,50.0,15.8,7.8,176.8,197.0,313.9,217.4,31.9,29.3,2.3,1.0,36.4,11.0,9.0,1
72.5,130.8,201.4,233.1,16.4,30.3,2.0,1.9,45.5,-8.0,-2.7,133.4,105.2,207.7,172.3,24.7,15.8,1.0,2.4,80.0,5.2,0.4,0
343.7,80.7,156.7,230.3,47.0,20.3,1.3,2.3,36.4,16.4,-5.7,101.0,86.0,242.7,275.3,20.7,25.3,0.7,2.7,70.0,-6.9,-3.7,0
151.6,111.4,175.2,194.2,19.0,22.4,2.0,1.2,30.0,-3.4,-5.5,150.0,110.8,307.7,278.2,28.7,26.2,1.7,0.7,70.0,5.3,0.8,1
182.4,98.9,189.3,140.4,33.4,11.1,1.6,1.7,30.0,17.1,3.5,153.7,125.8,209.2,223.8,28.3,19.0,1.4,2.0,81.8,3.5,-1.8,1
131.6,110.4,220.4,228.6,26.6,21.6,1.6,2.3,80.0,3.3,-1.2,166.9,138.6,221.8,158.5,27.5,20.9,1.5,1.0,30.0,3.4,-2.5,0
49.5,161.0,149.5,244.5,13.5,34.5,2.0,1.5,50.0,-14.9,1.2,204.0,192.0,227.0,337.0,36.0,31.0,0.0,2.0,50.0,-4.2,-17.4,0
80.8,166.6,299.4,173.0,24.4,18.4,1.0,1.2,77.8,-6.8,-17.7,138.4,250.0,149.4,219.2,14.2,38.2,2.0,0.8,70.0,-20.8,-12.0,1
162.8,59.3,249.8,277.5,43.3,12.5,1.3,3.8,70.0,15.1,-7.4,175.7,187.7,301.3,139.7,34.3,20.3,1.7,1.0,50.0,7.8,-10.1,0
119.2,132.8,288.8,214.0,27.8,19.8,2.8,2.6,33.3,17.4,8.8,133.6,159.2,203.2,271.8,20.2,25.8,1.6,1.8,33.3,11.6,11.5,0
292.9,107.6,157.6,184.3,38.9,17.3,1.8,2.8,36.4,21.0,5.2,191.8,91.9,259.5,232.1,43.4,18.2,1.5,2.2,80.0,22.7,6.1,0
67.5,211.0,290.5,234.5,13.0,38.0,1.0,0.5,20.0,-16.2,-5.4,61.5,238.0,135.5,133.0,6.0,30.5,3.0,0.0,30.0,-26.4,-10.1,0
170.4,107.1,274.4,325.8,30.6,31.8,1.7,1.7,66.7,5.1,4.8,211.5,193.8,257.4,271.1,32.7,36.3,1.5,0.8,66.7,3.7,2.4,1
194.0,146.7,224.6,241.3,33.3,28.3,1.3,1.9,40.0,-0.5,-7.2,137.3,151.6,335.9,360.5,30.5,38.5,2.0,0.5,60.0,-11.3,-11.0,1
114.8,159.8,183.7,256.7,18.8,27.9,1.4,1.4,50.0,-8.4,-2.0,122.6,142.0,194.3,201.1,28.6,17.3,1.2,2.6,40.0,8.1,0.9,1
77.1,77.3,261.9,196.3,21.3,17.8,2.0,1.6,40.0,2.4,-1.0,248.7,190.7,158.0,294.7,27.6,38.3,1.3,1.0,100.0,-5.7,-1.9,0
235.7,170.4,190.6,241.6,29.7,27.4,0.9,1.6,30.0,0.3,0.3,122.3,306.8,269.3,222.2,22.7,40.7,1.8,1.4,77.8,-20.8,-20.8,1
96.3,144.8,195.8,215.8,21.8,27.3,2.0,2.3,100.0,-8.8,-7.4,137.3,151.0,170.0,169.8,12.8,27.0,2.5,1.5,70.0,-7.0,-3.4,0
191.2,94.2,203.2,187.0,30.5,16.8,1.3,2.6,60.0,14.4,6.6,115.7,130.5,285.9,298.6,22.0,32.1,2.6,1.1,20.0,-0.8,2.2,0
97.4,145.1,286.2,257.2,29.8,30.0,2.2,1.9,70.0,-6.1,-9.1,121.0,172.4,219.4,230.6,18.5,38.1,2.2,1.5,80.0,-24.4,-13.6,1
143.6,175.3,229.0,218.2,26.6,26.2,1.5,1.7,11.1,-3.4,-5.3,220.5,116.5,199.6,170.9,29.9,17.3,1.4,1.4,33.3,-0.6,-9.9,0
156.4,158.4,243.3,233.9,33.4,23.9,1.3,1.9,66.7,14.0,5.3,165.3,183.7,249.0,273.3,32.0,36.0,0.1,0.6,20.0,-1.9,0.6,0
104.2,159.0,262.1,235.2,26.7,26.9,1.1,1.9,10.0,3.6,4.0,194.1,184.9,243.4,178.9,28.1,26.4,2.3,1.0,77.8,4.1,2.3,1
245.5,118.4,180.8,250.1,38.2,23.0,1.5,1.5,100.0,11.0,0.8,194.5,151.4,200.5,152.1,30.8,18.1,1.9,1.4,80.0,11.7,4.2,0
113.8,92.0,204.3,212.7,15.5,18.5,1.2,1.0,70.0,-5.8,-5.9,139.5,97.3,208.8,323.7,31.3,28.8,1.3,1.8,30.0,-1.3,-2.8,1
173.0,123.0,318.0,343.0,46.0,27.0,0.0,2.0,90.0,24.7,4.2,51.0,151.0,282.0,226.0,17.0,13.0,0.0,2.0,40.0,-15.2,-22.2,1
204.5,96.9,179.2,206.1,28.7,15.5,1.2,2.1,30.0,16.4,9.3,226.8,155.0,260.1,201.2,41.3,19.3,0.6,2.2,60.0,11.4,-5.9,1
306.0,217.2,114.4,140.7,28.7,22.6,1.4,1.5,30.0,5.0,0.0,108.1,212.4,162.8,208.9,18.4,37.4,1.3,1.4,80.0,-17.2,-6.7,0
197.7,66.5,235.3,137.0,39.8,5.5,1.2,1.7,90.0,34.7,13.0,236.4,99.6,186.4,198.8,31.6,16.4,1.8,0.6,50.0,6.7,-0.3,1
168.6,218.3,248.9,184.9,29.7,24.8,1.8,1.7,100.0,9.1,4.8,154.4,133.8,159.6,205.6,11.9,18.6,2.3,1.8,80.0,0.8,3.6,1
206.1,140.5,145.1,164.8,24.8,20.5,0.6,1.1,77.8,2.9,-1.3,100.9,287.0,210.6,238.8,14.6,44.9,3.6,1.1,33.3,-25.7,-11.7,0
136.0,28.0,379.0,158.0,31.0,7.0,2.0,1.0,40.0,15.5,-7.7,90.0,112.0,167.0,248.0,20.0,23.0,2.0,2.0,30.0,-7.8,-2.9,1
171.8,214.8,329.1,265.3,36.6,30.0,1.2,1.8,11.1,10.3,3.4,186.1,154.8,247.7,192.1,30.9,21.6,1.5,2.1,30.0,13.8,8.2,0
121.2,224.5,237.0,277.0,18.2,33.8,1.0,1.5,11.1,-11.3,-4.3,192.5,190.5,206.8,177.8,30.5,24.2,0.8,1.5,44.4,-9.8,-15.1,1
146.3,167.0,193.3,227.7,12.3,34.3,2.7,1.7,50.0,-12.8,-7.9,75.3,262.5,256.5,266.5,28.0,39.0,2.3,2.5,30.0,-11.3,-3.3,0
257.7,201.7,232.1,230.4,39.1,32.7,1.3,1.3,80.0,2.2,-4.9,127.0,157.2,293.2,220.3,21.2,33.7,2.0,0.5,66.7,-16.6,-9.1,0
192.0,115.3,165.3,315.1,29.4,25.8,1.2,1.9,44.4,6.1,2.3,198.7,129.5,378.9,284.6,45.7,29.9,1.9,2.0,11.1,19.7,9.2,0
134.8,109.6,270.5,278.9,27.5,23.1,1.7,1.4,55.6,8.0,4.9,195.7,150.2,143.0,183.9,26.5,20.4,1.3,1.7,66.7,4.5,-0.1,0
124.3,115.2,296.5,166.7,25.8,21.0,1.5,1.5,40.0,6.6,2.5,186.7,142.3,211.7,222.2,27.0,27.2,1.0,1.0,66.7,7.4,7.8,1
109.2,134.2,192.8,225.2,25.7,23.0,1.9,2.9,60.0,-5.6,-8.4,191.4,107.3,130.5,210.5,32.2,19.8,1.3,2.5,50.0,-1.9,-9.9,1
182.9,171.3,208.8,216.9,27.4,28.8,0.9,1.8,44.4,-10.4,-10.3,137.9,198.9,221.3,260.4,23.4,36.6,1.1,1.3,77.8,-17.1,-12.5,1
223.4,39.0,216.8,135.6,39.8,6.4,0.8,3.0,60.0,24.2,-0.7,212.2,63.4,264.4,247.4,42.8,19.6,1.0,1.4,30.0,16.3,-1.1,0
196.5,129.8,222.5,176.8,28.7,18.0,2.0,2.3,80.0,7.4,-2.2,246.8,133.8,61.0,152.2,19.3,13.8,0.7,2.8,30.0,4.5,-2.5,0
108.8,77.0,185.0,280.3,24.5,19.5,1.0,2.3,44.4,1.5,-4.1,124.0,213.3,198.0,226.0,10.0,39.0,3.3,0.3,66.7,-9.4,-5.8,1
328.6,128.5,103.4,174.3,30.4,20.4,1.6,1.5,33.3,1.8,-6.4,174.3,154.0,201.1,180.4,32.1,25.3,1.8,2.3,55.6,2.1,-1.5,1
167.4,177.8,167.4,177.0,25.2,26.8,1.8,1.4,50.0,1.7,3.6,251.8,164.7,238.0,204.7,38.3,27.2,1.3,2.3,40.0,8.0,0.9,1
241.7,85.9,231.9,164.1,42.7,12.1,0.6,1.0,80.0,22.8,4.7,106.4,153.3,242.9,269.0,27.0,27.1,1.4,1.4,30.0,6.2,5.7,1
304.1,89.4,177.1,165.3,42.1,16.6,1.6,2.6,36.4,19.5,1.4,170.5,156.7,296.3,180.2,32.3,21.7,2.2,1.5,50.0,8.8,-2.1,1
77.8,118.0,301.3,313.3,31.5,32.3,2.5,1.8,20.0,-2.4,-3.3,138.3,85.5,180.5,274.8,24.3,24.0,1.8,2.0,70.0,-2.4,-7.1,0
101.7,70.3,247.7,240.0,19.0,27.7,2.3,2.3,50.0,-4.9,-7.0,231.3,88.8,219.0,275.5,37.5,18.8,1.8,2.0,90.0,16.0,2.5,1
118.6,162.0,303.1,259.7,29.6,33.1,2.3,2.1,11.1,-2.5,-2.8,168.4,184.4,215.4,187.8,30.3,17.3,1.8,2.5,44.4,-1.2,-14.4,0
149.5,119.7,242.3,198.4,27.9,21.8,2.0,1.8,90.0,5.5,5.5,83.8,169.8,324.2,236.3,26.7,32.7,1.9,1.4,50.0,-7.7,-7.7,0
162.7,122.0,233.0,187.1,28.7,26.1,2.0,1.1,70.0,0.9,-1.8,122.7,120.6,262.6,212.3,26.6,18.7,2.1,2.0,80.0,2.8,-2.2,0
168.8,146.3,158.9,146.5,19.4,20.5,2.3,2.2,40.0,-6.2,-6.9,115.6,204.7,180.5,179.5,16.1,28.1,1.5,1.0,36.4,-12.6,-4.2,0
177.8,102.4,179.4,299.0,30.6,25.2,0.8,1.8,44.4,7.6,4.8,238.8,165.8,261.0,278.5,38.7,34.0,1.5,1.0,77.8,4.8,2.6,1
212.4,112.2,176.2,216.2,28.2,17.8,1.8,2.0,45.5,7.9,3.0,154.7,117.8,183.0,188.8,31.0,20.2,1.8,2.7,30.0,15.3,6.5,1
250.0,100.0,309.0,235.0,54.0,10.5,1.0,1.5,88.9,31.5,0.3,210.0,154.0,336.0,322.0,47.0,27.0,1.0,0.0,90.0,8.7,-1.0,1
175.8,126.3,301.8,200.1,43.1,19.9,1.3,2.2,60.0,20.9,2.4,121.8,244.1,161.7,237.4,9.9,40.7,2.0,1.1,70.0,-31.7,-16.8,0
236.0,106.7,201.8,266.8,34.0,23.9,1.7,2.2,30.0,4.4,-5.4,189.2,152.3,227.9,191.6,36.1,21.2,1.4,2.0,40.0,5.0,-6.2,1
209.0,204.0,241.0,195.7,26.0,27.3,2.0,1.0,70.0,-3.5,-4.8,115.2,156.8,172.6,253.8,15.6,35.8,2.0,1.2,72.7,-20.7,-5.9,0
67.0,251.0,285.0,331.0,17.0,51.0,3.0,2.0,60.0,-3.9,-4.2,213.0,93.0,139.0,311.0,38.0,30.0,1.0,3.0,11.1,-10.2,-11.5,1
288.7,89.7,219.0,257.3,44.7,20.3,1.3,2.3,100.0,17.3,-9.1,337.3,87.0,191.0,199.7,38.7,14.0,1.0,1.7,30.0,15.2,1.0,0
232.9,206.8,357.5,305.2,45.1,40.3,1.9,2.3,50.0,3.5,3.5,113.8,124.1,263.1,233.8,24.7,24.4,2.4,1.3,70.0,-2.9,-2.9,0
331.4,158.0,138.1,266.1,36.8,27.1,1.3,2.3,90.0,8.5,0.4,162.8,177.3,224.4,229.0,27.0,31.0,1.5,1.6,50.0,-1.9,-0.8,1
78.8,61.8,121.2,121.7,21.1,15.3,1.8,1.3,40.0,4.7,1.0,44.6,133.8,151.0,122.5,9.6,26.1,2.1,1.3,50.0,-18.3,-8.2,1
261.0,-24.0,313.0,91.0,45.0,0.0,2.0,3.0,50.0,22.7,-8.5,153.0,341.0,401.0,125.0,39.0,47.0,3.0,2.0,50.0,-12.8,-17.3,0
141.3,183.5,376.8,288.1,37.4,29.9,1.8,2.4,70.0,7.0,3.5,109.7,195.2,228.2,233.0,22.3,28.3,2.7,1.9,70.0,-2.1,0.4,0
95.6,173.0,235.4,259.0,21.8,32.3,1.8,1.8,70.0,0.4,3.7,220.4,153.4,190.1,229.4,30.8,30.9,1.4,1.6,90.9,-1.6,-3.1,0
159.4,246.3,223.9,212.3,25.3,37.6,1.8,0.8,70.0,-16.9,-10.4,193.4,207.8,306.3,264.6,38.7,37.5,1.5,1.6,11.1,-5.3,-9.3,0
163.5,203.5,239.5,145.0,36.5,22.0,0.5,0.5,50.0,5.1,-8.9,70.5,218.5,311.5,117.5,20.0,31.0,4.5,0.5,50.0,-4.8,-6.2,0
218.0,139.0,305.5,313.5,47.0,20.5,0.0,2.5,90.0,23.2,1.2,22.0,214.5,460.5,195.5,25.5,32.5,2.0,0.5,50.0,0.5,-6.8,0
242.8,122.4,180.6,194.8,30.3,17.7,0.8,1.3,81.8,11.7,4.0,98.7,228.3,269.8,278.1,20.6,43.6,2.6,1.3,60.0,-18.9,-10.0,0
203.3,128.0,360.7,169.3,52.3,14.2,0.8,2.2,50.0,28.1,4.6,196.5,142.2,262.3,226.7,33.3,19.5,2.3,2.5,80.0,11.2,-0.2,0
171.2,183.5,200.5,243.2,18.2,35.5,2.2,1.0,100.0,-10.5,-4.6,160.3,126.7,237.7,223.3,26.7,19.7,2.3,2.7,50.0,0.3,-5.2,0
207.8,113.2,186.0,161.8,35.2,19.2,0.6,1.0,55.6,5.9,-5.4,100.7,180.2,222.2,180.3,15.2,24.8,2.0,1.0,66.7,-6.0,-2.8,0
133.3,236.4,296.4,293.9,33.7,42.6,1.3,1.6,40.0,-0.3,2.5,184.7,204.2,192.4,192.3,30.8,18.7,1.0,1.8,50.0,8.1,-0.1,0
188.3,84.9,244.4,233.6,33.6,16.9,1.4,1.6,66.7,19.1,7.8,153.9,109.6,278.4,261.1,31.3,21.0,1.4,1.8,77.8,13.7,9.0,0
175.5,217.8,215.9,237.5,27.5,35.1,2.4,1.9,66.7,-8.1,-2.6,179.4,199.0,336.8,240.1,37.3,31.3,1.1,1.8,70.0,3.5,-2.4,1
95.2,174.3,220.8,186.5,23.7,23.3,1.8,2.0,30.0,1.1,1.2,126.5,145.6,129.1,200.5,11.5,25.3,1.9,2.0,45.5,-9.0,-2.9,1
224.7,149.0,255.0,216.7,30.7,25.3,1.3,1.0,30.0,13.7,7.6,180.3,119.3,277.3,173.3,36.7,12.7,0.3,1.3,40.0,9.2,-2.3,0
218.4,127.8,229.5,178.4,36.9,16.3,0.7,1.4,80.0,21.1,7.7,197.5,103.5,362.3,252.1,47.2,19.0,0.8,1.6,100.0,29.9,8.4,1
266.0,222.8,143.0,249.1,24.3,38.6,1.4,1.4,40.0,-21.0,-12.1,104.0,204.1,132.0,238.9,10.2,39.7,3.4,1.4,50.0,-26.2,-3.9,0
124.2,91.0,218.8,215.7,21.3,22.7,2.0,1.2,40.0,2.2,1.6,161.5,146.2,180.5,172.2,16.7,27.0,2.7,1.3,70.0,-7.3,-4.6,1
166.6,82.9,157.3,244.4,24.8,19.3,1.1,1.6,80.0,-2.2,-6.2,195.9,113.1,248.8,270.5,36.5,25.6,1.0,2.1,50.0,2.7,-5.8,0
147.9,118.5,297.8,206.5,35.8,15.6,1.0,2.5,90.0,12.3,0.4,64.0,139.4,229.1,161.9,18.1,19.4,1.7,1.1,20.0,-3.2,-4.5,0
158.1,126.2,202.6,179.1,25.2,20.1,1.6,1.7,70.0,6.4,1.9,157.4,175.7,274.2,188.8,31.5,29.2,1.5,1.3,50.0,2.6,1.4,1
114.7,73.0,246.7,150.3,18.0,19.3,1.0,2.0,80.0,-6.3,-2.5,21.3,219.7,252.3,332.7,13.7,49.0,4.3,1.0,70.0,-21.7,-12.2,1
154.6,102.5,135.0,214.3,22.4,15.5,1.3,2.4,70.0,3.6,-1.4,163.1,95.4,162.0,205.2,24.5,18.5,1.5,2.1,90.0,3.4,-1.5,1
270.0,99.1,218.9,126.6,38.1,8.9,0.9,1.0,60.0,23.2,0.1,191.5,102.8,258.1,165.0,45.3,14.1,1.8,1.6,80.0,16.8,-2.4,1
210.8,165.8,275.6,221.2,31.6,30.8,2.2,0.4,30.0,1.6,-1.5,58.0,272.2,312.4,228.2,21.4,34.4,2.4,2.4,40.0,-8.1,-4.6,0
177.3,145.7,143.0,159.7,27.0,15.7,0.7,1.3,77.8,1.6,-9.3,173.3,345.7,184.7,356.3,15.0,56.3,2.3,0.3,70.0,-22.5,-11.5,0
145.0,258.8,245.3,80.5,15.8,28.5,3.0,1.5,30.0,-8.4,-7.8,115.6,234.4,227.2,220.6,18.6,34.8,1.8,1.6,40.0,-15.4,-10.2,0
233.8,82.3,297.8,147.8,45.0,15.0,1.0,1.3,60.0,23.1,3.5,131.4,97.2,155.8,255.2,21.0,23.6,1.8,3.2,60.0,-9.8,-6.6,1
38.0,305.0,128.0,124.0,0.0,34.0,1.0,1.0,30.0,-5.6,-6.0,55.0,191.0,191.0,123.0,10.0,24.0,3.0,1.0,70.0,-10.5,-14.5,1
0.0,0.0,0.0,0.0,29.8,29.0,0.8,0.5,50.0,1.9,1.7,0.0,0.0,0.0,0.0,22.8,33.2,0.5,0.5,80.0,-17.8,-11.0,1
211.3,70.3,294.0,167.0,40.3,20.0,1.3,0.7,60.0,20.7,4.6,109.7,246.0,190.0,276.3,15.7,41.7,0.7,0.0,30.0,-24.5,-4.3,1
149.0,212.9,274.6,242.6,30.8,32.7,2.1,2.3,50.0,4.6,5.1,182.5,121.1,194.0,211.7,26.0,20.8,2.2,2.0,36.4,5.4,1.0,0
160.5,195.5,263.0,226.0,29.5,27.0,1.5,2.5,50.0,9.7,4.7,16.5,178.0,217.0,125.0,15.5,24.5,2.0,0.5,9.1,-4.8,-7.5,1
149.4,98.9,256.9,292.9,35.0,19.8,2.1,3.5,70.0,12.7,1.5,173.8,130.3,192.1,207.9,30.3,15.4,1.1,2.6,72.7,7.8,-1.7,0
111.0,83.0,230.5,137.5,22.0,22.0,1.0,2.0,30.0,5.4,8.5,122.0,259.0,234.0,231.0,3.0,49.0,3.0,1.0,40.0,-15.3,15.9,1
154.2,163.0,238.6,219.0,24.2,24.8,1.0,1.0,44.4,5.7,8.2,157.0,234.0,129.0,172.3,10.0,28.7,3.0,2.0,88.9,-11.1,-7.8,0
157.7,67.7,236.4,199.9,27.3,12.0,2.1,2.0,30.0,12.4,5.0,130.7,101.9,191.1,176.1,23.1,17.3,2.1,1.7,90.0,1.3,-5.2,0
164.7,153.2,190.3,187.8,24.0,21.4,1.5,1.6,90.0,2.0,-0.5,145.4,192.9,220.8,224.9,25.7,26.8,1.4,1.1,20.0,-12.4,-13.8,0
179.3,177.0,184.3,287.8,15.0,32.0,1.0,2.5,40.0,-7.7,-4.5,158.5,204.8,178.0,257.8,20.0,28.5,0.5,1.3,50.0,-2.8,-3.5,1
243.8,79.5,208.8,161.7,39.4,11.7,0.5,1.0,80.0,24.0,5.8,203.5,107.9,289.2,175.5,46.5,16.9,0.7,1.5,100.0,32.0,10.2,1
135.7,109.0,136.3,195.3,21.2,14.8,1.7,2.0,70.0,1.0,-4.3,106.0,205.0,149.3,161.8,10.0,32.5,3.0,1.2,40.0,-13.2,-3.0,0
154.9,181.0,278.4,223.9,27.8,28.5,2.3,2.1,80.0,-3.5,-4.2,234.2,212.0,103.3,242.5,21.9,40.6,2.5,1.0,50.0,-14.4,-2.8,1
242.2,175.0,185.3,198.7,31.3,22.7,1.4,2.3,50.0,-0.6,-5.8,179.1,230.7,209.4,290.6,22.4,44.2,1.3,1.0,30.0,-21.2,-11.7,0
118.9,205.1,171.1,201.9,19.5,33.5,1.3,1.5,50.0,-8.3,-4.1,144.8,235.5,146.6,254.0,14.0,37.6,1.5,1.4,30.0,-25.1,-16.9,1
312.4,113.6,76.7,134.1,27.4,14.1,1.1,1.2,30.0,2.0,-9.4,94.8,153.1,197.1,221.3,13.2,28.7,1.9,1.3,20.0,-20.8,-12.4,1
153.7,160.9,247.8,308.9,24.7,32.3,1.3,1.6,30.0,-3.4,1.9,166.2,144.2,235.7,217.7,31.8,22.0,1.3,1.8,66.7,14.0,5.1,0
261.3,156.0,348.0,189.7,56.3,20.7,0.7,2.3,100.0,25.5,6.5,164.0,219.5,231.5,279.0,20.5,27.0,2.0,2.5,77.8,-5.8,-8.9,0
63.0,125.5,186.5,271.5,20.5,31.5,1.5,2.0,10.0,-8.5,-11.5,176.0,74.5,242.5,173.5,19.5,12.0,1.0,1.5,80.0,14.3,3.5,0
178.4,190.3,269.1,271.8,32.1,28.1,0.9,1.5,66.7,10.9,8.0,155.7,173.4,233.5,219.9,31.7,30.0,1.5,1.6,100.0,4.4,3.1,1
186.0,192.0,162.0,111.0,19.0,20.0,2.0,0.0,66.7,8.9,-8.7,113.0,220.5,428.5,265.0,38.0,33.0,4.0,1.0,70.0,-5.7,-8.3,0
113.8,116.9,212.5,242.4,21.6,24.4,2.8,2.5,60.0,4.0,3.2,128.6,219.1,199.4,261.3,23.6,41.6,2.0,1.6,60.0,-7.2,1.5,0
177.1,178.9,238.3,250.2,33.8,25.6,1.9,1.9,50.0,3.7,-2.5,78.4,151.4,206.8,233.2,16.3,25.7,2.0,1.3,70.0,-7.5,-4.1,1
217.0,85.9,232.6,180.4,30.4,10.6,0.9,1.0,88.9,23.6,6.6,173.7,150.7,244.4,157.4,29.1,20.7,1.4,1.9,66.7,7.9,-2.5,0
143.4,111.6,237.5,191.4,31.0,15.5,0.8,2.4,33.3,17.1,8.9,158.6,126.6,177.1,222.6,11.3,20.1,2.7,1.3,80.0,-0.5,3.1,0
243.8,121.0,242.6,228.6,35.8,16.8,1.6,1.2,90.9,16.1,-1.1,121.0,181.8,220.2,195.8,16.0,26.8,2.2,0.8,40.0,2.8,4.0,1
162.5,103.5,224.0,227.5,35.0,14.5,1.0,1.5,80.0,25.7,10.3,136.0,245.0,84.0,359.0,7.0,41.0,1.0,1.0,10.0,-29.2,-23.4,0
183.3,266.0,210.0,268.3,35.7,36.7,0.7,0.7,40.0,6.6,3.7,26.0,192.5,66.5,258.5,1.5,42.5,0.5,1.5,40.0,-22.2,9.0,1
173.3,71.7,207.5,257.2,28.6,16.9,1.5,2.1,30.0,14.3,6.5,196.3,153.3,279.5,263.8,36.0,25.8,2.0,2.4,30.0,8.2,1.9,0
175.5,70.0,288.0,98.0,34.5,7.0,0.5,2.0,33.3,9.0,-16.9,83.0,272.0,311.0,300.0,21.0,34.0,3.0,1.0,88.9,-19.1,-21.5,0
160.3,96.3,232.3,179.0,29.5,17.0,1.3,1.3,36.4,8.6,-2.1,175.5,147.3,105.5,165.8,19.5,16.5,2.0,1.3,70.0,0.4,-7.2,1
168.0,204.2,163.8,157.8,26.4,19.6,1.4,1.2,44.4,3.5,0.7,267.8,137.3,325.3,186.8,47.2,20.3,1.0,0.5,77.8,24.5,2.0,1
186.3,120.8,240.8,232.2,30.2,18.8,1.2,1.9,50.0,9.6,0.2,208.2,242.3,296.3,271.1,33.3,39.8,2.0,1.6,40.0,-13.4,-11.5,0
93.0,164.0,299.0,244.0,20.0,23.0,3.0,4.0,11.1,-20.5,-21.5,72.0,224.0,128.0,382.0,13.0,61.0,1.0,1.0,33.3,-23.4,7.8,1
132.5,137.5,190.0,185.5,12.0,20.0,2.0,2.5,50.0,-5.9,-11.5,208.3,141.3,152.7,206.7,22.7,19.7,3.3,2.7,60.0,-5.3,-10.5,1
120.0,307.5,451.8,217.3,45.0,43.3,2.5,1.3,33.3,5.3,3.0,118.7,166.0,244.0,198.7,21.3,14.3,1.7,2.0,30.0,3.3,-1.9,1
126.0,105.8,215.8,219.2,28.6,24.6,1.6,2.0,66.7,3.8,-1.0,213.4,140.8,149.6,171.4,30.6,19.8,0.4,1.8,77.8,7.5,0.3,1
305.3,171.5,174.0,148.3,42.5,20.3,1.2,1.8,70.0,16.7,2.6,130.5,123.7,293.3,232.0,32.2,14.3,1.5,2.0,70.0,15.1,2.0,1
190.6,127.6,309.3,216.3,46.9,26.9,1.3,2.4,70.0,12.2,-0.6,114.9,159.1,211.4,170.6,24.1,22.3,2.1,1.9,70.0,1.5,-1.9,1
100.3,155.0,274.5,251.0,26.5,31.8,1.1,1.1,18.2,-0.9,-0.8,182.6,167.0,281.3,240.6,35.6,26.3,1.1,2.0,70.0,14.6,6.9,1
90.5,168.5,308.5,295.5,23.0,42.5,2.5,1.5,88.9,-11.4,-7.9,252.5,197.5,136.5,158.5,30.5,37.0,1.5,1.5,33.3,-14.4,-17.4,1
222.3,155.3,337.0,255.5,43.3,23.3,1.3,1.5,100.0,20.3,5.1,155.3,97.3,148.7,167.3,30.3,13.7,0.3,2.3,50.0,7.0,0.6,0
257.0,81.8,282.8,212.3,45.5,14.6,1.5,1.4,44.4,30.9,6.9,232.2,185.8,152.0,222.2,27.5,29.6,1.0,1.5,77.8,4.5,5.4,0
156.0,175.7,198.0,278.7,19.7,28.7,1.0,0.7,18.2,-4.3,-9.0,150.0,160.8,174.3,283.5,16.8,32.0,1.3,1.0,60.0,-17.1,-13.2,1
235.2,195.6,260.1,227.1,38.6,33.9,1.7,1.3,20.0,-4.0,-8.7,307.6,167.4,62.0,287.1,22.5,31.7,1.3,1.9,70.0,-15.0,-11.6,1
76.0,147.0,139.0,210.0,13.0,24.0,3.0,2.0,60.0,-2.7,-5.5,125.0,127.5,399.5,287.5,30.5,32.5,2.0,2.0,33.3,-14.3,-3.6,1
230.8,166.6,240.8,209.2,32.2,23.4,1.2,1.4,70.0,0.8,-3.4,175.0,176.8,184.0,219.4,27.0,25.8,1.6,1.6,72.7,2.4,-4.8,0
144.2,120.0,311.4,248.2,27.2,23.4,1.4,1.2,70.0,2.1,-2.9,148.7,109.7,259.7,301.0,34.0,27.3,0.7,2.2,72.7,2.4,-2.2,1
138.4,159.1,292.3,200.8,32.9,23.3,1.0,1.9,80.0,2.5,-5.2,163.7,128.3,214.1,146.1,27.4,17.9,1.4,1.4,30.0,5.0,-3.0,1
221.7,58.3,196.7,130.0,37.0,7.7,2.3,2.7,100.0,16.6,-2.0,229.8,135.5,257.8,407.8,35.5,38.5,4.0,1.5,60.0,-3.1,-6.6,1
164.4,181.0,290.4,248.2,34.3,35.8,1.9,1.0,88.9,-9.1,-9.6,333.6,170.0,34.2,182.8,25.6,20.0,0.9,1.2,55.6,0.6,-6.3,0
263.8,124.6,113.1,190.2,28.5,14.3,1.0,1.4,50.0,3.6,-7.5,101.3,126.3,139.1,196.2,15.6,23.2,1.8,2.5,40.0,-14.1,-11.7,0
300.0,109.3,111.7,188.7,29.3,15.7,1.3,1.3,72.7,4.7,-10.1,178.0,46.5,213.0,230.0,20.0,28.0,2.5,2.0,70.0,2.0,-2.5,0
151.7,173.9,175.3,177.3,20.3,24.8,1.4,0.9,90.0,-1.4,-1.1,121.8,191.9,227.3,220.2,18.8,32.3,1.5,1.2,20.0,-14.3,-6.9,0
168.0,202.0,213.2,198.4,23.0,34.8,2.4,1.2,50.0,-12.0,-7.2,71.5,152.5,170.8,252.0,12.5,34.3,2.8,1.5,20.0,-20.7,-10.1,1
138.9,122.8,283.3,202.3,28.6,19.3,1.9,2.1,50.0,-1.7,-8.7,140.3,149.8,255.2,250.4,32.4,29.1,1.6,1.9,40.0,-9.9,-13.1,1
218.0,7.0,253.0,103.0,23.0,3.0,2.0,2.0,40.0,5.6,-2.7,97.0,173.0,137.0,141.0,16.0,23.0,2.0,1.0,50.0,-17.6,-13.1,1
157.5,120.0,283.5,229.4,34.6,20.2,1.5,2.2,40.0,7.5,-1.7,90.3,143.3,354.5,280.2,27.7,35.3,2.0,1.7,70.0,-8.4,-4.9,1
168.6,98.2,273.6,294.4,34.2,28.6,1.2,1.4,80.0,19.7,7.7,251.0,242.5,199.0,260.0,36.8,34.3,1.3,1.3,60.0,9.4,2.1,1
165.3,120.3,239.8,209.0,30.7,28.0,1.8,1.2,60.0,6.8,3.0,152.6,135.9,252.1,173.4,19.9,27.9,1.7,1.4,80.0,-15.5,-11.3,1
210.5,260.8,272.5,205.8,32.8,28.0,1.0,2.3,70.0,6.5,2.2,119.0,152.0,257.5,224.0,29.5,24.0,1.5,2.5,60.0,-2.6,-7.0,1
133.0,116.0,211.0,267.0,21.0,20.0,2.0,2.0,50.0,13.3,0.3,119.0,89.0,351.0,266.0,33.0,30.0,3.0,2.0,90.9,9.8,-0.9,1
288.0,222.7,174.0,209.3,29.7,24.0,1.3,1.0,50.0,3.1,-1.9,172.0,205.5,195.5,239.0,17.0,36.5,1.5,1.5,40.0,-11.4,-13.6,1
188.0,66.3,262.7,185.3,35.7,13.7,0.3,2.3,60.0,10.1,-1.4,169.0,134.0,199.7,148.3,16.3,12.3,2.7,2.3,40.0,5.7,-1.2,1
216.9,140.9,244.9,207.4,39.4,19.7,1.3,2.3,30.0,19.3,7.5,130.4,165.1,201.9,228.8,27.3,24.7,0.7,1.8,18.2,9.4,6.9,1
195.6,229.1,379.8,274.4,40.0,40.2,2.1,1.7,50.0,5.4,4.9,130.4,249.0,339.4,238.9,31.4,39.5,1.3,1.3,90.9,-1.9,0.6,1
184.5,137.5,256.0,236.5,29.5,26.0,2.0,2.0,70.0,4.8,-7.5,86.5,283.0,94.0,350.0,10.5,46.5,0.5,1.0,50.0,-25.9,-0.2,1
214.1,132.3,293.7,243.2,48.9,23.0,1.3,2.7,55.6,13.4,-3.2,97.0,204.7,302.4,250.8,23.6,38.9,1.8,1.2,22.2,-19.7,-11.0,1
150.4,206.0,252.6,216.8,29.4,31.1,0.6,1.0,90.0,2.8,2.6,187.7,108.6,174.4,134.7,28.7,18.9,1.4,1.1,60.0,2.4,-6.4,1
273.8,124.4,234.7,155.9,50.9,14.6,1.6,2.1,70.0,30.7,7.4,264.3,117.3,316.0,227.3,50.0,21.3,1.3,3.1,80.0,26.3,6.7,1
167.0,143.6,166.2,172.6,27.7,24.2,2.5,2.1,50.0,8.8,2.0,214.5,120.5,188.0,197.6,28.0,24.4,2.4,2.0,30.0,3.6,0.3,1
120.4,115.0,366.1,238.1,39.4,24.3,1.1,2.1,44.4,10.6,2.8,215.7,232.1,195.1,225.1,23.1,34.9,2.1,0.6,66.7,-3.5,1.9,0
104.6,183.0,251.4,213.0,20.4,25.0,2.2,2.2,50.0,-3.0,-3.3,98.0,223.5,254.2,188.3,25.8,27.0,0.8,0.8,30.0,2.3,4.3,1
240.6,165.1,240.0,226.9,42.6,22.0,1.3,1.6,33.3,20.5,5.8,158.5,91.8,214.2,171.3,29.3,14.2,1.3,1.8,66.7,13.9,2.6,1
122.0,238.3,289.3,339.3,37.7,45.7,1.7,1.7,36.4,-8.4,-5.0,116.0,215.0,106.5,213.0,6.5,40.5,2.0,0.5,40.0,-15.5,-14.3,1
73.0,278.0,182.0,175.0,21.0,30.0,0.0,2.0,18.2,9.6,18.9,190.0,232.0,127.0,236.0,16.0,23.0,2.0,0.0,70.0,-5.7,-9.2,1
211.9,112.3,208.4,211.1,33.9,18.9,0.9,2.2,66.7,9.3,0.2,115.3,215.1,217.1,240.4,23.0,36.7,2.1,1.8,20.0,-7.1,0.9,1
106.8,221.3,235.0,198.3,14.8,41.5,2.0,0.8,20.0,-10.0,-4.3,148.5,94.5,160.7,154.3,18.7,11.2,2.0,1.5,40.0,7.3,-0.4,0
144.2,115.2,225.8,209.3,29.9,25.1,1.9,1.4,70.0,4.2,0.5,240.1,125.3,126.1,186.3,23.6,16.0,1.1,1.9,36.4,6.6,-2.5,0
277.5,235.5,164.5,173.5,27.5,35.5,1.5,1.5,33.3,-9.7,-14.4,115.7,134.7,197.7,233.0,22.7,39.7,1.3,1.7,11.1,-20.2,-16.9,1
179.5,150.5,326.0,254.5,43.0,28.5,1.0,2.0,70.0,3.5,-2.3,29.0,218.0,302.5,167.5,10.5,32.0,3.5,1.5,33.3,-13.8,0.1,1
146.6,95.2,241.5,213.2,25.7,15.5,1.7,1.4,9.1,8.9,2.2,219.8,101.8,210.8,276.6,38.8,25.1,2.6,2.3,60.0,5.0,-3.3,0
238.4,127.2,290.0,375.8,44.4,30.8,1.0,2.2,80.0,6.5,-5.2,267.6,169.4,45.0,237.8,23.4,34.0,1.0,1.6,77.8,-6.6,-5.9,1
106.4,181.1,269.8,358.5,30.8,45.5,2.5,2.5,50.0,-17.4,-9.9,146.6,192.0,256.6,298.7,25.1,36.7,2.6,1.9,70.0,-15.4,-8.6,1
249.2,119.1,146.0,189.9,29.2,19.4,0.7,1.4,77.8,3.8,-3.6,248.6,162.1,110.0,241.5,20.0,33.3,2.5,0.8,66.7,-14.0,-7.4,1
216.0,65.5,110.5,191.5,29.5,12.0,0.5,2.5,60.0,7.7,-4.2,118.0,82.0,359.5,242.5,29.5,19.0,3.5,0.5,70.0,5.1,2.0,1
148.8,210.4,358.6,268.3,39.1,31.8,1.3,1.9,11.1,9.1,0.8,192.6,150.8,298.4,253.1,34.8,27.8,1.5,1.4,66.7,7.7,1.7,0
247.1,136.0,174.3,218.7,33.1,29.9,1.3,1.0,50.0,-3.2,-6.2,109.7,193.2,252.7,226.1,23.0,31.3,3.0,2.7,30.0,-11.2,-5.9,0
187.9,111.8,188.9,253.4,30.3,21.8,1.8,2.4,77.8,11.8,6.0,115.2,150.5,284.4,228.5,30.9,23.3,1.4,1.9,88.9,8.9,2.1,1
122.3,219.8,247.8,276.8,22.0,34.1,1.1,1.9,30.0,-5.6,-3.1,151.8,163.9,164.0,215.4,24.8,29.0,2.4,1.8,55.6,1.7,2.3,0
109.5,166.8,195.0,297.9,20.0,38.1,1.3,1.3,30.0,-15.7,-8.1,80.9,212.1,251.1,275.5,16.7,41.4,2.8,1.3,30.0,-19.4,-3.4,0
245.5,167.1,222.4,225.8,38.5,21.5,1.1,1.5,30.0,3.5,-10.3,101.4,231.5,169.1,236.0,11.3,41.8,2.0,1.3,0.0,-29.0,-6.6,1
155.7,167.1,291.8,223.7,28.7,28.2,2.3,1.8,80.0,-1.7,-3.1,228.7,205.9,102.6,244.6,22.3,41.2,2.2,1.0,50.0,-14.3,-2.9,1
109.6,106.2,333.4,321.2,33.8,32.4,2.0,1.0,77.8,1.6,-4.6,158.3,164.5,332.0,262.3,33.3,28.8,1.3,1.5,11.1,-1.4,-9.9,1
124.0,134.3,301.0,135.3,39.7,13.0,0.7,2.3,88.9,19.7,8.5,126.5,168.3,188.3,223.5,22.0,20.0,0.5,1.3,60.0,1.3,-0.8,1
136.8,94.0,250.8,328.5,24.8,29.0,2.5,1.3,44.4,-6.5,-8.9,103.5,226.8,304.2,298.2,28.7,38.7,1.2,1.0,70.0,-15.2,-7.6,1
203.5,123.9,139.5,167.6,22.8,21.3,1.7,1.9,72.7,2.9,-0.1,141.1,158.8,239.5,249.5,31.1,27.5,1.0,2.2,50.0,-2.6,-4.6,1
149.0,149.5,293.5,169.0,41.5,27.0,1.5,1.0,44.4,12.7,6.1,129.5,206.0,213.3,292.0,28.8,42.0,2.5,2.3,22.2,-15.4,-7.7,0
73.8,149.3,250.0,242.3,15.3,33.8,3.5,1.3,33.3,-6.5,4.3,144.0,100.6,192.4,214.0,25.8,12.6,1.4,3.0,55.6,14.5,10.3,0
141.0,182.8,250.8,218.8,25.2,29.3,2.3,1.6,40.0,-10.2,-8.5,130.8,143.6,299.7,293.4,30.2,32.5,1.0,1.3,60.0,-5.8,-5.6,0
33.0,48.0,205.0,234.5,8.5,22.0,1.5,1.0,80.0,0.2,0.2,178.7,117.0,307.7,200.7,36.7,20.7,1.0,2.0,80.0,2.9,-8.3,0
95.2,202.6,161.2,194.6,15.6,28.4,1.6,2.2,70.0,-12.8,-8.3,141.2,218.5,283.0,290.3,23.5,41.2,2.2,1.0,30.0,-15.1,-6.6,1
169.4,156.9,327.1,222.3,37.8,23.4,2.0,2.2,50.0,16.4,5.7,312.5,107.0,199.8,278.7,43.8,23.1,1.2,1.7,100.0,20.4,2.9,1
153.8,180.5,265.7,232.2,27.8,28.3,1.4,1.5,50.0,-4.0,-4.0,128.3,130.4,219.5,267.7,24.5,29.8,1.6,1.7,30.0,-4.4,-4.4,1
72.5,241.0,226.0,261.8,19.0,32.8,1.3,1.5,88.9,-18.7,-14.3,122.0,223.3,248.3,358.7,31.0,55.7,2.3,1.3,44.4,-4.5,-3.6,1
158.9,69.3,160.0,229.3,25.9,24.5,2.0,2.0,80.0,4.4,3.5,222.5,132.3,210.9,314.3,31.1,29.5,1.8,1.9,100.0,0.8,-0.7,0
196.0,102.7,214.3,170.7,42.0,11.9,0.9,2.3,30.0,26.6,1.7,166.9,73.3,249.6,226.0,32.7,20.1,1.0,1.4,90.0,14.0,3.2,0
344.0,118.0,366.0,251.5,63.8,20.0,1.0,2.8,55.6,26.0,0.7,235.0,152.3,254.3,182.5,34.8,20.8,2.8,4.0,40.0,13.3,4.3,1
167.1,187.1,172.0,204.9,21.8,23.3,0.9,1.4,30.0,1.9,2.0,199.3,181.0,249.1,339.5,22.5,37.9,2.1,1.6,50.0,-13.2,-7.5,1
246.0,129.0,245.0,142.0,24.0,20.0,1.0,2.0,44.4,3.4,6.8,94.0,52.0,214.0,254.0,20.0,24.0,1.0,4.0,77.8,12.7,18.6,1
275.7,101.7,170.0,202.0,43.2,18.0,0.7,2.2,90.0,22.8,7.6,235.4,145.8,179.2,254.4,32.6,27.2,1.4,1.4,20.0,14.0,10.6,1
170.8,113.6,260.8,183.0,32.4,18.0,2.0,2.2,44.4,18.0,6.3,124.6,190.2,332.2,249.2,31.4,27.2,0.2,2.6,77.8,9.0,3.0,0
211.7,98.3,248.7,176.7,40.7,9.7,0.9,1.4,80.0,28.1,7.0,182.8,198.8,172.0,246.5,28.0,31.5,2.0,2.5,70.0,4.2,3.8,0
204.0,199.5,241.5,99.5,25.5,8.5,3.0,1.5,100.0,17.7,2.1,194.0,109.0,381.0,236.0,34.0,25.0,0.0,2.0,70.0,-20.6,-31.6,1
90.6,194.1,309.1,200.7,24.4,34.1,3.3,1.7,70.0,-9.6,-4.1,118.1,175.7,251.4,188.1,20.4,35.4,2.4,1.9,80.0,-22.9,-15.5,1
151.4,117.8,205.6,176.4,25.0,21.6,1.8,1.0,70.0,1.7,-1.5,264.6,143.4,79.0,245.6,26.8,28.2,1.4,2.6,80.0,0.2,0.1,1
213.0,152.0,151.0,81.0,35.0,0.0,0.0,4.0,30.0,10.3,-8.6,235.0,155.0,271.0,358.0,54.0,48.0,2.0,3.0,70.0,1.8,-15.1,1
193.5,68.9,255.6,229.9,44.5,16.6,1.9,2.4,80.0,21.5,3.1,236.8,150.8,169.1,250.1,28.8,24.3,1.0,2.0,100.0,4.2,0.0,0
171.5,180.7,294.3,190.3,30.4,33.9,2.8,1.1,77.8,-9.4,-11.3,181.2,127.2,341.2,278.7,45.1,30.4,0.8,1.3,55.6,2.1,-7.2,1
92.3,130.2,263.9,294.7,22.0,29.6,0.8,1.6,60.0,-3.4,0.3,104.1,229.2,237.1,231.6,18.8,34.9,1.7,0.7,30.0,-3.9,4.7,1
115.9,147.5,189.6,208.9,26.7,19.7,1.7,2.3,40.0,4.2,-0.6,98.4,145.1,194.8,222.4,19.0,24.6,1.7,2.1,50.0,-5.9,-2.0,1
95.6,166.3,223.9,141.9,20.4,20.6,2.5,1.3,50.0,4.5,-0.8,96.1,167.8,221.9,189.7,17.8,25.6,2.4,2.0,81.8,-3.5,0.1,0
128.2,229.4,213.2,204.8,23.6,33.8,1.4,1.6,70.0,-10.3,-7.5,132.2,177.0,270.7,219.0,19.8,35.3,2.8,0.7,81.8,-10.6,-4.2,0
154.5,162.5,214.5,205.5,36.0,22.5,2.0,3.5,40.0,6.3,3.7,198.5,108.5,278.5,307.0,33.5,42.0,2.0,1.5,50.0,-12.9,-14.5,1
130.0,133.5,212.5,192.0,30.5,16.0,2.0,3.0,40.0,1.5,-6.2,110.0,88.0,159.0,265.5,22.0,24.5,0.5,1.0,80.0,5.3,3.5,1
114.5,131.8,256.5,227.4,22.2,23.5,1.9,2.2,50.0,-3.8,-5.0,202.4,86.9,205.6,225.9,29.7,23.6,1.8,2.1,30.0,5.7,0.0,0
336.3,97.3,216.7,229.7,35.3,21.7,1.7,1.0,30.0,16.9,9.2,231.0,64.0,191.5,244.0,36.0,23.5,2.5,0.0,70.0,3.2,-8.7,0
152.5,103.3,289.8,274.3,39.0,26.3,1.5,1.5,10.0,9.1,-1.1,144.5,199.5,144.3,219.5,10.3,26.8,1.8,1.8,50.0,-14.6,-8.7,1
228.3,153.0,233.7,317.0,46.0,33.0,0.3,1.3,50.0,6.5,0.4,119.3,68.3,256.0,179.7,25.7,16.0,2.0,2.0,60.0,9.3,2.0,1
170.4,238.6,172.0,211.8,22.3,35.3,1.8,1.4,20.0,-2.7,5.1,213.9,215.6,183.2,251.4,21.4,40.2,2.1,0.6,66.7,-7.3,2.0,0
190.0,110.0,178.5,222.5,22.0,25.5,2.0,2.0,70.0,1.3,-3.4,80.5,152.0,175.5,383.0,8.5,33.0,1.0,2.5,40.0,-9.3,-7.9,0
155.0,171.7,289.4,247.6,32.9,31.0,2.3,2.2,60.0,-7.1,-10.4,165.5,107.9,163.6,237.5,27.5,22.8,2.5,2.0,60.0,-7.7,-13.4,0
175.0,113.0,225.0,155.0,27.0,17.0,0.0,1.0,30.0,1.4,-4.9,226.0,159.0,209.0,230.0,20.0,38.0,1.0,0.0,36.4,-3.1,6.6,1
134.3,149.8,308.4,268.4,28.7,30.3,2.3,1.9,11.1,-2.2,-3.3,167.6,239.7,178.4,272.4,16.8,40.9,2.1,1.2,88.9,-25.4,-9.4,0
155.0,180.5,214.8,232.1,21.5,28.5,2.1,2.0,44.4,-13.7,-9.5,144.5,209.2,222.5,246.0,23.6,38.6,1.7,1.5,70.0,-21.5,-15.1,0
319.7,174.0,136.2,256.5,33.8,29.8,1.3,1.7,90.0,4.5,-0.4,210.7,125.3,166.3,191.2,23.7,21.7,1.7,1.2,70.0,3.3,-2.5,1
153.0,162.3,283.0,178.7,32.0,27.3,0.3,0.7,90.0,11.8,9.5,168.3,164.0,149.3,259.3,21.0,29.7,1.3,0.7,40.0,-9.5,-7.3,1
160.0,225.6,238.1,235.4,25.2,32.4,0.9,1.0,60.0,-4.7,-0.2,107.9,252.9,455.3,307.1,43.4,44.9,1.4,0.7,90.0,4.2,3.4,0
120.8,121.8,151.2,210.0,22.0,19.0,1.4,1.2,30.0,7.2,-0.1,66.0,177.3,250.8,259.8,23.3,32.3,1.8,1.5,50.0,-8.9,0.6,1
125.7,199.5,217.1,217.0,18.5,28.3,2.4,1.3,90.9,-5.6,0.7,122.1,183.8,249.8,197.5,28.8,33.8,1.0,1.8,72.7,-14.1,-12.6,1
288.0,120.0,332.5,240.0,42.0,18.0,0.0,1.0,70.0,13.5,0.9,214.0,38.0,110.0,389.0,24.0,13.0,0.0,2.0,20.0,-3.4,-12.8,0
149.0,81.9,348.7,217.5,42.2,20.5,1.0,1.4,80.0,26.3,10.1,199.6,80.5,238.9,160.0,39.3,6.9,1.0,1.4,90.0,33.7,9.6,0
209.5,90.2,241.2,132.3,38.4,8.3,1.6,2.2,80.0,29.3,9.1,119.2,139.7,248.7,176.7,24.5,20.8,2.3,1.8,80.0,0.0,-2.4,1
59.0,108.0,74.0,148.0,3.0,7.0,1.0,1.0,50.0,2.8,-10.2,167.5,98.0,207.5,261.0,40.5,20.5,0.5,2.0,70.0,10.3,-4.6,0
168.0,197.1,169.6,240.7,20.3,33.4,1.9,1.2,70.0,-17.4,-11.3,182.8,195.1,154.1,241.6,16.0,37.5,2.6,0.5,50.0,-24.4,-10.6,1
108.8,282.5,307.8,219.5,28.7,39.0,2.2,1.2,70.0,-8.5,-5.8,229.2,155.3,121.3,201.5,26.5,21.7,1.7,2.5,60.0,1.4,-3.5,0
109.7,177.9,343.6,223.8,30.3,31.7,2.3,2.0,33.3,-13.7,-11.1,98.7,171.6,225.9,264.0,17.6,29.6,1.5,1.7,22.2,-16.9,-12.3,1
106.5,222.6,313.7,244.2,31.3,37.2,1.3,0.7,70.0,-15.0,-11.4,156.7,101.7,185.0,216.2,21.0,21.6,1.4,1.1,77.8,-1.7,-3.0,0
172.5,144.2,354.9,241.5,40.6,22.0,1.1,1.7,100.0,19.1,6.1,234.9,161.4,131.4,181.8,28.8,25.4,1.3,1.9,44.4,3.7,2.3,0
293.3,150.7,50.7,285.0,22.7,32.7,2.0,1.7,55.6,-14.5,-11.0,132.5,215.5,152.5,247.0,18.0,25.5,0.5,2.0,40.0,-11.7,-12.8,1
182.7,196.6,250.6,229.7,33.7,30.3,1.1,1.6,60.0,-0.4,-3.8,156.6,197.0,225.3,274.9,22.6,30.5,1.1,1.6,44.4,-11.5,-9.1,1
116.4,181.3,197.6,194.1,16.0,27.0,2.4,2.0,50.0,-4.3,0.6,168.9,227.5,154.8,209.0,19.9,31.0,3.0,2.1,10.0,-7.1,-2.0,0
181.1,128.5,247.6,327.8,32.9,33.8,1.8,2.0,20.0,-6.2,-7.6,169.8,275.1,252.9,265.1,26.1,40.5,1.0,1.6,20.0,-9.1,-6.3,0
213.5,276.5,139.5,221.5,31.0,36.5,0.5,0.5,66.7,-9.1,-10.4,65.0,331.0,245.0,276.0,10.0,56.0,1.0,1.0,40.0,-17.2,-16.4,0
197.0,160.0,299.3,325.0,28.7,25.3,1.7,3.0,66.7,1.8,-4.8,143.8,176.8,291.0,291.0,35.8,30.8,1.0,2.8,30.0,1.9,-0.6,0
129.0,58.0,184.0,92.0,10.0,7.0,3.0,2.0,60.0,7.4,-2.2,117.0,174.0,254.5,351.0,25.5,42.0,0.0,1.0,60.0,-10.7,-0.6,0
160.8,113.8,213.3,267.1,24.9,22.4,1.4,1.8,30.0,-1.4,-5.3,111.3,197.8,179.9,180.3,15.2,26.8,1.8,1.0,36.4,-12.4,-4.1,1
223.7,176.4,255.4,263.1,36.1,32.6,1.3,1.3,77.8,5.2,3.8,284.4,182.0,275.0,186.8,41.4,19.2,1.4,2.8,55.6,13.9,-5.4,1
135.2,130.6,181.4,158.0,24.0,17.8,2.0,2.2,50.0,7.4,1.7,141.0,129.6,285.0,251.0,28.2,24.8,2.0,1.6,70.0,1.6,-3.7,1
200.3,100.7,204.1,194.0,26.7,11.7,1.2,2.0,80.0,17.8,7.1,63.9,253.9,298.0,259.1,20.6,34.4,2.0,1.6,9.1,-8.7,-4.2,0
240.3,146.7,236.7,179.3,31.7,14.0,2.0,1.3,33.3,14.5,0.0,232.0,180.5,249.0,245.5,43.0,26.0,1.0,1.5,66.7,11.0,-12.2,1
148.8,223.8,271.7,202.8,39.4,30.1,0.8,1.6,30.0,5.4,-1.0,136.9,187.2,381.6,263.4,37.7,28.2,1.7,2.4,70.0,7.4,2.7,0
73.5,194.0,353.5,219.0,24.5,29.5,2.5,3.0,30.0,-4.3,5.1,75.7,247.0,173.0,163.3,14.3,31.3,2.3,2.0,50.0,-21.7,-7.4,1
160.0,160.0,198.0,281.0,23.0,38.0,3.0,1.0,30.0,1.2,6.9,8.0,151.0,254.0,158.0,12.0,24.0,1.0,1.0,80.0,-16.6,-1.9,0
200.7,153.4,260.2,166.9,35.2,20.8,1.1,1.4,50.0,16.5,6.5,216.6,189.0,255.6,261.5,32.9,29.6,1.2,1.7,80.0,12.1,8.8,1
187.0,145.0,254.2,189.1,29.3,24.9,1.5,1.2,77.8,-7.5,-12.7,137.6,118.5,231.4,216.1,26.3,18.5,1.6,1.3,44.4,-3.8,-9.5,0
180.7,219.3,201.7,252.2,24.2,31.3,0.8,1.0,50.0,-6.1,-7.1,93.7,246.7,218.2,247.2,19.0,42.0,1.3,1.3,36.4,-24.4,-16.3,0
183.7,179.0,179.0,199.7,37.0,19.3,1.3,3.7,33.3,11.0,-3.2,257.0,135.7,191.7,138.7,31.3,16.0,1.0,1.0,50.0,15.3,1.7,0
266.9,165.4,257.4,217.9,32.5,28.4,2.3,1.9,20.0,1.4,-2.5,109.3,126.4,293.6,249.5,31.1,29.3,2.3,2.1,70.0,-4.6,-9.6,1
173.7,168.4,315.0,266.3,30.1,30.0,2.0,1.7,60.0,-7.1,-7.2,251.5,172.4,113.0,205.8,23.4,25.6,1.5,1.3,80.0,-3.8,-5.6,0
232.2,88.8,128.4,328.6,31.2,22.4,0.8,2.0,44.4,-3.0,-6.5,234.6,131.0,179.0,381.4,24.2,40.4,3.2,1.0,66.7,-21.4,-17.0,0
121.8,205.5,198.0,204.1,16.8,28.0,2.5,2.4,70.0,-1.1,4.0,116.9,113.9,196.4,250.1,24.8,24.8,1.6,1.4,80.0,6.2,4.5,1
193.4,48.1,290.6,275.0,48.1,17.6,0.9,1.4,70.0,26.2,9.6,254.8,107.8,234.8,251.8,44.7,21.8,1.5,2.3,10.0,14.9,1.0,0
159.8,171.2,285.5,233.0,32.8,29.2,2.0,1.8,77.8,14.6,14.6,137.4,164.6,199.9,184.2,21.4,23.8,1.9,1.7,77.8,9.6,9.6,0
89.5,199.0,196.5,238.5,21.5,26.5,3.0,2.5,33.3,8.1,9.6,131.0,54.5,172.5,306.5,23.5,15.0,1.5,2.5,44.4,4.3,-1.5,0
196.2,215.8,266.5,176.2,34.8,27.7,1.5,1.5,33.3,12.2,5.6,157.8,164.8,332.2,249.6,33.6,26.6,2.6,3.2,60.0,11.8,5.3,1
237.5,62.5,301.0,214.5,37.5,15.5,2.5,2.0,40.0,2.7,-15.1,207.0,226.0,288.5,101.5,24.0,11.5,2.5,2.5,36.4,-1.2,-7.0,1
179.1,179.0,179.5,202.0,16.8,30.5,2.1,0.8,50.0,-15.6,-8.4,149.9,155.4,274.7,242.9,28.1,30.8,2.2,1.6,60.0,-8.6,-9.0,1
189.7,137.3,196.7,208.7,30.0,16.0,1.3,1.3,30.0,7.1,-0.1,109.0,115.0,192.0,251.5,28.0,15.0,3.0,4.0,80.0,0.4,-9.3,1
138.5,114.0,223.5,269.0,17.0,29.5,2.5,1.5,80.0,-3.8,-3.2,130.3,361.0,265.0,284.7,20.3,51.0,1.7,1.0,80.0,-20.1,-10.2,1
140.0,132.0,173.0,439.0,3.0,49.0,2.0,0.0,90.0,9.2,7.9,199.0,137.5,272.0,154.5,38.0,20.5,0.5,0.5,90.0,15.1,7.4,0
68.0,123.0,242.0,266.0,17.3,22.7,1.7,2.3,40.0,-1.8,1.5,127.0,287.0,197.0,220.5,6.5,45.5,2.5,1.5,40.0,-12.4,-8.2,1
102.0,112.9,254.0,211.9,21.6,22.1,1.3,1.7,77.8,4.6,-0.4,139.9,169.0,277.1,275.3,29.4,29.0,1.4,1.5,44.4,4.1,2.0,1
291.0,56.5,199.0,223.5,35.0,5.0,2.0,1.0,90.9,18.0,-6.4,84.0,134.5,391.0,257.5,37.5,37.5,2.0,1.0,30.0,-4.2,-12.6,1
146.8,102.0,128.4,226.3,21.5,15.0,1.5,2.3,70.0,1.2,-4.2,111.7,78.0,248.2,187.6,28.8,17.8,1.9,1.4,50.0,6.9,-0.6,1
149.2,108.8,228.2,258.9,27.9,23.1,1.4,2.4,50.0,-0.1,-2.8,262.0,151.2,262.7,223.6,33.6,28.3,2.2,2.1,20.0,1.7,-3.2,1
159.2,150.2,364.2,343.2,36.4,33.8,1.4,1.2,90.0,11.8,6.4,187.8,175.2,178.2,240.4,28.6,26.6,0.8,3.4,50.0,-5.4,-4.8,1
245.4,137.6,181.6,264.4,38.1,29.0,1.7,1.6,60.0,-1.9,-10.7,152.9,165.6,246.1,203.0,22.6,26.6,1.3,1.3,50.0,-10.1,-11.0,1
202.3,242.7,228.7,256.5,28.7,39.3,1.8,0.7,70.0,-14.2,-10.5,250.0,137.6,181.0,203.4,33.8,25.6,1.0,1.2,33.3,-0.6,-7.8,1
179.6,149.8,306.8,253.0,32.4,24.0,1.4,1.6,22.2,5.9,-0.7,125.2,169.0,226.4,326.0,21.4,35.0,2.2,1.8,11.1,-14.8,-8.7,1
70.3,196.5,335.3,190.2,24.7,31.0,1.2,1.2,30.0,-6.3,-2.2,113.0,184.0,196.0,237.6,21.2,31.8,2.8,1.8,40.0,-14.3,-12.3,1
135.2,143.4,222.8,275.7,21.5,30.6,1.7,1.4,70.0,-4.6,1.7,133.7,150.9,192.0,288.4,21.3,33.3,1.1,1.6,30.0,-14.7,-10.2,0
168.8,167.6,228.4,249.8,34.3,23.8,1.1,2.1,30.0,9.3,3.3,143.7,174.8,283.9,204.9,33.8,27.6,1.5,2.2,30.0,-0.1,-4.6,0
306.6,109.8,47.4,183.4,25.8,17.0,1.4,1.6,55.6,-1.0,-9.3,274.4,87.0,106.0,232.3,27.4,20.9,1.3,1.6,44.4,-7.6,-12.0,1
161.6,137.3,222.7,207.8,28.8,20.3,1.5,1.9,80.0,11.5,6.9,102.9,178.0,280.4,221.2,26.2,30.8,1.6,1.3,80.0,-3.3,-1.5,1
171.7,53.0,262.0,262.3,38.0,9.7,1.7,2.3,30.0,14.0,-0.4,114.0,113.0,230.5,212.5,22.0,30.5,2.0,3.0,70.0,6.6,1.6,0
43.0,208.0,190.0,481.0,3.0,59.0,1.0,0.0,22.2,-29.5,-25.9,52.0,289.0,270.0,142.5,12.0,37.5,2.0,1.0,33.3,-19.7,-10.1,1
138.5,106.5,194.5,228.5,27.5,19.0,0.0,2.0,55.6,15.9,13.5,231.0,217.0,209.0,91.0,30.0,26.0,3.0,4.0,55.6,-4.4,-18.6,1
159.5,221.2,248.8,231.1,25.4,33.1,1.3,1.4,33.3,-0.2,1.2,154.9,96.6,224.6,242.0,27.7,20.7,1.9,1.8,44.4,-1.7,-8.0,0
104.0,195.0,282.0,265.0,24.0,20.0,2.0,2.0,20.0,1.3,1.8,131.0,182.0,87.0,248.0,7.0,45.0,2.0,1.0,66.7,-4.4,19.3,1
270.3,108.7,91.7,198.8,31.7,20.2,1.0,1.5,80.0,6.2,1.0,44.0,166.0,320.8,208.8,26.0,30.8,3.3,3.3,70.0,-10.7,-9.6,1
87.0,177.5,353.5,193.0,27.5,13.5,0.5,1.5,33.3,-7.4,-10.6,347.0,91.5,150.0,109.0,36.0,6.5,0.5,2.0,77.8,4.4,-12.6,0
143.3,108.9,191.3,242.1,28.2,23.3,2.0,2.8,70.0,3.6,-0.2,163.6,167.1,192.8,196.9,26.9,20.3,1.2,2.3,72.7,5.3,1.4,1
219.3,146.0,179.0,274.5,32.0,29.5,2.5,2.5,80.0,-6.4,-7.9,80.3,277.3,183.3,252.7,11.3,55.0,3.0,0.7,70.0,-18.1,-10.2,0
206.5,148.0,197.2,256.3,22.3,28.2,1.2,0.8,44.4,-6.3,-6.7,97.7,126.0,216.5,138.0,21.3,15.0,1.2,1.2,77.8,-8.9,-11.9,1
152.1,113.8,132.4,182.1,22.7,21.2,1.0,2.1,30.0,3.6,1.5,96.4,140.4,214.2,230.8,20.8,25.8,1.4,1.8,50.0,-6.4,-3.2,0
127.9,134.1,316.9,214.7,30.9,21.2,1.9,1.8,70.0,2.6,-3.9,131.5,137.6,254.3,202.4,24.0,24.5,1.9,1.1,20.0,-14.6,-13.5,0
209.4,153.6,212.3,227.7,31.5,23.3,1.1,2.0,44.4,-0.9,-9.9,217.7,169.6,290.1,226.8,38.5,26.7,1.1,1.6,60.0,4.9,-5.2,0
169.3,178.7,195.7,261.7,20.3,39.3,3.7,1.0,40.0,-11.5,-8.1,170.7,304.0,260.0,342.0,26.7,58.0,1.7,0.7,33.3,-16.7,-10.1,0
209.7,132.7,116.7,267.5,29.7,25.0,1.0,1.7,60.0,-3.4,-7.3,274.8,143.6,184.4,252.0,39.4,22.8,1.6,2.2,70.0,9.2,-5.1,0
262.0,68.5,190.5,200.5,41.0,13.5,1.5,2.5,100.0,13.3,-16.0,93.0,209.0,455.0,299.0,30.0,44.0,3.0,3.0,60.0,-5.9,-8.1,1
121.1,204.1,254.6,182.9,25.1,27.0,1.9,1.7,60.0,-8.6,-7.5,217.6,155.1,183.3,269.4,34.4,29.6,1.1,2.1,60.0,0.3,-5.0,1
172.5,264.0,100.5,107.5,11.0,33.0,3.0,0.0,30.0,-7.2,3.5,310.0,100.0,348.0,340.0,54.0,24.0,2.0,1.0,80.0,7.8,-19.3,0
136.5,70.5,207.5,191.0,29.0,15.5,2.0,3.0,80.0,5.5,-4.4,61.0,162.5,188.5,145.0,13.5,24.0,2.0,2.5,80.0,-3.4,2.2,0
159.5,121.9,242.1,212.2,33.9,23.1,1.0,1.8,66.7,7.1,-1.5,292.2,254.7,109.2,154.6,28.7,34.4,1.8,0.9,33.3,-4.8,-4.3,0
308.9,183.5,110.0,238.6,30.1,33.1,1.1,1.9,80.0,-2.7,-3.1,119.3,113.6,281.4,260.3,27.1,25.3,2.4,1.3,70.0,-0.2,-2.2,0
175.0,132.5,381.1,220.5,47.2,22.8,1.0,1.6,55.6,28.5,13.1,194.7,75.7,214.1,179.2,30.2,9.8,0.8,1.0,88.9,25.3,10.2,1
160.4,123.8,171.5,173.7,23.3,18.1,1.9,1.7,40.0,9.5,5.5,191.9,157.2,158.3,240.4,23.1,28.9,1.4,1.5,30.0,-11.7,-9.6,1
93.2,193.8,225.0,308.6,20.6,37.4,1.4,1.8,30.0,-16.5,-9.9,174.0,98.6,131.0,279.0,18.8,27.4,0.8,1.8,50.0,-8.1,-5.4,1
139.8,166.0,135.0,185.2,12.2,26.2,2.0,0.8,90.9,-9.3,-1.4,160.3,168.0,144.3,178.5,19.8,18.8,1.8,2.0,80.0,-0.9,-4.2,0
20.0,255.0,263.0,318.0,31.0,36.0,1.0,2.0,60.0,6.6,11.3,203.0,101.0,249.0,89.0,30.0,3.0,2.0,1.0,20.0,-20.1,-30.2,1
192.3,130.0,359.3,247.0,41.0,11.0,0.0,1.3,100.0,20.5,3.4,221.0,131.5,180.3,231.3,28.0,27.3,3.0,1.5,90.9,0.4,-2.3,0
287.0,92.0,206.7,84.0,40.0,8.7,2.0,2.3,30.0,29.3,1.4,135.8,116.0,186.2,204.8,27.0,14.8,0.8,2.2,60.0,10.6,1.3,0
201.4,76.2,225.0,171.6,37.0,11.1,1.0,2.3,80.0,27.0,7.8,134.8,208.2,163.7,227.3,17.3,28.4,2.2,1.1,40.0,-3.9,0.9,0
212.3,93.7,191.7,181.0,30.0,9.0,1.0,1.0,11.1,17.1,3.5,179.8,100.8,235.0,266.3,29.8,27.5,1.3,0.8,60.0,7.3,4.4,1
81.8,303.0,288.0,256.7,21.8,38.3,1.7,1.5,9.1,-8.5,-3.7,90.5,84.8,214.7,213.5,23.7,22.7,2.5,1.3,40.0,-7.1,-7.4,1
133.3,183.0,164.0,171.5,23.2,23.0,1.8,1.8,40.0,-1.9,-3.7,102.3,78.9,246.0,204.6,28.9,19.0,2.3,1.6,50.0,5.9,-0.3,1
303.9,80.3,148.7,245.0,37.4,20.5,1.6,2.1,36.4,13.8,1.6,174.2,103.9,145.6,146.7,25.5,12.8,1.8,2.4,50.0,10.5,1.0,1
211.9,180.6,245.7,234.1,32.0,28.0,2.0,2.3,50.0,-3.3,-6.7,193.6,171.3,204.4,203.3,22.4,20.8,1.1,1.5,30.0,-9.7,-10.8,1
141.8,105.7,266.5,257.9,29.2,21.7,1.5,1.8,77.8,10.8,7.4,191.0,165.7,292.9,253.5,36.4,30.7,1.7,1.4,66.7,5.8,0.4,0
226.5,136.7,224.2,220.7,38.5,21.7,0.8,0.8,30.0,18.2,7.1,105.0,153.4,207.8,218.6,21.0,20.2,2.2,1.8,66.7,8.9,7.5,0
206.4,80.6,187.2,126.4,32.6,11.0,1.6,2.4,60.0,13.5,1.2,181.5,83.8,224.7,194.2,36.3,10.5,1.3,1.8,30.0,19.3,2.3,1
148.0,240.0,436.0,323.0,58.0,34.0,0.0,1.0,70.0,5.6,-8.3,66.5,223.5,241.5,222.5,18.5,38.0,1.0,2.0,50.0,-21.7,-13.0,1
70.0,119.0,359.0,316.0,40.0,34.0,2.0,5.0,70.0,5.2,-3.4,74.0,124.0,201.0,343.0,23.0,21.0,3.0,5.0,90.9,-2.3,-3.7,1
89.6,159.8,242.2,193.2,17.0,31.0,2.6,1.4,50.0,-19.1,-9.7,177.8,171.8,146.8,229.8,21.0,33.0,1.0,1.3,40.0,-12.8,-13.1,1
216.3,174.8,223.8,310.0,38.2,35.0,1.8,2.0,44.4,-3.8,-6.1,307.7,88.1,125.0,211.0,37.4,16.9,1.0,2.2,77.8,7.4,-10.1,1
216.4,151.3,220.8,240.4,29.9,26.8,0.5,1.2,20.0,10.8,8.9,167.3,229.4,228.1,225.2,28.0,35.4,1.1,1.4,70.0,-1.7,-0.4,0
31.0,126.0,269.0,133.0,31.0,7.0,1.0,4.0,30.0,-10.4,-17.6,32.0,326.0,187.0,145.0,6.0,38.0,0.0,2.0,30.0,-31.2,-4.6,0
211.0,65.5,198.5,178.0,32.5,10.5,1.0,2.0,66.7,6.7,-11.5,84.0,101.0,217.5,239.0,18.0,25.5,2.0,1.0,11.1,-5.2,3.5,0
154.6,188.3,234.6,235.6,27.8,31.8,2.3,1.7,66.7,-2.0,0.5,155.6,131.4,330.3,296.4,33.4,24.2,1.6,1.2,20.0,12.6,7.0,0
231.0,87.6,194.0,204.4,36.2,10.0,2.0,2.2,77.8,15.8,-0.9,155.5,217.2,243.0,241.8,29.2,37.2,2.2,1.8,66.7,-9.8,-3.9,0
115.8,226.0,272.4,244.6,26.8,37.3,1.2,1.3,60.0,-15.4,-10.4,85.4,258.8,308.9,242.8,23.3,38.2,1.7,1.2,50.0,-16.5,-10.9,1
196.0,43.7,163.3,168.7,24.0,10.0,1.3,2.3,80.0,9.6,-5.1,195.0,155.0,337.0,205.0,39.0,25.0,1.5,1.0,50.0,12.5,1.3,1
297.0,118.3,225.3,231.0,44.0,16.7,0.3,1.0,60.0,10.4,-7.6,56.5,232.5,285.0,180.0,24.0,29.0,2.5,0.5,70.0,-2.1,-3.1,0
239.0,92.0,215.0,250.0,45.0,14.0,1.0,2.0,40.0,17.5,-8.1,170.5,241.5,119.0,237.5,19.0,36.0,1.5,1.5,30.0,-14.2,-5.3,0
192.3,114.2,329.3,179.8,42.1,14.8,0.8,1.1,88.9,17.7,0.7,203.7,101.1,140.1,168.4,26.1,16.3,1.3,1.7,77.8,-1.0,-8.4,0
124.0,127.0,108.0,311.0,20.0,16.0,0.0,3.0,30.0,1.6,1.9,162.0,103.0,139.0,235.0,21.0,24.0,4.0,2.0,50.0,0.1,3.4,0
288.0,28.0,250.0,365.0,33.0,23.0,1.0,0.0,80.0,21.1,8.0,105.0,498.0,95.0,286.0,7.0,55.0,0.0,0.0,40.0,-18.2,13.0,0
61.0,259.0,186.0,127.0,16.0,23.0,2.0,4.0,60.0,-7.5,-1.8,296.0,169.0,216.0,141.0,20.0,10.0,2.0,2.0,90.0,-14.5,-4.1,1
210.3,211.0,354.7,292.7,45.3,31.0,1.3,2.0,100.0,15.4,3.3,217.0,86.0,160.3,223.3,27.3,15.0,0.7,2.3,20.0,2.2,-7.9,1
121.8,145.8,246.3,186.8,20.3,24.3,1.9,0.6,11.1,-10.5,-8.3,175.6,178.3,118.5,250.6,10.6,28.3,1.8,1.0,11.1,-24.7,-13.6,0
232.2,161.4,263.8,183.2,51.2,16.4,0.6,2.6,66.7,22.6,0.9,196.4,252.6,140.8,170.0,22.8,35.6,1.8,1.2,20.0,-5.7,-0.6,0
167.8,78.3,246.3,189.3,31.5,12.3,1.0,2.3,80.0,13.5,3.8,167.0,104.8,198.4,235.6,25.2,23.0,1.8,1.2,70.0,1.6,0.0,1
67.0,224.0,337.0,225.0,13.0,41.0,2.0,1.0,70.0,-3.8,-4.6,143.0,292.0,179.0,116.0,28.0,25.0,1.0,1.0,50.0,-2.4,-7.9,1
210.5,85.0,279.4,198.6,38.7,12.4,1.4,1.1,90.0,30.4,11.3,188.4,138.2,234.5,216.4,29.5,21.9,1.2,1.1,60.0,16.0,10.8,1
169.3,152.0,231.4,200.9,33.4,22.0,1.3,2.1,40.0,1.8,-7.2,177.3,242.8,383.3,228.2,41.7,44.5,2.2,1.2,50.0,-6.0,-5.7,1
222.5,111.3,143.4,325.8,35.9,30.1,0.6,2.4,50.0,5.7,3.9,216.0,110.2,304.6,311.2,37.7,28.6,1.9,0.8,100.0,13.8,7.8,1
174.7,165.6,177.2,251.1,19.9,23.1,2.0,2.5,60.0,-3.0,-1.1,94.0,155.8,207.7,220.7,22.1,25.6,2.3,1.8,60.0,-1.4,0.8,0
147.0,128.7,202.7,226.3,27.3,25.7,0.8,2.5,50.0,-3.4,-5.8,84.2,162.7,225.2,280.7,23.2,38.2,1.2,1.2,30.0,-14.9,-9.8,0
237.3,141.6,177.1,232.1,37.0,29.7,1.9,1.8,40.0,-0.9,-4.5,163.9,190.9,247.4,305.2,26.8,37.3,2.5,1.9,70.0,-16.1,-10.3,0
292.0,150.6,170.0,200.1,41.1,20.4,2.0,3.0,20.0,10.6,-0.2,108.5,165.9,243.6,164.4,23.4,19.6,2.0,1.6,30.0,6.1,1.7,1
138.8,163.2,252.0,218.0,24.6,26.2,1.2,0.6,77.8,5.7,4.9,169.3,182.0,321.3,194.3,36.0,19.5,0.5,1.0,30.0,4.3,-6.2,0
150.3,170.0,147.7,258.5,21.7,29.0,0.8,0.8,40.0,-9.3,-6.3,182.0,184.8,200.7,192.5,22.0,31.2,2.3,1.2,50.0,-12.6,-9.2,0
102.3,163.8,195.5,257.0,17.3,31.0,0.8,2.0,70.0,-9.1,-1.6,223.0,179.7,260.3,196.3,33.0,28.3,3.0,1.3,80.0,3.0,0.1,1
193.6,144.5,288.6,255.1,44.8,24.0,1.4,2.4,55.6,11.2,-2.4,156.9,110.6,303.7,254.6,34.5,22.4,1.1,1.6,88.9,-1.1,-11.6,1
236.1,209.1,218.7,249.0,31.2,31.5,1.4,1.5,30.0,-4.7,-5.2,166.0,203.1,134.1,192.3,18.1,29.7,1.0,1.9,40.0,-13.9,-11.2,1
128.0,360.0,192.0,212.0,24.0,42.0,2.0,3.0,33.3,8.6,6.3,184.0,163.0,270.0,234.0,31.0,41.0,4.0,3.0,20.0,-4.7,-8.5,0
138.6,234.2,272.2,227.2,23.2,36.8,1.6,1.4,40.0,-13.6,-6.1,142.4,179.4,158.8,199.4,17.6,31.4,2.2,2.0,40.0,-13.1,-12.1,0
233.6,136.2,184.2,187.3,36.3,20.9,1.8,2.3,90.0,17.2,7.2,118.0,99.0,229.1,224.6,20.9,20.4,2.3,2.1,70.0,4.1,1.1,1
223.5,63.2,221.2,154.8,37.0,12.5,0.7,2.2,80.0,21.7,8.0,140.4,121.2,228.6,150.0,25.2,19.2,1.2,1.6,30.0,3.5,-1.5,1
146.0,118.0,211.0,284.0,14.0,24.0,3.0,1.0,40.0,-5.9,-12.9,297.0,69.0,189.0,215.5,52.0,17.0,1.5,2.5,60.0,18.9,1.4,0
171.0,268.0,175.0,324.0,6.0,38.0,1.0,1.0,60.0,4.4,1.7,162.0,217.0,108.0,360.0,20.0,52.0,1.0,2.0,30.0,-8.1,-9.6,1
281.2,110.6,139.2,219.2,33.1,20.9,1.5,1.2,33.3,6.2,-3.5,68.8,165.8,441.0,300.2,37.4,32.7,2.1,1.3,44.4,8.6,4.0,1
170.4,206.8,371.0,240.4,33.2,32.6,2.2,0.8,36.4,7.2,4.7,248.8,114.2,354.2,209.6,49.2,22.8,1.2,1.6,50.0,24.2,5.3,1
318.0,139.0,79.0,260.0,47.0,45.0,1.0,3.0,100.0,1.8,-12.7,252.5,205.5,107.0,313.0,21.5,42.0,0.5,1.0,30.0,-11.7,2.9,1
82.7,173.3,205.8,159.3,30.0,24.4,1.5,2.0,70.0,5.6,0.6,84.7,163.6,145.3,171.3,13.9,26.8,1.6,1.3,36.4,-13.9,-4.5,0
133.8,98.5,329.0,214.8,28.3,22.2,2.7,1.5,90.0,8.5,-0.1,160.0,227.4,209.4,192.5,23.4,30.8,2.1,2.0,20.0,-4.9,1.8,1
141.1,204.6,358.3,243.7,33.4,30.6,1.4,0.6,100.0,15.1,12.0,93.0,152.6,241.6,212.1,17.6,27.1,1.4,1.4,30.0,-16.6,-12.9,0
167.0,149.3,205.2,296.3,29.7,31.4,1.0,2.3,70.0,-5.5,-5.0,200.4,130.9,200.1,295.2,24.6,31.3,1.6,1.5,80.0,-16.0,-12.7,0
146.7,163.5,135.0,296.2,14.8,33.3,1.7,2.3,60.0,-10.6,0.3,117.3,230.3,170.2,278.5,18.0,48.0,1.3,2.2,40.0,-18.0,0.7,0
218.5,134.2,190.3,186.7,30.3,17.7,1.0,1.7,33.3,-0.9,-10.3,154.2,218.0,182.7,179.8,18.8,31.8,1.8,0.7,22.2,-25.5,-15.3,0
165.0,213.6,189.2,229.6,17.6,29.8,1.8,1.2,50.0,-12.1,-7.2,148.5,307.7,215.8,208.5,22.2,44.5,2.2,1.5,33.3,-23.2,-16.7,0
175.3,166.3,172.5,211.0,17.8,31.3,2.3,0.5,66.7,-3.2,-1.3,110.8,153.2,212.8,194.0,21.8,15.4,1.0,1.6,40.0,14.7,6.9,1
186.1,208.5,282.5,208.0,35.5,27.6,1.5,1.4,33.3,11.4,3.9,164.6,213.6,166.6,216.4,18.4,34.0,1.1,1.3,20.0,-8.2,-1.5,1
157.9,111.6,217.6,183.5,30.9,17.7,1.3,2.0,66.7,14.2,4.3,227.0,106.7,155.4,163.0,26.0,12.5,0.9,1.5,50.0,20.1,10.5,1
175.0,57.4,215.2,244.7,35.0,19.2,2.0,2.4,70.0,14.0,3.9,137.3,150.6,235.8,208.2,22.3,21.5,2.5,1.6,60.0,1.0,-1.0,1
225.0,85.0,105.0,155.0,16.0,6.0,0.0,2.0,55.6,4.9,-2.0,206.0,25.0,324.0,246.0,37.0,7.0,2.0,1.0,55.6,9.3,-19.2,0
196.3,148.6,288.4,268.2,38.1,28.6,1.6,2.0,40.0,5.2,-4.2,131.4,157.7,273.7,200.7,22.6,30.4,2.4,1.1,81.8,-7.8,-4.3,0
113.5,144.5,375.3,216.6,35.8,24.3,1.4,2.6,70.0,6.3,-2.1,105.1,227.2,168.3,211.5,18.2,38.1,1.2,1.4,80.0,-16.9,-4.9,1
216.1,157.4,286.9,258.9,33.4,25.1,2.3,2.4,30.0,5.4,0.6,181.6,182.1,352.7,348.9,36.7,35.6,2.0,2.6,70.0,7.1,5.7,0
178.0,149.9,98.4,252.3,17.4,27.0,1.1,1.9,72.7,-16.2,-12.1,195.6,130.5,226.4,212.9,31.1,21.4,2.0,2.1,40.0,0.9,-3.6,0
262.2,206.9,259.1,233.8,40.4,33.3,1.7,1.6,22.2,4.6,-0.8,163.8,154.6,186.6,221.0,30.2,22.9,1.7,2.2,44.4,2.8,-2.8,1
160.8,114.5,335.5,133.5,39.0,8.5,2.3,2.8,90.9,21.1,-0.8,255.3,62.0,332.3,188.3,42.0,14.0,1.8,1.0,80.0,24.4,4.8,1
132.1,207.6,242.2,169.6,28.1,27.4,1.8,2.3,60.0,-6.1,-5.9,133.4,235.1,106.9,194.2,8.7,36.0,2.1,1.6,40.0,-23.2,-9.8,1
131.7,164.0,284.6,228.1,31.3,18.4,0.9,1.3,50.0,14.7,4.3,100.9,117.0,156.9,176.7,12.1,13.9,1.3,1.4,66.7,3.4,0.4,0
165.0,246.5,121.0,125.0,7.0,30.5,4.0,1.5,40.0,-10.1,-0.1,84.5,182.0,280.5,163.0,17.0,29.5,1.0,1.5,50.0,-7.0,-3.9,1
89.5,115.3,212.3,226.8,21.0,29.0,2.0,2.5,50.0,-11.3,-8.8,33.5,126.5,185.5,219.0,6.5,25.0,3.5,2.5,40.0,-10.1,-7.1,0
102.0,206.5,236.0,333.3,18.0,34.8,3.3,2.0,50.0,-13.2,-7.5,161.3,159.0,192.3,249.5,21.5,32.3,1.3,2.0,50.0,-8.6,-4.7,0
226.4,141.3,181.7,161.9,33.4,18.3,1.9,1.1,44.4,9.3,-2.3,125.6,196.6,190.6,187.8,22.5,28.6,1.5,2.0,33.3,-21.0,-17.6,0
220.9,150.7,138.3,192.7,26.1,22.6,1.9,2.3,60.0,0.3,-4.3,156.3,153.4,244.1,157.6,29.4,19.6,1.4,1.6,60.0,4.8,-4.6,0
200.3,196.0,199.9,255.9,28.6,30.8,1.3,1.9,30.0,8.9,8.7,130.4,175.8,233.4,215.5,28.8,26.8,2.1,1.5,30.0,5.6,2.0,1
161.7,116.3,181.0,177.0,28.3,17.0,2.5,2.2,40.0,10.7,2.7,358.8,148.8,182.5,248.8,44.8,29.0,2.5,2.3,20.0,6.2,-2.5,1
218.1,211.2,344.8,324.4,40.7,40.3,2.0,1.2,90.9,7.6,7.4,103.7,135.7,258.0,226.0,30.1,19.4,1.4,2.9,100.0,15.1,9.4,0
177.8,236.0,193.5,289.3,18.0,44.2,2.3,1.0,88.9,-27.6,-7.6,147.7,155.9,191.1,280.1,20.9,35.1,2.1,1.9,44.4,-15.3,-4.0,0
173.0,187.0,175.6,194.4,29.7,18.3,2.0,2.6,44.4,-1.8,-14.3,177.8,163.7,152.2,262.2,15.2,38.0,4.2,2.5,11.1,-27.6,-18.6,1
89.0,153.2,137.4,236.0,19.2,25.0,1.4,2.6,50.0,-11.4,-4.6,65.8,143.0,275.6,220.2,16.6,21.8,1.6,2.4,10.0,-7.4,-2.8,0
215.8,127.7,189.3,207.0,30.7,21.5,0.8,1.0,30.0,8.8,-0.7,165.2,88.0,252.6,227.6,33.8,14.4,0.4,2.4,60.0,11.0,-0.5,0
163.2,198.7,310.7,262.1,34.9,35.7,1.6,1.4,11.1,-5.2,-8.1,178.9,230.7,194.9,257.2,22.3,37.0,1.6,1.4,44.4,-21.4,-15.3,1
289.0,147.8,313.4,190.0,55.0,16.0,1.0,2.8,90.0,33.2,8.2,68.5,155.3,336.3,275.2,26.8,27.8,3.2,2.2,50.0,-0.3,0.2,0
156.8,188.4,262.8,241.6,22.8,27.6,1.2,1.6,44.4,-11.5,-10.8,123.2,230.0,165.2,137.8,17.4,31.0,2.8,1.4,60.0,-11.5,-5.0,0
139.6,99.4,280.5,281.2,34.7,20.0,1.8,3.0,70.0,14.2,4.0,190.4,145.7,200.1,227.1,27.7,24.5,2.3,2.1,70.0,-3.8,-8.5,0
197.5,62.3,274.0,249.8,45.8,11.5,0.3,1.5,30.0,25.5,0.2,101.4,127.4,265.0,222.0,24.4,30.4,1.0,0.8,30.0,-4.8,-0.7,0
224.3,71.6,211.1,160.6,36.8,15.4,1.0,2.5,60.0,21.6,5.4,149.6,139.3,241.0,231.1,28.6,22.9,1.3,2.1,80.0,8.9,1.9,1
135.7,172.5,227.2,184.2,23.5,26.3,1.8,0.7,70.0,-2.1,-4.0,139.5,159.2,116.3,216.5,16.0,23.8,1.2,1.8,80.0,-9.2,-9.7,1
163.6,117.7,253.4,280.7,22.9,23.6,1.0,1.4,60.0,-1.9,-2.4,114.3,211.3,179.8,249.6,20.9,38.5,1.4,1.8,40.0,-12.8,-1.1,1
184.0,125.1,227.6,230.4,31.5,18.1,1.8,2.7,90.0,0.7,-8.1,172.1,224.9,251.7,220.3,30.6,33.7,1.2,1.5,80.0,-8.6,-7.8,0
234.0,82.0,206.0,137.0,51.0,7.0,0.0,2.0,80.0,22.1,-7.8,101.5,272.5,258.0,234.0,13.5,56.0,4.0,1.0,70.0,-32.4,-11.8,1
145.5,150.5,243.5,247.5,39.0,25.5,1.0,1.5,70.0,6.7,-1.6,70.2,226.4,240.4,226.2,13.0,37.2,2.6,0.6,30.0,-14.1,1.2,0
246.7,106.0,128.8,242.7,24.3,22.9,1.1,1.0,9.1,2.5,1.3,155.9,133.9,195.4,216.0,17.1,23.8,1.9,1.9,30.0,-4.5,-0.4,1
227.0,126.0,148.0,220.5,18.5,23.5,2.5,1.0,72.7,-0.2,-5.5,113.7,105.0,253.7,271.3,33.0,23.7,1.7,3.3,20.0,1.4,-6.4,1
109.3,209.0,274.0,171.3,20.0,25.0,1.0,0.7,77.8,6.1,6.6,99.5,74.0,369.5,83.5,36.0,9.5,2.5,1.0,44.4,5.1,-15.5,1
172.0,92.3,181.3,192.5,29.3,13.1,1.9,2.6,100.0,14.5,1.3,137.9,192.4,109.7,189.7,12.1,29.4,2.4,1.1,30.0,-24.8,-14.4,0
140.3,98.7,227.7,303.0,27.7,14.0,0.7,2.3,60.0,4.9,-1.8,233.0,227.7,164.3,228.3,23.3,32.3,1.0,2.0,44.4,-7.8,-6.8,1
144.3,104.4,253.9,250.3,28.8,26.7,2.7,2.8,60.0,9.6,4.7,196.8,200.0,261.1,229.6,39.6,29.1,0.8,1.6,70.0,13.5,6.2,1
296.7,125.0,184.0,214.0,35.0,12.3,1.7,1.0,90.9,16.2,-4.6,87.3,125.0,269.3,173.7,31.3,17.3,1.0,1.0,50.0,10.2,-2.2,0
128.2,175.2,246.6,247.2,25.0,36.0,2.0,0.8,80.0,8.2,7.1,154.4,93.2,255.0,221.4,29.8,15.8,0.8,1.6,50.0,10.7,1.5,0
176.8,97.6,366.6,286.0,35.0,26.3,1.6,1.3,70.0,2.5,-3.5,144.1,218.7,270.6,265.9,24.0,38.4,1.9,1.3,30.0,-15.4,-7.5,0
137.6,125.9,155.3,199.6,21.6,23.5,2.1,2.4,10.0,-3.0,-5.4,153.8,135.3,141.0,158.1,14.0,21.9,3.1,2.3,50.0,-11.1,-8.0,0
8.0,138.0,342.0,345.0,24.0,47.0,2.0,2.0,60.0,-8.5,7.4,72.0,127.0,326.0,298.0,27.0,31.0,1.0,1.0,30.0,-5.8,0.4,0
199.1,149.8,271.8,276.4,36.4,28.4,1.8,1.8,80.0,10.7,4.8,150.0,98.4,297.3,232.5,28.3,18.9,1.4,1.5,70.0,10.5,2.9,0
252.8,160.2,75.3,247.2,25.8,30.5,1.5,2.7,80.0,-2.9,-1.6,49.0,212.1,292.4,294.7,22.0,41.9,3.3,1.6,70.0,-17.0,-6.7,1
132.9,195.9,210.9,217.7,21.3,33.0,1.9,1.3,100.0,-7.3,-0.9,143.3,150.5,244.4,309.3,32.0,31.4,1.7,2.1,60.0,-5.8,-7.4,1
382.5,150.9,114.5,238.8,39.6,22.4,1.1,1.8,50.0,2.7,-9.0,218.7,230.6,190.1,265.4,28.1,31.7,1.1,1.3,40.0,-13.1,-14.5,1
159.3,166.0,180.3,147.0,24.0,24.0,2.0,1.3,80.0,4.6,-2.5,137.4,142.0,301.8,219.4,33.4,24.4,2.0,2.0,80.0,8.4,-0.7,0
121.0,168.0,140.7,202.7,18.0,20.3,0.7,2.7,30.0,-1.4,-0.3,99.7,168.7,242.7,190.0,16.0,25.0,1.3,1.7,50.0,-7.7,-5.9,1
256.0,128.3,161.3,230.5,28.8,27.8,2.3,0.8,33.3,1.4,-1.8,167.3,142.0,230.3,238.7,29.3,28.7,2.0,3.3,66.7,-2.2,-5.7,0
99.8,152.9,261.9,250.5,21.1,35.3,2.3,1.3,80.0,-11.2,-2.4,143.2,177.0,233.1,243.2,17.4,33.0,1.8,1.0,40.0,-12.6,-5.2,0
101.8,178.8,270.5,239.4,24.9,33.0,1.6,1.6,50.0,-11.4,-6.2,136.4,209.4,236.9,270.1,24.3,31.4,1.4,1.3,10.0,-15.9,-13.3,1
170.4,147.5,219.9,256.3,30.3,26.4,1.6,1.8,72.7,5.7,2.1,117.0,134.0,240.6,168.7,20.3,21.0,1.6,1.4,30.0,5.0,5.4,1
159.3,118.8,189.0,263.5,30.8,15.5,1.5,2.3,50.0,5.5,-4.2,88.7,203.3,216.0,282.7,20.7,44.3,1.3,2.7,77.8,-15.3,-10.6,0
93.6,193.4,276.0,216.6,25.4,26.5,1.4,1.3,60.0,-9.6,-10.2,117.5,180.9,253.7,258.0,21.9,27.1,1.3,1.3,22.2,-12.7,-8.5,0
160.0,106.0,214.6,180.6,32.2,14.4,1.2,3.0,72.7,5.9,-6.1,145.3,162.2,398.3,313.8,36.5,33.0,1.3,2.7,70.0,9.1,1.0,1
125.0,130.7,292.3,307.7,25.3,38.0,2.0,0.3,66.7,1.6,11.4,206.0,106.3,142.5,235.0,28.0,20.0,1.5,2.5,44.4,12.0,7.3,1
215.5,159.5,175.5,263.7,27.0,27.6,1.1,1.7,100.0,3.7,3.0,206.4,92.8,265.2,267.6,36.5,23.4,2.0,1.8,70.0,12.3,2.5,0
105.5,209.0,205.0,184.5,15.0,39.5,2.0,1.5,70.0,3.7,6.5,204.0,164.7,202.7,281.3,24.0,31.0,2.3,1.3,30.0,-10.5,-6.1,0
136.1,150.9,277.9,241.3,29.1,26.0,1.4,1.9,88.9,8.9,4.7,170.6,239.6,198.3,131.0,25.4,29.7,1.9,1.1,33.3,-9.0,-8.5,0
263.1,124.3,230.0,159.5,43.8,13.0,0.7,2.0,100.0,30.8,11.2,235.3,108.6,215.8,137.0,42.3,10.9,0.7,1.5,77.8,28.4,6.4,1
180.0,175.2,198.0,226.2,36.0,30.6,1.4,1.8,60.0,0.8,-5.8,170.2,177.4,243.2,292.4,20.0,33.6,1.8,1.0,40.0,-5.3,-2.5,0
215.0,170.0,198.0,106.0,28.0,23.0,3.0,2.0,50.0,2.1,-5.5,96.0,175.0,154.0,289.0,7.0,44.0,3.0,0.0,55.6,-6.5,13.3,1
170.0,138.3,182.8,209.3,31.0,26.8,1.8,2.8,55.6,2.4,0.7,185.7,203.7,196.7,197.6,20.4,33.4,1.9,0.7,44.4,-18.2,-11.4,1
75.2,137.8,420.2,205.3,37.3,20.5,2.0,3.2,90.9,14.5,2.6,222.6,123.4,222.3,297.3,33.1,25.7,1.6,2.0,100.0,2.9,-1.9,1
191.7,86.8,153.8,232.5,25.3,20.2,1.2,1.5,60.0,7.6,4.5,118.0,131.8,303.8,297.0,23.6,34.8,2.6,1.2,40.0,1.1,0.8,0
114.0,148.6,199.8,250.6,11.0,36.8,1.6,1.0,50.0,-32.3,-19.9,91.0,249.7,280.7,280.8,25.2,45.2,1.8,1.2,10.0,-20.6,-8.9,1
198.7,95.9,204.6,199.3,26.1,11.1,1.3,2.0,80.0,17.0,5.8,103.2,164.2,208.3,259.7,20.1,30.2,1.2,1.9,70.0,-11.1,-6.4,0
302.3,92.9,117.9,245.6,33.3,22.4,1.6,0.9,33.3,6.3,-2.5,197.2,160.9,200.3,323.9,20.1,37.0,2.3,0.9,66.7,-21.0,-13.1,1
237.8,128.7,229.8,298.3,32.7,27.5,1.7,1.5,10.0,7.3,1.9,115.4,121.2,252.4,231.2,31.8,21.6,1.6,2.6,50.0,11.6,6.2,0
140.5,145.4,225.0,201.7,22.4,23.6,1.6,1.2,66.7,5.3,3.5,137.3,146.9,296.6,225.1,30.8,26.7,1.3,1.4,100.0,8.5,5.1,1
213.3,119.0,207.9,236.0,30.8,20.2,1.2,1.7,50.0,12.5,5.3,149.6,153.1,265.6,259.0,30.8,33.6,1.4,1.2,90.9,-1.4,0.9,1
50.3,267.7,246.0,245.7,22.0,33.0,0.7,2.7,50.0,-1.5,-1.0,111.0,146.5,217.3,247.3,22.3,27.5,2.0,1.3,60.0,-2.7,-0.3,1
126.0,143.0,316.5,285.0,36.2,31.0,1.6,1.3,70.0,8.0,3.7,155.5,129.1,204.7,210.9,24.7,25.7,1.6,1.4,70.0,3.6,4.3,1
78.5,188.7,237.7,163.3,24.8,25.5,1.5,2.2,30.0,-0.9,-0.6,127.0,166.0,232.3,234.7,20.2,25.3,1.3,1.3,80.0,-4.5,-3.9,0
233.3,150.9,285.0,203.9,37.1,30.1,2.6,1.8,80.0,3.2,-2.1,151.3,183.0,244.8,300.0,24.8,36.5,2.4,2.0,70.0,-16.5,-9.8,1
159.0,118.7,126.0,242.0,15.3,27.1,0.9,0.9,44.4,-10.2,-4.4,111.3,187.1,314.7,248.1,25.9,38.1,1.7,1.3,22.2,-16.1,-9.9,1
115.8,172.4,312.8,251.8,25.7,33.8,2.3,1.5,50.0,-8.0,-4.9,38.7,100.1,128.5,131.1,16.4,34.8,1.3,0.7,30.0,-13.2,0.5,1
152.2,126.2,377.4,210.4,45.2,22.4,1.0,1.8,80.0,24.9,9.1,116.6,103.4,324.8,189.0,33.6,18.8,1.4,1.6,50.0,9.5,-3.7,0
207.5,221.0,272.0,250.0,35.0,28.5,0.5,1.0,50.0,-3.1,-8.6,83.0,116.0,174.0,201.0,17.0,24.0,1.0,6.0,70.0,-9.6,-12.0,0
141.6,221.3,198.0,244.3,19.9,32.4,1.4,1.1,40.0,-12.4,-5.7,118.7,207.2,264.0,240.5,22.3,38.3,2.3,1.3,60.0,-14.7,-9.1,0
101.0,112.7,241.3,162.7,19.7,14.3,2.3,2.0,40.0,7.7,2.4,100.3,199.3,265.7,190.7,24.0,28.3,1.7,2.3,100.0,-12.4,-14.4,1
156.1,101.8,279.6,192.3,35.8,10.7,1.9,3.0,60.0,14.1,-2.9,313.0,71.6,198.8,328.6,37.3,32.6,1.6,1.6,20.0,-1.6,-6.3,0
204.5,231.5,220.0,208.5,34.5,43.5,1.5,0.5,55.6,-2.1,4.5,141.5,83.5,217.5,113.5,22.0,15.0,2.0,2.5,77.8,7.1,-3.5,1
171.1,134.4,208.9,179.0,26.8,16.0,1.6,2.4,80.0,8.6,0.2,123.9,134.9,223.9,232.0,22.6,23.7,1.7,1.9,70.0,-0.9,-3.7,1
432.7,142.0,187.3,203.3,50.0,24.3,1.0,1.7,90.0,11.0,-8.1,41.5,170.5,331.5,300.0,20.5,39.0,2.0,1.0,50.0,-4.0,-6.8,1
66.2,178.6,305.2,209.6,23.4,24.6,1.6,1.6,10.0,0.4,1.3,195.6,185.6,207.6,307.6,22.0,39.8,3.0,2.2,88.9,-8.8,1.0,0
184.1,113.5,250.4,210.5,35.9,18.2,1.3,1.9,40.0,21.0,10.1,121.2,180.3,241.0,236.8,25.2,26.7,1.2,1.1,30.0,5.0,5.3,1
197.0,222.0,270.0,323.0,38.0,35.0,1.0,2.0,50.0,10.8,2.5,237.0,143.0,305.0,178.0,40.0,14.0,1.0,4.0,50.0,-5.2,-22.1,0
256.3,88.2,237.2,142.3,39.2,11.3,1.0,1.4,60.0,23.5,1.9,113.2,247.5,168.9,219.6,15.7,42.4,2.5,1.5,70.0,-26.9,-10.8,1
105.0,217.8,145.4,169.2,17.0,27.8,1.2,2.6,36.4,-8.5,-1.4,113.8,258.3,267.0,238.0,29.3,44.8,3.3,1.8,60.0,-7.2,-4.4,1
77.3,140.8,228.8,254.5,13.3,35.3,1.5,2.0,30.0,-12.5,-5.4,126.0,158.4,330.4,290.0,25.2,34.0,2.2,1.6,60.0,-9.2,-6.5,0
190.6,99.6,189.8,207.2,26.0,21.2,1.8,1.6,80.0,7.8,2.4,286.7,167.7,119.3,189.0,36.3,19.0,1.3,2.0,70.0,10.1,-0.1,0
333.5,299.8,90.3,242.0,27.3,39.8,1.8,1.3,70.0,-20.2,-13.8,119.0,119.5,188.5,268.8,25.0,29.3,1.3,1.8,50.0,-1.2,4.6,1
152.0,155.2,306.2,294.6,28.2,32.4,2.0,1.8,18.2,-3.6,-3.9,159.6,171.0,117.8,186.8,14.4,22.8,1.8,1.6,50.0,-9.7,-5.5,0
110.0,156.0,306.0,313.1,28.8,33.4,1.5,1.6,55.6,7.4,7.5,126.2,138.3,376.7,242.7,42.0,25.1,1.2,1.4,33.3,20.7,9.3,1
263.0,150.8,210.5,195.7,29.2,17.3,1.8,1.3,90.0,12.8,4.5,143.0,132.3,296.0,269.0,34.3,20.5,1.0,3.5,80.0,3.0,-8.8,1
252.1,134.9,228.5,175.5,37.1,21.4,1.3,1.1,40.0,-0.7,-10.2,226.2,131.6,218.7,209.0,36.9,18.5,1.1,2.1,60.0,7.7,-2.9,0
143.4,219.2,228.8,330.4,18.6,43.8,2.0,1.0,33.3,-20.3,-10.2,220.8,268.3,159.3,192.8,28.3,36.5,1.0,0.8,66.7,-10.2,-7.8,0
217.0,82.0,306.7,144.3,49.3,6.7,0.7,1.7,70.0,15.8,-7.5,131.7,191.7,225.7,323.3,14.3,25.3,1.3,0.7,50.0,-11.0,-10.3,1
214.3,149.7,331.2,186.4,46.1,19.7,1.5,2.0,77.8,25.7,9.4,232.0,160.0,373.9,253.6,41.4,28.3,1.2,1.0,66.7,16.4,4.5,1
122.9,158.8,254.5,187.2,24.7,20.8,1.6,1.1,50.0,4.0,-0.2,169.2,129.8,205.9,228.2,23.1,28.5,2.6,1.4,70.0,-4.1,-4.0,1
288.7,181.0,359.0,163.3,50.7,20.3,1.0,1.0,77.8,25.7,0.6,179.8,227.8,176.0,211.5,23.3,29.0,1.3,0.0,50.0,-12.0,-9.2,1
169.0,160.4,183.4,227.8,23.4,23.0,1.2,2.2,44.4,-0.4,-5.7,199.8,154.2,195.8,226.4,28.4,37.4,1.4,0.8,66.7,-23.3,-14.7,0
211.2,224.3,356.7,287.5,43.8,34.8,1.3,1.7,100.0,14.5,5.9,144.7,172.2,262.8,231.5,32.5,30.5,1.7,1.5,80.0,3.2,1.0,1
134.7,218.3,137.7,249.0,15.7,41.3,1.7,0.7,80.0,-19.6,-9.9,96.3,236.5,112.8,253.3,10.8,42.5,1.0,0.8,72.7,-29.8,-14.3,0
251.0,95.0,281.4,268.2,46.6,23.2,1.2,2.6,100.0,28.4,8.5,170.6,121.9,180.9,192.0,25.3,14.6,1.7,2.3,50.0,10.8,5.3,1
184.5,83.3,238.9,195.5,31.8,19.6,1.7,2.4,90.0,12.8,2.7,326.2,172.4,123.6,192.7,33.9,25.7,1.4,1.6,90.0,5.2,-2.1,0
145.4,223.1,158.9,206.9,18.4,33.6,1.4,1.6,66.7,-6.6,-2.5,161.9,177.6,234.1,240.4,22.4,32.4,1.7,1.3,33.3,0.9,4.7,0
222.6,197.7,216.2,255.2,32.0,32.1,1.3,2.0,44.4,-7.5,-7.6,137.6,183.1,172.4,190.2,22.0,28.8,1.4,1.5,50.0,-9.3,-8.2,1
203.8,221.0,349.8,267.8,40.3,35.8,1.3,1.5,70.0,9.6,3.3,150.6,107.6,224.2,155.0,22.6,12.0,1.8,1.0,30.0,15.3,5.9,1
233.5,93.5,260.0,196.0,36.0,15.0,0.0,0.5,77.8,18.5,2.9,439.0,71.0,132.0,177.0,65.0,10.0,1.0,2.0,88.9,21.0,-10.2,0
70.0,184.5,164.5,355.5,10.0,43.5,2.5,2.0,60.0,-6.3,9.7,258.5,120.0,223.5,294.0,38.5,29.5,3.5,3.0,30.0,-7.1,-15.0,0
122.6,220.1,258.4,299.3,25.6,38.1,1.8,1.5,11.1,-12.5,-4.5,93.3,316.7,205.8,222.7,13.8,45.7,3.6,1.1,33.3,-27.1,-11.7,0
249.2,222.4,113.4,255.6,24.8,33.2,1.4,1.8,66.7,-11.5,-13.4,66.0,244.0,162.6,196.4,8.4,33.8,2.6,0.8,70.0,-14.6,-6.5,1
129.0,64.0,264.0,190.0,17.0,27.0,4.0,1.0,70.0,-2.1,-3.1,263.0,67.0,221.0,199.0,42.0,17.0,2.0,3.0,50.0,-4.9,-17.0,0
186.3,208.7,286.3,130.7,34.3,25.3,2.0,1.3,70.0,10.4,6.8,185.0,268.3,260.3,112.3,28.3,20.3,0.3,1.7,40.0,-3.5,-7.4,1
160.3,161.7,230.2,204.9,27.8,22.2,1.4,1.2,80.0,7.2,1.9,199.8,116.9,239.0,256.9,28.4,23.1,1.9,2.4,70.0,6.4,0.6,0
114.1,218.9,300.1,209.7,30.9,32.8,2.3,2.4,30.0,-9.5,-8.9,142.2,185.3,177.4,231.7,19.1,30.6,2.1,2.2,36.4,-15.8,-9.8,0
147.1,101.5,239.2,208.6,23.8,21.7,1.8,1.5,70.0,4.2,-1.0,199.2,149.0,231.5,209.2,28.0,27.5,1.5,1.3,72.7,-8.0,-9.7,0
193.0,135.2,236.8,151.4,32.3,19.5,1.5,1.5,50.0,7.3,-2.1,333.5,176.4,128.5,261.2,40.7,31.5,0.9,1.2,77.8,8.0,0.5,0
131.5,150.5,220.6,308.8,25.4,40.1,1.8,1.1,50.0,-18.2,-5.9,124.1,212.9,321.0,253.6,38.2,41.4,2.0,1.6,70.0,-4.4,-2.0,0
199.0,77.3,250.3,262.0,31.7,23.7,1.7,1.7,50.0,2.1,-5.3,93.3,185.7,147.3,287.3,14.3,41.0,0.7,1.0,80.0,-24.1,-11.8,1
107.8,155.2,300.0,261.8,23.8,31.6,1.6,1.4,60.0,3.1,0.6,117.0,98.4,221.6,241.6,24.4,22.6,2.6,2.8,80.0,6.5,3.2,0
178.3,96.5,265.3,247.8,34.5,21.3,2.0,2.0,77.8,11.2,4.9,243.3,86.3,128.0,184.7,31.7,13.7,1.0,2.0,44.4,9.0,-5.6,1
191.3,149.5,144.0,170.0,28.0,22.3,0.3,2.3,77.8,5.0,0.6,292.7,153.3,161.3,350.0,35.3,27.7,1.0,2.3,77.8,-6.8,-11.2,0
137.6,71.0,179.1,201.9,25.5,18.6,1.5,2.9,60.0,-0.2,-5.5,82.9,158.2,243.0,159.0,18.3,26.2,1.7,1.9,50.0,-9.8,-5.3,0
105.7,271.7,228.0,324.7,19.7,55.3,1.7,1.0,70.0,-7.9,-0.3,349.7,309.0,88.0,215.7,28.3,41.3,2.3,1.0,70.0,-18.5,-13.0,1
161.1,119.3,137.7,157.8,21.4,18.9,1.4,2.2,30.0,2.8,-0.3,139.2,90.6,181.0,187.1,25.3,19.2,2.3,2.5,9.1,5.2,-0.7,0
279.5,80.0,199.5,226.0,34.5,20.0,2.0,1.0,40.0,9.8,1.4,246.0,193.0,177.0,269.0,35.0,10.0,1.0,2.0,50.0,7.6,-20.7,1
103.0,99.2,255.8,243.0,23.2,22.5,1.7,2.5,50.0,0.2,-1.9,125.2,299.0,264.8,273.0,19.7,41.2,1.7,1.3,80.0,-19.8,-9.1,0
180.4,144.6,335.2,335.8,41.0,34.4,1.0,2.2,70.0,1.4,-3.7,101.8,219.7,233.7,215.3,19.0,36.2,1.8,0.8,77.8,-11.2,-3.2,0
136.4,235.8,428.4,249.4,38.0,32.2,1.4,2.2,80.0,6.1,0.8,70.4,199.0,296.6,180.6,27.8,32.2,2.6,2.8,70.0,-9.3,-7.5,1
239.0,94.0,143.0,285.0,20.0,21.0,0.0,0.0,50.0,2.0,-15.1,121.0,169.0,187.0,73.0,13.0,10.0,2.0,0.0,33.3,5.4,6.1,1
178.9,204.2,261.1,181.5,30.0,28.9,0.9,1.7,50.0,-3.8,-8.5,122.0,193.5,181.2,182.8,19.4,27.9,2.1,1.6,33.3,-20.1,-15.2,1
129.0,132.5,202.5,151.0,26.0,8.5,3.0,3.5,77.8,5.8,-10.1,190.0,200.3,406.0,255.0,40.8,30.0,1.5,2.3,70.0,4.9,-4.9,1
117.0,170.9,269.9,184.8,25.4,22.6,1.9,1.5,30.0,-4.5,-3.9,147.4,258.5,225.3,261.0,24.6,38.7,2.0,2.2,30.0,-16.9,-8.1,1
160.2,100.2,187.6,199.8,21.4,18.0,2.2,1.8,30.0,-2.4,-5.9,141.5,256.3,216.8,262.8,20.0,36.5,1.8,2.5,30.0,-17.6,-8.9,1
156.8,159.7,231.0,213.0,30.3,22.3,1.5,1.8,50.0,-6.8,-9.9,187.8,184.5,208.8,215.5,38.7,30.7,1.3,1.7,60.0,2.1,-5.2,1
81.3,174.0,177.3,308.3,14.7,42.3,1.7,1.0,44.4,-20.0,1.9,117.0,167.0,157.0,235.5,19.0,38.0,3.0,3.5,33.3,-23.5,-19.5,0
83.9,164.8,246.9,163.6,18.9,26.3,1.8,1.9,50.0,-9.3,-4.8,191.5,145.0,165.2,185.4,20.6,30.0,1.7,1.8,30.0,-10.6,-6.6,1
220.0,82.1,149.6,216.9,26.9,24.6,1.3,2.0,50.0,-5.9,-9.2,252.9,206.7,194.0,273.8,27.2,32.0,2.0,1.0,60.0,-10.4,-11.1,0
135.8,174.2,229.6,245.6,23.6,33.3,2.0,1.2,80.0,-2.2,5.1,177.4,156.9,223.1,212.7,27.8,25.1,1.7,1.3,55.6,4.9,0.5,1
143.1,265.0,150.4,280.1,11.0,42.1,1.6,1.0,30.0,-27.3,-15.4,55.9,208.1,219.1,196.3,10.8,35.8,2.4,0.8,36.4,-33.7,-18.1,0
265.5,215.3,262.9,209.2,43.6,21.4,0.6,2.2,44.4,15.0,-2.3,271.5,163.1,238.5,254.5,41.8,30.9,1.3,1.4,80.0,4.8,-3.9,1
156.3,153.7,238.7,207.6,24.3,27.6,2.6,0.4,66.7,8.1,7.1,174.6,208.6,158.4,250.7,21.4,28.9,1.1,1.4,44.4,-0.2,2.9,0
142.6,202.0,146.7,217.1,15.7,31.6,1.9,1.2,88.9,-10.5,-1.7,129.0,140.8,237.1,266.6,20.9,32.4,1.8,0.4,55.6,-6.9,-4.0,1
131.3,96.3,218.3,196.7,22.0,14.3,1.3,2.0,80.0,6.6,4.8,224.7,137.7,134.7,229.0,29.7,17.0,1.3,2.3,70.0,6.6,-1.4,0
139.6,54.8,245.8,117.8,28.0,11.8,1.6,2.0,30.0,10.0,3.1,255.6,123.0,249.8,164.0,48.4,9.6,0.4,1.4,30.0,21.6,-3.6,1
133.9,177.5,179.1,198.8,21.6,23.3,1.4,2.1,40.0,-0.4,0.2,120.1,56.8,334.0,277.8,31.1,18.4,2.0,2.9,9.1,8.1,-1.0,0
165.0,185.3,273.0,315.0,26.0,23.3,0.7,2.3,60.0,-4.5,-8.6,78.7,129.0,242.3,227.7,20.0,25.3,1.7,1.7,60.0,-4.9,-6.7,1
295.6,88.7,240.7,126.6,51.0,8.6,0.8,2.1,100.0,41.1,11.6,137.3,198.1,143.2,232.6,14.7,36.7,2.0,0.7,50.0,-19.7,-8.1,0
244.1,185.5,225.8,155.5,33.9,25.7,2.4,1.6,70.0,11.9,3.9,116.9,165.1,192.9,232.6,19.8,24.6,0.9,2.0,60.0,-3.3,-1.8,0
214.0,155.5,323.3,265.5,38.5,23.5,2.2,1.0,100.0,18.4,6.9,122.3,194.0,154.4,217.7,15.7,25.1,2.7,1.3,40.0,-1.3,5.5,0
0.0,0.0,0.0,0.0,27.0,24.9,0.9,0.4,60.0,-9.3,-13.3,0.0,0.0,0.0,0.0,15.7,39.5,0.7,0.7,30.0,-27.3,-12.2,0
71.2,219.2,376.2,314.2,24.6,43.0,1.4,0.8,70.0,2.2,8.1,194.5,181.5,198.7,231.8,25.8,32.2,1.7,1.3,30.0,0.8,2.9,1
191.9,86.0,264.3,129.6,38.0,8.1,2.0,2.4,80.0,29.2,10.0,92.6,234.3,198.7,244.1,16.1,39.6,1.6,1.0,70.0,-9.4,5.8,0
106.0,52.4,193.8,187.4,18.6,12.8,1.2,1.8,80.0,3.0,-3.0,70.4,111.2,167.2,247.8,10.2,33.6,2.6,1.8,50.0,-16.3,-5.2,1
114.0,101.5,278.8,233.6,27.1,24.4,1.5,1.6,70.0,7.1,2.7,96.3,133.6,300.6,244.7,26.5,29.7,1.9,1.4,50.0,4.4,3.1,0
186.6,126.0,284.3,200.9,40.0,22.5,1.6,1.5,60.0,10.7,-5.4,121.9,204.3,152.8,244.2,20.9,35.3,1.7,1.7,50.0,-15.5,-6.0,1
187.5,149.8,276.6,176.8,31.9,21.4,1.3,1.4,50.0,13.6,6.6,119.0,154.9,216.4,184.1,26.4,20.8,1.1,1.9,30.0,9.0,4.8,1
70.0,135.7,223.3,221.7,22.7,21.0,3.0,2.0,66.7,6.5,2.4,175.0,164.0,357.0,246.0,46.8,17.5,0.5,2.0,77.8,22.5,7.0,1
185.8,157.5,196.7,170.0,22.3,21.0,1.0,0.7,55.6,7.6,2.2,115.6,242.4,330.8,230.4,29.2,39.8,1.2,0.8,90.0,-0.9,-0.5,0
82.8,203.0,261.5,172.8,14.0,29.0,2.8,1.5,20.0,-19.0,-14.7,137.0,101.5,177.5,195.0,24.0,24.0,3.0,1.5,60.0,2.0,-4.3,0
142.0,124.0,219.3,235.0,27.0,23.0,1.1,1.0,50.0,6.1,4.3,156.9,264.1,166.1,247.3,15.6,48.0,1.4,1.1,50.0,-24.3,-8.9,0
164.4,90.4,273.8,247.8,28.2,22.8,1.6,0.4,100.0,12.8,8.5,171.0,200.2,255.8,168.4,30.0,25.8,2.0,1.4,33.3,10.1,8.0,0
113.5,175.3,258.3,205.3,21.2,26.8,2.0,2.3,10.0,-8.9,-6.2,164.4,288.4,133.6,213.8,16.8,40.6,2.2,1.6,80.0,-23.4,-8.9,1
160.0,256.5,288.0,268.0,36.0,41.0,2.0,1.5,33.3,-18.8,-12.0,37.0,436.0,163.0,29.0,7.0,37.0,2.0,1.0,33.3,-14.3,3.8,1
179.5,122.3,218.0,217.3,29.0,20.2,1.7,1.7,60.0,3.1,-1.8,163.2,179.8,264.5,254.2,30.5,28.2,1.8,2.3,50.0,0.5,-3.5,0
262.3,179.8,193.2,196.5,38.1,24.0,2.1,1.7,70.0,10.8,2.3,158.3,171.9,242.4,152.7,27.4,22.8,1.5,1.1,60.0,3.2,-1.7,0
215.1,94.2,280.1,236.1,46.4,20.2,1.2,1.6,30.0,25.5,7.9,154.4,131.0,245.0,218.2,24.4,23.6,1.7,1.8,60.0,6.0,1.4,0
103.3,169.0,408.3,271.7,42.2,23.3,0.8,2.8,77.8,9.4,-1.2,163.8,230.0,201.3,286.8,16.8,45.0,2.8,1.3,88.9,-30.6,-10.0,0
112.6,215.6,354.6,231.5,24.5,34.9,2.9,1.9,70.0,-12.7,-7.3,125.6,207.1,98.8,197.1,10.6,31.4,2.5,1.1,30.0,-25.2,-13.7,0
220.0,195.9,264.9,209.6,39.6,20.8,1.2,2.0,44.4,15.8,2.3,191.6,131.9,207.6,200.6,33.5,24.0,0.9,1.8,55.6,7.9,1.5,1
113.2,152.2,161.0,242.9,14.9,28.1,1.3,0.8,50.0,-18.4,-6.2,178.1,210.6,198.4,260.5,22.4,31.8,1.0,1.6,11.1,-9.4,-6.0,0
183.6,220.2,208.2,177.0,20.2,35.8,2.4,0.8,44.4,-21.9,-14.0,220.4,197.0,164.6,236.2,24.6,29.8,1.0,1.8,11.1,-8.1,-7.3,0
85.3,99.7,278.0,316.7,20.7,29.7,2.0,1.3,70.0,3.2,2.2,83.6,119.2,228.6,211.8,22.2,27.4,1.8,2.4,50.0,-11.3,-9.8,1
258.3,216.3,330.0,185.3,52.3,22.3,0.0,2.3,44.4,13.2,-11.8,100.8,215.3,184.5,217.3,21.5,40.8,1.0,1.5,70.0,-7.3,-1.6,0
73.3,216.5,157.0,194.0,5.0,48.0,2.5,1.3,40.0,-21.7,5.1,87.0,190.0,225.0,207.5,13.0,31.0,1.0,1.5,30.0,-7.2,-5.6,0
110.4,258.1,200.0,240.0,15.7,43.3,2.9,2.0,50.0,-18.7,-10.1,96.1,157.8,110.0,186.9,11.0,27.9,2.1,1.4,90.0,-14.3,-4.9,1
326.4,122.6,122.0,195.3,30.9,21.2,1.4,1.4,33.3,2.1,-5.7,158.4,101.1,329.3,201.8,36.8,21.8,2.2,2.3,66.7,9.8,-1.9,1
208.3,110.5,236.7,179.0,41.5,14.3,1.2,2.8,60.0,18.6,3.4,44.4,276.2,216.6,209.4,16.0,38.4,1.8,2.6,30.0,-14.1,-5.8,1
128.9,129.0,247.0,228.0,33.7,25.3,1.3,2.6,50.0,-0.8,-4.6,144.6,242.0,410.1,307.9,45.6,41.1,1.3,1.7,80.0,-3.6,-7.3,0
128.3,129.6,247.8,246.4,26.7,29.7,1.8,2.0,70.0,-4.9,-6.4,233.3,102.6,206.8,257.0,32.9,23.6,1.7,2.0,30.0,4.2,-4.9,1
192.8,156.0,212.4,203.5,33.4,21.4,1.0,1.7,80.0,9.3,1.3,117.5,134.2,267.7,196.4,28.6,20.7,1.0,1.4,70.0,7.8,-0.8,0
193.9,127.0,194.0,281.8,27.1,23.0,1.2,2.4,88.9,7.3,2.7,98.2,204.6,231.8,257.7,21.9,35.4,2.1,1.3,0.0,-18.3,-10.1,0
151.4,149.8,303.2,291.6,37.4,36.2,1.7,1.1,80.0,2.2,0.4,159.8,124.9,294.3,259.1,29.9,25.1,0.8,1.4,70.0,5.1,1.1,1
186.1,124.2,248.5,242.6,35.4,24.2,1.1,1.9,50.0,1.7,-7.2,101.7,145.7,417.7,267.0,41.8,27.5,1.4,2.3,80.0,3.7,-5.1,0
140.9,106.0,227.1,186.3,27.3,18.6,1.4,1.9,66.7,12.7,5.8,266.2,268.2,165.2,283.9,29.1,41.3,2.1,1.8,66.7,-11.1,-5.0,1
264.5,162.4,319.4,286.6,50.3,32.8,1.0,0.8,77.8,21.0,7.1,156.8,136.5,257.4,255.8,31.7,25.2,0.8,1.4,77.8,11.7,6.1,0
134.3,167.7,248.0,282.0,32.3,38.7,1.7,1.3,80.0,4.1,5.7,146.0,134.5,218.5,222.0,23.5,43.5,3.5,0.5,50.0,-10.9,-9.0,0
41.5,146.0,187.0,230.0,8.5,37.5,2.0,0.5,50.0,-8.8,7.3,64.8,238.8,235.3,220.5,12.8,38.0,1.8,0.8,30.0,-12.9,3.3,0
143.6,122.8,201.0,176.5,21.9,17.9,2.4,1.6,70.0,0.2,-4.1,102.4,198.2,166.6,207.2,19.1,24.0,1.2,2.4,30.0,-1.6,2.1,1
171.0,59.7,167.7,244.0,19.0,18.0,1.0,1.0,20.0,-9.4,-7.7,99.0,130.0,198.8,249.5,16.0,24.3,2.0,0.8,30.0,-8.4,-9.6,1
169.8,211.6,229.8,222.0,25.0,30.8,1.0,1.0,70.0,0.2,4.0,116.4,176.6,227.2,280.0,28.0,30.0,0.2,1.8,18.2,10.2,12.0,1
127.8,254.6,217.2,238.2,15.4,45.8,1.8,0.8,70.0,-28.5,-17.8,120.8,175.0,135.6,168.0,19.0,23.6,0.6,2.4,20.0,-17.9,-15.3,1
138.6,138.0,279.4,292.2,29.8,27.2,0.8,1.0,50.0,0.7,-1.4,82.6,123.6,300.4,241.0,23.8,27.2,2.0,1.4,36.4,-4.9,-4.2,1
176.2,237.6,313.2,260.4,32.6,35.0,2.2,0.6,50.0,-4.2,-5.4,210.0,50.3,285.5,182.3,39.5,17.0,1.3,2.0,90.0,8.8,-4.6,1
229.3,121.8,197.8,277.3,37.8,17.3,1.0,2.3,100.0,9.4,-6.1,176.3,69.3,229.0,164.3,21.0,11.8,1.8,1.5,30.0,5.5,-0.5,1
274.8,202.2,55.8,257.9,22.1,37.8,1.1,1.4,77.8,-7.8,-1.2,203.7,252.7,161.3,177.3,21.7,29.7,2.0,1.7,22.2,-9.8,-5.7,0
134.1,185.2,252.8,309.5,22.9,30.7,1.7,1.2,50.0,-10.5,-7.0,152.8,106.1,170.7,237.7,20.2,22.6,2.3,1.7,72.7,-6.1,-4.0,1
157.9,129.4,347.4,321.3,40.3,32.7,0.9,1.3,55.6,-1.5,-5.7,163.3,198.7,175.0,330.7,19.0,35.8,1.5,1.0,50.0,-17.6,-10.7,1
137.4,153.9,310.5,254.9,29.9,28.0,2.3,2.0,11.1,-2.0,-4.7,169.5,165.7,198.9,276.8,24.0,33.0,1.8,1.8,44.4,-17.4,-12.1,0
198.2,215.0,206.6,240.6,30.0,34.8,1.2,0.8,66.7,2.5,2.5,174.8,170.0,192.5,238.8,23.3,31.7,2.0,1.0,70.0,3.8,8.5,0
118.8,191.5,288.8,302.0,21.3,38.3,3.0,1.8,11.1,-25.6,-18.8,167.0,247.2,224.4,242.4,24.2,36.0,1.0,1.8,44.4,-8.5,-3.9,1
155.0,167.4,408.0,311.8,38.2,34.8,1.6,2.4,70.0,7.2,-3.7,160.2,67.0,251.2,288.8,40.2,14.6,1.6,3.8,70.0,15.7,-1.0,0
103.3,136.8,327.5,205.6,32.6,20.1,1.9,2.4,30.0,0.9,-5.6,243.4,180.5,337.9,338.0,52.3,37.3,0.9,2.2,50.0,3.4,-7.0,0
215.1,122.4,163.3,314.1,30.6,27.0,1.0,1.6,44.4,6.7,4.1,270.6,231.4,271.9,222.8,35.9,29.8,1.6,2.1,55.6,7.4,0.4,0
126.8,193.4,214.4,243.9,22.0,40.5,1.6,0.6,30.0,-15.5,-7.5,248.9,171.4,179.4,226.4,29.9,30.3,1.7,2.2,10.0,-3.3,-3.1,0
123.3,126.9,186.5,269.8,19.5,22.9,0.8,1.3,60.0,1.4,3.5,142.7,202.7,177.0,208.0,27.3,25.4,1.4,2.3,66.7,0.3,1.1,0
118.2,181.8,231.8,198.2,18.0,26.6,1.0,0.8,50.0,-6.8,-4.1,99.4,247.0,203.6,250.8,18.6,43.6,1.4,1.4,36.4,-25.8,-18.6,0
124.3,87.7,261.3,254.7,26.3,21.3,1.0,1.7,80.0,21.2,5.5,177.0,67.0,157.0,281.3,27.3,18.3,1.0,1.0,50.0,3.8,-1.0,1
205.9,185.9,150.8,245.6,23.7,29.4,1.5,1.6,44.4,-6.4,-7.3,160.3,117.3,261.6,255.2,32.9,21.9,1.7,2.3,60.0,-0.3,-9.2,1
170.0,139.5,253.0,231.5,31.0,25.5,1.5,2.0,30.0,2.7,-6.0,103.0,99.5,284.5,328.0,28.5,31.0,1.0,1.0,30.0,5.7,0.1,0
265.0,91.5,221.5,155.0,42.5,12.5,2.5,1.0,70.0,10.9,0.0,192.0,253.0,63.0,325.0,21.0,63.0,2.0,0.0,50.0,-7.5,14.8,1
161.7,187.0,262.3,169.7,31.9,26.8,2.0,2.2,70.0,7.5,4.0,24.8,170.4,347.3,252.4,20.3,34.4,2.4,1.7,50.0,-10.7,-3.7,0
213.9,109.4,199.3,175.5,31.5,14.9,1.5,1.4,77.8,8.0,-3.8,227.6,255.3,261.3,212.5,33.3,33.0,1.9,1.8,77.8,-6.6,-9.8,1
280.4,96.8,207.2,149.4,37.6,11.0,0.8,0.8,60.0,21.4,0.3,145.7,226.2,184.3,181.8,16.7,27.5,1.5,1.0,90.0,-2.4,2.2,0
176.5,132.1,254.6,261.1,29.8,31.4,1.8,1.3,80.0,-6.6,-7.2,89.3,197.8,289.0,273.1,22.6,37.3,3.0,1.7,70.0,-12.6,-1.8,0
176.5,138.0,192.9,226.3,26.4,26.8,1.8,1.7,80.0,-7.5,-7.5,120.3,176.1,182.0,241.2,16.5,33.5,1.3,1.1,50.0,-2.6,-2.6,1
61.3,144.7,200.7,232.7,9.0,22.0,2.3,0.7,30.0,-6.6,-6.3,94.8,211.0,232.8,255.5,14.8,33.3,2.3,1.8,30.0,-32.2,-22.1,1
71.3,127.8,336.0,279.8,33.8,28.5,0.8,1.3,20.0,1.5,-2.8,137.6,158.8,248.8,270.6,23.6,30.2,1.6,2.4,70.0,-11.7,-10.0,1
267.8,173.3,219.8,235.0,46.8,23.3,0.8,1.0,70.0,18.2,5.0,220.5,241.5,255.0,277.0,34.0,37.0,1.0,1.5,60.0,7.1,-3.6,0
126.0,191.0,215.7,195.6,24.0,30.9,2.0,0.7,60.0,-11.1,-9.4,80.9,251.7,199.1,206.6,17.1,40.9,1.9,0.9,33.3,-17.0,-8.5,0
247.3,168.1,193.3,273.9,28.3,29.6,0.7,0.6,30.0,-7.0,-13.1,135.2,228.3,204.5,212.8,27.5,29.3,0.7,2.8,40.0,-10.8,-11.6,1
184.3,194.3,316.3,249.5,33.5,36.5,2.5,0.5,30.0,0.8,-0.7,110.0,213.3,223.7,203.8,18.3,27.2,0.8,1.2,36.4,-7.9,-4.1,0
119.0,138.0,140.0,246.0,10.0,14.0,0.0,0.0,90.0,-0.7,-7.6,24.0,45.0,271.0,336.0,17.0,24.0,3.0,4.0,60.0,0.5,-5.2,1
122.8,157.4,231.8,221.6,23.1,21.8,2.1,1.9,66.7,9.2,7.7,163.4,231.8,165.7,262.0,17.0,37.0,1.3,1.1,20.0,-10.5,-0.4,1
155.8,97.1,301.8,221.7,31.8,19.7,2.3,1.8,70.0,2.3,-11.0,126.2,151.9,296.0,270.3,32.7,22.8,1.2,3.2,80.0,6.6,0.1,0
151.0,154.2,136.4,161.9,19.9,17.8,1.9,1.8,60.0,-1.1,-4.3,102.2,131.7,236.1,196.8,22.9,23.7,1.5,1.7,36.4,-5.0,-5.3,0
167.1,77.1,214.1,270.6,27.4,18.9,1.4,2.4,30.0,12.6,5.1,29.3,189.3,334.8,271.2,20.7,32.2,2.7,1.8,50.0,-11.2,-7.2,0
132.7,165.1,235.6,183.1,26.0,21.3,1.6,2.3,40.0,5.0,1.3,212.0,122.9,195.1,196.9,29.9,19.3,2.0,1.6,50.0,11.3,3.3,1
163.3,105.7,200.7,276.3,33.3,26.3,2.0,2.3,10.0,7.3,-4.4,211.3,150.0,334.0,222.3,38.5,25.5,0.8,1.8,100.0,1.8,-7.8,1
144.7,97.7,222.0,192.1,28.4,18.4,1.1,2.5,30.0,8.3,1.7,179.7,123.6,248.2,253.9,29.1,18.8,1.6,1.3,60.0,9.0,3.6,0
208.2,64.8,222.6,173.8,28.8,8.6,1.8,1.6,80.0,20.9,8.0,148.0,139.6,322.0,263.6,32.6,23.8,1.0,1.8,80.0,8.5,1.5,0
75.3,129.0,406.3,199.0,40.0,17.0,1.7,3.3,90.9,12.9,-5.2,163.2,116.8,202.6,151.2,28.6,18.6,2.4,2.2,50.0,1.6,-5.4,1
195.3,77.4,248.0,285.7,37.3,21.4,1.0,2.1,50.0,4.5,-6.8,141.4,95.9,243.9,194.6,23.0,19.3,2.3,1.6,20.0,-14.3,-15.6,0
215.0,32.0,340.0,155.0,52.0,7.0,2.0,4.0,80.0,22.3,-4.5,162.0,145.0,110.0,109.0,26.0,14.0,1.0,5.0,100.0,13.9,-12.5,1
230.2,152.7,229.8,147.5,36.8,17.3,2.2,1.8,100.0,17.4,-0.1,156.8,117.0,187.0,158.7,25.2,14.3,0.7,2.0,33.3,4.5,-5.3,1
211.7,103.5,242.5,168.0,36.7,15.0,1.8,2.3,44.4,23.6,7.8,214.5,119.2,192.8,155.2,35.2,18.8,0.5,1.0,55.6,7.2,-4.5,1
154.0,203.0,227.1,183.0,29.6,27.4,1.7,1.3,33.3,7.7,6.3,97.2,261.3,315.2,187.0,22.3,34.8,2.5,0.7,20.0,-11.3,-7.2,0
237.5,147.3,46.3,192.2,25.0,29.7,1.3,1.5,44.4,-7.9,-8.6,238.7,141.7,200.2,190.7,40.8,21.0,0.7,1.7,44.4,8.3,-4.6,1
333.3,113.3,346.0,188.7,65.0,20.7,2.3,1.7,77.8,25.6,3.2,114.0,145.0,446.0,379.0,38.0,65.0,4.0,1.0,44.4,-2.9,-18.1,1
94.6,157.9,268.4,235.1,27.6,26.3,1.1,1.7,10.0,4.4,4.0,90.9,228.3,176.3,245.4,19.0,33.3,1.7,2.4,30.0,-7.0,1.0,1
232.0,263.0,289.0,94.0,49.0,31.0,2.0,1.0,77.8,17.0,-1.2,287.0,146.0,369.0,95.0,62.0,7.0,0.0,2.0,30.0,22.1,-9.1,1
155.1,80.7,298.3,165.7,34.6,11.8,0.9,2.2,70.0,11.0,-6.2,157.4,90.7,311.7,224.0,31.0,19.4,2.4,1.8,70.0,3.2,-8.7,1
210.2,119.8,330.8,259.4,46.7,20.9,1.5,3.1,60.0,24.5,9.2,146.5,138.1,279.2,198.5,28.8,15.1,1.8,2.4,90.9,20.8,11.8,1
159.8,127.8,169.2,270.0,23.6,26.6,1.4,2.2,30.0,1.9,-0.7,55.8,137.2,196.2,250.6,12.4,33.0,2.6,1.0,70.0,-18.5,-15.4,1
190.4,138.4,158.6,215.4,25.0,20.0,1.2,2.2,66.7,2.4,-3.1,137.7,282.7,125.2,181.7,10.7,41.7,1.8,1.0,50.0,-13.5,-6.5,1
157.0,190.0,216.9,237.4,26.1,32.2,1.8,1.6,18.2,-3.1,-1.5,124.6,187.3,153.9,221.3,13.9,35.0,2.4,1.7,70.0,-12.4,-4.5,1
167.4,145.3,257.9,199.4,25.2,25.3,1.7,1.1,77.8,-9.3,-12.2,167.0,180.9,134.0,251.1,11.8,29.0,1.7,0.9,11.1,-25.1,-13.7,0
145.3,161.5,305.0,217.6,35.5,23.6,2.3,1.4,50.0,-2.0,-11.5,186.6,222.7,274.6,287.3,34.7,38.3,1.4,1.1,33.3,-12.6,-11.6,0
154.9,186.1,173.1,231.1,20.4,31.4,1.9,2.2,36.4,-16.2,-10.2,170.1,177.3,268.1,305.7,34.4,36.9,1.6,2.4,60.0,-8.5,-6.8,1
232.9,147.9,199.7,187.0,28.0,18.7,1.7,1.7,44.4,3.1,-6.3,91.9,181.7,297.6,207.7,27.6,23.6,1.4,1.4,60.0,-7.4,-10.9,1
138.6,160.2,199.8,139.6,25.8,14.4,2.4,1.4,90.9,10.9,1.4,131.4,156.0,273.6,279.8,31.8,30.4,1.2,2.4,20.0,9.6,7.4,1
224.2,104.2,194.0,275.6,33.6,17.0,1.4,1.8,100.0,9.5,-2.6,286.0,183.3,223.5,190.3,37.8,24.0,2.0,1.3,70.0,13.3,-1.5,1
200.3,148.7,335.4,296.6,42.5,30.6,1.7,1.7,10.0,17.4,17.4,139.5,170.8,241.5,227.3,27.3,24.5,1.4,2.5,45.5,5.3,5.3,0
167.0,139.6,365.1,243.6,40.3,22.8,2.3,2.1,80.0,21.6,9.5,142.4,161.3,235.5,234.6,28.2,24.7,1.4,1.5,60.0,2.5,-0.7,0
326.0,117.0,185.0,283.0,38.0,21.0,1.0,0.0,30.0,4.0,-7.1,139.5,150.0,189.0,276.5,19.0,33.5,1.5,1.0,80.0,10.4,15.3,1
330.0,114.7,67.3,219.0,25.3,24.3,0.7,1.0,33.3,-2.4,-2.1,189.7,81.3,241.7,410.3,24.7,34.7,1.0,1.3,66.7,-15.5,-7.8,0
67.0,240.5,242.3,272.8,23.8,38.0,2.0,1.0,50.0,-9.5,1.1,130.7,335.3,136.3,195.0,14.0,45.3,2.0,2.0,80.0,-23.5,-7.1,0
239.2,167.0,197.6,297.0,27.8,33.2,1.0,1.2,20.0,7.1,8.7,154.0,175.0,264.3,190.0,32.0,26.7,0.3,1.0,90.0,7.9,3.9,0
207.0,205.9,359.4,279.9,45.6,33.3,1.9,1.9,100.0,16.4,6.2,211.0,249.6,196.4,218.1,27.7,38.7,1.3,1.3,20.0,-20.3,-14.6,0
197.4,107.8,261.2,139.4,37.2,17.6,1.2,1.0,60.0,13.9,3.7,192.4,98.2,191.8,203.2,27.2,20.2,1.2,1.2,10.0,9.1,4.1,0
182.8,136.2,199.9,190.6,30.7,21.8,1.3,1.1,80.0,13.3,6.1,117.6,197.2,261.2,210.8,30.0,29.1,2.0,1.5,30.0,7.7,6.2,1
130.7,200.9,223.3,213.1,16.9,32.7,1.3,0.7,50.0,-17.2,-7.9,93.9,219.3,168.2,205.4,11.7,36.7,1.9,1.0,36.4,-26.8,-14.3,1
73.0,141.5,130.5,250.5,9.5,32.5,1.0,0.0,36.4,-18.2,-3.2,21.0,250.0,214.0,133.0,3.0,16.0,3.0,0.0,30.0,-8.6,-8.6,1
178.1,151.5,272.3,244.0,33.8,23.3,0.9,1.8,80.0,16.2,8.5,41.6,172.1,469.9,284.3,31.9,40.4,1.7,0.6,50.0,1.8,4.3,0
162.2,124.0,220.8,220.8,30.2,25.2,1.7,1.8,30.0,9.7,3.7,118.2,108.8,316.0,274.2,30.3,28.2,1.8,1.5,18.2,9.8,5.7,1
198.8,129.8,237.8,168.0,39.8,17.4,1.2,2.0,66.7,4.8,-7.6,124.5,154.5,258.5,243.5,25.2,24.7,1.2,0.8,22.2,-12.4,-11.8,0
129.9,88.5,331.0,318.3,32.4,27.3,1.4,1.4,55.6,5.7,1.2,114.4,296.3,237.0,202.6,20.7,46.0,2.3,1.2,77.8,-11.6,-3.4,0
147.5,147.3,295.5,221.4,33.9,24.8,1.8,1.3,80.0,1.7,-3.7,305.8,164.5,120.8,237.2,32.6,23.7,1.4,2.0,80.0,2.5,-4.5,1
327.0,152.0,132.0,163.0,57.0,21.0,1.0,3.0,50.0,12.7,-10.9,296.0,-5.0,183.0,102.0,27.0,0.0,0.0,1.0,55.6,15.5,-7.6,0
202.8,67.4,185.6,183.2,25.0,9.6,2.0,2.2,70.0,8.7,-0.5,229.5,93.0,219.8,136.0,32.8,8.5,1.3,2.0,60.0,14.0,0.0,1
92.6,132.4,131.3,238.4,15.5,29.9,2.5,2.3,40.0,-12.3,-6.2,133.0,153.4,195.9,269.8,19.0,27.4,1.8,1.8,50.0,-8.5,-4.6,1
118.3,164.3,274.3,328.0,33.3,30.3,0.0,2.3,44.4,3.7,0.1,169.5,182.0,315.0,223.5,33.5,34.0,1.5,1.5,66.7,8.3,10.1,0
212.0,85.7,252.0,195.7,38.3,12.7,1.3,2.0,70.0,13.0,0.7,142.3,88.3,235.3,236.3,21.7,21.0,3.0,1.0,50.0,-2.6,-8.7,1
105.4,135.0,193.4,221.6,24.6,22.6,2.0,3.3,60.0,-5.8,-8.5,185.9,164.6,158.9,235.7,21.7,31.0,2.6,1.3,40.0,-15.6,-13.1,1
203.3,167.0,334.0,188.0,39.3,26.3,2.0,1.7,77.8,17.7,7.2,134.5,136.0,299.5,292.0,31.0,23.0,2.0,3.0,60.0,-1.0,-4.6,1
137.1,129.8,293.1,212.4,35.0,19.1,1.5,2.4,90.0,8.9,-3.8,70.8,296.5,215.6,173.0,17.0,36.5,1.6,1.6,80.0,-21.7,-13.5,0
224.7,157.7,251.7,279.3,33.3,31.3,1.3,1.0,44.4,-10.6,-14.8,221.0,108.7,283.7,218.7,40.3,24.0,1.3,2.0,60.0,-2.5,-9.6,1
182.8,242.4,193.0,210.0,33.8,34.0,2.0,1.2,70.0,-3.5,-5.7,69.8,182.2,242.7,243.8,17.2,33.0,1.7,2.0,30.0,-13.1,-8.0,1
206.8,106.4,220.7,153.1,36.7,12.1,1.3,2.0,40.0,23.1,5.9,147.0,148.5,207.5,191.7,26.9,19.5,1.7,2.0,30.0,6.1,0.8,1
170.8,207.7,170.8,220.3,20.7,29.0,1.2,1.2,33.3,-0.7,3.6,161.5,126.0,220.8,239.3,14.8,21.3,2.3,1.0,80.0,3.1,5.1,0
143.1,184.0,269.6,275.2,29.8,39.1,2.1,0.8,70.0,-9.6,-5.3,101.3,137.1,290.9,255.7,30.8,30.7,2.4,2.1,70.0,-4.9,-8.1,1
418.0,72.0,173.0,166.0,60.0,3.0,2.0,1.0,70.0,11.5,-15.0,160.0,48.0,222.0,250.0,34.0,14.0,2.0,2.0,100.0,3.6,-7.1,1
197.0,145.7,223.6,207.7,28.8,20.6,1.6,2.7,70.0,11.6,6.4,122.1,98.6,207.1,241.7,23.2,19.8,1.2,1.8,50.0,8.8,3.7,1
270.8,226.4,243.6,250.2,42.2,26.8,0.8,1.8,77.8,9.2,-2.5,121.4,110.6,239.2,303.8,19.0,24.0,1.4,0.6,70.0,-6.7,-5.8,1
250.0,134.7,223.7,206.7,40.0,17.0,0.2,2.2,60.0,14.1,-2.3,135.7,159.3,282.8,281.3,26.7,30.7,2.0,1.8,30.0,-11.8,-11.3,1
256.6,131.2,237.6,172.2,40.0,24.2,1.0,1.0,44.4,-4.7,-15.6,290.2,195.2,182.7,263.3,37.7,30.5,1.0,1.8,33.3,12.1,7.4,1
274.0,105.5,208.5,106.5,37.0,13.5,1.5,2.0,50.0,7.2,-15.2,135.5,53.5,280.5,100.0,32.5,15.0,2.5,0.5,60.0,10.5,0.8,1
86.3,225.5,197.8,173.0,16.3,31.8,1.5,0.8,40.0,-9.6,-5.3,151.0,150.3,256.8,210.3,26.3,27.0,0.0,1.8,60.0,1.6,1.3,1
169.4,155.4,225.1,180.9,28.4,19.4,1.1,2.0,80.0,11.0,7.3,173.3,141.8,219.5,234.8,28.7,16.5,2.0,1.2,60.0,5.0,-2.7,1
143.0,129.3,283.3,188.0,33.7,20.7,1.7,2.0,66.7,10.7,-2.0,157.3,165.8,249.0,263.8,29.8,41.0,2.3,2.0,11.1,-8.4,-7.5,1
144.8,128.0,234.3,261.3,27.3,29.5,2.1,1.8,30.0,1.3,3.2,160.0,194.9,209.3,212.3,23.8,30.5,1.8,1.9,20.0,-5.9,-1.0,1
153.6,186.6,289.1,248.5,32.1,32.4,2.0,0.9,66.7,1.9,-0.7,126.3,251.8,159.8,157.1,18.1,27.5,1.1,1.8,66.7,-0.8,0.4,0
231.7,255.0,76.0,188.7,18.7,32.0,0.7,2.3,77.8,-4.8,-2.1,295.0,319.8,160.4,254.6,35.0,40.4,0.8,1.8,22.2,-4.0,-1.8,0
71.0,154.0,187.0,214.0,17.0,38.0,2.0,2.0,20.0,-13.4,-14.3,134.0,379.5,374.5,160.0,32.5,43.5,1.5,1.5,80.0,-0.3,-1.5,0
110.4,205.9,382.7,219.1,33.4,32.8,2.5,1.5,90.9,5.2,3.0,186.2,149.7,269.4,230.6,39.8,28.0,1.4,2.3,70.0,20.8,11.6,1
169.4,101.9,145.6,155.3,24.1,13.4,2.0,2.4,50.0,9.3,1.2,105.5,182.2,165.1,220.5,18.4,23.4,1.4,2.5,30.0,-2.5,0.9,0
86.8,196.2,266.3,297.7,24.9,31.7,1.3,2.4,50.0,-2.4,-0.6,118.1,177.5,199.0,197.1,17.0,24.5,2.3,2.9,30.0,-9.0,-6.9,1
332.2,242.2,197.0,216.2,37.0,34.7,2.2,1.3,40.0,-8.2,-7.6,207.0,127.2,202.0,235.8,25.4,22.6,1.0,2.2,50.0,-4.8,-11.2,1
128.9,88.5,253.9,260.1,26.0,21.1,1.4,2.6,50.0,0.6,-3.9,153.6,204.4,238.8,248.1,23.6,32.9,1.3,1.5,40.0,-11.1,-7.1,0
264.7,92.3,229.8,147.7,45.7,14.0,1.7,1.8,70.0,21.0,4.5,60.3,125.3,472.0,197.3,44.8,17.8,2.0,3.3,90.9,15.7,-3.4,1
16.0,9.0,8.8,7.2,33.8,13.2,0.9,0.4,30.0,18.8,18.8,0.0,0.0,0.0,0.0,15.6,34.2,1.3,0.5,50.0,-12.4,-12.4,0
120.3,128.9,198.6,234.3,16.9,24.0,2.0,0.7,30.0,-10.4,-10.1,153.5,165.5,164.5,144.0,22.7,22.0,2.0,1.3,40.0,-9.6,-11.9,0
173.1,206.6,334.6,250.0,42.1,31.3,1.6,2.6,80.0,5.7,-2.3,180.9,220.0,320.1,276.9,37.6,34.2,1.0,2.1,70.0,0.4,-2.6,0
130.9,217.3,194.9,249.3,20.1,36.3,1.3,1.6,50.0,-12.3,-4.5,136.5,191.8,155.9,261.9,14.5,36.9,1.1,0.9,30.0,-27.4,-14.9,0
147.5,99.0,341.0,231.0,25.0,20.5,1.0,2.5,40.0,9.6,0.8,152.5,255.5,147.5,252.0,8.5,35.5,1.5,3.0,40.0,-4.7,-0.2,0
112.0,137.7,198.2,216.1,24.3,22.1,2.0,3.0,60.0,-6.0,-8.7,217.3,111.7,128.4,212.8,29.6,18.2,0.9,1.9,30.0,-1.2,-10.6,0
110.5,167.5,187.6,258.8,18.5,29.3,1.5,1.5,50.0,-9.0,-1.9,113.1,114.6,191.7,198.8,20.3,18.2,1.6,3.1,70.0,2.7,0.4,1
125.3,118.0,245.6,168.3,25.0,20.8,1.6,1.6,50.0,11.5,5.6,91.1,333.0,273.8,167.3,22.6,44.6,2.3,0.6,10.0,-29.1,-15.6,0
302.3,92.3,108.0,208.5,36.0,21.8,1.5,1.5,77.8,4.3,-3.2,145.8,192.4,170.0,191.4,21.2,31.2,2.2,1.4,77.8,-6.6,-7.0,0
242.0,127.3,186.9,176.2,35.0,14.0,1.4,1.6,100.0,21.6,4.6,215.6,165.7,256.3,196.8,34.8,22.4,1.5,1.1,77.8,17.0,8.1,0
173.0,180.4,274.2,245.8,38.2,22.4,1.0,2.6,70.0,9.9,-0.1,295.0,78.0,72.5,203.7,31.0,20.7,0.7,1.0,55.6,1.9,-4.1,1
136.3,203.0,315.0,226.4,34.9,24.7,1.6,1.4,20.0,10.2,3.2,202.0,130.3,186.3,135.9,30.1,17.1,2.6,3.3,30.0,13.3,3.1,0
123.5,213.0,223.5,321.0,30.0,37.0,2.0,1.5,80.0,4.1,3.5,111.5,361.0,149.0,166.0,3.5,41.0,2.0,1.5,0.0,-24.4,-13.9,0
134.0,186.4,286.1,309.4,33.3,34.9,1.5,1.1,10.0,10.9,8.7,96.8,112.1,263.6,167.9,20.3,17.1,1.6,1.3,60.0,10.7,8.0,0
157.3,140.2,246.4,233.6,24.0,27.6,2.1,1.6,50.0,-7.0,-6.9,110.5,142.8,232.5,233.9,20.7,26.0,2.5,2.0,40.0,-11.9,-9.8,0
107.3,213.8,197.0,230.0,15.3,44.0,2.8,1.5,60.0,-25.0,-13.8,83.8,263.3,90.8,295.8,8.8,39.3,0.8,1.8,50.0,-24.6,1.4,0
135.0,74.0,264.0,387.0,13.0,35.0,4.0,3.0,60.0,2.5,19.4,266.0,134.0,134.0,241.0,31.0,17.0,1.0,0.0,20.0,0.4,-10.3,1
77.7,239.3,243.6,250.6,25.0,34.4,1.7,1.6,50.0,-10.7,-4.4,145.8,191.5,167.2,228.2,19.5,34.7,2.2,1.8,40.0,-16.1,-14.2,1
197.2,114.3,241.2,167.8,37.8,21.5,1.2,1.7,66.7,7.5,-4.3,188.8,148.0,210.2,324.2,28.3,30.0,1.5,1.7,44.4,3.7,0.3,0
159.4,190.7,152.7,218.5,17.9,31.2,1.4,0.8,60.0,-7.3,-7.3,169.8,204.9,92.8,255.5,17.4,40.4,1.1,1.6,80.0,-16.9,-16.9,0
180.4,86.3,205.4,254.0,31.4,22.9,1.5,2.1,10.0,11.0,3.4,77.8,129.0,399.9,245.1,40.5,24.8,2.4,2.0,90.9,14.1,5.2,0
200.7,119.7,241.7,185.7,34.0,9.3,1.0,1.3,70.0,15.5,4.7,103.5,181.0,174.0,173.5,10.0,23.0,3.0,1.5,40.0,-8.6,-9.4,1
127.4,152.6,259.0,224.8,22.6,23.2,0.8,1.2,70.0,-2.8,-6.0,140.4,141.8,134.6,250.4,20.8,27.4,1.6,2.2,50.0,-4.9,-5.0,0
143.7,197.2,246.9,244.0,21.7,32.4,1.6,0.6,50.0,-12.1,-5.8,100.5,280.9,207.4,232.3,17.4,37.5,1.9,1.3,30.0,-20.0,-9.0,0
190.7,203.1,225.9,229.0,29.8,36.3,1.0,0.9,11.1,-14.9,-13.0,191.6,135.2,210.6,236.3,23.4,23.2,0.9,1.1,44.4,-4.4,-7.0,1
156.8,208.0,332.2,291.8,39.3,33.8,1.5,1.0,40.0,6.7,0.7,176.3,135.2,232.3,206.3,29.2,26.2,2.0,1.7,70.0,4.8,-0.2,0
135.0,178.0,173.3,154.3,21.7,18.0,2.7,1.3,60.0,-1.3,-5.8,169.8,215.0,214.5,252.0,26.8,36.3,1.0,0.0,70.0,-4.7,-0.1,0
178.0,77.0,294.0,251.0,20.0,24.0,1.0,0.0,50.0,-9.2,-15.2,346.0,162.0,67.0,326.0,23.0,35.0,1.0,2.0,80.0,-4.1,-8.6,1
161.5,73.5,155.5,190.5,29.5,16.5,1.0,3.0,60.0,19.7,13.0,67.0,130.0,318.5,202.0,35.5,22.0,1.5,1.5,36.4,10.4,-2.9,0
299.0,148.9,228.9,260.7,41.7,23.9,1.0,2.3,30.0,1.8,-11.8,118.6,224.3,167.7,200.4,10.1,29.6,1.6,1.1,0.0,-23.3,-14.6,1
241.3,89.5,248.0,199.3,35.5,19.3,2.0,1.3,44.4,21.3,6.1,224.5,220.3,243.5,253.8,35.0,34.5,2.0,1.5,66.7,0.4,-3.2,1
139.5,60.5,362.5,333.0,38.0,19.0,1.5,0.5,66.7,9.5,-4.5,89.0,150.0,228.0,130.0,23.0,30.0,2.0,1.0,20.0,-3.6,-8.1,0
147.8,187.9,246.0,264.3,23.8,35.0,2.1,1.8,70.0,-8.5,-1.8,118.0,202.3,358.5,250.8,25.0,33.5,2.0,0.9,66.7,-3.9,-1.0,0
164.0,157.0,134.3,261.7,21.7,31.0,1.0,1.3,9.1,-6.8,-5.4,333.0,150.8,56.8,245.5,20.0,28.8,1.5,1.8,55.6,-11.6,-10.9,1
293.0,112.0,253.0,212.0,65.0,17.0,0.0,2.0,10.0,8.5,-22.7,207.0,108.0,264.0,221.0,30.0,27.0,2.0,2.0,60.0,-4.9,-11.3,0
133.9,105.3,271.0,250.6,31.1,25.2,0.8,1.1,18.2,9.1,4.3,74.1,229.8,188.8,281.5,13.4,39.0,2.8,2.1,50.0,-19.3,-1.8,1
188.7,97.3,248.3,155.7,45.8,14.0,2.0,1.0,80.0,14.5,-6.9,118.3,206.3,223.7,209.0,17.9,32.3,1.7,0.9,20.0,-13.2,-3.6,0
111.8,122.9,251.1,234.7,22.3,24.3,2.1,2.2,50.0,-4.0,-5.0,163.6,177.0,183.4,218.1,17.6,27.8,1.6,1.4,70.0,-4.1,0.5,1
159.4,149.2,206.4,198.2,25.0,20.4,2.0,1.8,80.0,1.9,-0.9,135.0,141.4,207.4,241.2,27.4,18.6,1.0,1.8,55.6,12.3,4.7,1
160.8,130.0,197.6,239.8,30.0,25.8,1.6,3.2,60.0,1.2,-2.2,121.6,144.8,247.4,171.6,29.4,18.2,1.4,2.4,40.0,6.0,-0.2,1
18.0,172.0,85.0,167.0,7.0,15.0,2.0,5.0,30.0,-2.5,-1.0,77.0,290.0,60.0,132.0,0.0,38.0,0.0,1.0,50.0,-7.4,10.9,0
199.3,109.3,211.2,245.2,29.3,20.8,1.3,1.7,77.8,12.1,5.0,135.9,161.3,275.9,248.9,28.0,27.8,1.0,1.3,30.0,-0.7,-1.2,1
277.8,119.4,200.3,263.6,41.9,28.0,2.2,2.4,90.0,15.7,7.4,238.1,119.5,243.6,290.8,40.2,28.2,1.5,2.0,10.0,13.9,7.2,1
203.9,33.4,186.1,193.6,31.9,10.9,1.1,2.3,60.0,14.5,1.5,137.3,229.1,242.1,211.5,27.9,33.9,0.8,0.8,80.0,-9.5,-5.0,0
194.6,152.8,208.4,229.8,28.4,24.2,1.2,1.9,44.4,-2.9,-10.0,184.1,214.1,220.9,265.1,27.3,36.9,1.3,1.3,40.0,-18.7,-14.1,1
168.0,144.8,263.5,330.8,28.0,33.9,2.1,1.6,18.2,0.2,5.1,225.5,134.4,307.1,280.0,38.9,27.0,1.8,1.6,30.0,9.2,3.0,0
228.8,199.5,179.5,216.3,20.3,37.0,2.3,1.5,20.0,1.0,9.0,143.3,129.3,128.3,337.7,21.3,43.3,0.7,1.7,80.0,-19.9,-8.5,0
103.8,141.8,298.0,234.0,29.8,24.5,2.8,2.5,20.0,0.3,-4.4,117.0,142.7,179.7,121.3,19.7,22.0,1.0,1.0,80.0,-7.0,-10.1,0
228.4,170.6,263.1,248.1,31.1,24.4,2.1,1.8,40.0,8.4,3.8,171.2,211.4,247.9,234.1,29.3,30.2,0.8,1.2,60.0,0.0,1.3,0
247.1,125.8,184.0,200.7,29.1,17.0,1.1,1.8,44.4,2.4,-6.0,201.9,165.3,329.1,244.2,38.3,27.3,1.1,0.9,60.0,4.1,-5.6,1
211.4,114.0,228.2,172.0,39.0,15.4,1.4,2.2,60.0,16.7,4.1,66.0,223.6,382.4,209.0,23.4,31.6,2.6,2.4,70.0,-12.7,-9.4,0
242.0,38.0,197.0,263.0,31.0,7.0,1.0,3.0,80.0,5.4,-11.3,178.0,153.0,332.0,154.0,35.0,0.0,0.0,3.0,80.0,11.3,-9.2,1
191.0,226.0,329.8,222.4,45.1,29.1,1.0,2.1,70.0,12.3,2.2,127.3,101.8,277.0,235.5,29.4,17.1,0.6,1.3,50.0,12.0,3.7,1
123.6,164.7,181.6,257.1,22.4,37.4,2.1,1.6,90.0,-13.7,-11.2,159.0,214.2,205.4,255.7,24.0,35.1,1.4,1.1,40.0,-11.1,-6.6,0
124.2,193.2,247.4,238.8,20.6,31.2,1.2,2.8,72.7,-15.0,-12.7,90.6,179.8,230.4,388.8,26.8,48.8,2.0,3.2,50.0,-17.5,-7.5,0
157.8,107.6,192.1,121.8,28.8,12.3,1.8,1.8,30.0,9.9,-1.2,119.2,107.9,226.0,222.1,24.6,23.1,1.8,2.3,50.0,1.9,1.5,1
121.0,323.4,251.4,265.6,17.6,44.0,1.6,0.8,80.0,-21.3,-9.2,152.2,257.2,229.6,231.0,23.6,40.6,1.8,1.2,70.0,-6.2,-3.2,0
147.4,139.8,246.4,231.5,23.5,19.3,1.5,1.6,20.0,4.9,4.2,131.4,158.4,200.1,213.0,26.9,20.1,1.7,2.0,66.7,12.7,9.8,0
174.1,204.0,264.1,173.3,36.2,28.1,2.0,2.0,50.0,4.0,0.7,211.3,253.3,258.0,210.4,32.1,33.2,1.7,1.8,77.8,-6.2,-8.1,0
110.2,138.2,223.2,187.8,17.8,23.3,2.7,1.2,50.0,-0.8,-0.4,115.9,121.4,303.6,199.0,32.6,19.9,1.9,1.9,50.0,9.5,-0.2,0
144.7,178.5,260.2,251.2,23.5,31.8,1.2,2.7,72.7,-14.7,-13.0,177.5,140.3,190.7,265.5,19.2,31.0,2.0,1.5,80.0,-16.5,-11.3,1
144.7,247.2,306.3,181.3,28.2,37.8,2.7,1.3,22.2,-15.1,-10.8,164.2,184.6,225.8,210.8,33.6,31.2,1.4,3.0,66.7,-0.7,-3.2,0
151.8,96.6,195.8,231.2,34.4,14.4,1.6,2.2,50.0,7.3,-5.2,25.4,163.4,250.2,258.6,15.8,32.4,2.6,0.6,44.4,-14.7,-10.4,1
203.8,79.9,202.3,167.8,30.5,11.8,0.9,2.0,80.0,19.8,6.9,224.6,89.5,211.0,136.5,34.2,10.5,1.4,2.0,30.0,26.5,5.7,0
183.0,160.5,167.0,191.5,24.0,29.0,3.0,2.0,22.2,1.2,-2.8,41.0,305.0,223.0,207.5,13.5,47.5,1.0,0.0,66.7,-14.7,-8.8,0
152.0,98.0,351.0,238.0,34.0,16.0,0.0,1.0,33.3,14.4,-4.5,164.0,185.0,329.0,360.0,30.0,38.0,1.0,0.0,77.8,-17.3,0.2,0
223.4,122.8,224.0,159.0,35.2,20.2,1.0,1.4,60.0,4.4,-7.7,97.3,201.0,138.8,156.2,6.3,26.2,0.7,0.5,50.0,-15.5,-3.9,1
132.5,164.0,304.8,238.7,33.5,26.6,2.5,2.0,44.4,13.2,13.2,226.0,209.7,217.5,257.4,31.0,30.2,1.0,1.5,33.3,-13.9,-13.9,1
276.7,150.3,265.0,162.7,57.7,13.3,0.7,3.3,90.0,32.7,1.5,131.5,107.0,273.0,310.5,29.0,35.5,2.0,2.0,30.0,-9.9,-9.7,0
173.8,79.5,250.5,255.2,39.2,21.0,0.5,1.5,50.0,18.0,4.7,148.4,107.8,243.8,204.8,31.4,15.8,1.2,1.6,30.0,11.4,1.3,1
107.7,109.3,327.3,236.7,32.3,30.0,3.3,1.0,50.0,-4.5,-10.8,134.3,323.7,222.0,191.7,25.7,38.7,0.3,1.3,70.0,-10.2,-8.5,1
119.4,206.4,207.5,206.9,21.3,31.2,2.4,1.7,60.0,-18.4,-13.0,153.0,259.9,177.6,275.7,18.2,47.6,1.9,0.7,36.4,-30.4,-15.3,1
159.3,192.3,284.4,240.7,30.3,33.6,1.3,0.9,88.9,-8.2,-8.3,126.2,195.8,149.5,225.3,15.2,34.3,1.0,0.8,22.2,-29.1,-19.4,1
172.8,103.0,277.8,187.8,39.0,15.5,1.8,2.8,70.0,10.9,-4.3,156.0,197.3,274.3,261.3,28.3,33.3,1.3,1.3,30.0,-6.5,-2.2,0
149.9,134.9,225.3,213.6,23.8,24.5,2.1,1.3,60.0,-10.8,-10.7,152.0,240.4,119.3,267.4,13.0,39.6,2.9,1.3,36.4,-28.8,-15.3,1
194.6,165.1,260.3,179.8,37.1,15.5,1.0,2.1,40.0,8.1,-9.0,119.0,191.4,198.3,171.4,15.9,31.4,2.1,0.9,50.0,-15.2,-7.0,1
224.0,139.7,187.7,208.0,33.3,24.7,1.7,3.3,50.0,10.8,0.9,185.0,122.7,245.0,267.7,32.3,23.3,2.3,2.0,44.4,7.2,1.2,1
168.9,201.3,262.1,245.6,30.1,33.0,1.1,1.6,50.0,-2.6,-1.8,255.4,168.6,163.9,181.0,35.3,24.7,1.3,1.4,70.0,10.1,1.0,0
161.7,203.2,213.0,157.3,30.3,30.3,1.5,1.2,66.7,-10.9,-12.1,136.0,150.0,311.5,303.7,33.3,35.2,1.5,1.7,60.0,-9.9,-13.0,0
80.5,195.0,229.5,280.5,10.0,34.5,2.0,2.0,36.4,-11.6,-7.5,269.7,110.7,154.0,182.7,30.7,23.0,1.7,1.3,70.0,5.3,-5.9,0
148.6,86.3,271.8,245.3,25.5,24.1,1.4,0.5,100.0,13.6,11.9,197.1,204.5,337.0,276.8,34.4,35.5,1.0,1.1,90.0,3.6,2.8,0
257.6,122.6,321.3,270.9,49.2,28.2,2.1,2.1,30.0,7.1,-8.8,139.4,158.1,173.4,250.2,17.6,28.4,2.0,1.7,50.0,-11.2,-5.6,0
232.9,152.3,253.9,314.8,33.3,31.7,1.8,1.7,10.0,6.8,4.5,82.3,176.1,264.4,281.5,17.0,37.2,3.3,1.8,50.0,-14.3,-3.8,0
183.8,130.3,239.5,200.8,30.0,19.5,1.0,0.8,30.0,15.4,8.8,272.3,191.3,204.3,258.3,38.7,36.0,1.7,1.0,66.7,7.8,-2.2,1
154.7,152.3,316.3,165.3,26.7,19.0,1.7,1.7,66.7,7.3,-3.0,158.3,288.0,165.0,191.0,16.0,42.0,2.3,0.3,77.8,-17.2,-11.1,1
188.0,106.5,287.8,248.0,38.5,17.5,1.8,2.5,70.0,10.5,-1.8,122.0,112.0,222.8,276.3,23.0,29.3,1.0,1.5,60.0,-5.7,-4.4,1
94.3,124.5,182.2,233.3,22.2,23.7,1.5,2.7,70.0,-4.7,-3.6,126.0,119.0,161.2,184.2,22.3,18.7,2.5,3.2,80.0,2.9,-1.5,1
151.1,189.4,280.4,227.1,30.7,24.0,2.0,1.3,77.8,13.3,8.5,154.4,167.1,253.3,316.0,26.6,34.9,1.6,1.9,30.0,-3.5,1.7,0
0.0,0.0,0.0,0.0,38.8,14.3,0.2,0.8,100.0,20.5,4.9,0.0,0.0,0.0,0.0,13.6,34.8,0.6,0.6,36.4,-26.1,-13.3,0
174.5,186.0,116.5,274.2,10.0,32.7,1.8,1.0,11.1,-26.5,-13.9,203.4,193.4,191.2,210.0,30.4,33.0,1.2,1.4,33.3,-15.0,-16.3,1
131.2,102.2,206.0,171.8,21.4,18.4,0.8,2.6,30.0,-9.1,-10.2,75.8,304.3,336.3,141.8,28.3,37.8,2.0,2.0,30.0,-12.4,-8.4,0
148.7,131.2,328.8,267.6,38.7,24.3,1.3,2.3,80.0,14.9,6.4,109.4,189.7,146.8,163.2,13.9,24.4,2.6,1.9,30.0,-9.0,-2.3,1
250.0,193.5,218.5,300.0,29.5,38.0,3.0,0.5,90.9,-4.5,-7.4,7.5,257.5,212.0,222.5,11.0,34.5,0.5,1.0,80.0,-18.4,2.4,0
237.9,103.0,333.9,236.9,47.6,24.1,0.9,2.0,50.0,21.9,6.3,231.8,117.9,262.9,265.8,41.5,21.8,1.5,2.0,80.0,24.4,10.9,1
259.5,84.5,223.0,335.5,38.0,19.0,0.5,2.0,30.0,8.5,-0.4,158.3,165.3,272.3,199.0,22.0,18.7,1.0,0.7,70.0,9.8,3.9,1
201.9,135.5,264.1,284.3,36.4,30.8,1.5,1.7,20.0,-4.2,-4.2,114.8,229.5,245.0,278.6,22.4,42.5,2.1,1.5,30.0,-5.6,-5.6,1
223.0,107.3,213.0,258.5,41.5,24.5,1.0,2.8,60.0,13.7,-2.7,299.8,164.8,237.0,245.0,48.5,21.5,1.3,3.0,90.0,18.2,0.0,0
266.5,112.0,308.5,143.5,51.5,10.0,0.5,1.5,50.0,22.5,-1.9,146.0,156.0,103.0,227.5,15.5,22.5,0.5,1.5,9.1,-7.8,-9.5,1
88.0,197.0,131.0,172.0,17.0,34.0,2.0,1.0,50.0,-11.4,15.0,193.0,246.0,269.0,177.0,10.0,35.0,2.0,1.0,90.0,-13.8,12.4,1
21.8,13.8,43.3,27.2,36.9,16.9,0.9,0.9,80.0,9.8,9.8,0.0,0.0,0.0,0.0,24.0,34.7,0.9,1.0,50.0,-10.9,-10.9,1
117.4,131.6,192.8,210.8,23.2,21.8,1.2,2.8,50.0,1.9,-5.5,167.2,143.3,207.7,209.0,24.3,21.2,2.0,2.5,72.7,4.2,0.0,0
194.9,121.3,187.9,208.8,28.5,20.3,1.3,1.9,22.2,15.6,15.6,209.8,179.2,142.9,191.2,26.6,28.1,0.9,1.6,22.2,-12.1,-12.1,1
97.0,264.0,200.0,90.0,13.0,23.0,2.0,3.0,70.0,-0.5,-5.0,83.0,32.0,258.0,330.0,15.0,24.0,1.0,3.0,40.0,-0.8,6.1,1
125.4,204.0,258.2,190.0,40.0,29.4,1.0,0.4,66.7,7.6,-0.7,247.0,128.2,171.2,207.0,30.0,21.8,1.6,1.6,44.4,-4.6,-11.1,0
129.4,191.2,229.0,248.0,20.8,29.0,2.0,1.2,50.0,-11.1,-8.6,147.0,177.7,224.3,200.2,25.3,21.5,0.8,2.2,60.0,-6.9,-10.3,1
164.9,216.8,212.8,175.4,25.7,27.7,1.3,1.2,44.4,-14.2,-14.8,105.7,109.9,260.3,220.3,25.6,21.3,1.1,1.9,77.8,8.3,1.7,1
315.0,193.0,64.0,120.0,31.0,22.0,0.0,2.0,50.0,-2.7,-16.7,111.5,216.5,231.0,148.5,17.0,22.5,3.0,1.5,60.0,-6.2,-3.6,0
189.0,146.9,258.8,194.4,34.0,19.1,1.3,1.6,77.8,15.8,3.8,91.1,146.0,280.1,220.8,25.1,23.6,1.6,1.3,55.6,6.3,5.1,0
158.4,108.9,196.8,197.4,21.2,19.9,1.2,2.8,90.0,2.1,1.2,157.4,101.1,225.7,130.6,31.9,11.1,2.2,3.0,80.0,16.4,5.6,1
77.0,121.0,203.0,266.0,10.0,37.0,3.0,2.0,22.2,-5.3,15.1,9.0,80.0,623.0,345.0,44.0,34.0,4.0,2.0,50.0,8.8,13.7,1
189.9,173.9,151.6,158.4,22.3,22.1,1.8,1.1,40.0,-8.3,-9.5,146.1,159.7,305.3,233.6,31.8,26.4,1.7,1.6,50.0,-5.7,-7.8,1
77.0,163.3,228.3,214.0,19.0,30.3,1.5,2.0,50.0,-14.4,-9.7,121.4,178.0,292.2,201.4,25.0,26.6,2.4,1.6,60.0,-3.6,-7.1,0
149.0,34.5,255.5,138.5,33.5,4.0,2.0,3.0,60.0,15.2,-1.1,179.0,188.0,289.0,225.0,31.0,34.0,3.0,0.0,70.0,2.0,-6.0,1
145.4,166.6,207.6,226.6,17.6,28.5,1.9,1.3,70.0,-4.4,1.5,113.3,108.5,186.9,261.0,17.8,29.0,2.8,1.9,30.0,-9.2,-3.4,1
102.8,244.0,184.8,253.8,18.3,37.3,2.3,1.8,10.0,-12.1,-3.6,90.0,199.8,109.0,265.8,5.5,40.8,3.8,2.0,50.0,-25.2,0.9,1
114.0,213.2,263.4,198.4,23.0,26.0,1.2,1.8,30.0,-3.9,-2.2,191.8,227.0,218.5,295.5,41.5,44.5,0.8,1.0,60.0,-1.1,-4.6,1
196.0,159.7,242.4,199.1,29.9,26.9,2.1,1.0,30.0,0.7,-3.8,164.4,130.6,211.5,266.6,22.1,21.8,0.6,1.5,60.0,-0.8,-1.9,1
226.6,111.5,341.6,225.8,47.6,22.9,0.8,2.0,50.0,25.6,10.3,132.2,137.1,222.2,292.2,24.8,30.8,1.9,1.0,10.0,-0.1,0.3,1
210.1,152.8,347.5,250.4,39.8,25.3,0.9,1.0,60.0,4.8,-7.9,227.9,208.3,224.9,252.5,32.1,32.5,1.5,1.5,30.0,-5.5,-6.4,1
244.8,94.1,96.7,283.9,24.7,27.1,1.2,1.7,80.0,-3.8,-0.7,245.0,134.4,241.6,260.3,33.7,21.1,1.3,1.1,40.0,12.5,2.7,1
162.4,156.5,186.3,182.3,23.4,15.5,1.9,2.3,50.0,11.1,7.6,172.7,163.1,212.3,237.8,25.7,23.7,0.8,1.3,40.0,13.3,10.4,1
95.3,202.3,156.7,162.7,16.0,25.0,1.0,2.7,36.4,-7.8,-1.0,263.0,212.0,145.0,183.0,21.5,35.0,3.5,1.5,40.0,-9.3,-9.9,1
0.0,0.0,0.0,0.0,25.3,19.3,0.8,0.7,70.0,7.2,2.1,0.0,0.0,0.0,0.0,12.6,30.4,0.8,0.8,50.0,-22.1,-15.3,0
328.8,103.8,91.0,189.6,35.8,18.0,1.8,1.4,77.8,7.2,-2.1,262.7,156.7,199.2,217.7,32.3,26.0,1.3,1.2,77.8,5.0,0.0,0
130.0,203.1,227.6,236.8,23.0,34.9,1.1,1.3,77.8,-16.8,-12.2,188.3,128.7,141.0,170.9,18.4,12.4,1.1,0.7,44.4,-7.5,-11.4,1
175.0,204.0,342.0,233.0,30.0,33.0,0.0,3.0,50.0,0.4,-5.3,63.5,319.0,66.5,135.5,0.0,34.5,0.0,0.5,50.0,-11.0,8.2,1
98.0,231.5,326.0,179.0,21.5,34.5,1.0,1.5,30.0,-2.1,0.9,73.0,231.5,401.0,407.5,26.5,53.5,1.5,2.5,50.0,-15.1,-10.7,0
188.9,154.0,258.3,209.5,36.0,23.3,1.4,1.4,60.0,16.1,8.5,179.1,125.4,201.1,187.5,27.3,19.2,1.6,1.6,60.0,6.3,2.1,0
86.1,182.9,278.0,248.3,27.8,31.4,2.0,2.4,60.0,-0.3,2.6,148.1,170.1,190.6,266.3,18.3,41.3,2.7,1.1,20.0,-11.4,-0.2,0
164.0,152.0,321.0,173.0,35.0,7.0,1.0,2.0,60.0,12.4,-10.8,104.5,221.0,115.5,273.5,22.5,33.0,0.5,2.5,77.8,4.2,5.9,1
223.0,131.0,208.0,194.5,21.0,20.5,1.5,2.5,50.0,-0.4,-4.5,76.7,137.3,279.7,200.3,18.3,21.7,1.7,2.7,10.0,-3.8,3.0,0
111.8,109.0,234.5,203.5,27.3,18.5,1.5,1.5,50.0,12.7,4.4,153.3,164.3,289.3,206.5,31.0,24.8,1.0,1.8,50.0,9.6,3.7,1
194.8,63.0,206.2,206.8,32.2,11.4,1.0,1.6,44.4,5.2,-7.6,139.6,247.0,231.0,197.3,24.6,37.1,1.9,1.6,11.1,-19.6,-12.0,1
139.4,130.6,328.3,299.6,31.8,30.5,1.6,1.8,90.0,1.8,-0.6,119.4,154.1,235.1,210.1,25.4,25.3,2.7,1.9,40.0,-1.4,-1.4,0
310.0,108.0,200.3,150.0,46.8,13.8,2.0,1.8,70.0,18.2,3.7,178.3,65.3,137.5,253.0,27.0,23.5,1.8,1.5,80.0,2.8,1.0,0
185.3,169.0,277.4,247.5,35.2,29.3,1.7,1.4,66.7,5.8,0.4,164.7,202.7,197.3,236.3,25.1,37.9,1.6,1.4,22.2,-2.8,1.7,1
134.5,163.5,172.0,238.1,18.4,26.4,1.3,1.3,50.0,-2.2,1.3,115.6,141.5,193.3,256.8,15.9,33.5,1.6,1.0,100.0,0.8,7.5,1
213.1,102.6,167.4,142.8,27.1,17.1,1.6,1.2,77.8,12.9,4.1,148.3,184.3,164.1,265.0,25.8,38.8,1.1,1.6,44.4,-1.1,4.4,1
153.0,108.6,302.1,253.2,35.5,22.5,1.1,1.7,88.9,0.5,-10.2,83.4,157.3,149.9,271.2,13.5,31.8,1.5,1.6,44.4,-24.0,-12.6,0
144.5,171.0,190.3,240.0,13.5,30.3,0.8,0.8,50.0,-14.0,-7.5,173.0,105.0,278.5,222.3,32.8,19.8,2.3,3.3,60.0,-2.4,-11.9,0
155.7,132.1,186.4,169.9,19.8,21.0,2.3,1.7,70.0,2.0,2.0,113.7,227.6,349.9,227.9,35.1,30.5,2.3,2.3,60.0,-2.7,-2.7,0
144.6,104.1,359.1,261.7,39.1,24.0,1.1,1.4,70.0,14.4,4.2,207.3,175.1,250.3,328.6,21.6,35.6,2.1,1.6,50.0,-13.4,-9.1,0
50.7,133.7,198.7,244.3,11.7,33.0,3.0,1.7,70.0,-5.8,-1.1,82.5,164.5,242.3,183.3,15.5,27.3,1.3,1.3,50.0,-8.1,-2.3,0
151.2,160.6,242.2,227.6,33.5,26.7,1.1,1.6,70.0,7.5,3.1,145.6,202.7,267.5,193.4,34.0,29.5,2.0,2.0,50.0,6.5,3.9,1
149.2,180.5,284.5,258.8,32.3,35.1,2.7,2.2,60.0,-9.3,-9.8,175.2,181.5,149.2,193.8,23.6,33.6,1.0,1.2,80.0,-17.8,-11.6,1
105.0,197.3,208.0,186.3,17.6,25.6,1.9,1.7,40.0,-12.9,-7.7,149.4,200.1,165.3,200.9,22.8,36.4,1.0,0.8,80.0,-18.0,-9.8,0
239.9,146.6,325.4,260.1,42.0,22.8,1.5,1.1,100.0,21.1,8.2,147.9,192.0,343.0,199.8,37.6,25.2,1.5,1.3,80.0,20.5,9.3,1
170.7,156.3,184.5,252.9,27.8,27.3,1.3,1.7,80.0,9.5,7.5,166.8,188.4,314.8,229.6,34.7,23.6,1.4,1.6,20.0,2.6,-5.3,1
216.6,133.2,185.2,258.8,37.0,19.8,1.4,3.4,77.8,16.7,6.0,165.8,109.8,264.2,283.6,30.2,27.2,1.8,1.8,66.7,7.3,4.5,0
136.0,325.7,192.7,190.3,21.3,35.7,1.0,1.3,44.4,-6.0,-4.1,114.3,106.0,227.3,220.8,15.8,24.5,2.3,0.5,11.1,-9.1,-3.7,1
250.9,142.1,175.3,206.8,35.3,20.1,1.0,1.9,30.0,1.9,-8.0,149.6,190.0,156.7,222.7,21.4,29.9,2.4,1.9,40.0,-17.8,-16.2,0
230.0,169.7,185.0,245.2,28.4,26.1,0.9,1.5,30.0,-4.3,-10.2,173.8,205.7,258.4,296.5,29.3,34.8,1.5,2.2,30.0,-9.8,-10.7,1
331.0,257.2,186.0,187.2,32.6,35.6,2.2,1.0,40.0,-8.9,-4.5,125.2,160.0,213.6,300.0,13.0,52.2,2.6,0.6,90.0,-31.8,-6.3,1
199.2,175.6,162.9,175.5,23.5,23.1,1.5,1.2,40.0,-8.0,-9.3,222.3,194.6,241.9,287.6,30.3,37.2,1.0,1.8,40.0,-10.9,-9.3,1
217.4,129.0,335.8,190.8,54.2,13.0,0.8,2.0,88.9,33.2,3.7,157.3,100.5,170.5,251.3,16.0,34.0,2.8,1.3,22.2,-5.9,-3.1,1
170.9,115.1,207.7,151.6,31.6,15.9,2.1,2.1,80.0,10.2,0.8,151.9,121.6,243.4,179.6,31.1,15.7,2.0,2.4,70.0,9.3,-2.0,0
165.6,259.0,115.8,176.4,14.0,37.6,2.0,0.8,44.4,-25.4,-17.5,122.8,161.0,165.3,249.7,15.7,30.3,1.2,0.8,50.0,-16.7,-1.7,0
281.0,120.4,215.9,242.0,39.3,20.7,1.4,2.3,40.0,24.4,12.5,149.0,118.0,268.8,187.0,31.9,10.5,1.4,3.0,90.9,25.2,12.8,0
159.3,87.3,254.9,221.3,29.9,23.8,1.4,1.3,90.0,12.0,6.1,104.4,134.0,192.1,186.1,19.9,19.5,1.8,2.6,50.0,2.0,-1.1,0
131.8,155.5,281.1,243.5,31.2,26.5,2.1,2.4,18.2,4.3,-1.2,190.5,164.6,268.8,286.8,35.4,35.2,1.8,2.3,60.0,-7.8,-7.9,1
87.2,106.4,269.3,191.1,21.6,22.7,2.2,1.7,77.8,-9.2,-10.6,130.9,199.0,196.7,205.0,19.5,32.4,2.1,1.1,22.2,-26.2,-15.7,0
248.0,50.5,241.5,124.0,40.0,1.5,1.5,0.5,30.0,16.3,-14.9,126.0,166.0,405.0,230.0,45.0,23.0,2.0,0.0,70.0,6.3,-4.9,1
77.4,163.4,301.6,244.6,24.6,28.4,2.0,1.0,20.0,0.4,1.0,133.9,158.3,124.3,191.3,9.8,25.6,2.3,1.0,55.6,-1.6,7.1,0
165.8,141.8,267.3,195.0,21.5,19.8,1.3,0.8,70.0,9.2,5.0,215.7,242.7,210.3,234.7,26.3,24.7,2.0,2.3,50.0,-2.1,-7.9,1
255.1,202.1,222.0,153.1,33.6,27.5,2.5,1.4,70.0,11.5,4.5,140.2,122.4,272.0,210.4,28.6,17.1,0.9,1.9,40.0,6.1,-2.8,0
77.5,105.5,124.0,110.5,20.5,16.0,2.5,3.0,9.1,6.7,-1.9,188.5,156.0,175.0,222.5,22.5,20.5,2.0,1.5,70.0,1.5,-5.8,1
215.6,140.6,313.0,287.8,40.6,36.2,2.2,1.0,77.8,14.1,10.4,194.8,93.5,168.0,280.8,34.0,22.0,1.0,2.0,44.4,8.8,2.4,0
386.0,122.6,55.9,234.9,34.9,26.0,2.0,1.7,44.4,-0.7,-7.5,128.8,181.4,231.9,203.9,27.4,28.8,1.8,1.4,60.0,-8.7,-9.1,0
188.5,141.7,154.3,256.0,18.6,28.2,2.0,1.8,30.0,-3.1,-0.9,230.3,145.3,135.8,279.0,28.6,28.6,1.2,1.3,9.1,-0.9,-1.1,0
88.8,212.2,173.7,212.2,18.2,38.5,1.3,1.3,50.0,-10.6,-5.2,182.3,244.3,193.2,228.7,24.8,33.5,0.7,0.8,40.0,-13.1,-10.6,0
170.8,141.2,379.4,237.6,45.9,24.9,1.1,1.7,55.6,26.9,13.5,142.7,242.8,206.3,228.7,22.6,38.8,2.2,1.2,22.2,-10.4,-4.0,1
150.4,222.6,184.8,214.6,17.4,36.0,1.8,0.6,44.4,-23.1,-11.3,158.8,226.4,174.8,198.4,14.6,38.2,1.8,0.6,22.2,-25.5,-11.6,1
201.8,172.6,291.2,221.5,35.2,26.7,2.1,2.0,77.8,14.7,7.4,161.8,213.9,244.1,244.3,26.6,27.2,0.9,1.3,30.0,0.6,-0.1,1
112.4,114.6,379.7,286.1,38.7,30.7,0.6,1.1,70.0,8.2,-0.3,192.3,113.7,216.7,249.1,27.6,22.0,1.9,1.6,18.2,7.6,2.5,0
127.8,118.0,270.8,270.8,27.6,24.3,1.9,1.3,55.6,7.0,5.2,121.9,172.9,274.4,221.4,25.8,30.0,1.6,1.1,70.0,0.3,2.7,1
212.3,124.5,238.0,231.5,41.7,23.3,1.5,2.0,60.0,13.5,-0.1,139.7,138.0,225.7,215.3,22.6,24.1,2.4,2.1,90.0,0.5,-3.2,0
224.8,163.3,310.5,342.8,45.2,31.7,1.2,2.0,80.0,6.8,-4.9,252.5,235.7,250.8,203.3,35.8,27.7,1.7,1.8,77.8,-3.5,-12.4,1
320.1,113.7,185.4,299.7,35.1,31.4,2.3,0.9,20.0,-1.5,-5.3,70.5,218.5,354.3,220.7,21.0,35.3,3.2,2.0,70.0,-14.7,-8.3,0
238.3,60.0,233.3,174.0,32.0,16.0,2.7,0.3,50.0,3.1,-5.8,323.0,110.0,218.0,241.0,36.0,19.8,1.5,0.8,30.0,18.2,8.6,1
147.5,92.0,347.7,279.4,39.7,24.7,1.3,1.4,70.0,13.5,2.7,168.8,216.2,321.3,219.6,43.1,30.3,1.4,2.4,70.0,12.4,4.2,1
167.6,152.6,313.5,242.0,37.4,21.6,0.9,2.1,77.8,20.1,10.4,237.1,185.6,240.0,281.1,32.5,36.9,1.5,0.6,66.7,1.8,-1.0,1
110.3,101.0,306.3,218.0,37.0,32.7,1.7,2.0,66.7,0.8,-6.3,182.0,150.3,199.0,261.5,35.5,25.5,1.5,2.5,66.7,-5.4,-12.7,1
155.0,109.0,310.8,218.5,38.5,18.3,1.5,2.0,40.0,9.4,-6.4,140.3,170.5,221.8,226.0,24.5,19.8,2.0,1.5,30.0,4.2,-3.5,1
70.0,144.5,299.5,333.0,24.0,43.5,1.0,1.5,20.0,0.6,1.5,244.0,145.7,330.3,206.0,45.0,18.3,0.3,1.3,100.0,5.5,-15.2,0
122.0,152.1,292.1,195.8,30.8,25.2,1.0,1.8,70.0,4.3,4.3,205.3,165.2,245.0,237.2,30.7,26.0,0.8,1.7,60.0,-8.4,-8.4,0
220.5,141.2,233.3,203.3,35.3,18.3,1.3,2.0,70.0,11.3,-1.5,111.4,282.0,316.4,174.0,24.0,36.4,2.6,0.6,20.0,-13.0,-10.0,1
92.3,158.1,222.2,263.9,15.7,35.3,1.9,1.4,70.0,-18.6,-7.3,144.9,155.7,208.7,248.4,21.4,32.1,1.3,1.7,20.0,-10.0,-4.3,0
211.1,161.1,203.7,198.4,36.5,17.6,0.7,2.5,30.0,15.1,3.6,178.1,133.5,205.8,217.2,29.2,18.9,1.6,1.9,50.0,12.7,4.5,0
109.4,226.8,136.8,206.6,9.6,40.8,1.8,1.2,50.0,-21.9,-12.7,170.3,119.0,168.5,230.3,25.3,22.2,1.3,2.0,30.0,2.7,-2.6,0
183.3,129.2,188.5,199.8,26.0,18.0,1.5,1.0,30.0,5.9,0.0,151.0,167.2,216.6,162.4,20.2,22.4,2.2,1.6,60.0,-7.3,-9.6,1
84.3,243.0,104.3,274.5,5.8,46.5,4.3,0.8,36.4,-31.2,-16.8,199.8,212.5,273.0,291.0,32.5,43.3,1.3,1.3,50.0,-12.7,-14.8,1
116.4,183.3,232.9,221.7,17.1,28.0,2.6,1.4,18.2,-1.8,2.3,134.0,126.6,152.8,250.9,18.9,28.8,3.0,1.9,80.0,-4.9,-0.4,1
147.0,163.5,166.0,180.5,9.0,29.5,3.0,0.5,30.0,-26.7,-22.0,88.0,231.3,142.7,257.3,9.7,40.7,3.3,0.7,70.0,-16.3,3.6,1
96.1,158.9,388.0,292.5,32.6,39.1,1.9,1.6,70.0,-7.7,-5.4,100.9,149.1,153.0,207.6,14.0,27.5,2.4,2.0,70.0,-13.9,-5.2,0
181.3,126.8,346.6,289.8,43.1,29.9,0.9,1.3,55.6,1.7,-6.0,176.4,172.1,196.9,249.4,31.9,28.4,0.9,2.0,44.4,-10.7,-11.7,0
116.3,121.9,181.4,213.7,24.3,20.2,1.1,2.5,50.0,3.2,-2.9,139.7,85.2,214.3,270.8,26.2,20.4,1.5,2.4,40.0,-0.8,-4.1,1
247.5,112.0,179.5,235.3,41.8,17.3,0.8,3.0,50.0,15.5,2.6,132.3,119.0,198.3,259.0,24.3,19.0,2.5,3.0,60.0,5.7,2.1,1
134.5,209.4,237.6,185.8,22.6,34.6,1.9,1.6,80.0,-17.5,-8.3,118.1,149.9,212.9,303.4,22.8,38.6,1.6,1.2,50.0,-17.9,-4.6,1
251.0,114.7,220.3,149.7,35.3,21.7,0.7,1.0,44.4,-7.3,-17.6,77.5,231.3,176.5,244.5,19.3,27.5,1.0,3.5,30.0,-4.2,1.1,1
117.8,152.0,294.5,196.3,24.0,22.0,1.5,1.8,33.3,10.0,9.8,256.7,244.3,205.0,207.7,30.3,27.0,1.7,1.0,66.7,0.6,-3.5,1
145.9,243.8,293.5,213.5,31.9,38.9,1.6,1.4,70.0,-12.9,-12.9,123.8,226.6,156.5,273.9,13.7,42.1,2.7,1.0,30.0,-22.7,-22.7,1
249.5,52.5,273.5,217.3,44.0,10.3,1.5,1.8,70.0,16.7,-3.4,107.8,115.5,131.5,156.0,13.0,22.3,2.3,1.8,10.0,-4.8,-6.5,0
349.3,129.0,79.3,225.1,31.0,25.6,1.7,1.0,88.9,9.1,4.0,182.6,124.8,263.4,185.5,33.3,15.0,1.1,1.6,33.3,14.7,4.9,1
153.9,112.5,231.8,234.5,23.8,19.0,1.8,1.5,60.0,-3.8,-9.5,158.3,173.8,211.0,261.5,27.0,36.3,1.3,0.9,66.7,-21.2,-13.0,1
168.3,203.5,324.3,203.5,36.0,29.0,2.3,1.5,70.0,8.0,3.4,149.0,138.3,185.3,159.3,21.3,24.0,2.3,1.3,60.0,-13.2,-12.2,1
152.8,203.7,221.1,256.2,26.7,37.5,2.2,1.4,60.0,-8.9,-3.2,129.0,219.9,200.5,222.9,18.0,30.5,2.5,1.3,30.0,-18.8,-12.5,1
199.0,127.4,172.6,167.4,34.2,17.6,2.4,2.6,90.0,14.9,5.3,124.3,99.3,176.5,182.0,22.8,15.5,1.5,2.5,30.0,4.1,1.0,0
189.3,109.1,352.8,247.2,44.9,19.0,0.9,1.7,100.0,27.5,8.2,78.0,146.1,332.6,185.3,24.8,18.4,1.6,1.6,18.2,9.6,7.5,1
218.9,150.9,137.1,222.3,20.7,29.7,1.6,1.0,20.0,-2.8,-0.4,92.3,150.9,199.6,209.0,11.9,19.3,1.9,1.7,90.9,-5.3,-2.5,0
81.0,199.0,192.0,416.0,7.0,49.0,1.0,1.0,60.0,-14.0,13.3,187.0,160.0,404.0,230.0,40.0,6.0,2.0,3.0,90.0,-3.1,-26.6,1
201.4,77.8,252.9,128.7,37.7,6.7,1.7,2.3,80.0,29.5,9.2,207.0,126.6,134.9,248.3,27.6,24.7,2.0,1.9,30.0,2.0,2.1,1
274.9,130.9,237.2,172.0,50.2,16.4,1.5,2.1,70.0,30.5,10.7,143.0,222.7,129.3,215.7,14.3,31.5,1.6,1.4,90.0,-19.0,-9.3,0
227.8,82.3,183.2,237.0,37.9,18.9,1.4,2.2,60.0,11.7,-1.6,115.2,184.4,138.1,240.9,10.0,37.1,2.2,1.5,50.0,-21.1,-5.7,1
87.3,110.3,292.7,193.3,14.7,19.0,0.7,0.0,77.8,2.8,5.1,255.0,126.5,304.5,205.0,46.5,20.5,0.5,1.0,44.4,19.2,-1.2,0
173.3,130.3,233.8,210.5,28.8,14.5,1.0,3.0,45.5,6.1,-6.7,175.8,213.0,318.0,253.5,36.5,33.8,2.3,2.5,70.0,5.2,1.8,1
152.9,192.3,333.0,238.0,33.9,33.3,2.2,1.1,70.0,-5.2,-7.0,259.1,164.3,87.2,167.2,25.9,21.0,1.2,1.3,55.6,-1.8,-7.7,1
85.0,198.8,521.0,206.8,49.5,28.3,1.8,2.0,90.9,12.7,-4.7,145.3,136.3,209.3,179.3,20.3,26.8,2.8,1.8,60.0,-13.0,-9.7,0
191.3,170.2,358.0,260.3,35.3,32.8,1.8,1.5,77.8,8.1,2.3,144.8,114.6,201.8,216.0,18.2,20.8,1.8,0.8,44.4,14.9,13.9,1
157.8,86.7,227.9,188.8,25.5,14.9,1.9,1.5,90.0,8.3,2.6,98.9,221.2,228.9,253.7,14.8,37.6,2.6,0.7,30.0,-26.4,-15.3,1
132.6,210.0,253.9,274.6,33.0,39.4,1.3,1.9,20.0,-9.5,-6.1,301.3,208.8,190.3,210.6,37.4,31.4,1.9,1.6,40.0,-4.5,-6.8,0
121.3,190.3,331.0,322.5,26.5,43.0,2.3,0.3,60.0,-10.1,-8.9,149.0,156.0,274.7,271.0,32.0,31.3,2.3,2.7,30.0,-9.2,-9.4,1
230.5,43.0,121.0,336.5,19.0,26.0,1.0,0.5,77.8,0.9,0.6,105.5,252.5,347.5,230.0,24.0,27.0,1.0,1.5,30.0,-5.6,-6.4,0
339.0,76.5,187.5,255.5,55.0,23.5,1.0,2.0,36.4,17.8,-8.1,135.0,82.0,135.0,81.0,26.0,10.0,0.0,3.0,40.0,-3.6,-25.8,1
118.5,206.5,147.5,201.0,9.5,32.5,2.0,1.5,40.0,-16.5,0.5,89.0,171.0,66.0,94.0,6.0,21.0,2.0,2.0,70.0,-13.5,-9.0,1
89.1,143.2,203.3,257.4,17.3,33.7,2.6,2.0,72.7,-14.8,-5.6,120.8,111.7,253.6,356.8,27.0,36.0,2.3,1.4,50.0,-8.1,-5.5,1
177.8,144.8,304.3,207.3,40.7,25.3,1.8,1.8,60.0,9.9,-5.8,194.2,225.3,182.8,217.3,33.2,28.3,1.8,1.2,70.0,-1.6,-6.0,0
193.7,152.7,198.7,214.7,31.3,24.8,1.8,1.8,30.0,2.0,-3.6,183.0,342.9,226.7,169.0,28.3,43.9,2.1,1.0,30.0,-23.6,-14.4,0
258.2,122.6,113.1,196.5,29.0,14.5,1.1,1.3,50.0,3.1,-8.4,169.3,247.3,203.2,198.5,24.4,28.2,1.3,2.7,40.0,-9.3,-8.6,1
88.0,146.5,219.5,211.0,17.8,24.0,2.5,2.5,18.2,-1.2,-1.6,167.0,112.0,200.7,240.2,24.3,23.5,1.5,1.2,70.0,2.1,1.8,0
37.5,13.0,65.8,57.4,39.3,16.7,1.1,1.0,70.0,18.5,18.5,19.3,34.9,44.7,37.3,18.3,43.1,1.0,1.0,50.0,-14.9,-14.9,0
167.7,296.0,218.0,254.2,24.7,51.0,1.5,1.0,20.0,-18.1,-7.2,148.5,165.2,266.5,199.8,29.5,22.7,0.7,1.5,30.0,4.6,0.9,0
198.2,152.6,228.1,216.7,30.2,29.7,2.1,2.0,70.0,0.7,-0.1,121.4,166.8,188.5,209.4,16.0,26.5,2.6,2.0,50.0,-3.8,0.4,0
248.8,178.0,239.5,160.3,27.8,25.8,2.8,1.7,20.0,3.8,2.8,143.7,181.5,238.3,235.5,27.3,36.3,2.2,1.0,70.0,-7.9,-4.8,1
147.7,117.4,313.5,193.1,37.0,13.8,1.0,2.3,90.0,15.6,0.6,135.0,116.0,204.8,214.0,26.2,20.5,1.8,2.5,80.0,2.8,-2.6,0
238.7,147.7,143.7,161.0,19.7,11.7,1.7,2.0,55.6,6.6,2.1,158.0,151.3,219.5,161.3,19.3,18.5,2.0,1.5,66.7,0.7,-2.1,0
62.7,135.0,263.7,249.0,27.3,30.3,2.3,1.7,20.0,-1.7,-0.3,60.0,109.0,472.0,317.0,28.0,34.0,5.0,0.0,30.0,-6.5,-19.3,0
122.3,224.7,159.0,163.0,11.3,33.7,3.0,2.0,30.0,-14.0,0.5,51.7,202.3,297.3,191.0,20.7,27.0,1.7,2.0,30.0,-17.3,-9.2,1
159.7,238.7,230.0,297.7,38.0,47.3,1.0,1.0,60.0,0.6,-0.3,79.5,329.3,256.5,173.0,19.5,51.0,2.0,1.0,30.0,-24.1,-12.9,1
293.0,124.0,191.0,150.0,40.0,14.0,0.0,1.0,40.0,4.8,-8.3,79.0,81.0,82.0,193.0,0.0,15.0,2.0,1.0,45.5,-4.0,0.5,1
155.2,144.2,354.7,374.8,33.2,35.7,1.8,1.8,80.0,0.1,-3.3,187.1,244.3,121.4,201.0,21.9,37.0,1.0,1.0,77.8,-8.4,-1.0,1
5.3,4.4,12.3,12.7,21.3,23.0,0.6,1.4,50.0,-0.4,-0.4,13.0,40.6,40.8,17.6,16.6,33.2,1.5,0.7,50.0,-14.1,-14.1,0
291.6,194.6,182.6,246.0,36.8,29.6,1.2,1.6,33.3,11.0,6.3,183.0,187.3,233.5,196.5,28.5,27.5,2.0,0.7,77.8,3.5,1.6,1
244.3,177.8,194.7,202.3,28.0,25.5,1.3,1.3,30.0,-0.4,-5.6,136.8,144.5,163.5,241.1,19.3,23.3,0.7,1.5,50.0,-10.3,-9.4,1
208.5,202.7,186.7,207.0,30.5,15.5,0.8,2.2,50.0,6.7,-2.8,208.9,173.9,189.4,184.9,24.3,26.6,2.3,1.1,70.0,-0.1,-3.2,1
186.7,94.1,263.0,227.6,33.9,19.9,2.0,2.0,70.0,11.0,0.3,250.9,128.1,222.9,313.4,33.9,29.1,1.6,1.7,10.0,7.8,3.3,1
154.0,164.0,169.6,149.0,17.8,18.4,2.4,2.0,80.0,-1.6,-3.7,135.2,109.6,166.8,161.8,22.6,14.6,1.8,1.4,90.0,3.6,-3.7,0
232.7,152.8,302.2,264.7,45.0,23.3,0.6,2.0,90.0,26.7,9.2,128.6,152.6,301.2,230.4,34.6,23.9,2.3,2.0,50.0,15.6,4.7,1
202.3,134.8,183.8,185.8,26.8,20.0,1.8,1.8,88.9,11.5,5.1,191.9,195.0,184.5,234.6,27.1,28.1,0.9,1.8,40.0,7.5,7.0,0
248.2,135.2,238.2,157.1,45.1,16.4,0.6,1.3,30.0,20.8,1.7,162.1,124.9,206.6,184.8,21.6,20.3,2.4,1.9,70.0,3.9,-0.1,1
179.8,167.9,346.6,196.6,37.1,23.1,1.9,1.3,77.8,-0.1,-8.5,147.9,198.0,222.3,239.8,22.8,36.7,1.7,1.4,70.0,-21.5,-16.0,1
281.7,100.7,183.3,191.3,35.3,14.3,1.3,0.7,40.0,18.6,7.9,149.5,64.5,234.0,239.5,25.5,15.5,2.0,2.5,100.0,18.3,11.6,0
140.0,246.0,162.7,232.0,25.3,24.3,0.7,1.7,40.0,0.5,-5.0,137.3,266.7,258.3,222.3,27.3,50.3,3.0,1.3,50.0,-14.3,-10.2,0
171.3,165.8,227.0,252.1,28.3,28.3,1.3,2.3,44.4,-4.2,-9.6,198.4,200.1,108.3,270.7,18.4,40.7,2.3,1.9,44.4,-20.9,-10.7,0
298.8,166.9,170.2,252.1,36.0,22.3,1.6,1.7,40.0,15.4,4.9,187.6,137.8,279.8,243.5,34.4,31.6,1.6,0.9,90.0,12.1,8.2,0
124.9,208.4,226.6,204.7,22.0,24.0,1.4,2.0,80.0,0.9,3.4,185.1,143.6,174.7,273.1,21.6,34.0,2.4,1.1,22.2,-4.2,-1.6,0
256.8,90.8,273.5,192.5,44.0,13.4,1.3,1.5,44.4,32.3,8.9,202.9,109.2,322.2,202.1,47.5,16.2,0.8,1.5,88.9,34.3,13.5,1
139.0,132.0,209.0,260.0,23.0,24.0,2.0,1.0,60.0,12.0,1.8,101.5,88.5,385.0,220.5,44.0,20.0,2.5,2.0,45.5,16.8,2.0,1
216.0,85.5,226.5,300.5,30.5,27.3,2.0,1.8,30.0,7.7,2.8,155.7,27.7,242.3,246.0,19.7,28.3,5.0,1.3,18.2,6.4,5.1,1
86.1,164.3,244.1,208.6,19.2,26.0,1.3,2.0,10.0,-11.4,-6.1,156.6,209.3,122.0,199.3,13.8,32.0,1.8,1.4,80.0,-16.4,-11.9,0
206.3,167.9,280.6,199.6,39.6,24.1,1.4,1.4,90.0,11.5,1.5,212.7,97.3,137.7,184.7,30.1,12.1,0.6,2.1,30.0,20.7,9.1,0
232.3,185.1,276.4,223.7,37.9,26.4,1.2,1.7,70.0,16.7,10.4,60.6,192.6,368.2,280.9,29.3,33.8,2.9,2.2,50.0,2.2,5.7,1
192.8,128.9,266.0,291.6,33.9,29.3,1.3,1.0,66.7,14.0,11.2,140.5,208.3,222.3,209.1,24.9,24.9,1.3,2.0,80.0,2.1,3.4,0
122.3,126.8,254.8,300.0,26.3,33.3,2.3,2.5,70.0,-4.1,-4.5,133.8,177.8,154.7,238.7,18.3,34.2,1.8,1.7,72.7,-23.7,-12.4,0
190.8,139.3,256.4,211.5,35.8,21.3,2.3,1.6,70.0,7.5,-5.0,162.5,109.8,235.9,177.5,21.5,17.3,1.3,1.1,40.0,-0.1,-7.1,0
132.5,142.8,165.3,144.3,20.3,14.8,3.0,1.5,90.9,10.0,3.0,228.8,145.0,130.6,308.6,28.0,31.8,1.6,2.4,30.0,-9.3,-6.7,0
144.0,142.4,235.3,249.3,28.7,26.1,1.0,2.1,50.0,-3.8,-5.4,166.7,198.1,231.2,205.0,30.2,28.4,1.7,2.3,36.4,-5.2,-5.5,0
168.0,184.0,197.0,197.0,14.0,34.0,2.0,1.0,55.6,-1.8,12.9,238.0,129.0,353.0,172.0,52.0,10.0,1.0,2.0,44.4,-4.9,-24.8,0
145.0,139.6,211.4,105.0,23.6,21.6,2.6,1.2,40.0,0.3,0.3,94.0,137.3,203.3,225.3,21.0,23.0,1.8,2.3,70.0,-4.8,-3.4,1
149.7,160.0,223.5,182.5,26.7,19.9,1.6,1.0,80.0,7.8,2.5,101.9,154.2,310.5,283.1,26.3,25.5,2.4,2.0,50.0,-1.4,-3.4,0
138.5,111.5,235.5,272.5,21.0,19.0,1.0,1.0,40.0,18.7,10.5,212.5,67.5,174.0,335.0,22.0,39.0,4.0,1.5,22.2,-7.1,-11.8,0
150.8,183.5,292.0,190.5,33.3,27.3,1.8,2.0,50.0,4.6,0.9,54.7,74.7,221.0,213.7,13.0,21.0,2.3,3.0,9.1,-4.5,-7.3,1
265.4,138.2,65.4,220.6,25.9,24.4,1.2,2.6,80.0,-0.4,-1.9,262.7,118.5,40.8,214.0,16.7,22.2,2.4,1.4,55.6,-15.6,-9.9,0
127.8,154.7,265.4,279.4,27.2,28.8,1.4,1.4,44.4,2.0,1.3,273.8,181.6,202.0,316.0,32.8,33.8,1.1,1.4,10.0,-1.1,-4.4,1
269.1,183.0,198.3,249.2,39.3,27.1,0.9,2.0,44.4,2.6,-7.0,161.0,212.5,290.5,215.3,35.5,35.0,1.7,1.0,88.9,-8.3,-9.6,1
267.5,170.4,176.5,184.9,31.0,21.4,1.5,2.1,30.0,11.6,4.2,131.0,223.4,138.9,184.1,15.1,33.8,2.6,1.1,50.0,-16.4,-6.7,1
153.0,135.0,316.0,229.0,24.0,21.0,2.0,1.0,36.4,5.6,-9.9,261.0,412.0,11.0,73.0,17.0,14.0,2.0,2.0,40.0,1.1,-10.8,0
183.0,167.6,239.2,229.1,33.6,28.5,0.5,1.7,70.0,-6.6,-10.9,153.3,187.8,235.0,238.3,23.6,34.2,2.0,1.0,44.4,-19.2,-11.7,0
209.2,104.6,216.7,163.8,37.0,12.7,1.1,2.1,40.0,24.1,6.9,167.1,192.3,200.4,252.0,20.4,36.0,1.8,1.8,100.0,-12.1,-5.4,1
164.8,171.2,212.8,224.6,23.4,24.4,2.0,1.8,44.4,3.4,4.1,126.5,163.3,314.5,276.0,30.8,31.8,2.0,1.8,22.2,-6.1,-8.4,0
265.0,67.0,164.0,247.0,34.0,15.5,1.5,1.5,30.0,5.2,-10.3,155.5,195.0,293.0,232.0,23.5,20.0,2.0,1.0,80.0,2.1,-2.5,0
81.0,351.0,91.5,351.0,3.5,48.0,0.5,0.5,40.0,-15.1,12.7,124.0,257.5,336.0,290.5,22.5,41.5,3.0,1.0,30.0,-9.6,-4.1,0
133.0,118.8,199.0,238.5,25.3,25.3,1.8,2.5,60.0,-0.8,-1.3,186.8,128.3,203.5,233.8,30.0,24.8,0.0,1.0,70.0,1.6,-1.5,1
122.3,131.4,249.4,246.9,26.4,26.0,2.0,2.3,60.0,-1.0,-2.4,194.3,140.0,159.3,176.0,21.4,29.4,1.9,1.7,30.0,-7.2,-4.0,1
96.7,114.0,370.7,380.7,38.7,32.0,1.0,3.0,55.6,10.9,0.1,163.3,124.5,210.5,243.5,30.5,24.5,1.3,1.8,33.3,8.2,6.5,0
114.4,108.8,242.8,269.8,26.4,20.0,1.6,2.2,9.1,5.1,1.2,114.7,82.0,232.7,195.0,30.5,18.2,2.2,1.5,50.0,6.6,-0.8,0
170.0,128.0,215.0,186.0,33.0,30.0,2.0,0.0,60.0,16.0,5.1,58.0,167.0,199.0,222.0,7.0,34.0,0.0,0.0,40.0,-10.8,-9.8,0
67.1,198.6,322.2,172.0,25.0,25.1,1.6,1.4,77.8,-9.4,-13.0,129.8,141.0,247.2,193.9,21.8,24.0,1.7,0.6,11.1,-10.4,-9.6,0
136.9,142.4,207.6,200.3,22.6,23.6,1.3,1.0,88.9,0.3,0.5,112.0,270.7,245.4,203.0,24.4,42.3,2.1,1.3,33.3,-24.0,-14.9,0
146.0,51.0,378.0,293.0,35.0,28.0,3.0,4.0,77.8,12.5,-4.5,219.0,106.0,221.0,363.0,30.0,35.0,3.0,2.0,44.4,0.5,-3.8,1
153.0,100.0,222.6,121.3,30.4,10.9,2.4,2.1,80.0,12.1,1.8,195.6,92.3,201.8,139.0,36.8,9.1,1.0,1.8,30.0,19.0,0.9,1
150.0,177.7,186.3,233.0,21.5,31.5,1.0,1.7,33.3,-0.2,7.2,169.2,203.5,224.8,230.2,21.7,28.3,1.0,1.3,66.7,-2.0,-2.9,0
223.5,272.5,306.5,221.5,33.0,38.5,2.5,0.0,50.0,-3.0,-4.7,115.0,212.5,280.0,290.5,20.0,48.0,2.0,1.5,40.0,-14.3,-12.1,0
214.4,163.8,277.4,217.6,41.0,23.5,1.8,1.6,50.0,2.8,-7.7,158.1,189.6,211.3,216.0,20.6,34.0,2.9,1.4,30.0,-12.8,-6.4,1
111.7,114.5,252.0,212.3,26.0,21.0,2.0,1.5,70.0,5.4,0.0,101.2,179.9,237.5,184.0,24.0,28.1,2.8,2.1,70.0,-7.4,-8.7,1
125.2,170.1,347.2,260.8,30.8,32.9,2.3,2.3,70.0,6.9,4.3,188.9,165.7,240.2,157.8,27.7,22.1,2.4,1.6,50.0,6.6,0.3,1
209.3,201.7,271.3,276.3,26.3,41.3,3.3,1.7,44.4,-13.8,-2.0,140.5,204.5,173.0,339.0,18.5,46.5,5.5,2.5,11.1,-22.9,-19.7,1
213.3,102.9,214.0,145.1,32.4,12.3,1.3,1.8,30.0,25.0,7.8,136.5,148.2,317.5,217.9,37.1,22.4,0.9,1.4,70.0,13.0,1.6,1
167.0,109.0,216.0,276.0,13.0,20.0,0.0,1.0,60.0,-2.3,-1.2,48.0,160.0,250.0,222.0,14.0,34.0,2.0,2.0,50.0,-3.6,7.1,0
116.5,154.5,123.0,146.5,14.5,24.5,2.0,3.0,100.0,10.2,4.2,164.0,84.0,136.0,200.0,31.0,17.0,4.0,2.0,60.0,8.6,-6.3,0
162.9,103.4,285.1,242.9,33.4,19.1,1.9,2.1,80.0,14.0,4.0,352.3,186.7,93.0,246.1,28.0,29.6,1.6,1.0,80.0,-1.8,-5.0,0
160.5,267.0,182.5,285.5,23.5,44.0,1.0,1.5,11.1,-9.0,-4.2,127.0,152.5,155.0,256.5,23.5,21.0,1.0,2.5,50.0,-5.7,-8.6,0
85.6,155.4,239.9,208.1,18.6,26.6,1.4,2.1,10.0,-10.7,-4.0,138.4,240.1,197.1,228.9,24.4,31.1,1.1,1.4,30.0,-13.5,-11.1,0
114.9,248.9,332.7,234.4,33.0,32.1,1.9,1.9,60.0,-2.4,-4.5,77.2,174.8,280.4,171.0,22.1,23.0,1.9,1.5,50.0,-8.2,-7.1,0
181.6,127.9,134.9,180.0,25.3,15.0,1.1,2.5,100.0,16.2,7.3,151.1,128.3,148.3,234.2,21.5,27.7,2.5,1.7,80.0,-3.0,0.3,1
90.6,127.0,285.2,220.6,23.0,20.8,1.8,2.0,60.0,0.3,-0.3,51.0,145.8,224.4,251.0,22.2,31.2,2.4,2.0,40.0,-12.8,-11.1,0
216.0,96.0,163.0,268.0,17.0,7.0,1.0,2.0,44.4,1.6,-7.3,121.0,200.0,170.0,231.0,21.7,27.3,0.7,0.7,77.8,-8.3,-8.0,0
112.7,192.6,197.9,185.5,19.1,26.5,2.1,2.0,30.0,-0.8,2.3,212.2,166.8,264.1,250.8,36.6,33.2,1.3,1.3,40.0,8.0,4.3,1
248.7,121.3,231.3,354.3,39.7,40.3,1.7,1.7,60.0,-5.6,-7.8,130.0,237.5,251.5,356.0,18.8,46.0,1.8,1.3,40.0,-19.1,-10.8,1
190.1,112.0,200.5,255.3,26.8,22.3,1.8,1.5,18.2,7.5,3.4,102.8,126.3,278.5,307.0,23.5,28.5,0.8,1.6,60.0,-2.3,-0.3,1
197.5,100.4,187.4,140.4,35.3,11.4,1.5,1.8,30.0,19.3,4.1,108.0,124.3,219.7,226.0,19.5,25.8,2.0,1.8,40.0,-2.4,2.3,0
165.5,351.5,240.0,166.0,31.0,33.5,1.5,2.5,66.7,6.9,2.6,88.5,187.3,322.5,227.0,22.8,30.5,1.3,0.3,0.0,-17.9,-13.2,1
181.2,83.7,319.8,186.3,39.5,12.5,1.2,2.2,70.0,14.1,-3.9,117.8,156.6,124.0,191.2,15.2,25.6,2.0,2.4,70.0,-13.2,-6.8,1
50.0,168.0,243.0,396.0,15.0,47.0,3.0,1.0,50.0,0.0,-3.4,1.0,275.0,213.0,241.0,14.0,40.0,1.0,0.0,50.0,-9.1,18.1,0
144.7,141.7,377.6,268.9,44.7,28.1,1.3,1.4,33.3,20.4,9.8,178.0,158.3,122.3,222.8,20.8,26.5,1.1,1.6,44.4,4.7,7.2,0
160.3,186.5,212.8,224.3,20.3,36.8,2.8,1.0,50.0,-13.7,-8.2,328.3,131.3,86.3,118.0,29.0,14.3,1.3,1.0,30.0,0.9,-13.4,0
197.3,159.5,291.5,207.5,45.5,24.7,1.2,1.5,60.0,19.7,8.1,192.0,65.0,201.4,152.0,25.0,12.2,2.0,2.2,30.0,15.2,4.1,1
107.0,177.8,212.3,272.3,20.0,33.3,1.5,1.7,30.0,-15.8,-9.9,108.8,141.3,261.0,262.0,23.8,34.2,2.0,0.8,60.0,-6.6,-5.4,1
145.4,118.0,142.0,222.0,21.4,20.4,1.7,0.9,70.0,0.7,-3.1,197.4,146.8,203.0,176.4,27.3,19.6,1.1,1.4,70.0,2.4,-1.2,1
212.0,129.3,247.0,255.0,29.0,24.7,1.3,0.7,40.0,6.3,-0.5,198.0,185.8,118.8,228.8,17.8,36.3,1.5,0.8,10.0,-11.0,-1.4,0
223.2,117.5,332.3,228.3,45.5,25.8,1.0,2.0,50.0,21.1,6.9,132.8,188.5,183.3,221.2,13.7,28.0,1.7,1.8,50.0,-13.2,-5.8,0
87.0,141.0,265.8,177.0,15.5,24.5,3.0,1.8,50.0,-5.6,-4.5,106.0,127.8,323.5,217.3,27.3,19.5,1.3,3.0,30.0,-2.7,-9.8,1
200.7,117.0,232.7,244.5,32.0,26.0,1.2,1.2,60.0,9.5,5.6,92.3,177.3,208.3,194.5,26.8,25.3,0.8,1.5,55.6,6.1,4.8,0
199.2,112.2,330.0,161.5,53.6,11.5,1.2,2.7,50.0,33.1,6.8,172.9,178.1,243.3,236.3,32.6,25.1,1.7,1.9,50.0,4.1,-1.4,0
93.1,214.6,213.9,267.7,18.7,28.9,1.9,1.6,36.4,-7.8,-5.2,114.7,234.6,277.6,199.4,25.7,27.3,1.3,1.0,50.0,-8.7,-6.8,0
320.1,126.6,68.4,239.1,33.6,20.3,0.6,2.1,77.8,8.6,0.3,155.8,237.5,246.4,262.8,28.1,45.1,2.0,1.3,70.0,-16.0,-7.9,1
186.2,155.6,179.5,152.2,24.5,17.9,1.5,1.9,88.9,10.9,4.8,135.1,149.8,208.9,174.5,23.7,21.7,1.4,1.8,33.3,3.8,1.8,0
164.7,148.2,265.8,209.5,29.2,22.2,2.2,2.2,22.2,6.6,2.9,192.9,223.1,117.3,201.5,20.0,33.6,1.1,1.0,77.8,-8.1,-1.1,1
186.6,195.9,147.0,174.0,25.9,24.0,1.9,1.6,50.0,2.5,0.4,142.4,202.7,142.0,177.0,13.6,25.0,1.4,1.3,80.0,-3.7,-0.6,1
50.0,343.0,293.0,44.0,10.0,31.0,1.0,0.0,70.0,0.7,0.1,98.0,263.0,582.0,417.0,50.0,55.0,0.0,2.0,50.0,-9.6,-12.9,1
215.5,86.5,176.0,205.5,34.0,15.3,1.3,3.0,60.0,12.2,0.1,57.7,266.0,231.0,267.0,8.0,48.3,3.0,2.0,50.0,-15.5,-6.2,1
118.5,156.0,161.5,291.5,17.0,48.5,3.0,1.5,30.0,-5.2,-0.5,109.0,273.0,222.5,230.0,9.5,43.5,3.0,1.0,40.0,-14.8,11.9,1
186.0,104.3,242.0,142.3,35.0,8.7,2.0,1.7,40.0,6.2,-9.0,65.5,199.0,254.8,155.0,24.5,22.3,1.5,2.0,30.0,0.5,-1.0,1
115.2,140.0,324.3,202.5,26.0,22.5,1.2,2.2,30.0,-4.3,-8.6,263.7,123.2,121.2,309.2,23.8,24.8,1.3,1.7,72.7,-0.6,-3.4,0
385.0,169.7,80.3,136.0,26.3,18.3,1.0,1.7,30.0,7.1,-1.1,355.5,207.5,146.0,131.0,25.5,20.0,1.5,2.5,80.0,-2.2,-8.8,1
221.8,110.3,207.6,277.1,33.1,26.0,1.6,2.0,30.0,2.4,-5.9,156.7,182.1,341.9,289.4,33.4,36.7,3.0,2.3,80.0,-7.4,-8.0,1
75.8,267.2,213.4,202.0,16.2,39.6,2.0,1.5,80.0,-22.9,-11.8,129.7,224.1,214.9,194.0,26.0,31.7,0.9,1.2,80.0,-8.9,-4.8,0
214.8,84.2,293.0,194.2,40.5,12.5,1.8,1.5,70.0,15.3,-3.6,120.3,202.0,153.9,208.1,22.3,24.4,1.3,2.4,30.0,-0.3,1.3,0
121.8,113.0,209.7,256.8,24.5,23.0,1.8,2.7,70.0,-4.1,-6.6,142.3,195.0,203.5,209.8,18.2,31.8,2.0,1.7,72.7,-12.5,-7.3,0
78.4,192.4,187.0,238.2,12.8,31.0,3.2,2.6,60.0,-9.0,-4.5,98.0,160.0,104.7,199.1,11.7,29.9,2.4,1.3,90.0,-13.6,-3.7,1
229.4,208.0,237.0,217.4,39.2,28.2,1.2,2.4,30.0,9.0,1.8,189.6,198.2,217.0,185.8,20.6,33.8,2.6,1.0,44.4,-7.6,-1.6,1
141.8,159.4,262.3,259.1,31.3,31.3,1.4,1.6,70.0,4.9,4.6,254.9,227.7,143.6,275.9,25.4,37.7,1.3,1.7,40.0,-21.8,-14.2,0
172.1,139.2,238.4,251.8,24.6,28.5,0.9,1.3,50.0,-1.1,2.2,96.0,130.0,197.3,192.7,17.9,25.7,2.1,2.0,60.0,-9.4,-6.9,0
99.7,182.3,195.0,199.0,17.0,24.0,2.3,0.7,50.0,-6.4,-6.8,108.8,72.5,206.5,181.3,28.0,15.3,2.0,1.8,50.0,6.8,0.2,0
103.0,195.5,199.0,184.0,15.5,23.5,1.5,0.0,80.0,13.9,16.1,92.0,103.0,278.0,206.0,20.0,14.0,1.0,1.0,60.0,-4.9,-16.6,1
186.6,113.1,123.0,196.4,24.5,17.9,1.0,1.6,100.0,9.1,5.0,151.9,243.9,203.8,224.6,21.4,38.1,1.6,1.6,100.0,-15.5,-7.7,1
211.0,33.0,167.0,66.0,20.0,2.0,5.0,1.0,100.0,9.2,-15.1,217.5,55.5,175.5,242.0,33.0,11.0,1.0,2.5,70.0,9.1,-0.2,0
302.7,119.0,256.7,247.0,50.0,24.7,1.3,1.7,10.0,12.6,-6.3,111.3,227.5,186.5,139.3,21.5,24.5,2.0,1.8,100.0,-6.5,-8.2,0
122.6,114.9,266.1,185.9,26.4,19.9,1.3,1.7,50.0,14.1,6.6,25.7,193.0,163.0,197.7,13.6,27.1,2.0,1.7,70.0,-12.0,-7.0,0
140.9,123.6,286.1,199.4,32.4,13.5,0.8,1.5,66.7,12.3,-2.2,162.8,123.3,305.9,238.3,37.0,22.3,1.0,1.8,66.7,10.8,0.3,1
164.5,149.3,235.0,200.3,27.3,22.3,1.8,1.5,80.0,0.4,-3.5,186.0,114.0,206.6,155.2,34.4,22.2,1.4,2.0,77.8,15.7,1.2,0
30.2,124.2,318.6,212.0,14.8,29.6,3.8,1.4,50.0,0.1,9.6,109.0,207.3,188.8,292.8,11.8,38.3,2.3,1.5,80.0,-16.6,3.5,0
268.6,124.1,235.1,166.1,44.8,13.8,0.8,2.0,100.0,29.3,10.2,222.4,245.6,182.4,204.8,26.5,29.0,1.6,1.1,44.4,0.6,-0.6,1
269.3,47.0,203.0,158.0,48.3,10.3,1.0,2.3,60.0,20.6,-8.1,175.3,217.0,160.7,225.0,20.0,27.3,3.0,0.7,40.0,-0.4,2.4,0
138.3,174.3,238.0,227.0,20.4,26.0,2.0,1.9,50.0,-10.0,-7.0,135.1,183.2,188.0,212.8,22.2,30.8,2.0,1.7,36.4,-13.4,-8.9,1
144.5,163.5,236.0,145.5,20.5,20.5,2.0,1.0,90.9,-7.4,-15.7,141.0,115.5,198.0,162.5,34.5,19.0,1.5,0.5,70.0,6.2,-1.9,0
115.5,101.0,179.8,160.0,17.8,19.0,1.0,2.5,30.0,8.5,5.9,100.3,234.3,296.8,225.3,25.3,32.5,1.3,1.5,40.0,-0.9,2.3,1
221.7,95.3,229.2,156.3,39.4,13.3,1.3,2.3,100.0,20.4,3.5,148.7,170.3,339.8,189.1,36.7,24.5,1.8,1.9,20.0,15.5,8.1,1
140.3,103.3,197.3,209.6,28.3,21.6,1.1,1.9,66.7,4.0,-2.4,145.1,217.0,227.9,195.3,30.0,31.7,2.3,2.6,55.6,-3.4,-5.9,0
122.5,73.0,363.5,245.5,37.5,16.5,1.0,2.0,70.0,14.2,1.0,249.5,243.5,238.0,203.0,32.5,42.5,2.5,0.5,70.0,0.7,-0.5,1
214.1,146.1,195.9,230.7,30.4,21.6,1.1,1.1,66.7,14.5,8.3,151.5,135.4,145.9,218.6,10.7,19.2,2.2,1.6,80.0,-1.0,3.2,0
72.5,171.5,249.5,213.5,17.5,27.0,1.0,2.0,60.0,-2.2,-7.2,93.5,208.5,184.0,227.0,12.5,44.5,2.5,0.0,40.0,-11.8,-7.4,0
164.0,145.0,188.0,127.0,42.0,10.0,1.0,2.0,70.0,5.4,-18.9,264.0,65.0,178.0,366.0,38.0,41.0,3.0,1.0,50.0,-3.0,-5.9,0
196.4,199.3,280.0,224.9,31.4,27.0,1.1,1.1,70.0,12.6,9.2,121.2,230.7,242.3,303.5,21.7,45.2,2.0,1.5,30.0,-9.9,-3.5,1
156.4,100.2,338.6,251.0,42.6,22.6,1.0,1.4,70.0,15.6,2.6,125.8,119.4,164.0,215.6,14.8,14.4,0.6,1.0,50.0,16.5,9.0,1
215.2,203.0,168.9,267.8,26.5,40.1,1.5,1.4,77.8,-15.6,-10.1,150.9,128.9,270.9,249.3,28.7,28.4,2.2,1.7,11.1,-3.5,-5.3,0
190.6,116.8,305.7,200.3,47.3,23.7,1.3,2.3,70.0,15.9,0.7,112.8,184.1,139.9,175.5,13.5,25.4,2.4,1.7,30.0,-9.0,-1.5,1
279.8,97.5,339.8,262.5,54.0,18.8,1.0,2.8,80.0,22.9,5.9,50.0,219.7,246.3,165.7,16.0,28.7,2.7,1.0,70.0,-4.8,-2.1,1
176.0,62.7,200.6,192.1,28.6,14.6,2.1,1.3,100.0,14.3,7.3,299.1,150.7,191.1,220.7,36.6,25.4,1.7,1.6,60.0,10.5,5.6,0
78.0,194.7,231.0,227.3,15.6,35.0,3.3,1.9,50.0,-17.9,-13.0,117.7,213.3,178.4,182.9,14.2,28.7,1.7,1.3,40.0,-15.5,-8.5,1
258.7,204.9,241.3,222.4,39.9,33.4,2.0,2.0,22.2,3.3,-1.9,129.4,182.3,347.4,247.4,25.1,31.9,2.3,1.0,66.7,-2.9,-1.8,1
308.9,121.0,114.0,234.0,31.0,22.7,2.3,1.3,90.0,12.8,4.3,119.8,157.2,241.7,203.3,27.3,28.2,1.7,1.3,70.0,-0.2,-0.9,0
185.4,112.4,281.6,240.4,34.2,18.0,1.0,1.8,55.6,8.1,-2.4,301.4,166.0,216.6,268.4,36.6,30.2,2.2,0.8,11.1,8.2,1.6,1
157.3,97.0,253.5,223.8,33.2,17.2,0.3,2.2,60.0,11.1,1.2,194.4,121.6,244.4,223.0,33.0,19.4,1.3,2.1,30.0,8.8,-1.8,0
214.1,161.9,179.9,239.6,26.5,31.0,2.0,1.8,50.0,7.0,7.4,265.7,139.3,184.4,292.2,25.9,26.8,1.0,1.1,90.0,2.6,3.4,0
207.0,254.3,252.7,217.3,46.0,27.7,1.0,3.0,50.0,9.9,-0.2,111.3,137.8,288.8,272.5,26.3,28.8,0.8,4.0,40.0,-12.2,-9.7,1
238.5,106.5,300.5,241.0,53.0,27.5,2.5,3.0,10.0,5.4,-11.4,186.0,98.0,377.5,322.5,41.0,35.5,1.5,2.0,30.0,-0.8,-4.1,1
189.0,15.0,298.0,154.0,45.0,14.0,1.0,3.0,72.7,4.0,-16.1,19.0,292.5,188.0,134.0,13.0,36.0,2.5,2.5,50.0,-26.5,-11.9,0
252.9,112.9,167.3,167.8,33.8,14.6,1.2,1.4,88.9,20.4,8.6,164.2,128.6,188.4,285.2,28.0,26.8,1.3,1.7,44.4,0.5,-2.1,1
208.6,163.2,205.2,223.2,27.8,27.8,2.8,2.4,90.9,1.7,0.9,130.4,189.8,172.0,220.0,15.4,23.6,3.4,1.2,40.0,-1.2,3.5,1
123.1,155.3,212.3,262.8,22.0,30.2,2.2,2.3,50.0,-10.1,-4.2,151.3,121.8,219.3,226.7,26.3,19.4,1.2,1.6,50.0,-5.2,-10.2,1
296.0,220.0,356.0,266.0,56.0,17.0,0.0,3.0,44.4,11.6,-19.6,93.0,262.5,331.5,249.0,23.5,45.0,1.0,0.5,44.4,-3.3,-4.0,0
110.6,202.1,189.0,256.6,21.2,37.8,1.4,1.6,40.0,-12.2,-0.8,121.4,197.8,223.3,209.5,21.8,26.8,0.7,1.6,36.4,-7.5,-5.3,0
143.3,122.1,361.1,275.3,44.8,26.1,1.6,1.6,70.0,20.2,7.4,123.5,225.5,286.9,250.9,32.5,36.6,2.6,0.8,50.0,0.5,0.0,1
129.7,97.7,229.3,127.4,25.7,16.3,1.4,1.9,30.0,9.4,6.1,144.3,210.7,160.7,233.6,17.1,33.6,1.4,0.7,60.0,-15.8,-7.7,0
95.4,265.1,192.1,177.6,12.0,39.0,3.0,1.3,60.0,-25.0,-12.0,119.7,242.0,159.0,188.0,6.8,29.3,1.8,1.3,0.0,-22.8,-11.9,0
164.0,147.1,235.0,246.3,26.9,25.3,2.0,1.9,72.7,5.0,2.6,130.9,153.2,321.3,237.3,29.3,23.3,1.1,1.7,80.0,6.9,2.3,0
272.5,132.0,161.0,237.0,40.0,29.5,0.5,1.5,90.0,18.8,12.3,114.5,260.0,219.5,211.0,13.5,41.0,0.5,1.0,60.0,-22.7,-14.8,0
209.0,67.0,172.0,433.0,54.0,27.0,0.0,4.0,70.0,9.5,-8.6,238.0,82.0,129.5,183.0,29.5,22.5,1.5,1.0,80.0,4.4,3.1,1
90.8,165.6,285.6,261.0,23.0,36.8,2.2,0.8,60.0,-5.3,-2.4,70.6,193.2,271.0,300.0,16.0,44.4,2.2,1.0,36.4,-25.2,-13.8,0
116.6,152.1,242.7,156.0,24.4,18.9,1.7,1.0,77.8,-6.8,-9.4,135.4,109.3,298.0,258.4,29.8,26.6,1.6,1.2,77.8,-2.8,-7.5,1
158.3,76.7,257.7,190.7,27.3,15.0,1.3,1.3,50.0,11.0,3.8,104.0,163.3,275.3,285.7,31.7,30.3,1.3,1.7,50.0,-9.7,-9.2,0
178.8,113.3,238.3,356.3,31.0,26.7,1.3,1.6,30.0,9.6,6.9,144.6,91.2,341.5,273.8,40.2,24.4,1.2,1.6,70.0,14.9,3.8,1
135.3,95.6,188.6,141.3,27.1,13.7,2.0,2.1,30.0,8.0,-1.1,90.1,63.6,216.3,202.3,19.4,15.6,1.6,2.1,80.0,1.5,-3.4,1
144.9,140.3,110.8,194.0,20.2,19.3,1.6,2.2,80.0,1.0,0.7,117.9,135.1,182.4,207.2,21.9,22.0,1.8,2.6,50.0,1.8,-0.7,0
75.3,202.6,176.0,179.3,13.9,30.3,2.4,1.6,36.4,-11.8,-6.4,125.3,123.1,211.5,244.3,21.8,23.1,2.5,2.3,40.0,-8.7,-9.2,1
150.6,208.0,204.2,242.8,20.1,34.3,1.7,1.3,77.8,-17.1,-9.3,122.0,141.0,218.7,282.5,20.7,33.9,1.9,1.6,11.1,-16.8,-10.7,1
226.3,212.3,239.3,167.8,37.3,19.0,1.5,1.0,44.4,12.0,-0.6,112.6,163.8,240.6,257.6,24.0,37.6,2.0,0.8,80.0,-5.6,1.3,1
127.8,148.5,291.8,239.8,23.3,27.5,1.0,1.3,70.0,-3.2,-5.0,175.8,193.4,186.4,215.0,16.2,35.0,2.4,0.6,50.0,-16.5,-8.3,0
167.9,165.9,240.7,214.4,29.3,26.8,2.1,1.8,60.0,8.6,5.7,187.0,113.0,197.1,205.2,33.1,26.6,1.2,1.5,30.0,5.0,1.1,0
201.6,123.4,198.8,230.4,31.0,16.8,1.0,2.0,30.0,8.0,-0.2,172.5,91.3,208.5,206.8,24.0,12.0,2.5,2.3,60.0,4.1,-7.3,0
189.0,104.4,207.7,250.7,27.3,24.7,1.4,2.3,60.0,-10.8,-14.9,211.5,142.8,335.0,235.3,40.7,25.7,0.8,0.8,60.0,5.6,-6.9,1
153.7,220.5,276.6,233.5,31.4,31.4,1.5,1.0,33.3,9.7,8.9,87.2,211.2,197.5,201.6,18.3,29.1,1.9,1.4,36.4,-13.6,-8.9,1
71.3,185.8,231.3,219.8,19.3,29.5,3.0,1.5,60.0,-11.7,-10.0,133.6,176.2,340.8,261.8,32.6,37.8,2.2,2.4,60.0,-6.8,-3.5,1
146.0,115.5,178.5,163.8,23.3,19.3,2.3,2.0,30.0,-2.0,-5.7,139.0,250.6,279.4,199.0,30.6,30.6,1.2,1.0,50.0,-7.4,-6.1,0
274.6,143.9,243.1,300.3,34.4,29.0,1.4,1.0,80.0,1.5,-1.5,199.7,127.9,129.4,183.9,25.7,18.7,1.7,1.7,70.0,5.4,1.9,0
189.3,209.0,195.5,196.8,31.8,35.5,1.3,1.3,33.3,-15.5,-17.1,117.0,126.8,257.3,215.2,20.0,25.5,2.0,0.7,11.1,-9.8,-6.5,1
202.9,92.2,234.3,224.3,31.7,21.1,0.9,1.4,100.0,18.3,11.1,250.9,148.9,307.4,261.2,42.4,30.3,0.9,1.0,40.0,14.2,4.9,1
100.0,138.0,439.0,88.0,41.0,3.0,2.0,1.0,77.8,17.1,-14.1,399.0,124.0,205.0,433.0,59.0,30.0,0.0,1.0,66.7,13.8,-10.8,0
190.7,113.3,235.8,153.3,34.0,11.7,1.3,1.3,40.0,10.8,-2.0,103.8,155.5,201.8,204.0,13.3,18.0,2.0,1.7,90.9,-4.4,-3.4,0
211.9,85.0,143.4,228.9,24.6,25.3,1.6,2.3,50.0,-8.3,-11.1,112.9,216.7,289.3,241.0,26.9,32.4,1.4,1.9,30.0,-11.2,-7.5,0
214.8,158.9,296.3,206.9,42.1,23.2,1.9,1.6,50.0,2.9,-8.8,135.7,105.3,324.0,230.7,40.5,20.5,1.3,1.8,70.0,4.7,-6.4,0
223.1,165.7,173.8,225.3,26.9,24.4,1.2,1.4,77.8,0.7,-0.6,187.3,195.9,392.7,224.6,37.2,30.2,2.3,1.1,77.8,3.9,-1.7,0
127.6,129.9,196.3,238.5,17.0,33.0,2.3,1.8,60.0,-13.8,-4.9,130.0,135.4,274.4,234.6,35.6,23.1,1.9,3.0,50.0,12.2,5.6,1
116.8,143.6,188.1,219.9,19.7,24.7,2.5,1.7,60.0,-7.9,-7.9,138.7,191.2,206.5,226.5,27.8,32.6,1.3,2.3,50.0,-4.9,-2.0,0
154.1,131.6,186.9,166.6,27.6,18.7,1.9,2.3,30.0,13.5,5.2,154.5,108.6,228.4,205.9,31.5,19.1,0.9,1.9,90.0,12.3,4.1,1
103.5,313.0,267.4,190.5,23.9,47.8,2.0,1.0,30.0,-22.5,-10.4,136.9,211.4,145.0,144.8,15.2,27.6,2.4,1.7,60.0,-13.9,-7.4,0
104.3,130.7,189.0,248.9,21.3,27.4,1.7,1.3,80.0,3.6,5.1,22.9,179.4,344.3,251.9,20.1,31.0,2.4,1.6,50.0,-9.1,-4.4,1
112.0,107.0,175.0,318.0,10.0,31.0,3.0,0.0,80.0,-1.3,-4.9,95.0,250.0,94.0,208.5,3.5,29.0,0.5,2.0,50.0,-9.7,2.2,1
130.5,168.0,190.0,209.0,24.0,29.5,0.0,1.5,80.0,-10.0,-7.1,127.0,113.0,345.0,120.0,41.0,17.0,2.0,3.0,70.0,6.9,-12.9,0
108.0,161.0,286.0,116.3,27.7,15.3,0.3,1.3,30.0,-4.0,-8.1,173.5,117.8,216.8,267.8,34.3,22.8,0.8,2.8,80.0,-4.4,-11.1,0
159.8,228.0,228.0,303.2,23.0,39.8,1.8,1.3,33.3,-16.6,-9.2,96.8,194.0,194.4,175.8,19.8,31.6,2.2,2.0,33.3,-23.5,-18.1,0
212.0,127.8,287.0,276.4,36.9,28.6,1.0,1.7,90.0,14.6,7.1,143.3,170.7,319.2,276.2,33.3,31.6,1.2,0.9,40.0,5.2,2.5,1
115.0,152.0,240.0,275.0,29.0,36.0,3.0,1.0,50.0,-10.7,-15.2,293.5,78.5,192.5,203.0,39.5,21.5,0.5,2.0,44.4,5.3,-1.5,0
174.9,152.4,318.3,241.4,35.3,23.1,1.7,2.4,50.0,12.9,2.8,134.9,202.1,219.4,236.6,18.9,33.4,2.0,1.9,81.8,-5.4,0.4,1
192.1,85.5,208.5,239.7,29.8,24.5,1.8,2.0,30.0,4.9,-0.4,108.0,203.5,351.6,199.6,23.7,28.4,2.5,1.9,70.0,-11.2,-9.1,1
214.0,132.1,274.7,311.4,37.9,29.5,1.1,2.5,30.0,-0.3,-6.6,203.1,108.3,247.5,243.6,36.7,29.0,1.0,1.9,70.0,-0.8,-7.9,0
140.3,161.8,219.5,172.5,24.8,26.0,2.0,1.5,80.0,-1.3,-0.7,177.7,163.7,244.5,199.5,25.0,23.5,2.3,2.2,80.0,-0.1,-1.4,0
170.3,194.3,319.0,185.0,38.7,19.0,0.7,1.3,30.0,2.6,-11.1,181.4,161.8,244.8,201.6,31.6,19.8,0.4,1.4,66.7,7.9,2.9,1
163.0,181.0,209.6,248.0,30.0,28.9,0.7,1.7,44.4,-13.6,-13.5,182.0,192.3,334.6,289.7,38.4,34.1,0.9,1.7,11.1,0.2,-5.3,1
377.0,78.0,255.0,194.0,51.0,6.0,0.0,1.0,20.0,5.8,-25.4,159.0,75.0,197.0,166.0,52.0,7.0,1.0,5.0,60.0,12.8,-13.8,1
108.2,175.0,163.8,189.8,17.3,22.7,2.5,2.5,60.0,-3.0,-2.3,100.8,227.7,204.2,175.8,20.8,35.5,1.5,1.5,50.0,-14.4,-8.4,0
148.3,261.4,168.6,249.1,14.9,46.4,1.3,1.0,50.0,-23.8,-7.9,201.8,203.3,219.0,235.6,35.8,29.8,1.2,1.4,70.0,12.4,8.5,1
138.7,159.8,306.2,218.5,34.0,26.5,2.2,2.5,50.0,6.2,1.7,217.8,111.7,195.0,200.0,30.8,17.8,2.0,1.5,50.0,12.1,2.6,0
266.0,105.0,244.5,186.5,38.0,12.0,2.0,3.0,44.4,30.2,9.5,131.0,175.0,253.0,267.0,22.0,31.5,2.5,2.5,30.0,1.3,2.2,0
126.2,118.0,169.8,229.6,24.2,18.6,1.6,2.0,81.8,3.7,-1.8,112.8,209.6,199.4,217.6,24.0,31.0,2.2,2.2,10.0,-9.6,-7.5,1
134.6,197.1,126.3,233.6,15.3,28.6,1.6,1.3,50.0,-4.7,-0.2,145.6,176.4,156.4,287.6,26.0,39.9,1.1,1.6,44.4,0.3,6.3,0
150.6,209.2,195.2,193.7,20.9,31.5,1.4,1.5,70.0,-1.0,6.6,87.8,222.8,236.8,240.3,18.4,37.3,1.9,1.7,50.0,-11.0,2.0,1
210.3,208.3,201.7,199.3,34.3,23.0,1.0,1.3,30.0,15.9,9.7,121.7,275.0,442.3,240.3,48.7,38.3,2.0,1.3,33.3,7.4,-0.7,1
200.5,147.5,306.8,236.3,37.5,29.5,2.0,1.3,40.0,11.0,2.8,284.7,172.7,302.0,302.3,36.7,29.0,2.3,2.3,50.0,-6.6,-14.4,1
97.7,76.1,333.2,255.1,28.6,20.8,2.1,2.5,9.1,7.1,1.6,200.0,153.6,157.3,242.4,20.1,31.2,2.1,1.3,40.0,-16.3,-12.5,0
154.4,202.3,278.4,230.6,28.5,30.1,1.3,1.4,30.0,-10.4,-9.3,101.6,199.2,241.2,244.1,19.3,32.0,2.2,1.6,30.0,-12.7,-10.3,0
295.0,136.3,300.3,192.0,57.5,14.0,1.3,3.0,90.0,32.4,1.2,231.0,171.3,295.3,146.3,32.8,18.5,1.3,1.3,70.0,16.6,7.2,0
132.3,74.7,200.0,230.7,22.7,18.0,1.3,1.7,50.0,6.1,2.6,169.3,170.3,220.7,182.7,29.3,24.7,1.7,2.0,80.0,8.2,-0.1,1
163.7,131.7,199.2,188.1,25.5,15.6,1.7,2.5,80.0,8.7,1.2,352.4,175.0,86.6,250.2,38.8,34.5,1.2,1.3,80.0,-5.3,-8.6,1
110.9,120.4,203.4,212.3,18.7,25.9,2.4,2.2,40.0,-14.6,-12.0,177.1,104.7,166.7,251.2,29.7,22.3,2.4,2.2,60.0,-5.7,-13.0,1
117.2,133.2,229.7,155.3,24.8,17.0,2.2,2.5,60.0,8.2,2.6,98.6,166.0,213.2,231.1,24.3,27.0,2.2,1.8,60.0,-1.6,-0.2,0
104.2,156.3,251.0,260.8,26.1,30.8,1.1,1.8,70.0,-0.8,0.5,156.2,238.8,226.1,222.9,22.0,35.7,1.8,2.0,40.0,-6.6,-0.5,0
123.1,147.4,172.1,239.2,18.9,25.3,2.0,1.9,70.0,-7.7,-4.0,127.3,158.9,305.4,221.9,33.0,25.1,2.7,2.1,20.0,1.1,-7.6,0
205.7,118.6,315.4,251.4,44.3,27.3,1.6,2.0,70.0,7.5,-3.7,221.3,187.2,176.7,308.5,29.8,33.0,1.3,1.0,80.0,1.8,1.5,1
231.6,69.4,252.8,188.0,44.0,13.0,1.0,1.6,88.9,27.5,8.5,158.0,165.5,256.5,224.3,32.0,26.5,1.5,1.5,22.2,6.3,0.4,1
150.9,203.9,290.8,246.8,33.3,33.0,2.0,2.4,50.0,6.2,5.5,98.4,135.1,206.0,262.7,19.4,32.4,2.3,1.7,40.0,-9.7,-1.9,0
168.2,183.5,221.5,229.3,33.2,32.8,1.5,2.7,66.7,-3.2,-5.5,136.6,213.6,362.3,238.9,36.9,38.1,2.6,1.1,70.0,-4.5,-5.0,1
337.0,80.0,155.0,205.0,31.0,14.0,1.0,0.0,77.8,8.1,-4.9,144.0,119.0,343.0,129.0,35.0,21.0,2.0,1.0,77.8,7.0,-3.2,0
231.8,121.8,204.3,131.5,34.5,12.3,2.5,2.3,100.0,21.2,2.3,233.3,102.0,264.7,343.7,35.0,27.0,0.7,2.0,100.0,-2.6,-8.3,1
157.0,185.0,258.7,276.0,33.0,38.7,1.0,0.3,55.6,0.5,6.9,167.5,96.5,266.0,307.5,30.5,30.5,2.5,3.5,80.0,7.4,9.7,0
102.0,205.0,311.0,237.0,16.0,34.0,2.0,2.0,77.8,-7.2,-8.8,132.0,266.0,168.0,370.0,16.0,59.0,1.0,1.0,33.3,-13.0,-12.7,1
212.0,155.0,292.0,253.0,58.0,24.0,3.0,3.0,88.9,10.9,-20.3,9.0,124.0,100.0,420.0,0.0,31.0,1.0,3.0,33.3,-23.2,-17.8,1
185.2,83.8,175.0,202.0,36.4,14.4,0.4,2.6,60.0,24.0,12.3,74.0,146.8,331.3,196.5,30.3,21.5,1.5,0.5,70.0,7.3,3.1,1
169.6,178.0,293.1,218.5,32.9,27.0,1.3,1.6,90.9,10.7,8.6,143.3,156.2,329.3,341.0,31.1,38.8,1.8,0.7,60.0,-10.6,-9.7,1
69.8,193.2,337.6,222.0,22.0,39.0,1.6,1.0,70.0,-8.8,-0.2,73.5,223.2,217.8,207.2,12.0,37.2,2.5,0.5,30.0,-14.7,2.7,1
229.8,134.9,158.5,257.8,28.6,28.9,1.0,0.9,33.3,-0.4,-1.8,149.0,161.1,179.8,292.8,27.0,35.8,2.3,2.0,66.7,-11.2,-9.1,0
155.4,180.6,216.8,233.3,28.9,27.0,1.3,2.1,60.0,1.8,1.3,153.3,136.7,209.9,230.8,27.1,29.3,1.8,1.6,30.0,-2.7,-1.9,1
143.0,193.0,215.8,201.5,22.0,29.3,1.5,1.3,77.8,7.7,11.3,223.3,108.0,301.7,415.7,50.3,41.3,1.3,1.7,66.7,3.7,-6.3,0
123.8,212.6,228.9,193.0,21.3,33.1,1.3,1.4,60.0,-9.1,-1.9,145.7,96.7,246.6,230.5,28.8,16.3,0.4,2.0,60.0,10.8,2.4,1
147.0,88.0,354.0,178.0,44.0,13.0,1.0,3.0,80.0,30.8,9.4,381.5,100.5,228.0,224.5,38.5,17.0,2.0,1.5,30.0,15.3,-3.6,1
136.7,175.6,266.3,250.9,31.6,29.0,1.1,2.0,44.4,1.5,-3.8,102.9,132.4,227.3,151.1,21.6,16.6,1.4,1.0,77.8,-9.1,-11.5,0
166.3,106.7,127.3,230.3,18.0,13.3,0.3,1.0,44.4,-3.9,-5.9,115.3,194.2,164.5,206.7,17.2,33.0,1.7,0.8,77.8,-12.9,-6.7,0
183.6,80.4,215.0,193.3,28.5,12.1,0.9,0.9,88.9,24.1,12.4,166.8,145.9,257.3,219.8,33.4,19.5,1.3,2.4,55.6,13.2,4.6,0
86.1,146.0,215.7,212.8,23.2,23.8,1.9,1.8,70.0,-0.7,-1.0,128.0,77.0,252.1,242.1,28.9,18.8,1.5,1.5,30.0,9.2,3.3,0
258.0,230.0,134.0,193.0,17.0,35.0,3.0,1.0,77.8,-2.4,-3.7,98.0,151.0,241.0,66.0,20.0,14.0,2.0,0.0,77.8,-14.3,-17.1,0
98.5,168.5,223.5,236.5,18.0,26.5,2.0,2.0,70.0,-4.6,1.5,101.0,337.0,363.0,61.0,49.0,7.0,3.0,2.0,50.0,4.6,-16.9,1
178.5,160.0,368.3,356.8,44.0,31.8,1.0,1.0,80.0,5.0,-5.6,158.4,137.6,342.6,209.4,41.0,23.0,2.4,2.2,90.0,18.2,8.7,0
132.3,206.3,321.7,223.7,32.0,38.7,0.7,1.0,50.0,0.0,-0.4,75.0,103.7,260.3,283.3,28.7,31.3,1.3,2.3,10.0,-3.6,-5.2,1
106.4,237.5,295.6,261.3,24.9,39.4,1.6,1.3,66.7,-12.6,-8.2,126.8,243.1,194.6,239.0,18.0,42.8,1.8,1.3,70.0,-24.5,-12.9,1
136.4,169.9,220.6,203.3,17.9,33.1,2.3,1.6,20.0,-5.2,0.7,244.4,131.9,350.9,243.4,54.7,25.0,1.6,2.4,30.0,11.0,-11.7,1
236.6,97.1,215.8,142.4,35.1,10.0,1.3,1.6,60.0,20.3,4.4,186.9,129.6,224.3,169.8,29.1,16.4,1.8,2.0,80.0,6.2,-4.5,0
338.5,87.5,40.5,182.5,29.5,13.5,0.0,2.5,55.6,-1.6,-7.2,212.0,155.0,151.0,225.5,22.5,31.5,1.0,0.5,22.2,-17.2,-13.6,1
198.7,247.0,218.2,263.8,26.7,39.8,1.7,1.3,66.7,-5.9,-2.8,95.3,243.8,222.3,206.5,18.7,37.8,2.2,1.0,77.8,-7.4,-2.8,1
366.0,206.8,104.5,211.0,30.8,29.5,1.5,1.3,30.0,-7.4,-12.5,119.0,203.5,297.5,300.0,29.0,35.8,1.8,1.8,40.0,-10.5,-8.2,1
94.8,150.3,302.9,194.5,25.6,22.7,1.2,1.4,60.0,-0.5,-1.9,166.0,329.5,219.5,184.1,25.2,42.7,2.1,0.9,30.0,-25.7,-14.5,0
157.8,127.8,246.8,233.0,30.8,25.0,1.0,1.8,60.0,4.2,1.4,66.3,178.8,253.0,169.8,16.0,23.5,1.8,1.7,50.0,-12.7,-8.6,0
195.3,113.0,285.0,198.7,38.7,14.8,0.8,1.3,33.3,15.5,3.1,167.1,152.7,209.7,212.7,22.3,22.0,1.6,1.9,55.6,3.5,-0.4,1
104.0,302.5,199.0,234.0,13.8,46.5,3.5,1.0,33.3,-28.9,-11.8,104.1,174.7,165.2,173.2,22.4,19.4,1.2,2.7,44.4,-2.6,-4.9,0
189.1,135.8,297.3,217.8,42.3,28.4,1.6,2.0,70.0,20.2,10.1,65.0,146.5,402.6,217.8,36.1,25.1,1.6,2.9,18.2,8.8,1.5,0
319.8,149.0,99.4,220.4,28.0,27.6,1.2,1.2,90.0,3.7,-2.0,114.5,204.5,201.5,193.5,20.3,26.0,2.3,0.5,10.0,-12.7,-16.2,0
242.3,182.3,159.0,189.7,41.7,33.3,2.3,3.0,30.0,12.4,4.7,199.5,87.0,123.5,126.5,27.0,14.0,3.0,4.5,80.0,0.4,-11.4,1
131.3,183.0,298.1,239.4,27.3,35.4,1.6,0.7,55.6,-1.2,0.0,165.4,143.9,294.7,271.1,36.6,31.0,1.4,1.0,11.1,8.1,1.9,0
153.8,89.3,205.5,151.8,35.5,12.5,0.8,2.5,30.0,19.6,1.1,95.3,202.3,240.0,185.7,17.3,42.7,2.0,0.7,20.0,-8.8,-5.6,0
236.2,117.4,127.6,226.6,31.2,26.6,0.8,1.8,44.4,4.6,3.5,128.3,228.2,170.3,206.3,16.5,36.3,2.7,1.2,50.0,-17.3,-9.1,0
294.0,-1.0,244.0,313.0,56.0,10.0,0.0,3.0,100.0,14.1,-14.8,206.0,69.0,180.0,256.0,56.0,14.0,1.0,4.0,40.0,6.3,-23.5,0
334.0,242.0,226.0,379.0,55.0,42.0,1.0,2.0,30.0,5.5,-12.3,94.0,112.0,233.0,207.0,3.0,24.0,5.0,0.0,44.4,2.5,-1.1,0
144.0,39.0,215.0,238.0,33.0,14.0,3.0,3.0,30.0,1.2,-15.3,380.0,34.0,277.0,49.0,63.0,7.0,3.0,3.0,70.0,10.1,-21.1,1
256.9,224.0,149.4,252.7,28.6,32.3,1.1,2.1,77.8,-9.1,-7.4,181.4,201.1,261.9,268.0,24.0,37.0,1.1,0.9,70.0,-16.6,-11.2,0
231.0,180.0,235.4,174.6,23.6,29.6,2.8,1.6,20.0,3.2,5.5,129.3,192.8,218.5,323.3,13.5,41.8,1.8,1.3,70.0,-27.5,-17.9,0
170.7,109.3,243.2,200.3,37.3,22.0,1.5,2.5,60.0,11.6,1.5,91.6,182.1,216.7,175.7,20.4,29.1,1.9,1.3,30.0,-5.2,-0.3,1
153.8,105.5,256.3,264.0,31.5,35.3,1.3,0.5,36.4,8.1,4.9,170.5,99.3,232.0,241.5,29.5,23.3,1.3,1.0,50.0,14.1,6.1,0
156.9,232.6,227.9,208.0,22.9,31.3,2.4,0.9,22.2,-7.0,-4.7,196.3,215.3,182.5,209.9,21.3,36.5,1.6,0.8,44.4,-18.7,-10.6,0
267.0,167.0,141.0,85.0,27.0,21.0,0.0,2.0,66.7,5.7,-5.0,158.0,173.0,286.0,325.0,30.0,34.0,1.0,0.0,66.7,-2.6,6.4,1
282.7,91.5,248.3,126.2,49.4,10.5,1.1,2.1,100.0,38.4,12.1,155.7,107.1,247.5,161.1,33.5,16.2,1.5,1.7,77.8,23.6,12.2,0
275.7,132.0,247.0,261.0,45.0,23.7,0.0,1.0,60.0,16.4,5.2,199.3,121.3,200.5,309.5,38.0,27.5,0.5,1.5,50.0,7.1,2.0,1
123.0,218.3,336.4,229.7,34.3,32.0,1.6,1.3,70.0,5.7,2.9,142.0,148.5,276.9,256.4,33.5,31.1,1.5,1.3,80.0,3.8,0.8,1
110.0,127.2,159.2,200.2,13.8,16.5,0.8,1.3,10.0,-7.5,-8.5,207.5,206.0,199.8,214.2,27.0,25.8,2.2,3.0,50.0,-5.2,-12.2,0
207.6,151.1,215.6,235.4,34.6,26.0,1.6,2.4,10.0,9.3,1.7,153.2,194.8,258.7,257.0,27.2,29.8,1.0,1.5,33.3,4.3,1.1,1
124.8,157.4,200.5,260.8,20.9,30.5,2.2,2.2,50.0,-10.6,-3.7,107.0,180.6,285.9,189.5,26.2,32.1,2.8,1.7,70.0,-9.3,-5.8,0
201.4,123.7,262.3,185.0,45.4,17.4,0.9,2.9,60.0,17.7,-0.8,373.8,110.8,161.0,286.3,41.3,25.6,1.7,1.5,20.0,5.5,-6.1,0
109.0,192.9,219.9,307.4,14.7,37.4,2.2,2.0,30.0,-21.3,-7.1,79.0,198.4,171.5,312.9,13.0,38.4,1.6,2.0,72.7,-27.4,-14.9,0
76.0,74.0,296.0,166.0,28.0,6.0,0.0,1.0,80.0,8.8,-7.4,304.0,110.0,189.0,58.0,55.0,7.0,0.0,3.0,44.4,12.9,-18.3,1
151.5,115.3,193.0,193.8,21.5,17.8,0.8,2.3,60.0,-1.7,-8.2,143.2,86.0,245.8,186.3,21.8,15.2,1.2,1.5,30.0,4.8,0.6,0
220.5,108.0,281.5,121.0,36.0,3.0,1.0,2.5,80.0,18.2,-3.3,155.0,235.0,358.0,271.0,48.0,54.0,3.0,2.0,50.0,-6.2,-8.7,1
127.3,75.5,247.5,158.3,25.0,10.3,2.5,1.5,40.0,10.7,-3.5,96.0,176.5,151.5,203.5,4.5,33.5,2.5,1.0,70.0,-5.9,-1.9,0
145.7,175.0,139.7,193.5,19.1,27.5,1.6,0.9,30.0,-16.2,-16.4,96.7,167.1,232.5,251.6,20.8,30.9,1.8,1.8,30.0,-14.6,-8.3,0
215.0,67.0,250.0,145.0,35.0,10.0,3.0,1.0,33.3,4.5,-14.5,263.0,232.0,94.0,289.0,31.0,49.0,1.0,2.0,60.0,2.3,20.5,1
234.7,46.0,286.7,233.3,55.7,18.0,1.0,1.7,30.0,20.9,-4.1,119.0,175.0,238.0,291.0,21.7,30.0,2.0,2.0,90.9,-5.4,0.1,1
106.2,88.0,215.0,183.0,26.4,17.0,1.8,1.4,50.0,4.9,-0.7,75.0,99.8,145.3,229.5,6.8,29.3,2.8,1.3,50.0,-14.9,-5.4,1
334.0,82.0,129.0,522.0,45.0,40.0,2.0,4.0,77.8,2.9,-8.7,145.0,268.0,245.0,305.0,25.5,44.0,0.5,0.5,30.0,-5.6,0.1,0
168.9,132.3,333.0,199.3,38.6,19.9,2.0,1.8,44.4,23.4,8.4,258.3,121.5,221.2,164.5,42.7,14.2,0.8,2.1,100.0,30.4,13.1,1
152.6,178.0,181.4,204.9,20.6,28.3,1.8,1.3,33.3,0.5,4.6,205.1,182.6,176.9,206.6,31.3,26.9,1.1,1.8,33.3,-11.9,-16.3,0
161.3,116.7,207.3,215.3,32.7,20.0,0.7,2.3,30.0,9.9,2.9,152.7,139.0,268.7,213.0,34.3,22.7,1.3,2.3,50.0,6.0,-0.3,0
124.2,123.8,332.0,242.0,39.4,22.4,2.2,2.2,50.0,19.0,3.1,163.8,112.3,280.5,237.8,34.5,17.2,1.8,2.3,80.0,13.0,-0.6,0
197.9,109.3,189.2,239.8,29.2,20.8,1.6,1.3,18.2,10.7,4.8,207.5,179.5,212.5,238.0,29.9,29.8,1.3,1.9,30.0,10.0,8.9,0
149.2,161.2,237.2,248.6,30.2,25.7,1.2,1.3,60.0,1.6,-3.1,145.7,199.6,192.1,216.4,22.2,29.0,1.2,1.1,18.2,-2.3,-1.2,0
144.0,196.8,350.3,292.8,37.8,30.8,1.3,2.0,11.1,8.2,-1.2,200.8,153.2,286.4,236.4,32.0,17.2,1.4,2.0,40.0,12.5,2.3,0
171.0,228.4,181.9,220.9,18.8,30.0,1.6,1.2,40.0,-15.2,-10.2,122.2,171.3,248.7,226.8,26.0,28.1,1.6,2.0,60.0,-9.3,-10.3,1
142.4,143.0,197.4,213.3,28.3,19.9,1.6,1.9,66.7,13.6,9.3,224.2,198.6,162.8,199.3,26.2,22.5,1.4,2.1,10.0,8.0,6.8,0
156.0,15.0,253.0,179.0,26.0,19.0,1.0,2.0,70.0,5.2,-16.2,57.0,203.0,120.0,177.0,14.0,30.0,1.0,1.0,81.8,-10.5,-9.1,0
64.8,133.0,427.3,176.3,43.5,25.3,1.5,2.8,44.4,9.7,-3.0,239.0,94.0,257.0,230.0,42.8,27.3,1.8,2.3,88.9,12.2,-2.8,1
92.3,113.3,254.3,213.7,15.7,24.3,3.3,0.0,44.4,0.0,-2.5,99.0,198.0,162.7,251.3,12.3,31.7,2.0,1.0,77.8,-3.6,-4.3,1
180.0,154.5,335.5,318.0,35.5,40.0,2.0,1.0,55.6,3.7,0.8,127.0,125.5,271.5,241.5,18.5,25.0,2.0,0.5,44.4,-9.5,-10.7,0
253.6,174.3,189.9,170.9,40.5,22.4,0.8,2.2,90.0,21.5,8.7,133.5,99.8,244.0,194.5,29.5,20.5,2.1,2.5,70.0,9.8,2.5,0
344.0,132.0,125.0,122.0,38.0,14.0,1.0,0.0,90.0,15.7,-4.5,116.5,193.0,285.5,210.5,25.0,23.5,1.5,2.0,40.0,3.2,2.5,1
154.4,95.4,224.7,174.9,25.7,18.7,2.1,1.7,33.3,-10.4,-16.0,175.6,137.6,289.2,251.9,37.0,24.8,1.8,2.0,55.6,-5.0,-12.4,0
224.8,100.4,191.2,200.4,27.4,14.2,1.2,1.4,55.6,16.0,6.1,153.2,208.8,335.6,265.4,40.0,33.8,1.8,1.6,90.0,15.0,9.7,0
163.7,141.6,203.8,191.6,25.0,21.7,0.9,1.6,77.8,7.7,6.0,146.1,113.1,239.4,210.6,25.4,24.4,2.3,2.0,77.8,6.4,3.7,0
95.0,198.5,205.0,260.0,13.0,44.5,1.0,1.0,66.7,-2.3,3.1,99.0,135.0,193.7,363.0,17.0,37.7,2.3,1.3,11.1,-16.3,-8.5,1
111.0,185.3,212.2,259.0,16.5,29.5,2.0,1.7,50.0,-11.9,-7.1,140.7,199.5,391.5,224.0,36.7,32.8,2.3,2.0,80.0,1.7,-3.9,1
137.7,87.4,228.1,190.8,29.0,16.5,2.1,1.2,60.0,9.7,2.0,145.3,103.7,226.0,148.2,29.3,11.9,2.0,2.5,80.0,13.6,3.3,1
207.8,160.0,215.7,195.4,37.1,18.9,0.8,2.3,30.0,13.8,2.7,190.0,180.1,238.4,157.9,27.0,20.2,2.4,2.7,80.0,11.1,5.0,1
164.5,147.5,211.8,210.5,28.5,24.5,1.5,1.3,80.0,7.6,0.7,212.8,129.2,234.6,188.4,31.8,16.6,1.4,1.0,70.0,10.1,-0.5,0
155.4,89.6,218.4,205.4,23.4,20.8,2.0,1.6,20.0,-17.4,-18.8,112.8,164.3,291.8,277.0,30.5,31.3,1.5,1.3,50.0,-7.6,-5.2,0
194.0,161.5,188.5,164.5,29.8,20.0,1.0,2.0,50.0,6.1,-2.5,95.8,101.0,244.8,269.3,21.0,22.5,2.0,0.5,36.4,9.3,5.0,0
204.2,240.2,234.5,265.5,28.0,38.8,1.7,1.0,30.0,-7.8,-3.4,122.6,317.4,182.2,155.2,16.2,33.6,0.6,1.4,50.0,-23.7,-14.4,0
158.0,170.3,134.0,236.0,5.7,32.0,3.3,0.7,80.0,-10.3,-6.2,367.0,180.7,91.3,256.7,34.0,30.0,1.0,1.7,30.0,-6.2,-12.3,1
115.8,134.8,336.8,294.5,29.2,35.7,1.7,0.8,77.8,-5.9,-6.2,126.1,159.6,173.6,244.3,17.3,30.4,1.6,0.9,50.0,-17.6,-5.6,0
345.5,99.4,135.6,162.9,36.8,15.8,1.6,1.0,30.0,16.9,0.3,291.4,117.0,205.9,223.0,41.6,19.1,1.8,1.6,70.0,13.8,0.5,0
276.9,118.0,152.1,215.6,32.3,24.4,1.3,1.8,33.3,-1.2,-8.0,193.3,187.5,206.9,207.6,25.5,25.3,1.1,1.1,22.2,-4.7,-6.2,0
227.8,102.6,218.7,355.8,40.4,35.9,1.1,1.4,77.8,9.2,6.4,109.1,226.7,297.8,295.9,21.4,38.0,1.8,1.7,30.0,-7.2,0.8,1
103.1,82.9,179.4,216.1,16.0,23.6,2.0,2.6,9.1,-2.8,-0.6,148.0,243.6,158.9,228.1,22.9,44.7,1.4,0.9,70.0,-10.2,-3.3,1
173.0,172.0,107.0,119.0,7.0,12.0,2.0,0.0,50.0,-18.6,-25.2,157.0,98.0,275.0,344.0,35.0,28.0,1.0,5.0,10.0,2.7,-8.0,0
196.4,160.0,321.6,253.1,35.0,26.1,1.3,1.9,50.0,2.2,-3.9,137.0,126.3,222.4,137.7,23.6,20.1,2.3,1.1,70.0,7.3,2.1,0
76.3,174.4,238.1,184.3,19.6,25.0,1.7,0.9,70.0,3.7,6.4,172.4,218.1,290.0,222.1,29.9,34.3,2.3,2.1,10.0,-14.8,-12.8,1
254.1,110.0,271.8,136.1,42.4,11.4,1.6,2.0,44.4,28.2,2.3,129.0,134.9,246.4,263.9,22.6,29.0,1.3,0.6,55.6,-5.2,-5.7,0
140.1,169.9,315.8,297.6,41.1,37.3,1.3,2.4,50.0,-2.8,-3.8,243.6,111.3,46.9,174.6,16.6,19.3,2.4,1.3,55.6,-15.5,-11.2,1
135.3,115.0,273.9,252.3,29.9,21.9,1.3,1.8,77.8,10.9,7.9,157.7,194.4,354.1,257.0,36.8,30.7,1.7,1.4,40.0,8.9,4.7,1
219.6,225.1,229.4,256.6,30.3,34.3,1.6,1.4,30.0,-6.2,-5.1,144.0,227.0,247.7,298.9,20.6,47.9,3.0,1.1,30.0,-21.0,-11.0,1
128.6,216.0,197.2,150.2,19.2,27.0,2.8,1.8,40.0,-11.3,-4.6,141.3,178.7,227.0,315.3,24.0,47.3,1.0,1.3,30.0,-15.0,-8.9,1
180.3,182.4,223.3,252.0,25.4,37.6,2.6,1.3,90.0,-18.5,-8.8,153.7,278.5,136.3,247.7,18.0,44.2,2.5,1.3,80.0,-26.1,-10.1,0
247.0,262.0,174.7,295.0,24.7,37.3,1.3,2.0,66.7,-11.5,-11.3,130.2,207.8,151.0,229.8,16.4,36.0,2.6,1.4,50.0,-15.1,-7.5,1
162.9,101.3,215.4,196.1,23.1,20.3,1.5,1.8,33.3,8.0,7.1,63.9,149.4,376.0,180.1,31.5,26.6,2.5,2.4,44.4,8.7,4.8,0
202.9,160.1,317.7,219.1,42.0,26.7,1.4,1.3,44.4,13.6,1.0,158.4,217.7,167.8,168.2,18.8,29.7,1.6,1.6,77.8,-8.0,-4.0,1
196.7,127.3,224.0,291.0,32.7,23.7,1.7,1.0,80.0,7.0,-4.7,89.0,218.0,248.0,266.5,19.0,50.0,1.0,0.5,50.0,-19.9,-12.4,0
233.7,111.2,101.3,191.5,23.7,13.3,1.7,1.8,44.4,11.4,6.1,206.2,137.8,285.5,304.8,36.5,33.7,1.7,1.2,66.7,11.8,9.7,0
79.0,163.0,15.0,190.0,7.0,38.0,4.0,2.0,90.0,-10.6,17.6,-19.0,261.0,91.0,313.0,0.0,45.0,3.0,2.0,70.0,-11.5,19.7,1
99.0,158.5,323.3,252.5,29.8,36.5,1.5,1.0,60.0,-2.6,-2.8,210.5,185.0,224.8,270.8,26.5,27.3,1.8,1.8,44.4,-9.5,-12.2,0
106.0,107.3,289.0,210.7,29.0,14.7,3.0,3.0,33.3,16.4,0.9,251.8,95.2,203.4,225.0,38.0,17.2,1.4,1.0,40.0,23.1,11.0,0
171.0,83.2,195.2,167.8,22.8,15.4,2.0,1.4,30.0,17.7,11.4,199.5,212.0,202.3,219.0,29.0,31.8,1.0,1.0,60.0,3.8,3.4,1
153.5,95.7,206.3,205.3,22.3,21.0,1.3,3.0,90.0,2.6,2.0,148.1,130.1,248.1,212.4,27.3,21.1,0.7,1.6,50.0,3.9,1.5,1
306.0,102.7,239.3,176.0,56.7,12.3,0.7,3.7,100.0,29.6,11.1,168.7,192.3,177.0,206.7,19.0,30.0,1.7,1.0,50.0,-4.9,-5.7,1
184.5,166.9,196.4,231.9,30.3,30.9,1.4,1.8,100.0,3.5,2.9,235.5,154.4,134.5,213.1,18.9,30.0,2.9,1.0,66.7,-12.1,-7.0,1
241.5,302.8,134.0,145.3,30.0,40.3,1.5,0.5,33.3,-0.7,1.3,246.0,190.5,165.3,305.5,29.0,31.0,0.8,2.0,77.8,-9.5,-10.2,1
160.0,177.4,131.7,147.1,15.0,25.4,2.1,1.9,72.7,-5.8,-3.4,135.3,150.8,215.9,172.3,29.3,16.1,1.6,2.8,70.0,8.4,-2.1,0
105.0,71.0,237.0,274.0,21.0,13.0,4.0,2.0,80.0,-2.5,-15.4,107.0,41.5,135.0,255.0,19.5,15.5,1.5,2.0,80.0,2.9,-3.3,1
174.1,197.5,210.2,208.2,30.8,22.5,1.3,1.8,55.6,4.3,4.3,147.6,167.0,197.9,231.5,14.3,29.2,2.0,2.4,77.8,-14.5,-14.5,1
175.3,150.5,189.8,157.8,22.2,18.3,2.2,2.3,40.0,-1.0,-4.7,106.4,149.4,228.0,211.8,22.6,38.8,2.8,1.4,60.0,-9.6,-5.8,0
209.0,114.0,114.0,209.2,20.4,13.0,0.6,0.6,44.4,-3.8,-8.8,76.0,287.5,114.5,178.0,5.0,46.0,1.5,0.5,0.0,-37.6,-7.3,1
85.0,55.5,358.0,190.5,37.5,14.5,1.5,1.5,70.0,11.9,-3.9,192.0,196.5,237.0,173.5,41.5,29.5,2.0,2.5,60.0,9.3,-0.2,0
135.0,215.5,260.5,176.5,20.0,30.5,1.0,1.0,60.0,-3.7,-3.7,129.0,296.5,221.5,285.5,18.5,41.0,0.5,3.0,50.0,-18.3,-12.3,1
137.0,130.8,209.0,232.3,27.8,30.5,2.3,2.5,80.0,-12.7,-12.3,132.3,174.0,277.8,313.0,29.0,26.3,2.0,3.3,90.0,-3.4,-3.7,0
207.3,219.5,87.3,242.9,19.1,43.4,2.3,0.9,50.0,-16.0,-0.6,89.7,202.1,223.1,146.4,21.6,31.6,2.3,1.1,80.0,-10.9,-6.7,0
136.1,156.8,233.5,258.8,31.6,32.0,1.6,2.3,80.0,3.9,4.3,149.9,206.9,201.1,230.3,20.1,31.5,0.9,1.1,50.0,-4.7,0.3,1
153.0,153.4,252.4,237.1,26.7,23.0,1.0,1.6,90.0,2.6,-0.1,103.8,165.2,257.7,223.0,22.7,26.0,1.8,2.2,50.0,-2.0,-2.3,0
120.0,116.0,266.0,242.0,20.0,28.0,3.0,2.0,81.8,-3.0,-5.7,130.0,70.0,206.0,174.0,31.0,13.0,2.0,3.0,70.0,8.5,-7.8,1
157.8,111.5,306.8,275.8,32.5,31.2,1.3,1.2,55.6,2.2,-1.7,132.8,160.8,290.2,252.8,31.8,31.2,2.2,2.5,11.1,0.8,-1.4,1
202.4,139.4,253.6,226.1,35.3,25.0,1.5,1.8,40.0,7.0,-1.0,122.8,129.6,265.1,194.3,28.6,22.3,1.4,2.1,30.0,-11.7,-16.0,1
304.0,78.0,83.5,251.0,30.5,27.5,0.5,2.0,30.0,4.2,6.5,111.7,95.7,193.7,294.0,25.7,22.7,1.3,2.7,70.0,-4.2,-5.6,1
135.9,186.1,365.6,206.9,37.2,34.2,1.8,0.9,90.9,7.7,5.9,137.5,183.9,171.4,179.9,19.3,25.5,1.8,1.5,60.0,-6.6,-3.8,1
104.5,169.5,299.3,181.0,28.2,26.3,1.3,1.7,60.0,-1.0,-1.0,164.8,211.5,223.3,270.7,23.3,35.2,1.0,1.7,44.4,-12.2,-8.8,0
193.0,227.3,198.0,192.7,34.7,40.0,1.7,1.7,33.3,-15.9,-18.2,129.0,182.5,266.8,222.0,23.5,28.0,1.5,1.3,55.6,-6.5,-6.9,1
270.8,238.0,148.5,269.5,29.0,35.0,1.3,2.3,77.8,-11.9,-10.2,170.0,140.0,222.2,195.5,26.5,20.5,1.0,2.0,66.7,4.9,1.0,0
154.8,97.0,303.4,245.4,38.2,20.0,0.6,2.0,88.9,3.3,-10.9,80.3,130.7,340.3,188.3,24.3,22.3,2.7,1.7,77.8,-8.7,-15.8,1
150.6,290.1,364.1,251.7,37.2,45.5,1.4,1.5,60.0,-1.2,4.9,84.3,169.4,306.5,202.3,26.3,26.7,2.1,2.1,33.3,6.3,6.4,0
243.0,45.0,192.0,206.0,51.0,14.0,0.0,1.0,88.9,17.9,-13.3,169.0,38.0,217.0,209.0,12.0,14.0,3.0,0.0,80.0,-0.5,-3.5,1
228.0,203.3,130.9,201.3,19.4,31.0,2.0,1.1,40.0,-11.8,-9.9,80.3,175.8,242.5,247.7,17.0,36.2,3.8,2.0,50.0,-15.9,-11.2,1
175.9,131.7,233.6,235.9,31.2,19.4,1.4,2.4,72.7,8.0,0.7,100.1,193.9,186.0,209.1,16.7,27.3,1.9,1.7,70.0,-13.6,-9.1,0
174.6,74.9,184.0,167.0,28.6,11.4,1.5,1.0,77.8,16.0,4.1,155.9,180.0,217.3,311.7,22.9,37.0,1.9,1.3,50.0,-6.9,-2.0,1
153.5,190.3,180.8,311.8,17.5,51.8,2.0,1.5,11.1,-27.5,-18.6,121.5,277.8,178.0,202.8,18.8,41.3,2.0,1.5,44.4,-19.2,-13.7,1
147.0,149.8,229.7,194.7,25.7,23.5,0.7,1.3,50.0,4.1,3.7,95.6,185.6,139.4,258.1,9.4,47.3,2.4,2.0,50.0,-25.1,-3.2,1
29.0,185.0,150.0,152.0,13.0,16.0,1.0,2.0,66.7,5.7,0.4,117.0,195.0,256.0,132.0,14.0,24.0,3.0,0.0,55.6,-3.9,-4.8,1
326.0,147.7,343.7,241.8,60.3,24.2,1.0,2.7,55.6,24.6,0.1,151.2,161.8,159.0,280.5,26.2,33.7,1.3,1.0,44.4,3.5,4.7,1
175.7,121.7,229.9,215.8,29.8,20.1,1.4,1.8,30.0,7.2,-0.4,162.7,155.7,132.6,207.9,15.9,28.3,2.4,1.9,18.2,-11.0,-6.0,1
195.0,152.5,212.0,226.5,22.0,25.0,3.0,1.0,22.2,-2.4,-6.9,135.3,185.0,231.3,261.3,16.3,47.0,3.0,0.7,44.4,-18.2,9.7,1
157.1,215.2,180.0,187.3,22.3,28.4,3.0,1.1,10.0,-15.7,-15.9,107.5,201.3,198.9,189.1,18.1,26.9,1.9,1.6,40.0,-15.2,-9.8,0
160.4,145.6,190.8,190.0,23.4,26.2,2.0,1.6,70.0,1.9,2.9,146.5,162.2,189.0,331.3,26.2,40.8,1.0,1.2,80.0,-7.9,-2.5,0
306.6,100.0,86.1,222.7,31.1,19.9,0.6,1.2,55.6,3.4,-4.3,271.4,192.1,65.5,256.2,24.0,36.2,1.0,1.5,77.8,-7.0,-2.0,1
98.3,107.4,266.1,217.9,20.3,17.7,1.6,1.6,60.0,-0.5,-1.7,119.3,129.0,246.1,225.4,27.0,23.6,1.7,2.4,40.0,-4.0,-8.5,1
164.0,135.2,261.2,213.7,28.5,22.0,1.3,1.3,60.0,12.9,7.3,277.8,151.0,223.8,213.8,37.8,19.7,1.5,1.5,90.9,15.9,-0.5,1
137.2,171.8,99.4,319.2,15.6,41.6,1.2,2.2,80.0,-24.1,-9.8,88.5,241.0,193.0,209.7,20.7,34.0,1.7,2.2,20.0,-16.4,-12.8,0
169.3,36.2,275.0,209.8,42.0,14.7,2.3,3.2,70.0,27.4,10.3,107.0,134.2,274.0,190.4,24.8,22.0,2.0,1.2,70.0,6.3,0.4,0
194.2,192.3,170.0,228.1,27.2,28.0,1.0,1.5,40.0,6.2,6.2,174.3,148.6,335.4,284.1,40.8,28.8,1.2,1.5,80.0,9.0,1.9,1
153.3,138.0,340.0,231.5,39.8,21.3,1.5,1.3,60.0,11.7,3.4,122.8,185.5,245.5,215.3,27.8,32.8,2.0,0.8,40.0,-3.3,-2.2,1
161.4,171.8,224.6,207.6,24.6,29.8,2.2,0.6,77.8,1.1,2.8,163.5,224.5,205.0,292.3,20.0,34.5,2.0,1.8,44.4,-3.3,-0.3,1
152.0,327.0,163.0,132.0,21.0,57.0,3.0,1.0,55.6,-10.5,-11.1,6.0,193.0,238.0,107.0,7.0,20.0,2.0,1.0,77.8,-2.3,-9.4,1
161.2,127.5,392.5,234.8,45.2,23.8,0.8,1.8,80.0,24.6,9.4,138.8,208.5,257.5,260.5,34.0,30.5,1.8,0.7,50.0,2.1,-3.4,0
248.6,136.8,310.1,250.7,46.2,28.7,2.3,1.8,30.0,5.4,-8.5,192.9,145.8,264.2,204.1,35.7,19.0,1.3,1.9,40.0,5.3,-9.1,0
194.3,159.7,291.8,212.3,35.5,26.7,1.5,1.2,40.0,8.9,-0.4,121.0,162.0,242.3,270.5,20.8,33.8,1.8,0.8,80.0,8.0,6.1,1
140.9,111.5,320.2,297.9,34.5,25.6,1.2,1.4,55.6,7.4,0.7,145.7,172.1,303.0,263.3,24.7,36.2,1.9,0.8,66.7,-16.1,-8.7,0
85.0,245.5,202.0,128.0,12.0,19.0,1.5,0.5,50.0,-9.3,-5.7,73.0,386.5,214.0,158.5,16.5,36.5,1.0,2.0,44.4,-5.7,-3.2,0
169.1,184.6,204.9,274.6,28.0,29.4,2.3,1.5,20.0,-9.2,-7.9,96.7,181.1,312.1,188.8,25.9,33.3,3.0,1.7,70.0,-10.1,-6.2,0
174.3,82.0,199.7,221.3,26.7,21.0,0.7,1.3,10.0,5.9,-0.3,223.0,142.3,193.7,158.7,35.0,18.7,1.3,1.7,50.0,7.2,-6.3,0
103.7,222.7,209.7,292.2,13.2,33.0,2.0,2.3,30.0,-19.0,-8.0,157.6,84.0,236.4,157.8,18.0,17.6,1.6,1.0,40.0,2.0,-4.2,1
123.3,96.8,155.0,242.8,14.3,23.3,1.0,1.8,36.4,-6.3,-5.3,167.6,376.8,231.8,117.6,31.4,39.4,2.0,1.2,30.0,-20.0,-15.0,0
194.0,129.0,98.0,91.0,23.0,3.0,1.0,4.0,10.0,-1.0,-10.8,117.0,317.0,206.0,340.0,17.0,44.0,2.0,3.0,50.0,-2.9,-8.3,1
151.3,135.0,267.3,196.7,37.0,17.0,2.0,2.3,70.0,18.3,5.9,133.3,183.3,221.5,168.8,24.0,36.0,1.0,1.3,50.0,-15.6,-13.2,0
264.0,97.0,90.0,200.0,23.0,13.0,3.0,2.0,40.0,1.4,-4.9,293.0,149.0,176.0,167.0,28.0,26.0,1.0,0.0,70.0,-0.3,-3.2,1
241.0,56.3,114.0,254.0,33.0,18.3,1.3,1.7,80.0,-2.2,-11.8,109.3,180.5,189.5,209.3,14.3,29.3,1.5,1.0,70.0,-22.1,-18.7,0
96.0,171.7,311.7,211.7,31.7,24.7,1.7,1.3,30.0,-4.2,-7.6,202.0,201.5,164.0,214.0,8.5,42.0,4.0,0.5,80.0,-9.2,-5.6,1
188.5,136.8,237.5,308.0,29.5,32.3,3.3,1.8,30.0,0.9,1.0,133.8,229.2,188.2,243.2,22.7,31.7,2.0,1.8,50.0,-10.8,-4.3,1
217.3,181.7,321.0,289.7,38.0,28.7,1.3,1.3,100.0,22.0,10.9,96.0,246.5,191.0,276.0,17.0,52.5,1.0,0.0,36.4,-28.2,-23.2,0
224.4,135.6,227.0,217.4,39.8,20.4,0.0,2.2,60.0,10.9,-3.6,126.4,192.0,255.8,291.2,35.8,35.4,1.6,1.6,36.4,-7.2,-8.2,0
140.6,135.6,274.4,190.2,28.6,14.9,1.9,2.6,90.9,19.9,11.2,246.1,116.2,264.8,287.9,38.4,18.6,2.0,2.1,45.5,18.9,8.8,1
169.8,231.8,238.4,219.2,22.6,32.6,1.2,1.8,50.0,-11.0,-7.5,180.2,200.6,151.2,180.0,22.6,23.8,1.0,1.6,50.0,-6.5,-7.7,0
75.3,118.0,265.0,239.0,28.7,32.3,2.3,1.0,70.0,-5.3,-11.4,136.0,142.3,213.0,247.0,23.7,26.7,2.0,2.0,50.0,-4.1,-2.1,0
116.5,264.0,232.0,138.5,12.5,36.0,2.5,1.0,30.0,-7.9,4.8,152.0,188.0,122.0,195.0,14.0,7.0,0.0,2.0,90.0,1.6,-1.0,1
106.9,60.4,166.1,227.6,16.1,20.1,2.4,1.4,50.0,-2.4,-2.2,94.4,121.9,226.1,228.1,23.9,21.3,1.9,1.7,70.0,2.2,0.3,0
32.0,216.0,330.0,232.0,23.0,20.0,2.0,3.0,100.0,-3.0,-6.9,141.0,95.0,271.0,266.0,49.0,17.0,2.0,6.0,80.0,-5.7,-23.5,1
99.5,135.0,180.0,143.0,12.5,18.5,2.0,1.5,40.0,6.5,3.2,207.0,376.0,29.0,95.0,3.0,31.0,2.0,1.0,36.4,-18.1,-21.2,0
145.7,95.9,177.0,261.1,19.3,25.3,1.6,1.9,36.4,-8.6,-8.4,127.3,174.9,243.3,241.9,24.7,27.1,1.7,1.6,50.0,-8.9,-8.7,0
177.0,91.0,276.5,261.0,47.0,11.5,0.5,1.5,70.0,17.2,-11.6,142.7,144.7,291.7,256.7,39.7,33.3,2.0,2.3,50.0,-6.6,-7.3,0
135.6,128.2,221.4,225.5,25.0,23.3,1.7,1.8,80.0,5.8,2.6,152.7,111.6,216.8,160.3,32.7,19.4,0.8,1.5,50.0,11.9,1.8,1
251.5,63.3,231.4,190.3,41.3,12.5,1.5,1.8,88.9,31.4,10.7,209.8,131.0,273.3,196.3,44.8,18.4,0.9,2.4,66.7,24.9,6.9,0
291.2,108.7,187.4,257.3,39.7,25.2,1.3,1.6,40.0,16.3,6.6,157.6,99.9,243.5,242.9,32.8,20.3,1.5,1.9,30.0,14.5,6.9,1
160.9,131.3,158.4,183.5,22.1,21.2,1.4,1.6,70.0,0.2,-2.9,154.2,146.0,191.2,260.6,25.0,27.8,2.3,2.0,50.0,-4.1,-4.4,1
115.8,113.7,228.9,202.9,23.5,20.4,1.9,2.3,18.2,3.9,1.3,125.9,127.3,426.3,262.8,49.0,24.5,2.0,2.2,70.0,13.6,-1.8,1
141.0,137.3,345.8,174.5,36.8,25.3,1.8,2.0,36.4,9.9,-0.6,108.0,89.0,212.0,263.3,22.3,22.3,2.0,2.3,72.7,-2.4,-7.6,0
115.8,250.3,223.0,193.0,14.8,32.0,2.3,1.3,81.8,-4.4,-2.1,143.9,233.0,187.7,214.6,20.9,43.4,2.0,1.1,36.4,-25.2,-8.6,1
149.5,361.0,134.0,271.0,13.5,60.0,0.5,1.0,20.0,-8.9,-3.2,46.0,124.5,189.0,311.5,13.5,31.5,2.5,1.5,70.0,-8.6,7.7,1
357.1,109.9,122.9,157.0,37.1,15.7,1.6,1.1,30.0,17.1,1.0,173.5,188.9,184.1,236.3,25.6,34.0,1.8,1.4,18.2,-7.4,-2.6,0
16.9,11.3,20.6,35.0,20.0,47.5,1.3,0.5,90.0,-22.2,-22.2,27.2,35.8,48.2,28.2,33.9,21.0,1.0,0.9,40.0,0.1,0.1,1
103.8,254.8,433.7,310.0,40.1,47.0,1.6,0.6,90.0,0.0,2.2,252.8,232.0,270.3,217.7,34.2,31.1,1.9,2.1,55.6,6.2,1.0,0
203.0,194.9,243.6,198.1,32.9,22.8,1.4,2.1,70.0,11.0,4.7,144.0,186.3,252.5,284.8,23.6,31.6,2.5,2.8,36.4,-2.4,2.2,0
139.6,181.7,364.9,281.3,36.1,29.0,1.6,2.3,70.0,6.3,2.4,169.3,129.9,216.8,204.6,26.6,25.6,2.1,1.7,50.0,-0.6,-3.1,1
143.1,174.1,233.8,245.5,29.7,29.0,2.5,2.4,100.0,-1.5,-3.0,137.2,149.1,281.1,246.2,31.9,26.4,2.1,2.4,18.2,4.6,-1.4,1
225.0,154.0,271.0,17.0,51.0,7.0,0.0,2.0,100.0,6.1,-19.8,120.0,210.0,99.5,94.5,11.5,14.0,2.5,2.5,55.6,-4.2,-7.0,1
45.8,17.8,43.0,39.1,39.4,29.3,1.0,1.1,10.0,9.6,9.6,21.9,4.9,24.1,20.8,30.3,24.8,0.7,0.5,90.0,9.5,9.5,1
151.2,118.6,317.8,215.0,39.4,19.8,1.4,1.6,60.0,13.1,2.9,151.0,197.2,296.6,264.8,28.6,30.8,1.4,2.4,90.0,1.0,0.9,1
143.6,230.2,227.5,210.4,24.6,28.7,1.5,1.0,55.6,3.6,3.6,175.8,193.9,260.4,158.4,37.3,25.2,1.9,2.5,50.0,4.4,-1.7,0
231.4,115.4,122.4,269.6,27.2,26.2,1.0,1.2,33.3,0.1,-2.8,245.8,230.8,122.4,246.2,27.0,40.6,1.6,1.2,77.8,-13.8,-10.9,0
214.5,135.4,192.9,235.9,35.1,24.6,1.8,2.0,80.0,-3.4,-9.5,165.8,145.1,216.3,165.9,28.5,13.6,1.5,2.9,60.0,8.5,-3.1,1
230.3,136.4,52.7,241.2,18.6,31.2,0.7,1.1,80.0,-7.7,2.6,113.6,231.1,172.4,199.6,14.1,40.5,1.6,1.2,50.0,-23.7,-11.4,1
160.3,137.8,276.9,272.2,36.0,27.2,1.1,1.6,80.0,16.0,4.2,173.0,119.9,272.8,190.8,34.3,21.7,1.1,1.1,60.0,13.7,5.5,0
187.9,119.0,266.2,238.4,37.2,22.4,1.4,1.5,66.7,8.7,-4.0,130.7,219.7,297.8,177.5,27.5,33.0,2.0,1.2,22.2,-12.7,-9.5,1
124.3,139.9,251.9,255.0,27.4,31.9,2.0,2.3,70.0,-4.4,-5.1,172.6,206.6,147.2,225.3,19.2,38.2,2.7,1.2,70.0,-15.9,-5.6,0
127.0,117.7,249.3,196.7,31.6,17.3,0.7,2.0,33.3,15.2,8.1,208.2,123.5,204.3,205.0,30.7,21.7,1.2,1.7,88.9,13.2,5.4,1
115.3,122.0,331.2,199.5,30.3,21.2,0.7,0.5,11.1,-7.0,-11.7,141.5,228.3,325.8,189.0,33.0,23.5,1.8,1.8,66.7,-7.7,-14.5,0
183.0,185.0,141.5,161.0,32.5,18.5,1.5,3.0,66.7,16.3,2.4,289.5,66.0,273.5,323.0,45.5,38.5,1.5,3.0,60.0,-9.6,-15.9,0
296.5,79.5,272.0,143.0,42.5,3.0,0.5,1.0,88.9,28.4,-2.8,193.5,235.0,313.5,142.5,50.5,15.5,0.5,3.5,77.8,21.4,-1.7,0
77.3,204.5,318.8,292.8,27.7,40.3,2.0,1.2,0.0,-20.6,-8.9,51.8,216.0,209.2,246.2,10.8,33.6,1.8,2.2,40.0,-16.8,-5.4,1
127.0,162.7,340.0,210.3,26.7,33.7,3.0,0.7,30.0,-5.8,-4.5,195.5,159.0,280.5,235.0,22.5,25.5,1.5,2.0,70.0,-2.3,-6.8,0
153.3,134.2,266.7,234.2,32.8,19.7,1.2,2.3,40.0,9.0,2.9,74.2,166.6,234.2,209.0,16.0,30.2,2.2,2.4,72.7,-14.1,-8.2,1
271.8,101.2,341.2,249.2,48.7,21.2,1.3,2.3,80.0,21.2,7.3,127.3,157.3,234.0,284.3,20.5,30.7,1.3,1.2,70.0,-4.5,2.5,1
126.0,155.0,187.5,343.0,23.0,17.5,0.5,1.0,60.0,1.2,0.0,150.5,162.5,158.5,236.0,13.0,41.0,3.5,1.5,50.0,-3.8,-2.4,0
172.1,205.6,186.9,193.4,20.9,30.7,2.1,1.1,50.0,-13.7,-9.6,108.7,152.3,107.4,233.4,13.3,28.4,1.1,1.7,70.0,-19.5,-13.9,1
228.1,173.6,205.1,197.8,27.1,25.4,1.3,1.3,30.0,0.2,-4.4,99.4,236.8,274.4,245.5,26.9,40.1,2.3,1.8,50.0,-17.1,-12.3,1
122.6,120.6,171.0,326.0,18.4,32.4,1.2,1.6,22.2,-12.4,-8.1,188.3,225.2,263.7,270.3,39.2,38.7,1.0,1.2,33.3,-13.5,-14.4,0
231.5,160.0,270.8,237.0,36.0,32.5,3.0,0.5,30.0,-9.5,-11.8,142.8,158.0,125.8,236.5,23.8,33.8,2.0,2.3,90.0,-5.4,-6.7,0
98.2,246.0,302.0,174.0,28.8,38.8,2.2,1.0,30.0,-5.7,-4.2,66.4,187.6,202.8,219.0,11.6,28.0,2.0,0.6,50.0,-18.4,-12.3,0
74.7,142.6,389.6,227.9,37.9,24.7,2.4,1.9,90.9,13.3,5.7,135.8,95.8,285.6,190.9,29.9,13.4,2.0,2.6,80.0,23.9,10.7,1
193.3,182.3,265.5,294.3,28.8,21.8,0.5,2.8,60.0,-1.8,-7.1,104.3,265.0,262.7,250.7,21.0,42.3,1.7,0.7,60.0,-15.5,-8.6,0
69.0,203.8,285.0,218.4,19.6,37.4,4.2,1.8,70.0,-12.9,-3.3,93.4,217.4,176.2,303.0,10.8,42.8,1.8,2.2,72.7,-28.4,-16.0,0
241.4,104.0,201.2,315.0,32.4,27.8,1.6,2.0,18.2,4.4,0.2,173.2,147.6,218.8,215.8,29.8,23.8,1.6,1.2,80.0,9.2,2.1,1
261.4,189.9,284.9,264.6,46.4,23.9,0.4,2.4,44.4,13.7,-4.4,262.3,190.0,62.8,265.1,21.9,38.1,1.1,1.5,77.8,-9.0,-2.8,0
287.6,93.3,239.6,136.3,49.7,8.0,0.9,2.1,100.0,38.6,7.4,236.1,60.9,208.0,135.4,39.7,7.6,1.1,2.1,30.0,25.6,3.9,0
132.5,77.0,273.8,200.5,28.5,15.8,2.3,1.8,33.3,-9.8,-20.1,175.5,274.3,121.3,147.0,14.0,38.8,2.0,0.5,44.4,-24.0,-17.4,1
203.8,102.4,116.6,244.4,18.3,24.4,0.9,1.0,44.4,-8.9,-6.5,257.3,133.1,157.0,249.8,30.1,28.3,1.2,1.0,33.3,0.1,-2.6,0
303.3,114.0,202.4,286.3,43.2,24.4,1.4,1.7,100.0,14.0,14.0,323.2,180.7,73.3,219.0,32.1,25.8,0.8,1.6,80.0,4.0,4.0,1
186.6,159.4,192.1,243.1,25.5,31.0,2.3,2.0,50.0,5.9,8.1,121.0,208.6,238.4,237.9,22.9,35.7,2.3,1.3,22.2,-6.3,-1.9,0
247.1,123.3,119.6,279.8,22.9,23.1,1.4,1.8,72.7,-1.6,-4.0,112.3,143.9,262.8,181.8,23.0,23.3,1.8,1.2,36.4,-4.0,-4.3,0
215.0,288.0,352.0,361.0,63.0,61.0,1.0,1.0,40.0,6.5,-2.4,200.0,79.0,111.0,227.0,14.0,35.0,1.0,2.0,10.0,-3.5,8.9,1
129.8,111.2,230.2,150.2,24.8,20.0,2.4,1.2,70.0,7.6,0.4,371.3,149.5,161.0,136.3,47.8,15.3,1.3,2.5,70.0,17.8,-2.8,0
172.0,98.0,230.4,153.2,29.6,11.6,0.8,1.2,80.0,10.1,-1.4,97.8,165.8,200.8,220.8,14.3,22.0,2.5,1.3,90.9,-5.0,-3.3,0
210.9,186.5,230.4,217.6,34.1,27.6,1.4,1.1,60.0,-3.3,-8.5,120.7,144.8,230.7,277.6,21.5,33.8,1.7,1.5,11.1,-16.7,-11.2,0
262.7,86.0,219.7,224.7,41.3,16.0,1.3,2.3,40.0,24.4,9.7,130.0,155.0,248.7,221.7,35.3,29.7,0.7,2.3,50.0,-3.7,-3.2,0
227.9,218.2,183.6,244.2,28.0,31.1,1.2,1.7,77.8,-11.1,-10.0,222.7,144.2,122.2,244.9,18.3,32.8,2.7,0.9,66.7,-13.9,-6.6,0
178.3,245.0,189.5,214.3,19.8,28.8,0.3,1.5,11.1,-15.5,-14.9,80.8,329.5,254.5,204.3,22.0,47.0,1.3,0.5,66.7,-16.8,-8.8,1
154.3,184.7,260.3,234.7,28.7,35.7,1.7,1.7,70.0,1.0,1.1,136.8,88.5,148.8,220.8,20.8,22.8,3.5,2.5,80.0,1.2,1.3,1
165.9,58.9,211.9,261.8,29.1,17.2,1.4,2.2,30.0,11.7,2.5,325.2,150.6,227.4,249.3,53.9,23.2,1.7,3.0,90.0,25.7,4.6,1
242.4,142.0,214.2,245.1,39.4,27.0,1.7,2.1,60.0,1.6,-5.9,195.9,148.9,239.8,185.2,34.9,23.9,1.1,1.7,50.0,1.1,-6.6,0
186.3,93.8,285.3,264.0,26.3,23.0,1.3,1.3,22.2,8.5,4.5,260.7,131.3,165.0,301.0,36.7,29.7,0.7,1.3,66.7,13.4,5.9,0
202.3,82.5,194.0,121.3,27.8,9.5,1.5,1.0,77.8,15.6,5.8,147.7,248.3,211.7,282.7,22.7,36.7,4.3,1.7,44.4,-7.9,-8.7,1
131.0,112.7,363.7,254.0,44.3,28.3,1.7,1.3,70.0,10.1,-3.3,213.3,128.7,164.0,189.3,24.7,19.3,0.3,1.7,90.0,5.1,2.1,0
249.2,96.1,113.0,204.3,31.6,17.7,1.7,2.3,36.4,10.4,1.2,197.1,138.8,138.0,190.6,25.1,19.0,2.0,2.9,70.0,7.4,3.5,1
177.0,152.0,325.0,256.0,49.0,24.0,2.0,2.0,70.0,11.1,-5.2,24.0,57.0,222.0,454.0,24.0,26.0,1.0,3.0,40.0,5.9,6.2,0
196.0,102.5,221.0,214.5,31.0,17.0,0.5,1.0,30.0,6.3,-7.8,161.0,62.7,180.3,150.0,21.3,6.0,1.0,1.7,60.0,3.4,-13.3,0
128.9,173.6,262.4,200.9,25.7,25.0,2.1,2.6,77.8,2.7,1.5,121.1,307.1,354.3,180.4,36.4,37.6,2.0,1.1,33.3,5.0,5.7,1
237.0,51.0,194.3,175.3,29.0,11.3,2.0,1.0,80.0,21.2,8.9,104.7,171.7,244.3,364.7,21.0,34.7,3.3,3.0,50.0,-18.1,-9.8,1
114.0,169.3,282.0,241.3,22.8,31.8,1.8,1.5,70.0,-12.7,-11.2,107.8,122.5,378.3,200.8,36.8,24.5,2.0,1.3,70.0,2.9,-2.9,1
152.2,277.8,294.0,171.4,34.0,33.2,2.0,2.8,60.0,-2.5,-1.3,86.4,190.4,101.8,264.2,5.6,42.0,3.8,2.0,50.0,-28.3,-0.9,0
219.6,142.0,176.0,277.4,32.0,34.1,2.4,2.4,50.0,-4.0,-6.7,85.0,238.8,207.0,223.9,16.8,42.1,2.4,0.8,33.3,-19.5,-9.6,0
168.5,123.0,271.5,249.0,35.5,22.3,1.5,3.0,10.0,15.7,0.2,108.1,153.1,401.3,229.4,36.7,22.3,2.1,1.6,90.9,10.3,-1.8,0
299.4,149.3,116.9,264.4,31.9,31.1,1.3,1.6,90.0,1.6,-3.2,202.5,119.6,280.8,275.8,36.6,23.6,1.5,2.1,40.0,7.4,-4.0,0
94.9,202.4,234.7,249.3,26.2,31.4,2.2,1.7,40.0,1.8,3.0,154.1,103.2,168.5,197.6,20.7,20.4,2.3,1.0,80.0,2.5,1.0,1
175.7,71.3,192.3,168.7,25.3,18.3,2.0,2.7,30.0,2.4,-1.1,96.8,312.0,223.5,164.3,15.8,39.0,2.3,1.8,30.0,-13.4,-0.4,0
125.7,97.0,198.3,255.3,20.0,17.7,3.0,2.3,60.0,2.7,-0.9,113.0,90.3,247.3,227.3,23.7,9.7,2.7,4.0,60.0,11.8,-8.1,0
156.6,126.6,241.7,249.9,31.3,19.9,2.1,3.1,90.0,0.1,-6.7,200.5,247.6,180.8,232.1,25.1,41.0,1.6,1.3,20.0,-21.1,-13.1,1
162.7,101.0,270.4,207.0,35.1,20.6,2.0,1.9,70.0,12.4,2.1,90.2,187.2,264.0,237.3,19.8,33.3,3.0,1.8,50.0,-13.1,-7.3,1
153.0,70.5,241.0,250.0,31.0,20.5,0.5,2.5,60.0,7.1,-0.5,150.0,203.0,106.0,200.0,13.0,24.0,2.0,1.0,40.0,-13.3,-18.9,0
102.3,170.7,229.0,193.4,20.9,24.7,2.1,1.9,70.0,8.1,9.6,164.3,208.0,284.7,248.9,34.3,36.0,1.6,0.9,30.0,8.7,6.6,1
104.2,104.2,272.3,230.8,26.3,24.4,1.6,1.6,70.0,7.5,3.7,184.5,162.0,169.0,242.5,19.5,22.0,2.0,2.7,60.0,-3.3,-2.1,0
197.6,171.9,254.9,157.8,28.6,22.8,2.2,1.6,50.0,6.9,0.4,156.4,134.1,176.5,188.3,21.8,25.5,1.8,0.9,70.0,-2.2,-2.3,0
99.5,312.5,263.5,116.5,33.0,49.5,2.5,1.0,70.0,-5.0,-1.8,172.0,131.0,170.0,389.0,28.0,43.5,1.5,2.0,50.0,-9.9,-4.9,0
71.5,171.5,326.3,162.5,22.3,24.2,2.3,1.2,90.9,2.6,-0.2,105.0,147.3,217.0,238.5,19.2,29.8,1.2,1.2,60.0,-6.0,-1.4,1
280.0,395.0,119.0,88.0,35.0,42.0,0.0,1.0,20.0,-13.8,-15.8,103.5,350.5,247.5,241.5,14.0,50.0,2.0,2.0,30.0,-25.2,0.4,1
199.0,130.8,293.8,298.5,39.5,35.3,1.8,0.8,77.8,16.3,14.3,261.0,153.8,256.3,274.8,41.3,38.3,1.3,0.3,77.8,3.5,2.1,0
195.0,182.2,274.4,169.0,38.0,17.4,1.2,2.0,40.0,8.1,-6.5,98.8,236.3,111.3,188.3,9.0,35.0,1.3,1.3,80.0,-12.2,-7.7,1
226.2,225.9,187.1,241.9,29.8,35.3,1.3,0.7,30.0,-10.4,-8.1,224.8,188.1,246.1,304.5,31.0,36.8,0.9,1.8,40.0,-9.6,-8.8,0
141.9,152.7,294.4,201.6,31.4,25.3,1.4,1.1,100.0,7.9,2.4,140.6,160.3,126.0,180.0,10.7,24.4,2.1,1.1,55.6,0.5,7.6,1
129.8,117.8,290.3,158.0,26.3,24.8,2.0,1.5,40.0,3.6,-0.7,131.2,159.0,238.4,268.8,35.2,23.8,0.4,2.0,44.4,8.4,2.0,1
158.3,87.0,216.0,155.7,37.7,18.7,2.0,2.3,80.0,8.5,-4.0,114.2,155.0,234.0,215.6,20.0,29.2,1.8,2.4,20.0,-8.8,-4.8,0
154.0,83.0,137.0,283.0,20.0,26.0,0.0,0.0,50.0,15.8,7.9,7.0,96.0,257.5,197.5,27.5,25.0,3.0,1.0,40.0,-17.8,-21.0,1
115.8,136.5,254.0,171.0,34.8,17.3,2.0,2.8,70.0,8.5,-5.6,133.8,144.2,141.2,235.0,25.6,21.8,1.0,2.6,30.0,0.3,-2.9,1
78.4,126.4,137.9,214.1,11.6,25.9,2.1,2.5,40.0,-15.9,-10.0,98.4,213.6,168.6,216.8,12.8,36.9,2.0,1.1,36.4,-24.7,-13.1,1
200.1,183.2,140.8,168.8,25.7,22.8,1.9,1.6,50.0,2.9,0.3,116.2,135.1,213.9,230.0,26.3,28.8,2.3,0.9,90.0,6.5,6.2,0
204.3,171.3,220.3,192.7,28.7,26.0,2.7,3.7,40.0,1.6,3.3,28.5,250.0,222.0,337.0,3.0,57.5,2.5,1.0,36.4,-26.8,-15.6,0
258.4,131.2,184.1,238.4,35.0,31.6,2.0,1.1,50.0,-4.1,-7.6,261.1,141.8,257.6,236.7,32.2,27.9,2.2,1.9,20.0,0.8,-3.7,1
242.5,63.0,184.0,254.0,28.0,15.5,0.0,1.5,60.0,6.1,-4.9,324.5,70.0,104.0,281.0,23.5,15.0,1.0,1.5,44.4,2.3,-16.1,1
134.0,232.4,222.7,204.8,26.3,35.0,1.0,0.9,80.0,-10.2,-3.9,211.1,123.0,122.4,212.2,22.7,22.6,1.9,2.2,70.0,-2.0,-1.0,0
188.6,83.4,180.6,169.2,29.4,11.8,1.6,2.4,100.0,15.8,2.7,207.0,106.5,227.0,282.5,32.8,27.3,1.8,2.8,30.0,4.9,-1.0,1
198.3,190.6,216.9,225.2,31.2,32.1,2.0,1.5,30.0,-7.2,-6.4,84.5,193.0,276.0,254.7,17.8,36.0,2.4,1.2,70.0,-18.4,-8.2,0
218.0,74.0,351.0,269.0,59.0,10.0,1.0,3.0,70.0,18.0,-11.9,76.0,190.0,308.0,214.0,38.0,31.0,1.0,4.0,70.0,11.1,6.0,0
322.8,151.0,98.5,194.8,27.5,25.5,2.2,1.3,33.3,-1.8,-6.5,83.4,237.3,185.6,186.4,12.7,32.4,2.7,1.0,70.0,-14.0,-5.9,0
59.5,131.0,337.0,254.5,30.0,24.0,2.0,1.5,50.0,18.7,7.0,243.3,170.7,272.7,196.3,39.7,24.7,1.0,1.7,50.0,2.3,-9.8,1
210.8,101.9,252.0,179.0,41.3,9.8,0.9,1.5,80.0,28.7,7.3,184.1,155.5,271.9,215.4,39.3,22.6,1.4,1.4,60.0,16.6,6.4,0
201.4,113.7,152.3,294.1,28.6,24.1,1.1,1.7,44.4,5.9,1.3,153.3,171.3,333.7,300.0,36.1,36.4,1.4,2.0,90.0,5.8,5.3,1
195.8,103.7,218.9,205.3,25.7,17.3,1.3,1.4,30.0,8.1,-1.6,171.2,130.9,231.1,223.0,23.8,22.6,2.2,1.9,81.8,-0.9,-2.8,1
221.8,122.0,196.8,217.2,30.6,22.2,0.8,1.0,30.0,7.1,-4.4,220.7,80.0,248.5,158.3,43.2,13.5,1.2,2.8,100.0,19.3,-1.2,1
85.3,133.3,212.5,226.5,22.8,23.6,1.8,1.8,70.0,-0.2,-0.2,116.7,127.4,221.6,225.2,25.3,27.8,2.7,1.9,50.0,-3.2,-1.7,1
181.0,93.1,209.0,205.7,31.3,17.4,2.3,2.2,40.0,9.6,1.2,141.4,136.3,276.5,248.3,33.6,23.8,2.1,2.9,18.2,6.5,-2.8,1
94.7,166.5,211.5,219.7,24.5,30.6,1.7,1.9,50.0,-13.4,-8.4,146.8,197.2,132.1,200.7,13.3,30.8,1.8,1.4,80.0,-17.3,-12.8,0
126.9,213.2,155.9,228.9,18.6,40.4,1.6,1.1,70.0,-11.3,-2.1,141.1,193.3,148.7,240.2,17.3,30.9,1.5,1.4,80.0,-9.0,1.0,1
89.0,93.5,147.5,322.0,15.0,37.5,1.0,2.0,50.0,-8.1,-3.3,145.0,165.5,374.5,297.5,27.0,29.5,2.0,2.0,50.0,-9.9,-10.2,1
267.0,172.4,159.8,201.4,29.4,28.0,2.2,1.6,80.0,-3.2,-6.1,206.0,206.0,86.4,275.8,21.2,48.2,2.4,0.4,50.0,-13.1,2.8,0
174.1,153.3,258.0,224.8,30.5,23.5,2.0,2.1,70.0,0.6,-2.3,130.9,152.6,316.9,260.5,30.5,30.6,2.0,0.8,72.7,-1.9,-4.6,0
132.7,92.3,181.3,151.3,22.0,4.3,1.7,2.0,90.0,5.6,-7.7,135.8,174.3,147.0,202.8,13.0,29.3,2.3,1.0,90.9,-9.2,-0.3,0
213.3,150.0,195.4,240.9,23.1,33.6,1.5,1.1,90.0,-14.7,-9.6,139.6,118.9,244.3,206.0,23.0,22.4,2.0,1.4,20.0,-14.8,-14.5,1
175.8,42.0,289.8,187.3,30.8,8.5,2.0,1.3,30.0,11.9,-0.1,149.0,99.3,232.0,168.8,25.5,14.5,1.3,3.0,80.0,4.4,-3.1,1
141.0,197.0,193.0,233.0,13.0,35.0,2.0,2.0,60.0,-6.9,10.3,74.0,218.0,269.0,351.0,10.0,59.0,3.0,1.0,40.0,-17.1,12.9,0
155.6,114.3,237.5,205.8,23.9,20.0,1.5,1.2,40.0,1.7,1.7,98.2,230.5,156.4,213.8,12.2,40.8,2.2,1.2,36.4,-22.4,-22.4,0
261.8,146.0,161.8,176.7,31.2,20.8,1.3,1.7,50.0,12.9,6.1,206.2,146.5,197.0,241.0,33.5,28.3,1.3,2.2,100.0,6.5,2.9,0
279.0,106.5,190.0,244.3,32.8,22.8,2.0,1.5,40.0,10.1,3.2,122.0,170.0,169.5,320.0,13.5,32.5,2.0,2.0,30.0,-16.5,-12.0,0
166.0,104.0,268.8,217.8,35.3,17.8,1.6,2.2,70.0,14.8,3.7,168.2,106.7,202.1,254.0,25.8,25.0,2.3,1.9,30.0,5.2,3.3,0
112.3,123.3,202.3,225.7,18.0,30.7,1.7,2.7,70.0,6.4,7.2,159.7,159.0,230.0,188.3,35.0,21.7,2.0,2.7,40.0,5.7,-1.5,1
136.9,167.6,210.3,188.0,19.9,20.9,1.6,1.6,40.0,2.5,-0.6,148.0,132.7,266.1,255.3,25.1,22.7,1.3,1.7,50.0,-3.7,-8.8,1
256.7,143.3,365.3,263.3,55.7,26.0,1.3,2.3,30.0,10.7,-11.3,106.4,120.8,128.0,261.2,17.8,32.0,2.4,2.6,40.0,-11.5,-7.6,0
211.2,195.6,435.6,286.6,45.2,33.4,1.2,2.8,44.4,11.9,1.8,123.7,104.7,321.0,249.0,37.3,31.7,2.0,0.3,80.0,5.2,1.9,1
147.0,175.7,323.3,212.0,31.7,24.7,2.0,3.0,77.8,12.5,4.6,164.5,195.5,274.0,320.5,33.5,35.5,0.5,1.5,44.4,1.2,5.0,1
181.0,215.7,191.8,218.7,27.8,41.3,1.3,0.7,11.1,-16.4,-11.9,161.7,182.2,266.2,224.8,29.0,32.7,1.3,1.0,88.9,-7.8,-7.9,0
154.8,164.3,245.5,124.5,24.0,20.3,1.3,1.3,30.0,2.6,-2.2,119.6,185.6,259.8,172.4,22.2,22.6,2.0,2.8,70.0,-0.7,-0.7,1
126.5,92.0,245.0,200.5,32.5,17.0,2.0,1.5,80.0,6.2,-5.4,75.0,260.5,209.0,330.5,8.5,62.0,4.0,1.5,70.0,-22.9,8.3,0
0.0,0.0,0.0,0.0,37.2,21.8,0.4,0.9,80.0,18.2,6.5,0.0,0.0,0.0,0.0,41.4,31.7,0.6,0.9,30.0,2.1,-4.3,0
101.6,169.1,243.8,239.3,25.0,28.2,1.7,2.1,70.0,3.4,3.6,161.3,184.3,274.4,172.3,33.3,29.7,1.4,1.2,50.0,2.9,0.9,1
157.9,107.6,357.4,210.0,45.7,20.3,1.2,2.3,50.0,29.7,10.2,235.0,99.7,239.3,214.8,37.7,17.1,1.0,1.6,80.0,21.3,8.0,1
164.0,144.4,197.8,200.8,26.4,21.0,0.8,0.8,90.0,7.7,2.1,136.5,144.0,157.8,158.5,19.5,20.8,1.8,2.3,80.0,-2.8,-5.7,0
183.0,135.5,191.0,336.5,27.5,34.3,2.8,2.0,30.0,-0.1,-1.2,189.0,130.5,254.8,213.8,28.8,20.5,1.5,2.0,50.0,-4.7,-10.7,0
298.8,68.1,201.0,169.6,43.0,9.8,0.6,1.9,88.9,31.2,2.8,215.4,156.9,197.1,173.4,24.9,21.4,0.9,1.0,55.6,9.1,3.2,1
139.8,99.4,171.5,254.3,17.1,25.0,1.5,1.6,36.4,-8.8,-7.6,127.1,182.2,199.4,251.4,15.7,36.3,2.7,1.3,50.0,-22.6,-12.8,1
104.3,124.3,244.3,221.0,19.0,18.0,3.0,2.3,60.0,5.8,3.7,130.7,114.0,253.0,446.7,27.3,41.7,2.7,1.7,70.0,-14.8,-9.8,1
114.5,173.5,288.7,267.8,29.3,31.5,0.8,0.8,66.7,4.3,6.6,140.2,132.6,277.8,239.4,30.0,20.8,2.0,3.2,77.8,7.8,3.4,0
108.3,158.3,293.2,245.2,32.2,29.2,2.5,1.7,50.0,-3.9,-8.3,205.2,109.3,275.2,243.8,36.7,20.2,1.3,2.0,40.0,9.7,-3.5,0
160.0,125.5,290.6,243.2,31.0,22.0,2.3,1.8,100.0,10.6,4.6,153.7,137.0,233.2,164.6,24.4,23.6,2.4,1.4,70.0,3.4,0.4,0
159.2,145.2,206.9,189.4,24.2,17.8,1.7,2.1,80.0,5.7,0.1,159.1,102.0,192.6,184.2,21.7,21.1,2.6,1.8,40.0,-1.8,-3.1,0
240.1,153.7,330.8,344.1,52.4,34.1,0.8,2.7,50.0,5.5,-6.5,152.7,214.6,161.0,260.4,20.0,30.9,1.6,2.1,40.0,-16.9,-11.1,0
124.3,142.3,267.3,198.7,29.3,14.3,0.3,2.0,40.0,13.5,3.9,121.0,123.0,251.0,240.0,21.0,34.3,2.3,1.3,100.0,5.1,4.0,1
114.0,159.0,172.6,228.3,14.6,27.1,1.1,1.1,40.0,-12.9,-7.1,59.4,170.0,266.0,213.9,23.4,31.4,2.3,1.1,80.0,-11.7,-8.5,0
127.3,152.7,240.7,257.7,22.3,36.7,1.7,1.7,66.7,-1.3,-0.8,87.2,308.8,201.8,253.0,12.2,50.8,3.6,1.2,33.3,-25.8,-12.6,1
113.4,88.5,237.7,204.5,28.9,15.6,1.5,1.8,50.0,13.1,1.8,166.0,147.1,258.1,201.7,30.5,20.9,2.2,1.1,80.0,12.5,5.5,0
158.0,202.0,148.0,161.0,14.0,23.0,3.0,3.0,60.0,-17.8,-20.5,184.0,22.5,211.5,146.5,25.5,1.5,1.5,2.0,60.0,8.3,-11.7,1
105.9,166.3,214.9,249.2,19.2,29.7,1.7,1.9,30.0,-15.7,-10.1,177.4,173.9,225.8,192.3,34.9,29.2,1.9,1.4,60.0,-0.5,-7.1,1
186.6,128.6,196.4,204.9,28.4,22.1,1.4,0.6,80.0,12.6,6.5,190.9,85.9,237.1,242.6,37.4,21.0,1.0,1.4,50.0,16.8,4.3,1
105.6,219.1,181.4,182.4,12.9,29.3,1.9,1.4,40.0,-15.2,-6.5,139.0,225.6,96.9,224.9,11.4,33.1,1.6,1.5,90.0,-19.5,-7.4,1
214.5,140.0,160.0,141.0,17.0,18.5,0.0,0.5,55.6,10.5,3.7,213.0,99.5,230.5,273.0,32.0,23.5,2.5,3.0,30.0,0.0,-15.9,0
106.2,148.7,266.5,176.3,29.6,21.2,1.5,1.8,70.0,9.1,4.2,150.7,163.8,217.9,191.3,21.6,23.6,2.4,2.1,80.0,-1.9,-1.4,1
123.0,150.6,178.2,235.4,17.8,25.4,2.0,1.8,70.0,-9.2,-5.1,160.3,172.5,294.1,237.0,29.3,28.1,2.3,1.8,80.0,-0.1,-1.6,0
230.0,111.0,241.0,271.0,45.0,31.0,1.0,1.0,60.0,15.8,3.3,157.0,129.0,229.0,201.0,28.0,31.0,1.0,3.0,20.0,-4.2,-0.1,0
152.0,77.0,335.0,303.0,20.0,6.0,4.0,2.0,60.0,14.1,-9.8,65.0,291.0,231.0,171.0,18.5,36.0,3.0,0.5,81.8,-7.9,-6.9,0
222.7,94.3,164.0,168.1,37.2,11.3,0.6,2.4,60.0,26.9,11.5,179.4,97.8,240.1,187.9,31.7,19.4,1.6,2.4,90.0,13.6,3.6,1
168.3,123.3,167.3,196.2,23.5,20.3,1.2,2.0,90.0,2.7,-1.1,93.3,59.7,211.3,203.5,18.8,13.2,1.2,2.3,80.0,1.9,-4.5,0
227.2,178.5,387.3,257.3,46.8,29.8,1.0,1.2,66.7,19.5,2.2,224.4,182.6,261.2,223.8,35.4,29.0,2.4,3.2,40.0,13.4,9.5,0
228.7,170.7,186.7,245.0,32.5,25.3,1.0,2.3,40.0,-5.7,-12.4,128.8,68.3,228.8,255.7,26.5,13.2,0.8,3.2,50.0,5.6,-4.5,0
163.0,104.7,328.7,303.7,32.7,22.7,1.0,2.0,10.0,15.6,1.3,197.7,175.7,235.7,201.3,35.3,21.7,2.3,1.0,50.0,3.9,-5.6,1
12.0,261.0,113.0,287.0,7.0,44.0,1.0,0.0,10.0,-16.8,-1.7,82.0,234.0,137.0,206.0,7.0,51.0,2.0,0.0,20.0,-12.9,17.0,0
155.6,69.8,230.8,220.8,30.8,18.2,3.0,1.8,60.0,9.7,2.7,182.8,106.2,238.8,146.0,37.4,10.0,1.6,1.6,40.0,11.0,-6.4,1
168.6,147.2,397.8,279.8,48.4,26.4,1.0,1.6,88.9,30.5,14.1,28.5,103.3,357.5,192.3,18.5,26.8,4.0,1.5,50.0,1.8,8.1,0
176.8,191.3,257.5,153.2,36.0,30.2,1.0,1.0,50.0,3.9,1.3,154.8,125.0,224.0,250.5,30.0,18.8,1.8,1.5,30.0,11.7,6.3,0
232.0,158.0,161.7,211.3,30.3,21.0,0.3,2.0,50.0,12.2,4.6,107.0,117.0,327.0,234.0,28.0,30.3,2.3,1.7,90.9,8.6,5.6,0
155.0,188.0,200.0,381.0,24.0,43.0,2.0,0.0,70.0,0.3,-2.8,255.0,20.0,318.0,263.0,36.0,31.0,2.0,1.0,40.0,11.7,0.3,0
192.1,109.4,275.3,208.8,37.8,16.7,1.8,1.7,70.0,16.5,3.3,144.3,117.6,219.1,176.2,22.4,17.0,2.4,1.8,70.0,1.1,-3.9,0
184.8,156.5,405.0,209.5,48.3,24.0,2.0,1.8,11.1,19.5,4.9,136.0,139.0,432.0,321.5,39.5,34.5,1.0,3.0,90.0,5.4,-1.0,0
245.4,139.2,182.6,201.6,37.7,20.2,1.1,2.0,30.0,3.7,-7.8,177.6,205.6,173.6,234.5,20.5,41.5,2.0,1.1,36.4,-26.1,-10.0,1
204.0,109.0,154.3,88.3,30.3,16.3,3.0,2.0,70.0,9.3,6.0,62.0,187.0,177.5,156.5,23.5,26.5,2.5,4.0,60.0,-9.4,-13.3,0
98.2,118.2,287.0,160.5,28.0,16.3,0.5,1.5,30.0,-3.5,-9.4,85.3,165.0,170.0,232.0,12.9,30.9,1.9,1.4,20.0,-22.4,-13.5,0
185.0,195.0,359.0,29.0,44.0,0.0,0.0,5.0,40.0,14.1,-10.4,135.0,220.5,241.0,275.5,31.0,32.5,3.5,1.5,44.4,-5.9,-14.0,0
156.6,102.3,233.0,159.9,25.3,9.3,1.0,1.6,80.0,9.5,-1.9,118.4,142.3,147.4,228.4,10.0,25.4,1.6,1.6,45.5,-8.0,-1.9,0
103.0,205.7,214.0,281.3,24.7,40.7,1.3,2.0,50.0,-10.5,-6.9,101.0,211.0,223.0,252.7,12.3,41.3,1.7,1.0,36.4,-22.1,-12.5,1
170.0,107.0,172.3,156.7,25.0,15.3,1.3,1.3,100.0,6.0,-1.4,90.0,110.7,304.0,208.0,26.0,28.0,0.3,1.0,30.0,-4.3,-4.1,0
219.0,150.3,190.8,317.8,32.7,31.7,1.7,2.2,44.4,-5.9,-7.4,161.0,141.3,320.6,222.7,34.3,20.4,1.6,0.4,66.7,9.3,-2.1,1
119.0,73.0,259.0,164.0,41.0,10.0,1.0,1.0,50.0,17.6,-7.6,11.0,323.0,336.0,235.0,24.0,52.0,3.0,2.0,50.0,-13.8,-14.8,0
147.3,180.7,283.8,247.0,28.0,21.5,1.5,1.2,20.0,1.4,-2.7,122.7,220.2,209.2,237.5,18.8,33.5,1.5,1.7,40.0,-15.2,-10.1,0
227.8,161.5,256.2,212.3,41.3,24.2,1.7,1.7,90.0,13.3,3.6,106.9,183.3,199.6,232.3,18.6,32.9,1.6,1.0,50.0,-7.8,2.4,0
151.4,118.6,298.8,174.4,40.6,14.8,1.0,2.6,60.0,25.9,5.5,88.5,178.3,212.3,198.3,23.5,27.5,1.5,2.5,20.0,-13.2,-14.4,1
125.0,168.4,211.4,209.4,21.4,26.6,1.8,1.2,60.0,-14.2,-12.6,214.0,117.3,210.8,294.5,25.5,28.8,0.8,0.5,30.0,-0.7,-5.2,0
166.2,55.9,207.2,265.8,29.3,16.6,1.1,2.3,30.0,11.5,1.8,114.5,91.8,306.1,247.3,26.3,18.1,1.5,2.3,18.2,9.2,4.9,1
147.5,111.9,234.3,213.4,22.0,22.9,1.7,1.7,33.3,6.8,8.8,151.8,181.6,163.7,251.7,24.0,38.3,1.2,1.4,44.4,-2.1,4.6,1
151.1,139.9,266.1,258.1,29.6,30.2,2.2,1.8,11.1,-3.4,-4.4,56.3,227.3,254.3,258.9,21.3,38.1,1.6,1.7,33.3,-19.9,-10.7,1
183.0,84.3,201.1,185.4,29.5,16.4,0.9,1.4,10.0,13.1,6.3,199.3,219.3,254.8,256.1,29.6,34.6,1.5,1.1,60.0,5.1,4.2,0
153.3,144.8,244.0,186.0,29.8,18.5,1.0,1.3,80.0,6.0,-1.9,139.4,118.1,280.7,301.4,35.6,30.1,0.9,1.9,72.7,2.2,-1.3,0
110.5,80.9,202.1,219.1,16.8,19.1,2.5,1.9,70.0,2.4,5.0,257.1,136.6,130.6,312.7,23.3,26.6,1.6,1.6,72.7,-2.9,-4.4,0
70.0,404.0,227.0,75.0,17.0,38.0,1.0,3.0,36.4,-10.6,12.0,123.0,265.0,103.0,215.0,10.0,30.0,1.0,2.0,30.0,-11.3,2.3,0
46.8,12.1,33.7,38.8,26.8,25.8,1.7,1.1,30.0,3.1,3.1,17.8,27.1,51.9,40.3,22.2,19.3,0.4,1.1,30.0,-4.9,-4.9,0
253.5,160.5,295.5,173.0,44.5,23.5,0.5,1.5,40.0,-9.1,-20.8,173.5,201.5,172.0,194.0,11.5,41.0,2.5,0.0,36.4,-29.1,-7.4,0
124.8,232.8,181.1,235.6,20.0,42.9,1.5,2.0,40.0,-14.6,0.9,96.3,155.6,264.0,227.5,20.8,27.6,2.1,1.4,36.4,-7.6,-3.6,0
149.7,255.7,163.4,194.9,19.3,33.0,3.1,2.0,10.0,-9.9,-4.4,92.1,149.9,422.0,194.7,40.0,20.0,1.9,3.1,90.9,16.4,2.8,0
188.3,135.1,343.4,272.6,45.3,28.5,2.0,2.8,10.0,11.2,0.8,188.0,161.4,308.8,253.6,34.4,25.6,1.4,1.9,50.0,3.4,-2.2,1
235.7,207.7,330.0,179.7,37.7,15.7,2.0,3.0,55.6,14.0,-5.3,150.3,201.3,232.7,214.7,22.3,31.0,0.7,1.3,60.0,-7.3,-6.4,1
163.8,174.3,167.8,215.3,22.5,25.8,1.8,1.3,72.7,-0.3,-3.8,138.2,106.2,221.0,152.7,25.3,15.5,1.3,1.5,36.4,5.8,-4.5,1
119.0,335.0,191.0,216.0,14.0,47.0,0.0,0.0,60.0,-6.8,-6.8,159.0,89.0,338.0,202.5,46.0,20.5,1.0,2.0,70.0,8.4,-3.6,0
86.5,247.5,367.0,288.5,38.5,46.5,3.0,0.5,90.0,10.6,9.8,195.0,127.0,246.5,266.0,30.5,25.5,1.0,2.5,88.9,7.1,2.9,1
83.5,138.0,339.3,283.5,26.5,32.3,2.3,1.3,36.4,-4.7,-2.3,80.0,231.8,162.3,151.3,6.0,29.3,0.3,0.5,50.0,-13.5,-1.1,0
100.3,154.3,293.7,226.7,28.3,32.0,3.0,1.7,50.0,-5.0,-10.9,176.5,177.5,244.5,244.0,32.5,30.3,2.8,2.0,18.2,3.0,1.6,1
107.9,137.7,252.9,260.7,23.0,34.1,2.3,0.7,60.0,-9.1,-7.8,204.4,114.6,196.0,267.1,30.3,33.9,1.1,1.1,30.0,-8.3,-7.7,0
134.4,113.8,144.8,199.2,23.6,17.6,1.0,2.8,50.0,-7.8,-13.0,147.7,185.3,310.6,249.7,29.9,38.0,2.1,2.0,60.0,-10.0,-4.7,1
161.9,116.7,202.6,169.4,20.3,19.9,2.9,1.7,40.0,-0.6,-1.3,158.4,181.4,217.9,218.9,18.5,26.9,1.8,1.8,80.0,-9.6,-1.5,0
233.4,112.8,219.5,239.8,32.4,24.8,1.8,1.8,30.0,3.6,-3.7,144.5,170.8,215.7,298.3,24.1,25.2,1.8,2.3,60.0,5.4,6.2,0
312.0,108.0,207.5,232.0,37.5,16.0,1.0,2.0,30.0,15.5,4.5,51.5,156.0,208.5,256.5,15.5,36.5,2.5,2.0,18.2,-12.5,-7.8,1
177.0,139.0,221.5,284.8,28.8,23.5,2.0,2.3,40.0,2.3,-3.3,108.7,65.7,243.3,246.3,18.0,19.3,1.3,0.3,70.0,-8.1,-12.4,0
180.0,307.0,240.0,132.3,30.8,43.0,1.8,1.5,80.0,-14.8,-13.5,73.2,161.8,276.8,293.4,20.0,34.6,3.4,2.2,70.0,-12.6,-2.3,0
184.3,114.9,254.3,257.7,28.1,26.4,1.0,1.0,22.2,8.9,6.3,152.3,122.3,349.5,233.4,34.9,21.8,2.5,2.0,90.0,17.3,8.9,1
182.2,137.4,192.5,193.8,29.7,22.3,1.2,0.8,80.0,12.7,6.0,57.6,164.6,252.9,200.4,16.9,30.1,2.1,1.0,9.1,-7.1,-1.2,1
102.6,181.1,224.9,174.9,23.4,24.4,1.8,1.6,30.0,-5.0,-4.5,217.9,191.9,166.7,207.9,25.0,33.0,2.0,2.0,40.0,-12.2,-8.6,0
187.3,184.6,196.3,238.6,24.8,31.9,1.8,1.8,30.0,0.4,3.9,134.0,148.6,293.7,252.4,34.1,22.6,1.6,3.4,70.0,14.9,7.4,1
121.7,187.7,262.9,198.4,30.2,32.1,2.1,2.0,30.0,-10.3,-9.6,122.4,115.1,155.5,151.4,21.8,25.5,1.6,1.3,70.0,0.4,1.6,0
194.5,162.0,243.0,162.5,29.0,25.0,2.0,2.0,60.0,-6.5,-16.9,129.5,191.0,396.0,200.0,35.0,42.0,2.5,1.0,30.0,-5.5,-4.9,0
255.9,135.3,194.9,192.6,36.3,19.2,1.4,1.7,44.4,5.0,-7.6,149.2,217.4,205.9,204.5,24.0,39.0,1.9,1.3,22.2,-20.0,-11.9,1
127.4,88.2,218.1,281.3,24.1,24.1,1.3,1.9,80.0,3.6,4.0,97.6,140.1,249.1,252.9,25.8,22.7,1.2,2.2,70.0,-0.5,-3.0,0
230.7,126.7,244.8,327.8,30.7,35.7,1.7,0.7,60.0,-5.5,-6.8,110.6,188.8,317.0,261.9,30.3,34.1,1.9,1.1,0.0,-16.8,-12.0,0
113.0,110.0,392.5,199.5,37.5,10.0,2.5,0.5,40.0,13.4,-8.5,159.0,170.3,441.3,352.0,43.7,37.7,1.0,1.0,90.0,13.3,5.2,1
194.5,128.4,131.1,225.3,20.0,24.7,0.9,1.1,44.4,-7.7,-5.6,147.0,199.4,172.7,270.9,25.4,37.3,2.3,1.9,66.7,-12.9,-8.2,1
137.0,99.0,216.0,216.0,12.0,35.0,0.0,2.0,30.0,-16.2,-14.3,71.0,105.0,274.0,237.0,13.0,21.0,2.0,4.0,80.0,-11.9,-12.5,0
272.8,110.3,210.8,165.0,36.0,21.5,1.0,1.0,44.4,-5.1,-14.6,124.0,225.0,278.0,265.5,29.0,40.0,1.0,1.8,77.8,-15.1,-12.1,1
191.3,121.7,362.7,331.0,34.3,36.7,1.3,1.3,77.8,12.0,10.6,130.5,262.0,59.0,267.5,1.5,38.5,0.5,1.0,40.0,-18.0,-10.6,0
109.6,138.9,279.9,244.2,30.6,21.7,0.9,1.7,60.0,10.6,7.8,109.1,202.1,295.8,250.2,23.6,35.0,2.0,1.2,55.6,-5.3,0.2,1
144.5,164.0,198.4,198.0,23.3,24.0,2.0,2.1,10.0,-6.4,-6.4,96.1,220.4,298.1,300.9,19.3,46.3,2.9,2.6,90.0,-26.4,-12.0,0
125.5,102.3,193.4,202.9,23.8,15.8,1.5,2.1,30.0,10.7,3.0,120.4,90.4,258.2,235.6,24.2,18.0,1.8,2.4,50.0,6.6,2.6,0
72.8,139.3,334.5,214.3,20.0,24.3,2.5,1.5,77.8,-9.8,-12.1,100.0,117.7,155.7,253.4,17.4,29.0,1.3,2.0,44.4,-20.4,-15.0,1
168.8,170.6,186.4,160.6,21.0,18.6,2.2,2.6,40.0,-0.2,-2.7,57.6,238.4,140.2,205.0,4.8,43.4,2.6,1.0,50.0,-21.8,1.9,0
102.2,217.1,167.8,176.4,9.6,31.4,1.9,0.7,50.0,-18.4,-4.1,51.1,242.5,282.4,207.4,17.3,34.3,2.5,1.9,40.0,-13.2,-5.2,1
127.0,133.7,256.3,325.3,34.7,33.7,2.0,2.0,60.0,-5.7,-10.6,83.0,228.3,185.8,186.5,18.8,23.5,2.0,2.3,50.0,-7.5,-3.4,1
118.6,97.0,210.3,234.0,22.0,21.0,1.5,1.5,70.0,0.2,0.2,104.5,184.7,138.4,201.3,13.8,25.6,2.0,2.0,50.0,-4.4,-4.4,0
125.0,112.7,326.0,259.3,29.7,23.7,1.0,1.0,80.0,7.4,-0.5,176.0,50.0,105.0,129.5,23.5,9.5,1.5,3.0,30.0,2.5,-21.3,0
111.3,99.7,297.2,248.0,25.9,19.1,1.4,2.4,18.2,9.5,6.2,171.5,175.4,214.2,261.0,21.2,30.4,2.4,2.0,60.0,-2.3,2.2,1
214.3,236.5,208.8,242.8,38.3,39.5,1.3,1.5,33.3,-13.4,-12.5,113.3,162.0,168.8,241.8,10.0,36.5,1.5,0.8,33.3,-25.7,-13.7,0
112.8,164.1,197.3,230.5,15.6,26.8,2.3,1.4,88.9,-9.4,-5.0,169.1,202.5,240.2,254.7,21.2,35.9,1.1,1.0,70.0,-18.2,-10.1,1
200.4,118.0,189.6,179.1,27.5,18.2,1.4,1.3,33.3,-2.1,-9.5,142.6,159.3,231.9,206.5,26.6,24.1,1.4,1.6,11.1,-1.5,-4.5,0
93.0,243.3,298.7,177.0,17.0,34.0,3.3,0.7,20.0,-13.9,-13.5,103.0,229.0,195.0,211.7,16.3,37.7,1.0,1.0,66.7,-5.0,0.0,1
56.7,130.0,390.0,296.7,32.0,27.3,1.7,2.3,44.4,-6.1,-8.9,254.3,165.0,222.8,249.5,37.5,36.3,1.8,2.0,88.9,5.6,1.1,0
231.1,156.0,263.4,219.8,42.1,19.1,0.4,2.3,60.0,13.0,-4.4,180.7,154.1,127.0,210.1,19.3,26.9,1.1,1.9,40.0,-11.3,-11.2,1
18.2,11.2,43.2,42.9,35.4,28.5,1.6,0.5,70.0,7.6,7.6,0.0,0.0,0.0,0.0,25.1,28.7,1.1,0.5,40.0,-10.8,-10.8,1
76.5,193.3,389.5,235.4,29.0,35.5,1.8,1.5,70.0,-7.0,-3.6,148.8,178.3,214.4,211.2,25.9,25.1,1.8,2.0,80.0,0.3,-0.5,0
205.2,137.6,232.2,165.0,27.4,18.6,2.0,2.4,80.0,7.3,-0.8,88.6,234.2,279.2,291.4,26.2,41.6,2.4,1.0,80.0,-13.3,-8.9,1
160.0,206.5,170.0,213.0,25.5,26.0,3.5,3.0,44.4,-0.2,-10.1,69.0,119.0,124.5,196.0,5.0,31.0,2.0,2.0,40.0,-13.7,-9.4,0
195.3,75.8,227.9,189.6,33.1,16.3,1.7,2.0,88.9,23.2,10.4,131.1,170.4,286.9,213.0,31.3,17.8,1.0,1.4,50.0,15.8,4.7,1
346.0,189.5,101.5,238.0,40.0,29.5,1.5,2.0,90.0,3.8,-9.4,106.0,91.5,248.5,323.0,28.0,24.5,2.5,2.0,30.0,5.8,2.6,1
110.8,219.3,126.5,191.8,8.0,36.8,3.0,0.8,30.0,-28.7,-13.0,114.3,273.7,209.7,262.7,12.3,56.0,2.7,1.0,70.0,-29.0,-16.9,1
148.3,173.7,224.8,204.6,27.6,25.4,1.8,1.8,66.7,12.1,12.1,166.3,210.2,259.5,289.2,28.6,35.5,1.6,2.3,30.0,-9.1,-9.1,1
178.0,159.0,361.0,436.0,38.0,45.0,2.0,6.0,66.7,-0.9,-10.3,149.0,77.0,264.0,54.0,38.0,3.0,1.0,0.0,90.0,2.0,-29.2,0
112.0,134.2,207.4,240.0,25.4,21.6,1.2,2.8,40.0,-3.6,-8.6,71.8,155.0,253.3,286.3,25.7,34.7,0.7,0.7,50.0,-5.7,-3.7,1
174.8,131.4,307.2,251.8,45.0,32.2,1.6,1.6,77.8,13.7,5.1,215.8,127.0,202.5,176.3,28.5,12.0,1.3,1.0,11.1,15.3,3.9,0
153.2,173.0,319.3,164.1,38.4,22.9,1.6,2.8,70.0,5.1,-3.4,240.9,185.0,265.9,228.0,38.9,31.6,1.4,1.4,20.0,-3.0,-9.7,0
160.5,120.0,169.5,272.0,18.5,28.5,2.0,2.0,60.0,7.2,6.8,97.5,156.5,364.5,364.5,18.0,41.5,1.5,0.5,70.0,-8.9,-3.8,0
159.2,132.5,344.4,263.3,36.9,24.4,2.1,1.9,90.0,17.3,8.0,126.1,167.1,310.7,225.4,30.7,22.3,1.3,1.2,50.0,13.8,6.6,0
175.5,177.4,179.4,170.3,24.1,25.1,1.8,1.8,40.0,-7.0,-5.2,129.3,332.0,258.2,221.4,20.3,48.3,2.1,1.7,30.0,-28.7,-14.0,1
115.0,210.0,325.3,209.0,28.7,36.0,2.7,1.7,70.0,-8.0,-4.6,104.8,334.3,158.5,144.5,11.8,43.3,1.5,1.0,30.0,-15.0,5.7,1
91.4,111.3,274.8,184.6,21.6,23.0,2.4,1.9,77.8,-9.4,-10.7,133.9,174.2,218.9,198.8,22.3,24.1,1.6,1.8,55.6,-6.9,-8.5,1
225.1,117.7,176.3,174.4,28.7,15.1,1.0,1.4,33.3,-0.9,-11.1,94.6,130.3,150.9,255.4,17.4,28.8,1.1,2.1,44.4,-20.3,-13.8,1
124.4,129.5,225.5,233.4,22.1,23.8,1.8,2.1,70.0,0.0,-2.5,158.9,213.9,204.0,210.6,22.6,31.2,2.0,2.0,20.0,-5.6,2.1,0
255.2,191.5,174.3,198.0,27.7,28.0,1.5,1.8,40.0,-11.3,-15.0,91.1,150.6,245.0,198.9,17.4,26.4,1.4,1.5,30.0,-13.7,-9.7,0
74.3,221.0,225.3,193.0,20.3,29.3,1.0,1.0,44.4,-17.8,-13.3,191.8,160.3,322.0,178.8,38.3,26.8,2.8,1.8,77.8,0.3,-10.4,1
106.3,256.3,305.0,256.7,23.7,33.0,0.7,2.3,33.3,-14.1,-9.9,226.3,157.3,215.0,358.3,26.3,45.0,2.3,0.7,66.7,-19.2,-16.8,1
231.3,102.7,266.3,91.3,55.3,5.7,0.3,1.0,80.0,21.8,-9.4,190.3,118.3,311.7,273.7,40.3,19.3,1.3,1.0,40.0,7.4,-4.6,0
173.1,291.8,178.0,210.2,22.9,38.7,1.7,1.3,36.4,-19.7,-9.7,145.0,156.7,274.7,247.1,27.7,30.6,2.5,1.5,60.0,-9.0,-9.2,1
183.2,108.4,153.4,238.8,20.8,25.4,1.6,1.0,77.8,-7.1,-10.1,168.4,247.8,218.8,128.6,28.0,31.4,2.2,1.2,33.3,-7.3,-7.3,0
162.5,191.0,242.0,201.5,31.5,40.0,2.0,1.5,90.0,11.0,8.4,74.5,186.0,146.5,165.5,10.0,22.0,3.5,2.0,90.9,-6.0,-7.8,1
239.0,85.0,178.7,224.3,35.3,13.3,0.0,2.0,88.9,25.2,8.4,70.5,137.5,250.5,121.0,21.0,6.5,0.5,1.5,80.0,8.8,-1.6,0
184.0,110.0,243.0,235.0,30.0,27.0,0.0,2.0,60.0,-6.8,-5.9,156.0,179.0,241.0,178.0,30.0,49.0,5.0,2.0,30.0,-14.2,-3.5,0
273.1,155.6,221.7,257.1,35.8,29.0,1.3,1.3,60.0,9.0,5.8,48.1,220.8,244.1,183.0,14.7,31.9,2.4,1.5,40.0,-15.6,-7.4,0
152.8,99.3,185.1,261.2,21.6,24.9,1.4,2.0,36.4,-7.7,-8.7,133.5,153.6,131.8,235.9,11.2,28.0,1.5,1.4,40.0,-17.9,-9.8,1
246.0,42.5,333.0,226.5,37.0,11.5,1.0,0.5,80.0,23.3,3.9,71.0,201.0,212.0,349.0,0.0,49.0,3.0,2.0,70.0,-23.9,-19.8,1
167.0,88.0,293.5,339.5,33.0,28.5,1.0,1.5,18.2,1.3,-6.4,131.0,102.7,292.7,240.7,34.3,21.0,1.7,2.0,80.0,10.8,-1.1,1
151.0,127.3,178.0,149.6,25.7,12.1,0.9,1.3,40.0,10.1,2.4,98.7,146.0,270.5,265.3,22.0,35.7,2.3,1.0,80.0,-9.0,-1.8,1
193.3,112.7,273.2,200.8,40.6,18.9,1.2,0.7,80.0,28.8,14.3,186.7,183.5,178.3,212.1,22.8,28.9,1.8,1.2,40.0,5.0,6.7,0
137.6,216.3,210.6,201.3,27.6,30.3,2.0,2.4,55.6,-4.2,-5.3,168.8,190.4,250.7,264.8,23.6,35.7,1.1,1.0,70.0,-16.4,-10.0,1
202.6,133.3,141.9,234.0,21.6,28.1,1.6,0.9,20.0,-1.7,-0.2,106.9,147.3,138.6,214.4,8.8,24.4,1.9,1.8,45.5,-8.7,-1.9,0
123.3,128.0,271.4,290.7,26.6,29.4,0.9,1.3,60.0,-5.6,-6.0,157.0,179.0,207.1,231.9,18.6,33.1,1.9,1.6,100.0,-9.6,-4.1,0
230.5,153.5,157.5,327.3,27.5,35.5,2.0,2.3,30.0,-11.7,-8.0,144.7,65.0,238.0,274.0,30.3,29.3,2.0,2.0,70.0,3.3,-4.7,0
159.0,121.0,135.2,152.6,14.2,21.6,3.4,2.8,50.0,-7.3,-4.1,90.8,225.3,225.8,207.0,20.3,34.8,2.5,1.8,72.7,-8.5,-4.6,1
189.4,134.3,204.3,247.1,30.8,23.3,1.5,2.5,77.8,9.9,3.5,124.1,235.1,210.1,243.9,19.9,42.1,1.9,1.4,70.0,-23.5,-13.1,0
103.6,178.0,183.3,250.4,17.3,31.0,1.7,1.7,50.0,-10.7,-2.6,98.7,137.9,218.0,219.0,23.3,24.9,1.6,2.3,50.0,-3.5,-2.1,0
129.5,99.2,205.5,206.3,21.3,30.3,1.5,1.7,11.1,-16.7,-13.3,101.8,122.8,321.4,194.8,21.4,22.8,2.6,1.2,77.8,-10.2,-14.0,0
143.5,192.9,159.8,184.3,16.0,27.0,1.6,0.8,90.0,-4.1,0.0,107.8,221.8,165.9,206.1,16.9,37.9,1.4,1.5,80.0,-16.8,-5.2,0
99.1,213.3,211.8,220.4,20.0,38.9,2.2,0.7,50.0,-12.3,-2.5,125.2,209.6,208.7,257.6,18.4,38.2,2.7,1.0,70.0,-15.8,-4.5,0
90.0,198.3,278.7,209.1,29.4,22.1,1.4,2.4,60.0,6.0,0.5,180.5,77.7,217.7,189.2,24.8,16.8,0.8,1.7,20.0,-6.3,-8.7,0
226.7,130.4,170.1,268.2,30.9,24.2,1.1,2.2,50.0,4.4,0.3,135.5,171.2,253.5,230.1,27.9,23.6,1.2,2.5,45.5,5.2,0.8,0
75.3,145.8,278.6,255.2,28.0,30.1,1.7,2.2,20.0,-4.5,-4.0,138.0,149.2,167.1,187.7,18.4,22.8,1.7,2.1,30.0,-6.3,-4.6,0
177.5,119.0,358.1,238.6,48.5,18.5,1.0,1.8,88.9,35.7,12.9,111.7,140.4,313.4,302.9,30.4,30.3,1.6,1.7,55.6,8.7,5.8,1
141.1,210.1,184.3,242.0,21.0,34.5,1.3,1.4,50.0,-13.3,-7.4,70.1,242.3,198.6,243.1,11.1,39.4,1.4,1.1,30.0,-20.1,-11.6,1
123.0,134.1,234.2,243.0,27.9,26.8,1.8,2.4,10.0,-8.4,-9.5,192.8,151.4,242.5,197.5,32.8,22.0,0.5,1.4,60.0,0.9,-8.4,1
186.3,164.1,136.4,271.1,24.4,29.3,0.9,1.4,9.1,-1.8,0.8,124.4,332.9,241.9,220.4,18.6,48.4,2.3,1.6,30.0,-29.6,-15.1,0
128.4,172.6,202.3,262.5,17.5,36.9,1.7,1.5,50.0,-19.6,-10.6,114.4,171.5,258.8,247.3,26.0,33.1,1.9,1.7,50.0,-12.8,-8.9,1
345.0,171.0,302.0,182.0,58.0,20.0,1.0,0.0,30.0,12.9,-8.4,330.0,140.5,174.5,302.5,46.5,23.5,1.5,3.0,70.0,12.3,-9.9,1
148.2,141.5,285.0,186.2,30.3,24.3,1.5,1.0,100.0,7.3,2.2,192.3,188.1,209.0,205.1,25.6,27.6,2.0,1.6,70.0,2.2,0.3,0
222.5,113.5,203.0,193.5,37.8,19.0,0.8,1.8,100.0,5.7,-7.3,149.0,95.3,277.8,276.0,24.3,25.5,3.3,1.5,50.0,-2.3,-5.9,1
361.6,114.7,57.8,221.9,34.0,23.9,1.8,1.9,44.4,2.9,-3.7,157.6,187.2,221.9,221.3,24.8,37.2,1.9,1.2,22.2,-19.1,-12.6,1
161.0,142.3,183.1,212.3,21.8,24.7,2.0,1.7,70.0,1.9,0.1,198.6,122.4,151.7,210.4,29.8,22.5,1.2,1.8,30.0,-2.0,-8.2,0
230.8,199.6,217.1,233.5,32.0,28.9,2.0,2.8,40.0,11.7,8.7,98.7,264.9,221.1,321.1,14.6,46.4,1.9,1.7,50.0,-19.9,-3.4,1
191.0,111.3,307.0,261.3,37.3,23.7,0.7,0.7,55.6,4.9,-8.0,167.6,186.0,327.8,275.0,39.8,33.4,1.6,0.8,77.8,6.9,-2.5,1
128.2,132.5,180.2,189.3,24.8,14.7,0.8,1.5,60.0,11.1,5.4,134.0,157.2,296.6,271.9,37.0,26.6,1.2,2.3,20.0,12.0,5.6,0
216.0,137.5,286.6,316.8,39.5,31.4,1.3,2.5,30.0,-0.4,-6.6,119.3,140.2,379.3,215.5,37.8,24.0,1.3,2.7,70.0,7.0,-2.6,1
282.0,127.3,202.0,312.7,46.3,36.3,1.0,3.0,100.0,4.3,-3.0,102.8,132.8,250.3,277.5,24.0,20.0,1.3,2.0,33.3,0.9,-1.8,0
198.9,121.6,234.5,205.3,35.4,19.8,2.4,3.6,70.0,14.0,5.0,151.2,131.6,174.4,179.3,21.1,24.9,1.8,1.2,70.0,-1.6,-1.0,1
175.0,37.0,243.0,192.0,30.0,3.0,0.0,0.0,44.4,9.8,-14.2,223.0,149.0,357.0,441.0,38.0,41.0,2.0,1.0,55.6,3.4,-4.9,0
229.8,156.3,165.6,266.1,33.6,30.3,1.5,2.1,60.0,-1.0,-5.7,129.9,228.0,105.4,206.4,7.3,34.5,1.9,1.6,40.0,-23.4,-10.9,0
116.8,144.0,128.5,201.8,15.8,29.5,2.3,2.8,70.0,-14.1,-6.6,36.0,191.3,233.7,183.7,18.0,32.3,2.3,2.7,72.7,-12.2,-7.5,1
100.0,102.4,277.8,224.8,29.6,21.8,2.4,1.2,50.0,12.5,5.1,184.2,225.4,219.2,221.4,26.2,35.2,1.6,2.0,40.0,-1.3,2.1,1
171.6,191.4,260.0,212.0,35.7,29.2,1.2,1.6,70.0,13.9,13.9,99.1,233.9,224.2,249.9,15.9,41.3,2.5,0.5,30.0,-21.4,-21.4,1
101.0,147.0,198.7,175.4,20.7,20.4,1.7,2.9,50.0,2.3,-0.7,108.9,160.6,172.4,159.9,14.0,23.9,1.9,1.4,45.5,-7.5,-4.1,0
81.7,170.7,190.7,281.3,18.3,44.3,1.0,1.0,70.0,-9.3,11.9,295.0,161.5,68.5,290.5,31.5,40.0,0.5,2.5,77.8,-1.7,-6.8,0
128.3,158.3,222.8,154.8,26.3,18.5,1.8,2.3,40.0,5.3,2.7,157.0,94.8,207.0,291.3,23.5,27.0,1.5,1.3,80.0,-4.7,-4.3,0
133.5,114.1,259.8,269.3,23.3,24.6,1.6,1.8,55.6,3.8,2.1,128.3,218.6,324.0,284.9,22.5,37.5,1.8,1.4,30.0,-4.8,1.3,1
122.0,127.3,281.3,255.5,32.3,22.3,2.0,3.0,70.0,10.9,1.9,113.3,116.0,260.7,277.7,27.3,21.3,2.7,3.7,80.0,6.9,-0.1,0
98.3,242.3,224.3,261.3,17.3,42.3,2.0,2.3,77.8,-4.7,2.4,170.3,135.5,121.8,274.5,12.0,31.8,1.8,0.5,50.0,-19.6,-12.8,0
261.3,214.0,241.7,168.2,36.3,31.2,2.5,1.0,70.0,9.2,1.0,222.6,143.0,182.7,142.3,30.7,16.4,2.0,1.6,80.0,13.1,6.2,0
179.3,249.5,269.5,282.3,34.8,42.0,1.0,1.3,30.0,-5.6,-7.9,66.0,157.5,102.8,184.3,7.3,30.5,2.8,2.3,40.0,-16.7,-9.3,1
156.3,203.9,269.0,154.8,33.4,25.5,2.1,1.9,50.0,2.6,-0.6,225.3,172.5,307.1,329.8,44.9,33.9,1.4,1.8,80.0,5.2,-5.3,1
199.5,83.4,165.3,179.1,29.3,12.2,1.4,2.8,100.0,14.9,1.9,236.1,126.7,188.6,202.8,37.7,23.6,1.8,2.0,90.0,16.4,6.6,0
178.0,116.5,214.9,195.0,30.0,25.6,2.0,1.4,60.0,6.5,2.0,147.4,143.0,245.8,206.5,27.4,24.4,1.8,1.9,60.0,-0.3,-6.4,1
141.0,99.4,253.2,204.8,34.4,16.6,1.0,2.2,33.3,14.7,5.0,124.8,100.5,174.0,178.8,18.3,14.3,1.3,2.0,66.7,4.3,-5.2,0
199.0,108.3,350.0,191.7,45.3,10.7,1.0,2.0,90.0,31.0,8.0,183.3,109.3,180.7,190.7,26.0,27.0,2.7,1.3,70.0,-1.7,-4.0,0
145.7,199.7,275.7,273.0,36.3,30.7,1.0,3.3,30.0,0.5,-2.7,123.5,116.5,212.0,185.5,20.0,7.0,0.5,1.5,66.7,3.3,-3.5,0
93.8,177.9,365.9,308.0,28.3,37.8,1.9,1.4,70.0,2.9,6.5,132.9,151.7,254.5,248.2,31.3,29.2,1.9,1.8,40.0,-9.5,-11.6,0
315.4,144.8,88.0,137.4,28.6,18.2,1.4,1.0,30.0,-0.8,-12.1,149.2,134.8,205.6,260.2,28.8,26.2,0.8,2.2,80.0,-7.9,-10.2,0
103.0,92.0,206.0,278.0,14.0,20.0,1.0,1.0,80.0,-11.1,-14.7,190.0,128.5,228.0,359.5,20.5,30.5,2.0,1.5,90.0,-8.4,-11.0,1
152.1,50.3,286.2,188.5,42.5,13.3,1.7,2.7,70.0,29.4,8.7,190.5,157.3,268.8,259.0,33.5,31.2,1.7,1.8,100.0,2.2,0.7,1
185.5,155.4,248.1,155.0,39.8,16.9,1.5,2.4,70.0,18.2,2.0,173.6,167.9,278.6,206.8,31.2,25.2,1.8,1.8,70.0,0.5,-2.2,1
170.1,105.4,209.6,211.9,24.6,19.3,1.3,1.6,80.0,10.3,5.7,61.1,132.9,420.6,213.6,39.3,24.3,1.4,3.1,18.2,10.6,0.9,0
148.5,182.0,294.5,244.0,39.0,41.5,2.0,1.5,70.0,-5.9,-8.1,126.0,88.0,268.0,312.0,36.0,27.0,1.5,1.0,60.0,8.7,-7.8,0
227.0,78.0,143.5,208.0,28.0,20.0,3.5,4.0,50.0,0.3,-6.5,111.0,200.5,90.5,194.0,8.0,30.5,1.5,1.0,90.0,-10.9,-2.9,1
156.8,106.6,193.7,221.6,24.3,17.7,1.4,1.3,50.0,15.1,7.8,119.7,185.4,201.4,194.1,21.0,26.1,2.1,2.1,30.0,0.5,2.1,0
411.0,157.0,221.0,137.0,52.0,14.0,3.0,4.0,44.4,31.1,-0.1,234.0,8.0,232.0,211.0,41.0,7.0,2.0,4.0,100.0,16.9,-14.3,0
144.1,148.3,289.6,303.4,28.6,32.1,1.1,1.0,60.0,-7.2,-8.2,203.3,203.4,245.1,318.6,28.1,38.0,0.6,2.0,40.0,-10.0,-8.0,1
160.6,209.0,222.4,197.1,31.0,27.1,1.3,1.4,44.4,-7.5,-11.9,93.4,162.3,149.2,254.7,15.8,31.3,1.2,2.0,44.4,-22.1,-13.2,1
241.5,212.5,242.5,201.3,36.7,34.0,2.2,1.7,22.2,-0.1,-5.1,163.0,196.2,280.3,238.5,39.0,23.5,1.5,3.0,80.0,6.6,-2.0,1
159.2,195.6,299.6,180.6,31.8,19.8,0.8,2.0,77.8,13.2,4.6,132.9,223.4,200.9,227.8,21.6,34.6,2.0,1.3,44.4,-5.8,1.2,0
81.0,198.0,478.0,204.0,37.0,34.0,0.0,3.0,44.4,-7.2,-10.0,430.0,176.0,32.0,330.0,29.0,48.0,1.0,0.0,44.4,-26.9,-25.4,1
133.4,128.7,295.8,206.6,35.7,18.3,1.4,2.6,90.0,8.9,-4.9,257.9,151.2,86.1,172.1,27.2,18.4,1.2,2.6,30.0,0.7,-7.4,0
237.3,118.9,205.3,341.9,38.1,37.9,1.1,1.1,77.8,4.8,4.0,161.4,143.4,319.3,195.9,36.0,17.6,2.3,2.3,44.4,24.5,10.7,1
240.6,69.2,204.6,170.4,43.4,13.4,1.8,2.8,50.0,14.3,-0.3,160.3,76.5,126.5,189.5,21.3,9.8,1.5,1.8,70.0,0.9,-8.4,1
95.8,103.3,261.3,257.8,25.6,27.8,1.7,1.6,77.8,5.9,4.6,201.1,175.0,193.4,278.3,24.3,37.1,2.4,1.9,88.9,-6.4,2.0,1
244.5,103.5,294.5,383.5,37.0,28.5,1.0,2.5,100.0,-4.7,-12.2,108.5,167.5,274.0,137.5,17.0,22.0,3.0,0.0,66.7,-6.4,-11.6,0
260.5,110.3,106.1,220.0,26.3,21.9,1.5,2.0,50.0,-6.3,-8.8,87.1,195.8,210.9,219.8,24.8,33.9,1.4,1.5,50.0,-11.5,-9.3,1
238.3,236.1,130.0,217.8,25.4,30.9,1.0,1.6,77.8,-6.7,-5.5,178.6,140.1,262.8,291.6,30.1,24.3,1.9,1.9,80.0,3.1,-1.3,0
234.3,47.3,256.3,155.3,40.5,13.0,0.8,1.0,80.0,18.4,3.7,166.3,185.7,171.3,168.0,26.7,22.7,1.7,1.7,50.0,1.4,-0.9,0
158.1,206.5,186.9,288.9,23.8,37.6,2.1,1.9,50.0,-11.9,-2.2,179.3,179.3,192.1,249.7,26.7,27.7,2.3,1.7,20.0,-9.0,-7.9,1
144.6,151.3,231.3,215.9,28.0,27.8,0.9,1.2,50.0,-5.6,-4.9,247.6,139.8,220.6,250.9,40.9,26.6,1.8,2.4,60.0,1.9,-6.4,0
190.3,113.3,177.0,172.3,31.3,10.0,2.7,2.7,77.8,10.2,-3.7,207.0,127.5,343.8,440.3,38.8,33.0,2.3,2.5,80.0,5.4,0.2,1
90.5,138.4,320.3,227.1,31.8,22.9,1.3,1.8,45.5,15.1,9.6,155.6,234.7,218.0,191.9,20.1,31.9,2.0,0.9,40.0,2.1,5.5,1
136.3,110.9,177.4,155.8,20.4,21.6,2.1,1.6,40.0,-2.2,-1.4,70.8,172.6,209.2,223.9,12.9,33.2,2.6,1.6,80.0,-12.3,-4.3,1
144.9,128.4,273.6,225.8,29.1,19.1,1.1,1.8,40.0,3.2,3.2,185.5,137.4,284.5,245.5,30.2,25.4,1.8,1.4,30.0,0.3,0.3,1
145.0,121.5,250.0,205.5,30.0,11.5,0.0,2.5,40.0,19.1,10.7,316.0,21.0,297.0,191.0,60.0,10.0,0.0,0.0,40.0,17.0,-14.2,0
160.0,85.8,264.8,294.3,26.8,23.0,1.5,1.0,70.0,6.0,0.2,231.5,162.8,249.5,192.8,33.5,20.5,1.5,1.0,70.0,1.4,-4.8,0
80.6,148.2,391.6,149.4,38.4,23.8,1.4,0.6,44.4,6.0,-3.4,192.2,138.0,274.8,255.2,39.2,27.0,1.8,2.2,88.9,7.3,-2.7,0
197.3,213.3,439.0,304.5,43.8,33.3,1.5,3.3,44.4,11.7,2.7,233.2,129.0,154.8,304.8,36.4,32.2,0.8,1.8,77.8,0.2,-3.8,0
138.7,170.6,250.3,266.2,31.4,31.7,1.6,1.4,55.6,3.2,4.8,86.7,213.7,163.0,245.0,16.2,31.0,1.9,2.2,30.0,-7.6,1.8,1
197.7,88.3,166.3,189.7,36.7,13.2,0.3,2.5,60.0,25.6,12.0,197.0,182.4,163.9,222.0,26.3,25.9,1.4,1.9,40.0,6.1,5.6,0
155.0,229.1,285.9,216.7,35.7,31.7,0.7,0.9,100.0,-4.0,-5.2,124.4,167.7,187.0,189.6,19.4,21.9,1.0,2.0,60.0,-2.2,-2.6,0
102.0,100.6,202.4,183.4,19.6,18.6,0.8,2.6,30.0,8.0,4.1,140.3,161.8,265.0,219.0,33.5,31.5,2.3,1.8,70.0,1.3,-1.3,1
299.3,225.7,193.0,258.3,42.7,37.0,1.0,1.0,33.3,10.1,6.7,60.3,135.8,295.3,234.3,25.8,20.8,0.8,2.0,10.0,3.4,1.0,0
211.9,143.0,186.0,250.4,34.9,33.7,2.4,1.3,40.0,-5.3,-5.0,151.7,154.5,242.0,225.5,25.5,26.7,2.5,2.5,70.0,-4.5,-7.5,1
209.7,137.3,391.7,237.0,57.0,27.7,2.0,3.0,10.0,9.3,-11.0,213.0,92.0,271.5,162.5,37.5,18.0,4.5,2.5,100.0,4.8,-17.0,1
226.1,164.9,394.6,259.9,43.8,29.8,1.3,1.0,66.7,19.5,6.2,95.9,263.1,223.4,335.3,14.3,49.4,2.0,1.8,50.0,-22.9,-6.1,1
141.8,266.0,201.0,208.0,24.5,31.5,0.8,1.8,40.0,-13.5,-13.6,151.3,158.7,221.0,213.0,23.5,25.0,1.7,1.2,60.0,-10.6,-10.1,0
216.8,59.5,207.5,167.5,28.5,10.0,2.0,1.5,80.0,18.0,5.1,161.3,136.3,226.7,229.3,30.0,25.3,1.0,3.0,60.0,10.4,2.6,0
77.0,125.7,454.7,247.0,46.1,27.6,2.6,2.1,70.0,8.1,-12.4,218.8,208.5,264.9,234.8,35.5,39.1,1.4,1.3,20.0,-7.1,-9.1,1
173.2,83.8,143.1,238.7,25.7,17.0,1.1,1.5,80.0,-1.4,-7.5,126.7,162.3,263.6,199.4,30.4,18.3,1.1,2.1,60.0,8.6,0.3,0
185.8,110.3,349.3,242.9,48.2,19.0,0.9,1.8,80.0,37.0,14.3,272.6,89.1,272.3,280.7,43.4,22.0,1.3,2.6,100.0,30.7,15.1,1
186.5,196.3,224.0,199.5,28.0,23.3,1.0,1.5,40.0,3.1,-0.5,175.3,190.5,215.0,143.8,28.5,17.0,1.8,2.0,33.3,0.9,-6.4,1
159.6,140.1,284.0,264.3,31.9,27.9,2.3,2.9,60.0,-4.8,-9.1,194.9,160.9,164.5,202.9,18.9,25.0,1.4,0.9,90.0,-16.0,-12.1,1
135.1,202.4,200.3,244.9,20.7,42.0,1.3,0.7,30.0,-15.7,-6.7,47.9,138.1,225.4,248.7,19.9,27.6,1.9,2.0,40.0,-11.2,-8.4,1
317.2,278.4,84.4,238.5,26.9,36.5,1.5,1.6,70.0,-14.8,-7.6,146.0,215.3,226.9,238.1,20.6,34.6,1.5,1.4,40.0,-14.1,-7.0,1
123.0,169.2,205.6,263.1,20.7,31.3,1.8,2.4,50.0,-9.6,-1.2,94.3,197.6,171.0,323.7,15.4,38.7,1.4,2.0,72.7,-28.0,-16.8,1
215.5,144.5,48.0,147.0,17.5,15.5,2.0,1.5,55.6,2.5,1.5,164.0,368.0,102.0,178.0,14.0,63.0,1.0,0.0,44.4,-21.8,-20.1,0
133.0,185.8,187.6,251.6,19.9,38.3,1.9,1.8,50.0,-19.3,-7.2,99.3,212.1,210.7,195.9,19.3,31.7,3.4,2.0,70.0,-6.4,-3.4,0
239.9,116.0,242.0,344.6,32.3,35.6,1.7,0.9,60.0,-5.8,-7.7,74.4,217.3,225.4,209.0,14.1,29.4,1.5,1.5,40.0,-19.6,-13.1,1
291.4,153.7,217.7,225.7,36.6,27.1,1.4,1.3,60.0,10.4,5.8,211.9,144.0,300.6,274.0,36.9,27.1,1.7,1.6,30.0,8.1,2.9,1
115.0,104.1,149.9,166.2,16.4,17.4,1.6,1.8,70.0,1.7,1.5,115.8,142.9,178.6,202.0,22.1,22.9,1.8,2.4,50.0,0.9,-1.3,1
111.5,130.8,325.1,248.5,29.9,22.9,1.1,0.8,20.0,-6.8,-10.4,219.5,138.0,177.5,279.4,35.4,27.2,1.0,1.7,80.0,4.5,-1.3,1
161.0,193.7,291.1,228.7,29.6,28.7,2.1,1.7,80.0,-0.6,-2.2,89.0,169.5,224.7,259.8,29.5,25.2,1.2,3.0,70.0,3.3,-0.6,1
164.5,151.0,174.8,178.6,25.3,27.4,1.9,2.1,70.0,0.1,1.3,141.1,106.4,262.4,228.0,24.9,19.5,2.1,2.6,50.0,4.8,2.3,1
173.0,192.5,346.8,193.0,42.3,17.5,0.8,2.5,50.0,18.1,2.0,203.0,205.5,152.8,222.8,28.3,30.0,0.8,1.0,9.1,-4.0,-5.2,0
119.4,175.8,296.0,251.4,29.8,30.6,2.2,2.8,11.1,1.4,0.6,104.4,156.8,257.8,237.8,24.0,22.6,0.8,0.8,44.4,-7.6,-10.1,1
203.0,122.7,163.0,153.7,27.3,10.7,1.7,1.3,88.9,16.2,7.5,155.3,282.3,221.3,156.3,26.3,26.7,1.3,1.7,66.7,3.2,-2.2,0
244.8,128.6,139.4,165.0,27.8,19.0,0.7,1.3,77.8,3.8,-2.8,128.6,214.9,259.1,280.3,29.3,35.4,1.6,1.9,11.1,-10.7,-6.4,1
246.0,63.0,240.0,268.0,34.0,13.0,1.0,3.0,100.0,2.5,-14.1,325.0,77.0,130.0,195.0,31.0,21.0,2.0,2.0,44.4,-8.3,-12.8,1
162.3,93.6,307.5,253.4,42.9,24.8,1.4,1.5,80.0,21.6,8.6,199.9,104.5,241.8,235.0,34.0,21.3,1.1,1.3,60.0,16.1,8.2,0
338.8,215.8,111.8,207.8,30.2,29.0,1.4,1.2,30.0,-6.9,-11.1,269.2,150.5,57.2,286.2,23.3,29.5,1.3,2.0,70.0,-11.0,-10.3,1
121.2,183.3,211.1,248.4,16.9,36.4,2.8,1.4,50.0,-22.6,-12.8,134.3,201.6,274.6,261.2,22.2,33.1,1.5,1.5,0.0,-15.0,-8.3,1
34.0,198.0,216.0,270.0,10.0,41.0,4.0,2.0,11.1,-6.5,-8.5,196.0,377.0,196.0,346.0,31.0,77.0,2.0,2.0,20.0,-11.7,-11.0,1
258.0,55.0,268.0,283.0,59.0,27.0,0.0,1.0,80.0,12.5,-17.2,242.0,80.0,194.3,172.7,28.7,18.3,2.7,0.3,80.0,6.7,-0.5,0
190.0,284.0,255.0,67.0,24.0,35.0,3.0,1.0,10.0,-7.7,-11.6,121.0,109.0,433.0,385.0,46.5,36.5,1.5,1.5,80.0,0.0,-4.0,1
192.5,213.5,247.0,291.0,29.5,38.0,0.5,3.0,10.0,-5.9,-14.2,145.0,188.5,194.5,182.5,24.0,25.5,3.0,1.0,50.0,-11.7,-11.7,1
287.0,80.0,137.0,106.0,34.0,6.0,1.0,1.0,77.8,0.8,-16.5,111.0,171.0,92.0,279.0,13.0,42.0,1.0,0.0,55.6,-10.3,10.2,0
128.4,94.2,235.0,191.9,27.8,17.4,2.0,2.7,70.0,10.1,2.3,161.0,151.1,304.4,232.6,35.4,27.1,2.3,2.1,80.0,10.2,3.5,0
178.0,157.5,222.5,197.1,34.7,21.4,1.3,2.0,40.0,5.1,-4.8,107.8,191.6,284.0,261.3,26.3,39.8,2.5,1.6,30.0,-17.7,-12.6,1
181.6,161.9,362.5,237.6,43.3,25.8,1.3,1.7,100.0,20.0,7.6,114.8,134.7,237.0,238.0,23.7,21.7,1.3,1.4,55.6,6.2,5.0,0
106.7,169.0,201.3,203.8,17.0,26.8,2.3,1.8,81.8,-5.0,-2.3,261.8,102.6,113.0,156.8,24.4,12.0,1.8,2.8,90.0,4.0,-2.9,1
212.0,159.0,314.5,220.0,39.5,30.5,1.0,0.0,66.7,4.5,-7.3,224.0,179.0,264.5,286.0,23.5,30.5,2.5,3.0,70.0,-7.8,-9.8,1
231.0,245.3,210.3,158.0,33.0,20.7,1.3,1.0,44.4,9.9,-0.3,98.2,173.8,227.2,151.2,15.4,19.8,2.2,0.8,66.7,-4.0,-3.7,1
198.2,167.5,277.0,207.8,40.3,24.5,1.5,1.5,80.0,13.1,-0.4,195.7,139.2,183.6,231.6,29.4,21.1,1.5,2.0,77.8,8.0,1.3,0
165.3,143.0,220.5,128.3,27.0,17.5,1.3,1.5,30.0,5.5,-2.0,80.7,131.4,277.0,269.7,28.7,29.1,1.9,2.4,20.0,-3.7,-4.7,0
141.8,110.4,255.6,270.2,29.6,21.2,2.2,1.2,30.0,11.3,7.0,160.8,193.2,162.5,187.0,20.8,25.5,1.5,1.5,80.0,-4.7,-0.4,0
116.4,219.7,243.6,261.0,28.7,32.4,2.0,1.6,40.0,2.3,1.9,82.1,83.4,274.0,201.3,21.6,17.4,1.7,1.6,40.0,3.5,0.1,1
89.3,225.0,243.2,197.2,20.5,23.5,1.0,1.3,22.2,-11.5,-7.1,76.3,240.3,246.7,181.3,19.5,28.5,2.0,1.5,11.1,-11.2,-7.9,0
131.4,130.3,245.6,182.0,24.4,15.9,1.6,1.6,30.0,5.5,0.6,229.2,93.8,186.1,156.1,34.3,13.7,2.0,2.2,50.0,12.5,0.7,1
132.6,161.6,155.5,265.8,18.9,35.9,1.9,1.5,72.7,-23.1,-10.1,38.1,241.3,278.8,250.6,21.6,39.6,2.4,1.8,80.0,-22.2,-7.6,1
147.0,131.2,142.5,194.7,20.3,20.0,1.6,1.2,70.0,0.8,-1.0,143.2,131.1,190.5,197.1,20.7,17.5,1.7,1.4,50.0,6.9,3.3,1
182.9,121.6,261.9,249.3,36.4,21.1,0.9,1.0,70.0,20.3,11.4,218.1,133.6,198.0,233.4,30.6,19.7,0.7,1.9,50.0,16.9,9.3,1
161.3,200.7,144.7,286.7,27.7,36.7,2.7,3.3,70.0,3.9,3.6,156.0,95.0,283.5,304.5,36.0,31.5,2.0,2.5,30.0,-11.7,-16.2,0
153.3,164.2,249.1,258.8,31.0,35.2,2.0,1.6,70.0,0.4,3.3,90.7,172.1,322.3,230.8,27.3,32.2,1.9,1.5,50.0,-1.2,1.5,0
96.3,108.0,282.7,224.0,23.0,22.3,3.0,1.7,70.0,-1.0,-9.2,132.0,239.3,198.7,275.7,21.3,37.3,1.7,1.0,50.0,-9.0,4.2,0
121.8,159.5,290.2,238.3,31.8,24.0,1.7,3.2,70.0,14.1,8.1,90.9,183.0,233.6,240.6,19.4,37.1,0.9,0.9,30.0,-9.1,0.7,0
131.7,168.7,307.3,153.3,29.0,29.3,1.7,1.3,18.2,4.2,3.1,189.5,51.5,262.0,145.5,43.5,5.0,1.5,3.5,80.0,25.6,4.1,0
161.3,143.1,226.6,171.7,30.6,21.2,1.6,2.0,70.0,9.4,4.9,136.4,213.2,140.5,168.4,13.5,24.9,1.4,1.4,80.0,-4.2,-0.6,0
202.5,74.5,427.5,305.0,49.0,24.0,2.0,1.5,10.0,15.6,-2.8,147.5,152.5,258.5,296.5,22.5,25.0,2.5,2.0,30.0,2.5,3.1,0
151.7,98.8,232.1,245.0,30.6,15.6,1.1,1.9,33.3,24.3,13.4,129.9,196.4,133.4,246.3,13.9,37.5,2.1,0.8,50.0,-18.2,-5.7,1
209.5,199.5,228.5,290.5,41.5,34.5,1.0,1.5,60.0,13.8,5.0,99.0,92.0,92.0,280.0,0.0,34.0,1.0,1.0,30.0,-10.5,-10.2,1
107.8,169.0,251.6,161.1,22.4,22.8,1.9,2.3,70.0,-1.8,-1.9,154.7,192.1,224.9,252.4,17.3,35.7,2.0,1.0,40.0,-13.1,-5.7,0
158.1,127.3,214.0,218.5,32.7,20.2,1.5,1.8,50.0,5.8,-1.5,138.1,170.9,199.5,189.4,19.0,19.5,1.2,2.2,70.0,-6.7,-4.7,1
224.5,169.3,360.3,239.0,55.0,22.5,1.0,3.3,30.0,9.9,-12.4,28.8,206.6,272.8,275.6,17.0,42.4,3.8,1.2,70.0,-20.8,-11.0,0
207.9,72.6,213.5,150.3,34.1,9.3,1.8,2.0,100.0,18.8,2.0,199.5,143.4,213.4,185.4,28.3,19.5,1.8,1.4,30.0,5.2,-2.7,1
137.0,150.2,227.0,171.4,26.8,16.0,1.0,1.2,80.0,6.2,-1.1,179.0,229.8,158.0,258.0,20.8,39.6,1.6,1.4,70.0,-9.3,-1.1,0
182.7,142.7,259.0,287.5,28.8,23.9,1.9,1.8,80.0,2.4,-1.8,360.5,165.5,92.9,236.3,32.0,29.7,1.8,1.1,77.8,3.2,0.9,0
191.4,153.5,261.1,295.5,34.4,30.1,1.7,1.5,40.0,-1.9,-5.6,134.7,148.2,275.5,270.5,30.9,32.3,1.6,1.5,70.0,-9.0,-10.5,1
143.0,98.5,207.0,164.8,23.3,12.5,2.0,2.8,80.0,10.0,6.0,115.3,179.8,105.3,179.5,12.3,33.8,2.5,1.5,50.0,-11.0,-6.1,1
131.7,100.7,180.7,237.0,16.0,18.3,1.7,1.3,77.8,5.8,2.8,83.8,178.5,254.0,238.8,25.8,20.5,0.5,1.3,30.0,11.5,5.5,1
44.3,120.3,198.0,162.0,19.7,20.3,1.7,1.3,20.0,-1.7,-4.9,62.3,177.0,201.0,234.3,8.7,29.7,2.0,1.7,80.0,-8.2,-7.2,0
155.5,231.5,243.4,190.6,26.0,29.3,1.5,1.8,70.0,-11.3,-8.2,155.3,172.7,268.1,244.6,32.3,32.6,1.9,0.9,80.0,3.5,3.9,1
128.9,162.4,220.1,184.9,22.2,21.6,2.0,1.6,30.0,3.6,2.1,145.8,119.1,238.8,219.2,24.5,25.2,2.1,1.9,81.8,2.4,3.7,1
119.0,120.7,263.2,275.0,25.9,25.6,1.1,1.7,66.7,4.3,3.8,150.6,188.8,267.2,299.5,24.4,36.4,1.5,1.3,66.7,-4.3,1.1,1
170.0,155.4,239.4,219.8,25.6,29.0,1.0,1.0,66.7,6.9,9.7,138.2,186.0,247.8,292.6,30.8,42.8,1.6,0.8,90.0,-3.9,2.7,0
133.2,132.8,179.8,161.1,17.7,15.3,2.5,2.2,40.0,2.4,1.4,188.1,163.9,172.7,259.9,25.0,34.4,1.9,1.0,70.0,-8.9,-5.2,1
193.0,183.0,77.5,77.5,8.5,14.0,0.5,1.0,77.8,-8.1,-8.0,168.5,116.0,221.0,345.0,19.0,34.0,1.0,0.5,40.0,-16.6,-15.6,0
140.0,100.3,230.8,176.9,19.6,15.3,1.1,1.4,30.0,4.2,1.2,205.3,124.4,176.7,192.6,27.7,17.3,1.3,1.1,30.0,6.7,-0.6,0
236.7,151.0,128.0,334.7,23.0,34.0,1.0,1.3,66.7,-9.8,-12.7,140.7,234.3,286.0,342.3,30.7,48.3,1.0,2.0,33.3,-25.2,-19.2,1
159.2,93.3,245.0,145.5,33.1,12.5,1.6,1.6,60.0,15.9,3.3,124.3,127.8,273.8,192.7,32.4,22.4,1.0,1.4,80.0,7.5,1.0,1
197.6,124.4,182.6,239.1,25.3,18.9,1.0,1.9,44.4,1.1,-4.6,239.0,177.8,150.7,239.3,25.0,26.7,1.5,1.8,44.4,-2.9,-7.6,0
156.7,143.5,291.5,236.5,33.8,29.1,2.2,0.8,70.0,5.6,2.7,131.3,225.0,273.8,255.2,31.6,37.1,2.6,0.9,50.0,0.6,1.2,1
135.8,128.8,258.6,235.6,31.4,25.8,1.2,2.0,60.0,4.1,2.1,122.4,187.0,257.6,254.0,25.4,33.2,2.8,1.6,30.0,-10.7,-10.2,0
87.6,154.7,240.9,209.0,19.4,24.4,1.4,2.0,10.0,-11.1,-7.1,128.1,206.0,238.4,284.9,19.9,48.5,2.7,1.2,90.0,-30.9,-8.8,1
48.3,157.3,253.3,168.7,13.3,28.0,3.3,2.0,90.0,-1.4,6.0,177.0,84.0,184.0,105.5,20.0,10.0,1.0,1.0,40.0,8.1,-5.1,1
63.3,303.8,305.5,271.0,24.3,45.8,2.1,1.3,50.0,-19.5,-8.8,132.5,197.0,202.9,280.6,23.1,40.0,1.4,1.4,30.0,-21.7,-11.3,0
164.8,89.3,283.0,217.0,29.3,22.8,3.3,1.8,70.0,-0.1,-10.6,339.3,200.3,97.7,164.3,31.7,24.3,1.7,2.3,80.0,1.7,-4.5,1
191.5,96.2,151.8,217.8,22.3,22.3,1.3,1.2,77.8,-4.6,-8.5,175.2,98.8,200.4,232.6,34.4,22.6,1.4,3.4,55.6,7.3,3.4,1
157.7,133.1,181.4,185.4,23.7,20.6,2.0,2.1,80.0,1.0,-3.0,108.3,98.2,234.3,219.8,22.8,17.0,1.5,2.2,50.0,5.9,1.3,1
293.5,151.5,165.8,236.5,38.8,18.5,1.3,2.3,77.8,16.3,3.9,126.0,105.0,245.3,219.3,24.7,22.0,1.0,2.0,50.0,-7.4,-11.1,0
22.0,363.0,238.0,268.0,28.0,59.0,1.0,1.0,50.0,-2.3,-2.9,156.0,183.5,93.5,239.0,17.5,29.5,1.5,1.0,90.9,-4.7,0.0,0
115.4,106.0,230.6,213.1,23.7,19.9,2.0,2.4,50.0,5.3,2.3,66.9,166.1,232.4,272.1,22.0,33.9,2.0,1.6,50.0,-10.0,1.9,1
170.6,165.0,309.6,166.8,32.8,20.6,2.0,1.6,50.0,9.0,-3.7,189.6,121.0,208.0,168.4,36.6,16.2,2.2,3.8,70.0,12.3,2.7,1
204.1,170.2,236.6,238.8,29.4,27.1,0.7,1.5,60.0,-8.6,-13.0,146.0,135.8,296.7,271.5,35.5,27.8,1.3,2.0,30.0,-0.8,-5.7,0
202.9,135.1,264.4,170.0,45.0,17.8,1.0,2.7,60.0,15.9,-2.4,253.8,85.1,211.7,146.7,39.3,11.6,1.6,2.0,60.0,21.7,3.7,1
202.6,123.6,384.4,232.4,44.6,23.2,1.2,1.0,77.8,21.2,9.9,175.8,105.2,288.2,249.0,35.6,23.8,1.8,1.8,77.8,11.4,5.6,0
126.4,202.9,178.6,189.4,22.2,30.1,1.3,1.7,50.0,-6.9,-5.4,53.0,207.3,211.2,193.6,10.6,36.3,2.4,0.7,36.4,-35.6,-19.3,0
137.6,213.2,311.3,190.2,32.7,20.2,2.0,1.6,50.0,3.5,-5.5,132.3,206.1,260.3,276.1,25.1,32.6,1.3,1.2,10.0,-16.2,-13.1,0
143.4,182.2,299.6,281.5,27.8,32.9,2.0,2.0,30.0,-11.1,-8.7,104.9,170.9,281.7,214.1,26.2,31.0,1.8,1.4,60.0,-6.5,-6.6,1
182.0,103.5,124.5,265.0,30.5,18.0,1.0,3.0,50.0,7.0,1.9,147.0,390.0,250.0,168.0,14.0,48.0,2.0,0.0,0.0,-18.8,2.2,0
238.2,193.0,228.9,247.2,34.6,27.8,1.2,1.9,60.0,-2.1,-9.2,188.9,210.9,211.3,223.6,27.9,30.0,1.4,0.6,60.0,-6.4,-7.0,1
288.6,101.8,208.4,138.8,46.4,13.4,1.8,1.8,70.0,19.5,3.3,165.0,77.6,262.6,222.4,29.6,14.2,1.6,0.8,30.0,9.5,1.6,0
168.8,128.3,243.0,235.3,31.4,20.0,1.0,1.3,60.0,5.4,-2.2,179.9,160.1,147.1,211.3,21.0,29.2,2.2,1.3,40.0,-14.6,-11.7,1
112.5,121.0,256.0,261.0,21.0,31.5,2.5,1.0,70.0,-4.2,-8.4,123.0,272.5,130.5,355.5,8.5,53.0,1.5,1.5,72.7,-26.7,-19.7,0
353.0,119.0,312.0,1.0,56.0,3.0,1.0,0.0,44.4,21.6,-9.6,351.0,70.0,184.0,8.0,41.0,7.0,3.0,1.0,40.0,18.9,-10.7,0
175.5,187.2,172.0,197.3,30.0,23.2,1.2,1.3,44.4,6.0,4.1,174.3,232.9,237.0,256.1,28.3,35.0,0.9,0.6,50.0,-8.4,-3.9,0
83.7,268.0,219.6,189.0,20.3,35.1,0.9,0.6,80.0,-3.1,1.8,82.3,209.9,315.9,162.6,26.4,23.6,1.6,1.6,77.8,-8.8,-15.9,0
98.7,58.7,200.0,221.7,10.3,19.0,1.7,1.0,80.0,0.5,0.7,104.0,219.3,169.7,144.0,11.0,36.0,3.3,1.7,40.0,-11.9,-5.1,0
97.3,130.8,248.7,256.2,21.5,25.7,2.0,1.8,70.0,-6.1,-5.5,68.2,214.4,300.0,254.6,21.8,41.0,2.4,1.4,30.0,-12.2,-5.0,0
93.0,132.0,117.0,233.0,7.0,17.0,4.0,2.0,55.6,5.7,10.1,188.0,214.0,112.0,284.0,17.0,43.0,1.0,0.0,77.8,-14.0,-16.5,1
185.0,176.0,210.3,205.3,28.8,22.5,0.5,0.5,40.0,0.3,-6.6,199.8,130.5,270.0,252.8,33.0,22.5,1.3,1.3,40.0,8.3,-1.1,1
125.0,175.0,252.6,206.8,26.4,18.6,1.0,1.0,50.0,12.0,5.0,167.4,115.2,307.6,261.6,35.0,28.4,1.4,1.4,55.6,4.8,-2.0,1
198.8,157.3,219.3,185.5,35.0,24.3,1.8,1.8,10.0,5.6,-2.7,175.9,89.9,250.0,249.4,31.9,15.6,1.6,2.0,70.0,10.7,0.2,1
208.8,95.3,243.9,185.9,40.9,10.6,0.8,1.6,80.0,29.0,8.3,201.3,155.9,245.9,243.3,27.1,29.8,1.4,1.3,45.5,5.5,5.6,0
188.2,155.8,283.2,198.2,34.5,21.5,2.7,1.5,70.0,5.8,-5.7,197.8,165.8,191.8,259.7,29.0,27.2,2.3,1.8,20.0,-8.1,-8.6,0
129.0,78.0,181.0,185.0,30.0,14.0,0.0,2.0,80.0,8.3,-3.7,159.0,196.0,304.5,324.0,38.0,40.0,2.5,2.0,44.4,2.1,-2.1,1
226.0,98.7,201.3,223.3,37.7,18.0,2.0,2.3,60.0,2.3,-9.8,305.3,114.3,99.0,306.0,46.0,22.7,0.7,2.0,60.0,-0.9,-19.1,1
209.0,160.7,201.7,274.7,30.3,27.2,0.8,1.0,66.7,15.7,12.5,153.5,171.5,240.5,240.5,23.2,25.7,1.3,1.2,44.4,-0.5,0.1,1
184.7,262.3,264.7,202.3,31.3,23.3,1.3,1.7,77.8,-1.5,-11.5,111.2,283.6,257.6,248.0,29.8,48.2,2.0,1.0,0.0,-14.5,-9.9,1
165.9,193.3,259.9,313.3,33.6,38.4,1.6,3.0,60.0,-10.1,-7.2,227.9,154.4,152.0,215.1,18.9,31.6,2.4,1.3,40.0,-13.1,-10.0,1
138.9,146.5,216.5,195.6,23.9,19.6,1.6,2.3,80.0,4.7,0.7,163.6,213.9,219.3,201.4,26.3,31.3,2.3,2.0,20.0,-3.6,1.3,1
197.9,147.5,180.0,157.2,29.7,16.6,1.2,1.6,30.0,16.4,7.0,132.3,151.0,264.1,250.0,27.0,36.0,2.5,1.0,50.0,-3.0,-2.3,0
110.0,150.5,269.8,226.5,28.3,29.5,1.5,0.8,100.0,5.7,2.2,113.0,198.0,192.4,229.8,14.2,36.2,2.2,0.6,50.0,-19.0,-9.8,1
209.5,125.8,210.7,278.7,28.2,25.8,1.3,2.3,88.9,7.7,5.4,197.4,134.2,207.4,237.2,25.6,26.2,1.2,1.6,50.0,2.0,-0.3,1
115.6,164.6,315.6,260.7,25.6,33.7,2.2,1.3,50.0,-7.8,-5.7,148.6,175.1,237.1,240.4,29.9,28.8,2.6,2.3,100.0,-1.4,-3.2,0
222.1,107.8,253.6,291.3,38.4,21.4,1.0,2.6,70.0,16.9,4.8,152.1,204.6,196.3,234.1,20.6,29.1,0.9,1.0,50.0,-3.1,0.4,0
200.5,165.5,319.6,251.1,42.5,26.5,1.6,1.8,50.0,11.6,-0.5,181.9,95.0,204.5,202.6,29.5,16.5,1.2,2.5,60.0,14.3,6.6,1
218.7,110.7,269.3,157.0,46.0,19.0,1.0,1.0,60.0,16.3,-1.6,238.7,157.3,201.7,276.3,31.0,17.7,1.7,1.3,40.0,9.8,-0.9,1
158.0,99.0,260.0,216.3,36.3,10.3,0.3,3.0,80.0,13.8,-5.2,329.5,61.5,197.0,231.5,30.0,18.5,1.0,1.0,30.0,-1.5,-9.3,0
187.0,151.8,175.0,159.2,25.7,19.0,1.6,1.8,88.9,10.6,4.2,241.0,163.7,129.7,210.5,27.5,29.0,2.0,1.4,88.9,8.7,6.8,1
181.8,263.3,191.3,106.5,26.8,32.5,2.3,1.0,33.3,-7.5,-6.9,151.0,213.3,165.5,234.5,15.8,30.0,1.5,1.3,77.8,-7.4,-2.5,1
271.5,210.2,149.8,205.2,30.3,34.3,1.8,1.3,30.0,0.8,-1.2,348.3,191.7,52.4,220.7,26.0,31.3,2.1,1.3,55.6,-8.6,-8.6,1
236.3,113.1,231.5,131.6,44.5,11.0,0.8,1.6,77.8,29.9,6.5,164.6,156.2,302.9,235.8,27.5,28.4,2.2,1.6,100.0,-0.2,-1.0,1
238.0,129.0,208.3,227.0,32.0,26.3,2.0,1.0,90.9,-3.2,-10.3,206.8,155.0,254.8,154.8,36.8,25.5,0.5,1.3,50.0,5.2,-0.9,0
158.3,190.1,168.1,224.4,29.0,26.6,1.3,2.4,66.7,-0.8,-0.3,131.4,197.4,150.4,246.6,15.3,36.5,1.9,0.8,50.0,-19.7,-9.3,1
193.2,105.9,290.9,165.9,45.8,15.8,0.8,1.8,100.0,32.7,10.3,58.6,161.9,257.0,272.0,21.9,33.5,1.9,1.3,100.0,-4.6,2.1,0
0.0,0.0,0.0,0.0,31.0,26.7,0.7,0.8,80.0,9.6,5.8,0.0,0.0,0.0,0.0,21.8,32.3,0.5,0.6,60.0,-7.7,-1.0,0
132.7,121.1,288.4,210.1,27.1,19.0,2.0,1.9,50.0,-1.7,-7.7,85.7,167.4,135.3,215.6,11.7,34.4,2.1,1.4,40.0,-23.2,-9.3,0
105.7,149.2,293.7,276.2,29.5,25.0,1.2,1.3,30.0,9.7,5.5,228.8,195.4,140.0,213.5,26.1,30.7,1.2,1.3,77.8,4.5,6.9,0
118.4,143.0,343.4,197.2,33.4,27.6,1.8,1.7,36.4,6.8,-0.3,177.8,112.4,229.2,255.5,25.4,22.5,1.9,2.1,70.0,4.1,-0.3,1
256.1,109.6,189.2,259.7,39.9,23.9,1.6,1.6,100.0,10.9,-0.6,224.4,110.3,161.0,199.7,29.9,16.8,1.0,1.3,30.0,9.2,0.2,0
215.3,71.3,342.0,179.5,43.8,11.0,0.8,1.0,88.9,13.7,-6.0,157.0,70.0,319.0,141.0,49.0,31.0,5.0,0.0,80.0,6.9,-0.5,1
138.0,184.1,209.8,178.7,27.8,26.1,1.7,2.0,33.3,8.3,4.8,172.9,238.6,329.8,292.9,35.9,38.6,1.7,1.8,22.2,-7.0,-5.5,0
171.7,128.8,327.8,193.8,38.0,18.4,2.0,1.9,44.4,26.0,11.6,252.8,61.8,218.0,187.2,40.0,12.1,1.4,1.9,88.9,32.1,12.8,0
223.5,147.3,203.8,227.7,39.3,22.0,0.7,1.8,30.0,13.2,3.1,113.0,230.6,262.6,212.2,22.2,40.0,3.6,1.2,50.0,-12.8,-6.1,1
240.3,134.3,233.8,307.2,31.1,32.9,1.4,1.0,60.0,-5.7,-7.9,166.0,193.2,281.7,323.7,30.9,35.0,1.8,2.3,30.0,-8.3,-11.0,1
274.7,167.6,109.8,235.1,23.9,25.6,1.5,1.3,80.0,-5.0,-6.9,379.5,234.8,69.2,205.9,27.5,38.4,1.5,1.2,55.6,-16.4,-9.3,0
213.0,87.3,261.3,255.7,33.3,28.3,4.7,1.7,36.4,2.3,-4.6,88.8,91.8,229.3,277.5,21.0,29.8,3.3,2.8,30.0,-7.8,-4.2,0
223.3,120.8,218.8,258.6,33.4,24.4,1.1,1.6,90.0,12.1,3.4,110.3,170.0,254.6,220.0,23.6,24.8,1.6,2.3,50.0,0.5,0.0,1
165.8,120.0,259.9,182.5,33.6,23.9,1.4,1.8,18.2,10.7,6.5,82.1,188.4,219.3,172.9,20.4,30.6,2.1,1.1,30.0,-5.6,0.4,1
176.0,79.0,218.3,169.3,35.1,12.9,1.0,1.4,66.7,20.8,0.2,244.6,118.0,168.6,252.1,30.4,30.3,2.0,1.8,88.9,5.8,2.3,1
85.7,171.3,233.3,181.3,21.3,22.7,2.3,1.3,60.0,2.5,4.4,118.5,148.5,286.0,247.0,30.5,30.5,3.0,2.0,50.0,-3.0,-12.8,1
280.5,78.0,195.0,353.5,44.5,33.0,1.0,4.0,100.0,3.7,-5.0,129.0,195.0,138.0,166.0,7.0,28.0,1.0,2.0,22.2,4.4,0.8,0
195.7,117.7,361.1,262.3,50.8,26.0,0.8,2.7,80.0,26.1,7.9,130.5,119.9,430.3,241.6,46.8,23.0,1.4,2.5,90.9,21.5,6.0,1
200.6,95.8,256.4,250.8,36.4,16.8,1.6,2.2,70.0,10.0,-2.8,130.6,109.6,198.6,167.6,21.6,15.0,2.0,2.4,50.0,-0.8,-4.5,1
126.6,218.9,202.3,231.3,24.5,29.4,1.6,2.6,40.0,-13.4,-12.3,130.2,233.1,132.7,272.8,11.7,40.7,2.8,1.2,36.4,-31.4,-15.2,1
103.5,133.0,374.0,282.0,25.5,27.0,1.5,1.5,70.0,4.2,3.7,131.0,168.0,263.0,341.0,31.0,27.0,1.0,3.0,40.0,4.9,-10.1,1
134.5,172.8,221.3,239.8,22.8,27.1,1.9,1.8,50.0,-3.1,-2.9,256.6,181.8,208.6,205.5,33.8,27.9,1.5,1.1,77.8,4.9,0.6,1
124.3,65.3,166.3,219.0,18.7,22.0,3.0,2.0,80.0,-0.1,-0.7,238.7,87.7,184.7,230.3,34.0,13.7,1.3,2.0,30.0,12.7,-0.6,0
184.7,120.0,263.0,294.9,36.9,28.1,1.1,1.3,80.0,17.1,4.9,165.7,168.9,283.1,218.0,35.1,31.9,1.3,1.4,90.9,0.2,-1.3,1
169.8,191.2,131.6,201.4,23.0,22.8,1.8,1.2,50.0,-4.1,-4.2,74.7,251.5,245.0,238.3,27.2,38.8,2.7,2.8,30.0,-13.8,-5.8,0
149.3,214.8,178.3,181.8,17.0,31.3,2.5,1.8,30.0,-13.0,-5.3,94.3,192.0,154.0,160.0,21.0,24.0,1.0,2.3,20.0,-12.4,-14.5,0
209.0,254.7,161.3,228.0,27.3,41.3,2.3,1.0,11.1,-16.0,-10.4,112.5,187.3,310.0,306.8,30.8,38.0,2.0,1.0,50.0,-3.4,-3.3,1
111.5,127.0,385.0,227.5,37.0,26.5,1.0,0.5,11.1,-8.5,-10.6,107.0,289.0,102.0,221.0,10.0,40.0,2.0,0.0,55.6,-14.2,3.5,1
194.4,100.8,295.4,239.5,42.7,17.5,1.2,2.9,50.0,17.9,2.5,133.6,92.8,202.6,203.2,28.1,16.5,1.4,2.3,30.0,13.2,3.6,1
185.9,146.4,203.6,243.3,29.7,27.9,1.9,1.7,50.0,3.0,4.2,165.7,183.7,186.4,167.9,23.6,22.1,1.4,1.6,9.1,1.8,-1.0,1
333.5,161.2,100.3,238.4,35.0,33.3,1.2,0.8,66.7,-8.8,-11.7,215.2,175.1,229.6,300.1,37.8,34.8,1.7,1.9,44.4,-2.9,-4.8,0
112.7,273.7,222.0,309.7,14.7,44.7,1.7,0.7,11.1,-22.8,-12.6,154.0,159.7,236.7,318.7,19.3,34.3,1.3,1.3,33.3,-12.4,-7.8,0
122.3,246.7,346.7,289.7,22.7,41.0,3.3,2.0,80.0,-9.2,-4.5,228.5,301.3,242.8,245.5,34.3,45.8,1.8,1.5,50.0,-12.6,-3.4,1
130.2,123.8,226.2,185.3,21.3,18.5,2.3,1.9,70.0,2.2,-0.5,120.7,144.3,230.1,188.7,22.8,20.5,1.8,2.2,70.0,-0.4,-2.6,0
135.0,143.0,169.0,227.0,17.0,24.0,1.0,4.0,30.0,-0.8,4.3,76.0,403.0,283.0,6.0,23.0,28.0,1.0,2.0,70.0,-0.3,3.8,0
153.2,99.4,137.4,315.0,21.8,27.6,1.8,2.6,40.0,-10.6,-10.5,67.7,225.0,204.7,346.7,12.7,40.3,1.0,1.3,10.0,-26.5,-19.2,1
182.3,147.7,371.0,213.3,41.3,21.7,2.0,0.7,77.8,17.5,5.5,244.5,184.0,328.0,91.0,44.5,3.0,1.0,5.5,40.0,16.9,-9.2,0
214.3,140.7,207.5,263.4,36.7,32.2,2.1,2.8,50.0,-1.6,-7.4,177.8,267.4,219.2,265.1,24.3,39.1,1.6,1.1,33.3,-19.7,-15.8,0
149.8,185.2,271.8,255.0,32.8,31.2,1.6,1.2,80.0,1.9,-1.3,206.3,139.7,311.0,259.3,37.5,33.7,1.5,0.8,90.0,14.0,11.1,1
214.4,139.4,222.1,211.7,40.0,19.9,0.7,1.9,30.0,13.5,1.9,310.0,162.0,95.1,206.0,27.9,25.6,1.3,1.7,90.0,2.3,-3.4,1
266.3,163.6,188.1,203.6,31.4,20.1,1.6,1.6,40.0,5.4,-3.9,165.9,190.6,223.3,189.9,31.1,31.0,1.4,1.1,66.7,-11.5,-12.7,1
138.0,234.0,277.0,201.0,26.0,22.0,1.0,1.0,80.0,1.5,-0.4,55.0,119.0,207.0,149.0,10.0,6.0,2.0,3.0,90.9,1.6,1.9,0
229.3,181.6,92.1,175.8,21.3,22.8,1.3,1.3,55.6,-4.0,-6.6,139.6,272.9,169.0,306.0,22.5,52.9,1.6,1.9,0.0,-42.6,-24.0,1
142.6,123.6,180.1,254.9,19.7,33.3,2.1,0.7,70.0,-15.3,-9.0,73.6,202.7,296.0,309.7,19.7,40.4,1.4,0.6,50.0,-22.8,-14.7,0
83.8,161.8,112.5,217.8,13.5,28.8,1.8,2.3,50.0,-13.1,3.1,126.8,172.5,189.8,315.8,13.8,54.8,2.3,0.8,90.0,-28.9,2.3,0
112.5,82.0,125.5,204.0,30.5,11.5,1.0,3.5,60.0,19.9,10.6,226.0,305.0,110.0,292.0,10.0,41.0,2.0,5.0,40.0,-5.1,-5.7,0
158.2,132.5,294.6,265.7,35.1,23.8,0.9,1.8,80.0,16.8,8.2,253.1,176.4,194.0,199.5,38.0,24.9,2.1,1.9,70.0,10.3,2.0,1
139.9,104.0,190.1,174.7,25.1,18.8,2.4,2.7,9.1,4.9,-1.6,111.6,118.0,196.5,194.1,20.0,18.5,1.5,2.9,70.0,2.1,0.2,0
158.4,168.3,213.8,179.1,27.3,22.5,1.5,1.5,80.0,3.3,0.9,156.5,210.1,269.5,228.5,31.1,28.8,1.7,1.1,33.3,9.6,7.6,1
185.2,118.6,228.8,199.2,35.6,19.2,2.0,1.8,33.3,12.1,1.5,151.6,153.8,251.0,183.0,30.0,16.2,1.0,1.2,77.8,14.0,3.2,1
153.8,177.2,292.1,251.7,30.9,31.3,1.9,1.3,90.9,10.3,9.4,264.2,167.3,225.5,225.9,31.9,26.1,1.4,1.2,90.9,12.9,6.6,0
179.8,138.5,185.3,209.0,21.8,16.0,2.0,3.0,80.0,2.5,-3.2,99.3,160.0,140.3,207.3,11.8,28.5,2.0,1.3,36.4,-16.7,-10.4,0
117.0,157.0,213.0,294.5,19.5,37.5,1.5,1.5,50.0,-8.3,-4.9,80.0,42.5,237.5,265.0,21.5,31.0,3.0,1.5,50.0,-4.5,-8.7,1
237.1,85.4,291.9,180.3,39.9,15.0,1.7,1.1,50.0,19.5,-1.1,161.4,166.9,237.9,219.4,25.3,26.9,2.3,1.5,30.0,2.2,0.6,1
51.5,174.0,364.7,235.0,33.9,27.3,1.0,1.8,20.0,1.1,-3.8,161.7,154.6,246.9,200.7,25.1,24.5,1.2,1.4,20.0,-8.4,-7.3,0
130.8,103.2,302.5,188.5,36.8,14.7,1.0,2.0,90.0,16.3,1.9,67.1,103.1,134.9,178.3,15.5,20.5,1.3,2.1,70.0,-0.3,2.9,0
158.7,115.8,326.7,263.1,40.2,25.2,1.2,2.3,70.0,16.3,7.4,300.3,146.7,164.7,229.4,40.4,26.5,1.6,2.4,20.0,10.4,2.6,1
157.0,134.0,319.0,116.0,38.0,7.0,0.0,2.0,40.0,5.0,-24.4,91.0,251.0,80.0,325.0,10.0,43.0,2.0,2.0,50.0,-14.0,7.1,1
301.0,166.4,156.1,161.5,39.6,21.1,1.1,1.9,70.0,14.9,2.6,155.1,220.5,188.9,227.6,22.3,38.0,1.6,0.9,50.0,-14.9,-7.9,0
130.2,138.8,315.3,229.8,29.6,24.1,2.1,1.9,70.0,0.6,-3.4,121.6,159.1,131.1,204.1,12.8,27.3,1.8,1.1,70.0,-21.3,-14.8,1
167.7,178.2,318.3,267.2,37.1,33.3,1.3,0.9,11.1,8.5,4.1,142.8,119.1,337.5,242.8,39.5,21.4,1.5,1.9,40.0,18.1,5.7,1
147.7,79.2,142.3,223.2,23.2,23.7,2.0,1.8,80.0,3.6,4.7,135.0,134.2,197.4,168.8,19.6,17.0,2.4,2.0,50.0,1.0,-3.3,1
175.5,168.3,173.8,174.0,25.0,15.3,2.5,1.3,60.0,1.6,-5.3,198.5,121.5,250.8,346.0,35.8,34.8,1.3,2.0,18.2,2.6,3.3,1
218.2,97.8,141.8,172.5,25.7,16.2,1.5,1.7,77.8,-1.2,-8.2,125.0,105.7,218.0,290.3,24.0,38.0,0.7,1.7,22.2,-9.9,-2.4,0
108.2,139.6,259.2,269.6,24.8,31.0,1.0,1.8,60.0,-6.2,-5.4,104.2,140.5,285.5,234.7,31.0,25.3,2.3,1.8,60.0,-2.3,-6.9,0
98.0,252.0,292.3,241.0,25.0,43.0,1.0,1.3,77.8,-16.0,-10.2,212.0,366.0,305.0,344.0,35.0,65.0,2.0,0.0,88.9,-13.0,-13.1,1
0.0,0.0,0.0,0.0,29.5,18.9,0.7,0.9,60.0,13.5,7.2,0.0,0.0,0.0,0.0,45.2,20.3,1.1,1.1,90.0,26.8,9.4,1
70.0,315.0,423.0,220.0,31.0,52.0,3.0,3.0,60.0,-8.5,7.3,29.0,168.0,222.0,208.0,17.0,23.0,3.0,1.0,30.0,-4.1,-5.8,1
184.0,189.3,341.0,286.8,37.8,34.0,1.0,1.5,11.1,1.3,-4.0,139.5,203.6,226.4,213.0,21.6,33.9,1.8,0.9,44.4,-22.0,-13.8,1
224.0,419.0,202.0,183.0,49.0,38.0,1.0,3.0,77.8,1.6,-7.4,284.0,184.0,190.0,270.0,31.0,24.0,1.0,2.0,66.7,-9.9,-23.0,0
236.9,129.4,259.9,260.4,32.9,18.7,1.6,0.9,40.0,11.8,1.1,134.9,126.6,284.6,283.5,34.6,31.1,1.3,1.6,72.7,2.1,0.1,0
170.8,190.3,157.5,213.5,34.3,27.0,0.8,2.3,60.0,3.7,-2.3,152.3,219.3,200.0,181.5,21.3,20.5,1.0,0.8,50.0,-8.4,-8.3,0
203.3,239.7,290.0,234.0,38.3,31.7,0.7,2.0,50.0,7.3,1.5,63.0,250.5,366.0,237.0,22.5,31.5,2.0,1.5,9.1,-3.1,-6.5,1
176.3,84.5,259.3,236.8,37.3,22.3,1.3,1.5,50.0,13.0,1.9,191.0,116.0,254.5,275.7,40.5,21.5,1.2,2.5,80.0,22.5,9.3,0
179.9,194.1,318.1,237.3,41.0,26.7,1.0,2.0,50.0,10.2,-0.6,123.4,173.5,270.5,250.9,29.1,31.6,2.0,2.0,50.0,-4.4,-5.2,1
159.7,159.7,277.7,253.7,33.3,26.0,0.9,2.3,44.4,2.3,-5.2,131.7,111.8,297.2,255.7,27.8,26.7,1.7,1.2,77.8,-4.7,-8.4,0
191.7,112.8,307.2,169.8,44.3,14.5,1.0,2.5,60.0,27.3,4.4,257.5,251.3,182.3,210.3,28.5,42.3,2.0,0.8,30.0,-2.2,-2.6,1
97.3,188.7,291.7,185.0,28.3,30.7,2.7,2.0,80.0,3.2,0.9,256.3,197.0,210.3,164.3,40.7,11.0,0.7,2.3,50.0,6.0,-20.7,1
191.9,83.9,253.8,186.0,37.7,9.8,1.0,1.4,90.0,33.2,14.0,158.1,83.4,341.4,221.4,40.9,19.6,0.9,1.3,80.0,28.2,13.5,0
261.8,120.2,169.7,152.6,34.3,13.2,1.0,1.4,88.9,23.7,10.2,215.9,144.1,367.4,240.6,44.9,25.0,0.9,1.3,77.8,23.8,11.7,0
251.1,176.3,191.1,214.3,35.3,24.6,2.0,1.7,70.0,5.7,-5.1,155.5,105.1,256.8,255.0,37.9,27.0,2.3,2.0,80.0,6.8,-1.7,0
161.7,119.7,292.0,110.7,46.3,17.3,2.0,2.0,70.0,10.5,-5.6,19.0,180.5,244.5,263.0,13.5,41.5,4.0,1.5,30.0,-6.6,6.8,0
139.5,125.5,205.9,248.9,23.5,21.6,1.9,2.6,70.0,-2.2,-4.2,150.0,118.8,241.8,281.9,26.4,25.9,1.6,2.1,30.0,0.8,-4.4,1
170.0,82.7,240.3,162.4,27.1,9.7,1.6,1.9,40.0,13.9,-2.1,108.1,125.4,271.3,231.7,24.4,25.0,2.3,2.3,50.0,-5.2,-8.6,1
142.4,195.5,189.3,201.2,19.3,27.9,1.5,2.0,80.0,-7.3,-3.1,193.1,162.5,151.2,246.5,18.8,25.0,1.3,1.6,70.0,-2.5,-0.3,0
126.3,131.3,244.8,239.4,27.0,24.5,2.0,2.1,60.0,-0.5,-3.2,59.7,230.6,159.9,221.0,11.0,40.6,2.2,1.4,50.0,-22.4,-4.3,1
188.2,166.3,231.6,197.8,34.4,25.6,1.3,1.6,33.3,11.6,6.2,170.7,165.0,298.3,225.1,27.1,26.6,1.9,1.6,100.0,0.3,-1.6,0
169.4,140.9,233.0,173.9,37.6,22.4,1.4,1.9,70.0,11.4,3.9,93.7,127.4,213.3,205.1,23.4,22.8,1.6,2.2,70.0,3.0,1.0,1
159.1,122.1,321.0,225.1,39.0,22.7,1.3,2.0,66.7,9.5,-2.4,252.0,119.3,138.2,268.2,29.5,27.7,1.2,1.2,33.3,-1.0,-4.8,1
227.0,139.0,208.3,251.3,30.8,27.8,1.0,1.8,40.0,-7.8,-12.2,428.3,220.8,53.5,253.0,29.5,40.8,1.5,1.0,55.6,-15.2,-9.2,1
173.9,170.6,363.9,285.6,32.6,35.3,3.3,1.9,80.0,-6.0,-7.2,125.6,197.4,228.0,247.9,17.1,26.9,1.6,1.5,20.0,-10.9,-5.5,0
260.0,183.0,188.3,251.8,36.3,24.5,0.8,2.0,30.0,15.2,7.0,217.6,92.6,234.6,240.4,36.2,28.4,2.0,2.2,88.9,8.9,-0.8,0
137.0,171.8,251.5,166.8,26.8,22.5,1.8,2.5,40.0,6.0,1.4,198.7,195.7,182.0,225.7,26.7,22.3,2.3,2.0,50.0,6.8,1.6,0
149.5,189.8,220.9,225.4,26.4,24.6,1.4,1.5,50.0,-8.9,-11.1,174.3,107.0,271.5,278.1,35.8,22.1,1.5,2.6,60.0,2.6,-7.0,0
158.2,96.5,217.0,222.5,29.0,22.2,1.7,1.8,70.0,7.1,1.6,219.3,156.8,233.2,188.8,31.2,19.5,1.0,1.7,70.0,2.9,-3.1,1
156.7,241.3,185.8,238.3,18.2,32.7,1.7,1.1,40.0,-15.3,-8.2,92.7,214.3,135.4,259.2,10.0,33.9,1.4,1.8,50.0,-29.0,-13.1,1
231.3,80.7,383.3,186.0,52.3,16.3,1.0,1.7,50.0,24.1,-5.1,120.5,180.3,195.0,140.5,21.3,17.0,1.8,2.8,70.0,8.4,5.0,0
237.6,122.0,193.7,196.5,27.7,16.7,1.4,1.5,55.6,17.3,9.4,256.8,110.0,302.0,206.3,45.3,23.3,2.6,2.0,77.8,19.7,5.1,0
162.4,117.6,319.8,200.2,43.6,23.6,1.0,1.4,80.0,27.2,12.4,56.2,89.4,372.4,229.0,27.8,25.0,1.4,1.6,45.5,6.5,3.9,0
102.8,188.0,229.0,213.9,17.6,34.3,2.1,1.4,30.0,-17.7,-9.5,200.7,163.0,175.2,219.1,20.9,25.8,1.3,1.2,90.0,-15.2,-11.8,1
91.2,151.1,214.1,143.9,19.6,18.7,2.3,1.6,50.0,5.5,-0.1,91.6,117.5,220.6,162.6,22.3,19.9,2.6,2.2,30.0,4.1,1.0,1
66.3,301.3,312.0,124.3,21.7,35.3,2.3,1.7,30.0,-14.6,-10.9,276.8,86.0,215.8,359.0,33.5,36.3,1.3,1.0,20.0,-3.0,-4.5,0
114.7,150.0,229.3,246.3,17.3,35.0,1.7,2.7,20.0,-11.7,-6.2,131.8,212.4,232.4,198.2,26.4,31.8,0.6,1.0,80.0,-10.0,-6.2,1
184.0,151.2,260.9,212.6,36.5,22.9,1.3,1.3,60.0,17.6,9.6,198.9,179.4,147.9,246.9,19.0,31.7,1.9,1.2,20.0,-5.4,0.7,1
190.5,112.3,239.3,310.8,33.0,19.5,1.0,1.8,30.0,11.0,3.0,253.3,115.7,189.6,182.4,37.7,14.3,0.6,1.4,80.0,21.0,5.9,1
191.5,131.4,279.5,189.5,41.4,19.6,1.2,0.8,80.0,28.4,13.6,202.3,150.4,220.2,223.4,33.2,21.8,0.8,1.9,50.0,19.5,11.4,1
331.5,109.5,225.8,258.1,43.6,21.9,1.4,1.9,20.0,10.0,-4.1,166.0,142.4,224.7,222.3,34.3,29.1,1.4,1.1,70.0,-2.9,-8.1,1
140.8,193.7,154.0,267.2,23.3,40.0,1.2,1.7,44.4,-0.1,7.0,128.8,164.7,222.2,211.7,25.0,28.7,1.7,0.8,100.0,3.2,4.4,0
275.5,162.1,285.5,213.5,46.5,21.9,1.5,1.6,50.0,10.4,-11.0,148.8,119.1,266.5,234.4,39.8,24.7,1.6,3.1,50.0,4.2,-3.7,0
256.5,180.0,225.0,166.5,37.5,10.0,0.0,1.0,50.0,4.2,-21.9,175.0,249.0,246.5,226.5,26.0,38.0,2.5,2.5,80.0,-13.6,-13.4,0
119.5,224.3,238.0,208.8,13.8,28.0,2.8,1.8,50.0,-16.4,-13.6,201.0,231.3,214.0,233.0,33.0,38.5,0.8,1.5,20.0,-17.0,-16.2,0
193.8,141.0,211.2,206.6,27.2,20.2,1.6,2.3,70.0,11.1,6.5,128.2,142.1,252.6,193.3,28.2,21.3,1.0,1.3,70.0,7.5,-0.2,1
133.8,133.0,342.8,300.3,42.0,29.3,1.5,1.3,33.3,17.6,8.3,175.2,80.0,228.8,220.6,29.2,16.2,1.8,1.8,88.9,25.1,16.7,0
73.0,153.0,340.0,301.0,14.0,45.0,3.0,1.0,55.6,-11.5,-10.3,61.0,333.0,79.0,188.0,0.0,52.0,1.0,1.0,30.0,-20.9,-20.2,1
123.4,233.4,211.1,170.1,20.4,25.3,1.3,1.3,100.0,7.3,6.8,158.2,185.4,122.0,182.1,13.3,34.0,1.4,1.3,0.0,-27.3,-15.2,0
267.2,113.3,39.3,213.5,18.7,21.8,2.0,1.3,55.6,-16.8,-12.0,183.2,110.4,171.2,289.8,17.0,23.8,1.8,2.0,50.0,-11.9,-10.0,0
167.0,222.8,367.8,229.2,35.2,32.4,1.4,2.2,70.0,1.5,-4.1,186.5,242.5,101.8,184.5,19.3,34.7,1.0,1.0,77.8,-8.6,-1.7,1
90.8,253.3,224.8,269.8,21.3,39.3,1.5,2.0,30.0,-12.8,-5.2,116.0,162.0,180.0,244.3,13.3,31.5,2.3,1.5,80.0,-17.4,-10.8,1
78.0,190.2,215.9,177.9,18.8,31.0,2.3,1.2,30.0,-7.2,0.1,85.7,235.4,192.3,235.0,14.7,41.3,1.9,0.9,70.0,-11.5,5.3,1
206.3,150.7,194.7,174.8,24.1,20.4,0.8,0.9,55.6,10.5,5.3,128.4,271.9,157.4,164.8,18.0,30.0,1.4,1.7,66.7,-2.8,0.4,1
190.3,279.0,138.3,197.7,25.0,44.7,1.7,0.7,30.0,-12.6,-7.7,147.3,223.3,218.7,222.0,36.0,27.7,0.7,1.3,36.4,-6.5,-13.4,1
303.4,167.0,138.4,301.6,33.6,35.6,1.4,1.6,90.0,0.8,-4.2,91.8,285.4,292.8,273.6,22.8,38.6,1.6,1.8,9.1,-8.0,-4.9,1
118.3,155.3,128.3,189.0,12.3,32.7,2.7,2.3,70.0,-17.8,-9.6,189.0,94.0,227.7,184.3,24.3,17.3,2.3,2.0,70.0,2.7,-10.1,0
168.3,149.3,393.0,309.0,48.5,28.8,1.0,1.8,88.9,28.9,14.4,134.8,148.8,194.5,213.3,23.5,29.3,1.8,1.5,66.7,6.8,10.0,0
96.0,140.4,169.2,258.0,19.8,33.8,1.4,1.6,44.4,-21.4,-15.7,174.5,180.5,204.8,327.5,25.5,46.0,2.0,1.3,50.0,-22.4,-11.8,0
228.0,160.0,178.7,254.7,32.9,25.0,1.1,3.0,40.0,-3.3,-9.6,111.6,246.5,284.9,259.8,23.3,41.3,2.1,0.9,36.4,-19.7,-11.4,0
142.2,147.0,188.8,203.2,22.1,23.4,1.9,1.1,44.4,11.9,8.9,188.3,138.5,246.5,199.9,29.2,25.1,1.5,1.4,77.8,-7.0,-11.7,1
172.4,244.6,235.1,220.6,28.4,36.8,1.2,1.6,70.0,-3.2,-2.2,225.0,162.6,242.6,191.0,29.4,24.7,2.0,1.0,30.0,10.0,5.6,1
156.5,100.0,142.0,177.0,27.5,15.0,2.0,2.0,90.9,11.0,-0.9,123.7,199.3,160.0,117.0,16.0,18.3,1.3,2.0,80.0,1.9,-4.1,1
170.3,181.2,275.8,235.2,34.2,28.3,1.5,1.3,50.0,0.4,-5.1,97.7,87.7,208.5,184.0,19.5,17.0,0.7,2.2,30.0,8.6,4.3,0
297.0,148.7,247.0,260.3,49.3,19.7,2.3,2.7,90.0,21.3,-3.2,42.7,139.3,336.0,333.0,25.0,30.7,2.3,1.3,50.0,-13.4,-15.1,0
170.1,111.7,255.2,183.2,33.7,21.9,1.4,2.0,18.2,12.0,6.3,157.2,116.8,218.4,195.7,32.7,20.6,1.7,2.6,60.0,12.6,5.2,0
57.0,117.5,215.5,299.0,17.0,32.0,2.5,2.0,40.0,1.6,0.4,129.3,211.7,228.0,155.7,26.3,24.7,2.3,2.3,80.0,3.4,-3.6,1
127.7,178.8,329.0,343.8,30.1,40.0,1.8,0.8,60.0,-10.9,-8.4,158.3,156.0,149.9,251.2,23.1,28.3,1.6,1.8,40.0,-16.0,-15.5,1
330.7,151.7,163.3,200.3,39.0,18.7,1.7,2.0,77.8,13.9,0.3,255.5,91.5,205.5,112.0,31.5,12.0,2.5,1.0,33.3,3.5,-10.9,0
170.8,175.7,436.1,219.7,52.8,23.5,1.0,2.0,80.0,15.6,-7.2,208.5,135.6,256.5,272.5,35.7,25.7,2.5,2.3,30.0,7.1,1.3,1
258.3,136.7,184.1,196.7,39.1,19.3,1.0,1.8,30.0,5.0,-8.3,152.1,154.6,215.1,217.8,29.3,30.3,1.7,1.1,70.0,-3.6,-4.8,1
198.5,165.0,204.3,256.7,19.5,38.5,1.8,1.2,90.0,-17.3,-8.3,114.7,210.2,148.2,225.2,13.0,38.0,1.8,1.3,50.0,-18.5,-9.3,1
162.8,192.8,188.0,223.3,17.8,31.8,2.0,1.0,22.2,-13.9,-12.3,90.0,153.8,249.8,218.5,17.8,28.3,1.0,1.3,55.6,-3.7,-3.5,1
126.0,197.4,206.8,187.6,18.7,26.6,2.3,2.3,70.0,0.9,4.4,107.0,235.8,196.0,273.6,16.4,49.1,2.7,1.4,30.0,-24.3,-9.4,1
217.6,117.5,238.2,221.2,36.4,21.3,1.3,1.8,80.0,18.5,6.4,184.2,142.4,322.6,262.8,42.5,26.3,0.3,2.2,80.0,16.3,5.2,0
192.7,146.7,258.0,253.0,36.3,28.3,1.7,2.3,10.0,7.8,-2.8,157.0,164.0,204.3,177.7,31.7,22.3,2.0,2.7,50.0,-1.8,-5.9,1
235.9,159.6,263.5,197.1,41.2,17.4,0.5,2.0,60.0,11.8,-6.1,199.4,156.9,339.1,249.0,38.6,24.5,0.9,1.0,60.0,4.9,-7.7,0
90.9,210.1,232.3,254.4,20.3,28.0,1.4,1.7,36.4,-8.4,-5.9,137.5,226.8,128.2,204.6,10.1,36.6,2.1,1.6,40.0,-23.6,-10.2,1
125.2,149.3,184.3,240.2,20.7,24.2,1.0,1.5,50.0,0.9,1.8,184.5,151.0,139.3,252.3,18.0,23.8,1.1,1.5,70.0,-1.6,3.8,1
127.3,117.6,175.7,244.9,21.9,28.0,2.0,2.6,60.0,-9.2,-5.1,173.0,202.6,109.2,259.4,19.6,34.4,1.8,1.4,40.0,-17.8,-16.0,0
134.9,162.1,296.5,295.0,28.6,32.3,2.0,1.8,90.9,2.0,1.0,157.1,222.0,314.0,215.1,36.4,32.3,2.1,1.4,80.0,-0.8,-6.5,1
168.7,190.6,240.4,225.7,27.3,29.0,1.0,1.7,55.6,-9.3,-10.6,194.8,125.3,200.6,177.2,22.4,16.7,1.3,1.9,44.4,-8.2,-14.2,1
123.3,186.3,254.6,301.0,16.9,49.9,2.6,0.6,90.0,-31.1,-6.8,136.3,228.3,115.2,180.3,10.5,31.3,1.5,1.2,80.0,-14.4,-9.5,1
187.3,111.7,252.2,246.8,32.2,26.5,1.8,1.2,50.0,13.0,5.5,137.0,150.7,345.7,220.7,31.8,29.8,2.0,1.7,90.9,12.3,9.9,1
235.8,138.3,186.7,198.0,31.8,21.3,1.3,1.7,80.0,13.9,6.9,208.5,109.7,241.7,174.0,37.8,12.4,1.0,1.5,80.0,27.4,9.0,1
112.6,122.0,248.4,232.0,24.9,22.4,2.4,1.4,70.0,4.1,-0.6,241.0,121.1,113.4,174.7,22.0,13.9,1.0,1.7,36.4,6.8,-3.4,0
142.9,207.0,242.3,272.9,23.0,40.7,1.9,0.8,50.0,-18.1,-12.4,164.4,190.6,164.8,261.3,16.9,39.8,3.3,2.0,11.1,-27.6,-15.3,1
224.0,121.0,187.3,141.5,36.8,11.3,1.3,2.3,40.0,19.4,8.0,81.0,232.7,319.0,229.3,22.0,40.0,2.0,0.7,90.0,-4.4,-6.0,1
158.8,102.9,231.2,168.2,25.7,11.7,1.3,1.7,40.0,12.7,-0.7,120.9,167.9,231.7,246.6,24.7,30.2,1.6,2.7,100.0,-7.5,-3.4,0
197.0,143.8,242.0,233.5,34.8,23.3,1.1,2.1,80.0,16.9,6.1,114.4,224.3,247.4,231.1,20.3,34.0,1.9,0.6,30.0,-2.8,4.1,0
305.0,133.8,420.0,196.8,63.0,18.0,1.3,2.0,50.0,30.0,3.0,234.0,134.8,201.0,179.5,31.0,18.8,1.4,1.8,80.0,11.6,1.2,0
114.5,89.5,205.8,275.0,21.0,20.6,1.4,2.1,40.0,-4.1,-5.3,150.9,228.0,432.0,267.6,40.5,33.0,1.5,2.4,80.0,7.2,1.1,0
181.7,126.1,229.8,235.1,32.1,18.6,1.2,2.3,72.7,7.0,-1.6,184.2,126.2,276.5,287.3,33.6,27.5,2.0,1.6,90.0,6.1,-1.0,0
208.0,11.0,258.0,326.0,56.0,27.0,2.0,5.0,50.0,-7.1,-22.2,188.0,216.0,265.0,222.0,24.0,41.0,2.0,0.0,72.7,-9.9,2.8,1
148.6,160.4,185.8,159.6,22.6,29.2,2.4,0.6,70.0,-4.2,-4.9,156.2,72.0,263.3,299.0,37.5,16.8,2.0,3.2,70.0,14.8,0.7,0
221.0,59.0,125.0,141.0,45.0,0.0,1.0,1.0,50.0,0.2,-22.3,154.0,312.0,168.0,173.0,10.0,42.0,1.0,0.0,50.0,-6.6,-7.7,0
109.0,145.7,284.5,252.2,24.3,23.5,2.0,1.7,80.0,2.5,1.4,97.8,185.8,254.0,212.0,24.0,31.0,2.8,2.8,60.0,-9.7,-10.2,0
39.0,200.0,194.0,144.0,7.0,24.0,2.0,1.0,30.0,-1.8,4.8,160.0,68.0,256.0,308.0,30.0,7.0,1.0,2.0,80.0,13.5,-1.6,0
259.0,185.0,192.3,269.5,40.3,25.8,1.0,2.0,30.0,17.2,8.5,108.3,155.5,323.0,323.8,34.8,37.0,0.8,1.0,66.7,0.6,1.6,1
253.5,114.0,292.6,177.5,44.9,19.8,1.4,1.5,100.0,27.0,8.9,194.2,116.8,166.2,144.4,26.3,17.1,1.4,1.3,77.8,13.3,6.2,1
85.0,117.3,195.3,254.7,18.7,20.7,3.0,2.7,40.0,-8.6,-9.1,115.7,193.7,164.0,190.3,14.7,34.3,2.3,1.7,72.7,-13.9,-10.8,0
209.4,132.9,252.2,273.2,33.6,25.5,2.6,2.3,30.0,6.4,2.0,177.2,177.6,203.0,258.9,27.3,28.0,2.2,1.6,20.0,-9.1,-8.5,1
142.8,144.3,321.1,285.8,37.2,33.5,1.6,0.9,80.0,4.1,0.8,143.4,145.3,223.5,225.5,27.3,24.3,1.5,1.9,40.0,-2.6,-6.2,1
128.3,82.5,198.0,215.7,18.6,18.6,2.5,1.8,70.0,2.0,2.2,237.4,123.8,193.5,251.2,32.2,22.8,2.1,1.6,60.0,7.2,0.5,1
179.3,146.8,330.8,267.5,33.5,23.2,1.5,1.3,20.0,8.1,0.1,185.7,149.0,371.4,221.6,46.3,19.1,0.9,1.9,100.0,23.7,8.2,0
212.0,162.8,147.8,211.4,28.7,29.4,1.0,1.6,20.0,-10.8,-9.6,207.9,179.6,222.0,304.6,29.7,34.7,2.0,1.7,10.0,-8.7,-7.5,0
171.4,144.4,224.6,255.4,27.6,25.8,1.9,1.9,72.7,5.5,3.2,127.5,92.8,181.6,230.9,18.2,25.5,2.4,1.8,30.0,-7.2,-2.8,1
195.7,163.7,299.0,275.9,36.2,24.6,1.1,2.0,70.0,13.8,6.6,166.2,160.4,274.6,277.7,36.4,27.6,1.1,2.3,70.0,13.2,5.5,0
159.8,194.6,256.0,294.0,24.0,42.2,2.6,1.0,50.0,-11.4,-9.0,259.2,166.4,64.8,224.8,21.2,27.8,2.0,1.2,55.6,-16.1,-13.3,0
103.0,262.0,401.0,250.0,20.0,38.0,5.0,0.0,20.0,-9.8,-14.3,225.5,235.0,185.0,167.5,24.0,26.5,0.5,0.5,11.1,-10.7,-14.2,1
117.2,195.3,238.9,293.4,17.3,37.2,2.2,1.8,30.0,-21.1,-9.8,183.7,129.1,271.4,223.1,35.1,22.1,2.1,1.8,70.0,6.6,-4.9,1
190.1,134.0,216.4,237.4,30.1,24.8,1.9,2.0,60.0,-1.8,-9.5,254.1,162.9,79.6,247.6,29.9,23.4,0.5,2.8,44.4,-2.1,-9.2,0
168.3,170.0,280.0,195.2,26.7,26.7,2.8,1.4,80.0,-7.0,-9.4,173.6,137.7,154.4,262.2,24.9,27.2,1.2,2.0,40.0,-13.9,-15.3,1
192.2,248.8,266.8,217.0,32.4,28.4,1.0,2.2,70.0,5.7,2.2,246.0,113.2,209.2,168.4,31.2,13.0,1.2,1.8,80.0,14.3,0.6,0
142.5,120.5,238.0,181.0,23.5,15.0,2.5,0.0,60.0,2.9,-5.4,88.0,184.0,174.0,156.0,10.5,32.0,2.5,2.0,70.0,-8.3,-7.8,1
266.4,112.5,111.5,212.5,31.8,18.8,1.5,2.2,36.4,11.4,2.9,129.6,163.2,194.5,175.4,16.8,26.1,2.3,1.6,50.0,-9.6,-5.7,0
114.3,151.0,276.7,191.0,25.7,27.3,2.3,2.7,10.0,-4.7,-3.9,157.3,164.0,176.0,191.0,19.0,31.3,2.0,2.0,90.0,-17.5,-7.5,1
221.8,134.0,172.3,254.7,31.2,23.8,1.3,2.3,50.0,6.4,6.4,173.8,181.9,206.7,269.9,20.5,33.3,2.5,1.9,60.0,0.5,0.5,1
166.9,183.4,230.5,197.0,33.6,27.0,1.5,1.6,33.3,9.8,5.9,187.0,141.6,177.9,237.9,29.1,18.3,0.6,1.6,66.7,4.9,-3.0,1
170.8,129.8,285.0,240.0,35.2,20.6,1.3,2.3,40.0,8.5,0.1,127.3,110.9,266.3,359.6,28.3,35.4,2.5,1.6,50.0,-7.5,-6.5,1
147.6,158.9,221.3,238.9,25.9,28.6,2.1,1.3,66.7,0.4,3.0,159.0,159.8,259.9,229.5,26.4,28.8,1.8,2.0,100.0,0.9,2.8,1
199.8,99.3,262.2,275.5,36.0,24.6,2.1,1.8,70.0,11.5,2.9,146.6,102.7,259.1,232.3,32.2,20.1,1.5,2.1,70.0,12.3,4.3,0
198.8,213.6,271.7,257.7,33.7,32.7,1.6,1.2,40.0,-4.4,-4.9,211.9,145.3,235.4,247.3,32.2,24.2,0.6,1.7,60.0,-5.9,-14.6,1
179.1,233.4,194.3,208.9,31.4,29.1,1.7,1.0,70.0,-1.9,-4.5,117.8,198.0,145.1,258.4,20.1,35.0,1.8,1.6,50.0,-15.9,-6.5,1
46.4,35.2,54.7,35.4,29.8,20.2,1.1,0.8,80.0,5.2,5.2,27.9,16.3,34.6,43.5,31.6,21.2,0.5,0.8,70.0,7.0,7.0,0
186.3,95.0,204.1,151.3,38.7,19.6,1.0,2.4,60.0,19.8,5.2,189.4,66.3,166.1,142.1,31.5,11.1,1.5,1.5,100.0,17.3,2.6,1
214.2,197.6,205.6,238.2,27.6,33.4,1.6,2.0,10.0,-6.8,-4.0,197.3,213.3,301.8,279.0,32.5,33.5,1.5,0.5,50.0,-3.4,-5.6,0
140.8,151.6,196.8,247.8,14.8,30.4,2.2,1.4,80.0,-17.7,-11.2,161.3,166.8,235.3,317.3,23.5,37.0,2.7,1.7,70.0,-14.7,-7.0,1
217.0,39.8,217.8,151.5,37.7,7.0,1.2,1.5,80.0,25.3,7.1,103.5,185.5,164.0,220.0,17.8,24.8,2.3,1.8,90.9,-4.5,-4.2,1
222.4,121.4,288.2,242.0,44.4,26.6,1.6,2.0,70.0,8.3,-1.1,106.0,175.8,257.0,202.8,21.5,26.3,1.0,1.0,22.2,-4.2,0.1,0
169.0,71.5,211.8,256.8,28.0,16.9,1.5,2.1,30.0,13.1,5.6,207.5,147.2,281.2,273.2,37.7,25.0,2.0,2.5,30.0,9.4,1.4,0
107.0,112.0,318.0,175.0,31.0,10.0,0.0,3.0,30.0,3.8,-7.3,131.0,96.0,152.0,233.0,30.0,31.0,2.0,0.0,50.0,-1.0,-2.5,1
113.8,115.3,227.8,196.2,19.2,20.5,2.7,2.2,18.2,1.2,0.0,163.0,100.2,232.7,182.2,30.0,15.0,1.2,1.5,80.0,12.4,3.5,1
141.0,124.7,223.7,185.0,24.3,17.7,1.0,0.7,90.0,8.7,2.1,109.3,192.8,256.0,283.5,22.3,30.0,1.8,1.5,90.9,-4.0,1.5,1
206.2,115.5,209.7,210.3,30.8,17.8,1.5,1.6,40.0,21.1,13.0,162.9,137.6,347.7,191.6,46.8,17.5,0.7,2.0,88.9,30.1,9.7,1
247.9,129.0,61.4,154.3,18.9,15.1,0.7,2.7,30.0,4.5,-0.7,131.9,136.6,224.0,282.6,23.0,31.4,1.4,2.0,20.0,-8.2,-3.9,0
170.3,176.4,159.4,144.9,22.4,22.7,2.0,1.1,40.0,-9.9,-11.4,169.7,92.0,226.0,198.3,24.0,18.4,0.7,1.4,20.0,-6.1,-7.0,0
112.1,106.9,208.1,207.1,22.0,21.1,2.0,1.6,40.0,2.1,0.0,131.6,169.3,309.4,251.0,25.0,28.0,1.7,1.6,18.2,-3.5,-3.8,1
204.7,168.3,298.0,293.2,40.5,25.5,0.3,2.2,90.0,21.5,8.1,102.7,136.0,379.8,426.3,39.3,42.5,1.7,1.3,60.0,1.1,1.9,0
135.0,135.0,518.0,214.0,56.0,3.0,0.0,2.0,90.9,14.3,-16.9,121.0,54.0,206.5,278.0,32.0,16.5,0.0,0.5,50.0,0.0,-16.5,0
158.0,112.6,266.0,225.4,34.0,19.4,2.0,2.4,80.0,13.5,2.6,119.0,201.3,175.3,172.8,15.5,29.5,2.0,2.0,70.0,-1.3,1.8,0
200.5,135.9,270.6,195.1,36.9,18.8,1.5,2.1,90.0,14.7,2.4,310.5,141.8,126.2,266.3,36.5,32.3,1.1,1.6,90.0,4.3,-1.6,0
123.0,138.0,248.3,221.7,25.7,25.0,1.7,1.5,100.0,13.2,9.9,179.1,152.6,191.9,244.4,24.9,28.4,2.1,2.3,50.0,5.9,5.9,0
205.3,108.5,162.8,216.5,25.0,24.0,1.8,1.8,80.0,0.9,-2.4,173.4,188.8,324.6,207.0,26.4,22.6,3.0,1.6,60.0,-4.5,-6.3,0
129.5,216.4,305.0,215.4,26.3,30.9,1.3,2.1,72.7,-13.2,-12.4,169.7,197.4,240.9,297.6,26.2,38.4,2.6,1.9,70.0,-17.3,-10.3,0
226.2,158.0,221.0,270.7,29.0,29.1,1.2,1.3,20.0,7.5,6.6,262.8,156.4,220.3,230.9,33.6,24.6,1.2,1.1,90.9,14.0,5.7,0
96.2,147.7,426.7,273.8,40.7,28.2,1.5,2.3,80.0,1.3,-6.7,155.9,203.8,306.9,195.7,34.3,21.0,1.8,1.6,50.0,3.6,-6.0,1
100.5,120.4,271.8,195.8,26.4,22.8,2.2,1.6,50.0,4.7,0.9,204.7,94.5,175.9,142.2,34.8,10.6,1.5,1.7,30.0,19.2,3.5,0
184.4,109.0,243.6,181.1,33.3,12.9,1.1,2.1,80.0,18.3,5.6,76.2,179.0,207.2,255.8,18.0,33.0,1.4,1.6,70.0,0.4,3.7,0
138.6,201.8,265.8,254.4,28.9,30.4,1.8,1.6,50.0,-8.7,-8.0,144.3,190.7,199.7,188.8,22.2,26.0,2.8,1.0,10.0,-12.3,-15.2,1
180.1,144.6,160.2,170.2,28.5,18.5,1.6,2.3,60.0,12.4,6.5,167.1,126.8,275.8,241.0,30.4,21.5,2.3,2.0,100.0,10.7,4.7,0
185.9,152.1,307.9,249.6,41.0,24.0,0.1,2.1,80.0,16.7,4.5,108.4,121.6,260.3,299.4,21.9,26.7,0.7,1.7,60.0,-4.2,-2.9,1
157.4,110.6,345.9,287.8,41.4,28.1,1.7,1.3,77.8,6.7,-3.2,122.3,210.1,211.5,224.3,23.8,30.8,1.6,1.9,88.9,-14.5,-10.5,1
205.9,58.8,228.5,204.1,33.4,13.8,1.0,1.8,77.8,19.4,5.2,170.8,137.2,235.7,294.3,29.3,32.0,1.7,1.2,33.3,2.0,2.8,1
145.0,45.8,336.2,307.4,38.2,19.2,1.8,3.8,9.1,8.6,-4.7,33.0,189.8,152.7,153.7,11.0,28.7,2.0,2.7,80.0,-6.4,6.3,1
87.4,156.0,248.2,172.9,24.4,20.5,2.5,2.5,50.0,2.6,-1.5,184.8,194.0,213.9,242.3,23.8,30.5,2.5,2.1,60.0,-2.1,3.4,0
319.3,154.6,116.5,222.8,34.2,26.1,1.8,1.3,80.0,0.5,-5.8,137.5,217.6,256.0,184.9,24.3,28.8,1.8,1.7,70.0,-6.1,-3.6,0
162.0,124.9,199.6,188.6,29.1,14.9,1.3,2.9,72.7,7.1,-1.9,172.3,170.6,272.7,175.0,28.1,23.0,2.4,1.3,50.0,6.6,-0.3,0
195.0,49.3,236.7,134.3,30.7,10.0,2.0,2.7,70.0,7.5,-7.7,127.0,83.7,99.0,237.0,8.7,16.3,1.7,2.3,30.0,-8.1,-5.7,0
235.0,147.3,269.2,268.5,42.3,28.3,0.5,1.3,60.0,16.1,7.0,150.8,138.3,252.8,305.3,29.8,38.2,1.7,0.8,36.4,4.9,5.4,1
22.0,168.0,433.0,237.0,47.0,44.0,3.0,4.0,44.4,6.8,-4.9,116.0,222.0,224.5,246.0,20.5,53.0,4.0,1.5,20.0,-13.6,-8.2,0
317.0,138.4,56.7,234.7,23.9,23.1,1.3,1.6,80.0,-2.2,-2.7,100.1,117.3,175.1,259.3,13.4,33.3,2.9,1.7,50.0,-15.3,-4.2,1
122.2,100.8,177.3,179.8,17.3,18.2,1.7,1.8,70.0,4.3,4.1,104.8,181.0,178.0,143.0,12.8,22.2,2.0,2.0,45.5,-5.6,-3.0,0
245.3,170.6,200.8,190.0,27.5,24.0,1.5,1.3,30.0,0.1,-6.3,206.0,172.0,287.6,277.0,34.8,30.7,1.8,1.2,90.0,-3.4,-6.7,1
224.7,73.0,164.7,257.0,33.3,19.3,0.7,2.7,60.0,8.2,-2.1,155.0,115.0,194.0,155.0,32.0,12.7,2.0,3.7,80.0,7.9,-4.9,0
137.1,107.0,264.8,263.0,23.4,24.4,1.7,1.6,55.6,3.4,2.0,145.4,219.3,288.4,187.8,31.0,26.2,1.2,1.0,44.4,9.3,3.5,0
312.0,154.0,173.0,168.0,42.0,10.0,0.0,1.0,36.4,7.3,-14.4,135.0,105.0,139.0,216.0,24.0,10.0,1.0,3.0,40.0,-1.7,-13.3,1
201.0,157.8,240.5,221.3,30.9,24.9,1.3,2.4,70.0,-0.8,-5.3,43.2,232.9,265.2,260.3,19.7,39.4,3.0,1.3,70.0,-18.5,-7.6,1
198.1,134.5,262.3,181.0,45.3,18.8,0.9,2.7,60.0,17.5,-0.5,133.5,224.9,93.5,201.4,11.0,31.9,2.3,1.3,30.0,-26.0,-13.0,0
194.5,112.3,169.2,326.1,31.0,27.2,1.2,1.9,44.4,7.3,4.0,120.0,138.3,269.9,239.6,29.8,20.8,0.8,1.7,60.0,10.1,6.6,1
183.5,99.6,178.6,218.4,19.9,17.1,1.8,1.8,90.0,5.3,0.8,56.1,167.8,223.3,271.3,18.9,34.3,1.9,1.4,50.0,-11.8,2.5,0
323.2,148.8,217.6,251.5,49.7,22.7,1.5,3.3,90.0,25.4,6.8,186.9,121.5,216.0,249.1,39.7,22.2,0.9,2.7,50.0,19.8,8.7,1
124.9,174.4,266.3,196.9,29.4,25.4,1.6,1.1,70.0,-0.9,-5.6,103.1,177.1,156.0,196.7,16.6,27.6,1.0,1.8,20.0,-19.9,-13.3,1
78.3,155.0,198.6,207.9,16.7,33.8,2.5,1.4,80.0,-11.4,-4.1,101.8,176.0,127.6,228.8,10.8,38.5,2.1,1.4,50.0,-22.1,-6.6,0
230.8,174.4,155.8,267.3,26.5,34.4,1.3,0.9,77.8,-12.9,-11.2,224.5,146.5,210.0,317.3,34.8,30.8,1.5,2.1,44.4,-3.1,-5.7,1
129.5,226.5,182.9,238.4,15.8,31.8,2.6,1.5,30.0,-20.3,-13.2,216.4,162.8,163.9,233.1,20.5,32.8,2.1,1.3,40.0,-13.8,-10.2,1
134.3,153.8,256.6,265.0,31.9,31.4,1.6,1.3,55.6,2.8,3.5,193.6,185.9,198.8,274.5,25.8,38.9,2.8,2.1,88.9,-6.3,2.3,0
132.9,231.3,263.6,213.1,27.9,34.4,2.0,1.4,22.2,3.0,4.6,170.1,105.6,228.4,134.3,29.4,11.7,1.4,1.9,33.3,12.6,0.6,0
194.1,140.0,191.9,189.0,23.9,24.9,2.4,2.0,30.0,3.9,3.3,172.3,146.7,304.0,220.3,34.3,27.8,1.5,1.7,70.0,6.3,1.9,0
146.0,403.0,146.0,43.0,23.0,20.0,0.0,3.0,80.0,0.2,-13.1,141.0,98.0,471.0,60.0,59.0,7.0,1.0,1.0,50.0,3.0,-28.2,1
183.3,181.4,163.5,221.6,24.3,28.3,1.5,1.6,40.0,4.8,7.1,98.8,223.2,164.7,223.0,17.0,30.0,2.0,1.3,90.9,-5.0,0.1,1
279.4,136.7,279.3,232.7,52.9,20.4,1.7,3.3,90.0,27.0,6.0,144.4,215.3,214.4,217.6,21.8,34.1,1.4,1.3,70.0,-3.0,6.2,0
107.3,238.7,259.0,321.3,17.7,43.7,1.3,1.7,80.0,-11.8,-5.6,125.8,185.5,243.3,197.8,23.8,31.8,2.3,1.8,20.0,-2.1,7.4,1
126.0,90.8,261.3,271.0,29.0,23.8,1.0,1.5,80.0,19.7,5.7,268.8,172.4,204.2,224.4,43.8,24.0,0.8,1.4,70.0,17.9,6.0,1
183.8,224.3,282.5,175.5,39.8,21.8,1.5,2.3,40.0,5.4,-7.5,174.5,153.8,198.3,189.8,31.8,37.0,2.0,1.5,60.0,-9.0,-6.4,1
132.7,171.7,242.7,212.9,26.2,26.0,1.8,1.6,70.0,9.3,9.0,108.2,183.6,181.1,233.8,16.8,35.5,2.5,1.0,80.0,-11.3,-3.3,1
281.7,162.9,53.3,248.3,20.7,32.1,1.6,1.3,55.6,-19.3,-13.3,92.6,129.0,198.6,250.9,16.6,28.3,2.0,1.4,72.7,-12.6,-6.1,1
121.3,103.3,198.8,289.2,28.5,29.3,1.8,2.3,80.0,-10.9,-10.1,145.5,193.7,227.8,213.7,23.2,33.3,2.3,1.5,30.0,-8.2,-5.2,0
110.2,205.2,303.8,250.0,26.6,38.6,1.8,1.6,22.2,-16.9,-11.4,184.5,168.8,220.0,248.8,37.3,34.0,2.5,2.5,66.7,-5.8,-10.8,0
124.3,190.7,245.6,224.2,26.5,29.8,1.8,1.8,60.0,-11.8,-11.8,183.8,213.9,185.8,213.1,21.1,28.5,1.5,1.2,40.0,-6.5,-6.5,1
179.3,56.5,230.5,310.0,38.3,18.3,1.5,3.3,70.0,11.2,-3.7,106.5,70.8,225.8,229.3,15.3,18.0,1.3,0.5,70.0,-7.6,-9.6,0
202.0,91.5,208.3,263.5,31.8,28.0,1.0,2.8,60.0,-8.2,-13.2,167.5,242.3,189.3,338.0,14.8,55.8,3.0,1.3,30.0,-22.3,-13.2,1
171.4,210.6,167.2,296.6,24.6,38.2,1.0,2.0,77.8,-0.3,6.0,163.5,159.8,358.3,203.3,42.0,22.3,2.0,1.8,77.8,19.4,7.5,0
187.8,212.5,164.3,260.8,22.0,33.0,0.8,1.8,11.1,-10.0,-7.0,277.8,190.3,107.3,278.0,26.8,32.8,1.3,1.8,66.7,-10.1,-14.5,0
179.4,190.6,198.3,226.6,23.1,31.4,1.9,1.5,30.0,0.1,0.1,150.9,183.4,196.8,278.7,23.3,33.3,1.6,2.3,50.0,-12.1,-12.1,1
130.9,128.1,321.9,219.7,31.7,22.4,2.1,1.9,70.0,1.7,-4.6,192.5,90.7,119.5,197.3,28.2,14.8,1.0,1.7,80.0,-0.1,-8.5,0
142.2,138.8,261.2,275.2,31.3,33.7,1.3,1.3,80.0,3.0,2.9,269.4,105.2,110.6,291.6,26.6,26.2,1.4,1.6,80.0,-3.8,-1.8,1
151.3,109.3,169.5,209.9,20.4,23.1,2.4,0.6,80.0,1.3,1.5,262.3,191.8,180.3,307.2,30.5,39.0,1.2,1.0,100.0,-4.8,-2.9,1
73.6,148.7,270.3,242.9,21.2,32.2,2.2,0.9,44.4,-1.1,2.3,186.1,144.2,198.9,247.1,31.1,25.6,1.3,2.3,10.0,9.2,3.9,0
113.9,178.8,244.3,180.6,35.4,31.3,2.1,1.9,50.0,6.8,4.2,113.8,154.6,315.6,237.1,31.7,33.4,2.2,2.1,70.0,6.7,4.0,1
145.8,113.3,295.2,193.8,35.7,11.8,1.7,2.7,90.9,23.6,11.1,107.0,166.4,242.0,173.0,24.6,21.0,1.8,2.2,70.0,10.1,7.6,0
172.8,115.8,256.5,291.5,36.8,20.0,1.8,3.3,60.0,5.1,-2.7,84.2,262.8,219.8,170.6,19.2,28.0,1.8,1.6,11.1,-11.9,-5.7,0
109.0,62.5,234.8,146.0,26.5,12.3,2.8,3.0,70.0,7.5,-4.7,264.7,94.7,229.3,275.0,25.0,22.7,1.0,2.3,30.0,-1.2,-3.2,1
186.0,112.7,226.9,225.9,34.1,22.0,1.3,1.3,50.0,15.8,6.2,122.1,129.3,249.0,227.3,20.8,25.1,2.1,1.6,80.0,0.6,-2.0,1
180.5,155.3,208.3,343.0,29.8,32.5,2.3,2.0,44.4,-8.7,-10.1,283.3,42.0,145.7,258.0,34.3,16.0,0.3,1.7,33.3,3.4,-8.0,1
103.8,204.2,276.2,274.2,22.6,34.6,2.3,1.7,60.0,-14.6,-9.2,92.2,174.8,144.4,210.1,12.2,35.7,2.4,1.3,40.0,-24.7,-8.8,1
183.6,128.0,195.4,248.8,31.4,20.8,0.4,2.2,33.3,9.8,-3.7,184.3,158.3,218.7,299.0,21.3,26.3,3.0,0.7,50.0,-6.2,-11.8,0
98.0,177.2,145.2,253.2,15.0,30.2,1.4,1.8,70.0,-10.9,-2.2,117.0,143.7,316.7,178.7,27.3,16.7,0.7,3.7,30.0,-0.7,-8.0,0
242.9,136.6,223.4,156.6,43.4,16.5,0.6,1.6,30.0,20.3,2.1,161.4,133.6,193.1,165.5,18.9,13.6,1.8,2.2,40.0,6.5,0.9,1
158.7,109.3,214.8,205.0,21.5,21.5,1.6,1.6,33.3,6.4,7.5,142.5,190.4,113.7,230.3,14.4,30.0,1.6,1.1,50.0,-5.9,1.2,0
159.8,127.5,276.0,228.2,30.3,17.5,0.8,1.5,30.0,-2.5,-7.8,123.0,183.7,245.3,169.0,36.2,26.0,1.2,0.5,60.0,7.3,-0.9,1
138.0,233.4,242.1,182.9,24.3,30.4,1.4,1.6,70.0,-11.7,-6.4,130.0,250.4,174.0,222.2,16.6,38.0,1.2,0.6,77.8,-23.1,-8.0,0
228.7,121.3,136.0,362.0,28.0,34.3,1.3,1.7,33.3,-3.9,-6.0,313.0,160.3,54.0,249.0,31.0,37.0,1.3,2.0,77.8,-3.1,-7.7,1
343.0,164.9,83.8,221.7,28.9,27.9,1.6,1.1,77.8,2.3,1.1,99.5,180.1,256.9,189.4,23.5,28.2,1.5,1.5,80.0,-1.2,2.3,1
105.2,134.0,201.6,125.6,19.6,15.2,1.4,1.2,77.8,-9.1,-10.3,200.0,246.8,190.2,204.2,30.6,43.6,1.4,0.8,11.1,-16.1,-12.5,1
88.0,222.5,120.0,188.0,8.0,36.5,2.0,3.5,44.4,-10.5,-6.0,196.5,123.5,312.5,335.5,30.5,45.5,1.0,1.0,70.0,-13.5,-13.5,1
209.5,147.9,258.3,250.6,33.5,28.1,1.2,1.2,33.3,14.7,14.7,136.0,126.3,242.2,220.6,24.1,25.1,2.0,2.0,80.0,-1.4,-1.4,0
150.5,194.9,231.4,234.1,21.0,26.1,2.0,1.8,55.6,1.9,2.3,150.4,218.4,287.4,181.3,31.5,26.0,1.1,1.1,44.4,10.1,4.5,0
167.0,206.9,182.1,174.5,21.6,28.1,1.9,1.3,50.0,-12.9,-10.4,138.9,242.4,204.6,217.7,17.1,38.2,1.3,0.8,70.0,-25.7,-15.6,0
189.3,146.1,262.3,225.0,30.0,32.2,1.2,0.9,60.0,-6.1,-6.9,222.0,218.7,203.5,232.3,30.7,34.6,1.2,0.7,30.0,-9.0,-7.5,0
153.9,132.4,209.3,224.7,32.9,21.0,1.4,2.0,50.0,4.9,-2.4,182.9,155.8,360.6,311.1,41.6,31.8,1.2,1.0,80.0,8.7,2.6,0
172.4,223.7,215.5,162.1,26.6,29.5,1.5,1.0,33.3,-7.5,-6.7,111.5,174.7,342.3,233.2,27.4,27.3,1.9,1.7,11.1,-13.2,-12.6,1
272.8,114.4,145.2,226.2,31.6,27.0,1.8,0.8,33.3,3.0,-1.6,123.8,186.8,361.8,242.0,37.4,36.0,3.0,1.2,70.0,-1.6,-3.0,0
118.9,127.9,278.0,231.9,25.7,26.1,1.7,1.4,18.2,7.1,5.1,87.6,187.7,220.6,279.6,22.8,35.5,1.5,1.2,100.0,-3.2,4.0,1
161.8,285.5,187.0,207.0,21.3,38.3,0.8,1.0,40.0,-14.9,-10.4,51.0,193.8,261.4,257.0,16.6,38.0,2.2,0.8,36.4,-30.8,-18.4,1
154.9,154.8,365.4,234.0,44.2,25.2,1.2,2.4,77.8,9.5,-3.0,240.9,152.3,176.2,225.2,31.9,22.7,1.3,1.9,77.8,4.9,-0.3,0
239.8,123.4,241.7,253.8,40.0,19.8,1.2,2.6,80.0,8.7,-4.8,346.7,123.1,68.3,230.7,37.1,19.7,0.6,2.1,77.8,11.0,0.3,1
207.4,89.4,340.4,307.4,46.8,17.8,1.0,2.0,70.0,21.9,6.7,257.5,84.5,246.5,166.3,44.3,12.5,1.5,0.5,80.0,32.9,13.6,0
173.4,98.5,223.6,224.3,29.5,23.4,1.7,1.5,70.0,8.0,2.2,248.8,127.5,261.2,280.5,39.1,30.3,1.3,1.3,30.0,9.2,2.2,1
247.9,113.6,183.9,277.9,38.6,24.1,1.6,1.7,100.0,10.9,0.5,135.1,160.7,159.1,239.6,14.3,35.1,2.7,1.9,70.0,-11.0,-4.2,0
161.0,155.0,196.3,142.3,27.5,17.8,1.3,1.0,80.0,5.0,-1.8,147.5,139.8,317.3,222.8,31.8,23.3,1.3,1.5,70.0,2.5,-6.0,0
69.0,222.0,95.0,97.0,6.0,14.0,3.0,3.0,55.6,-1.0,4.5,132.0,322.0,150.0,146.0,0.0,44.0,6.0,1.0,40.0,-10.2,6.7,0
195.0,196.7,288.1,283.6,33.1,35.4,1.4,1.1,40.0,-7.3,-5.4,85.8,243.2,253.2,227.2,22.2,41.6,1.4,1.0,60.0,-16.2,-7.6,0
151.0,8.0,158.0,254.0,24.0,12.0,1.0,1.0,50.0,-0.6,-20.4,209.0,278.0,363.0,271.0,32.0,31.0,1.0,3.0,70.0,3.4,-4.7,0
95.6,115.8,196.0,180.4,23.8,12.0,1.4,3.0,50.0,7.5,-0.4,123.0,188.2,233.6,186.0,16.8,37.6,2.2,1.2,20.0,-6.9,-0.6,1
86.8,153.6,251.4,253.8,22.6,20.8,1.2,1.8,33.3,0.6,-0.4,195.0,163.7,211.0,242.0,30.7,34.0,1.0,1.7,22.2,3.8,-0.7,0
75.8,116.3,382.0,131.5,34.0,20.5,1.5,0.5,44.4,5.6,-3.6,158.8,342.8,235.3,215.3,26.0,50.3,1.5,1.0,20.0,-13.2,-6.0,1
84.1,234.5,170.8,281.5,9.6,43.3,2.5,1.0,70.0,-26.0,-4.9,97.2,165.5,182.3,216.4,14.7,31.5,2.1,1.2,72.7,-16.6,-7.1,0
281.0,72.5,202.0,233.0,44.5,15.5,2.0,2.0,30.0,12.5,-11.7,206.0,106.0,216.0,263.0,24.0,7.0,0.0,2.0,70.0,9.1,4.6,1
171.6,138.9,197.1,184.9,20.9,21.8,2.5,1.9,60.0,0.4,-1.1,145.6,158.3,234.7,229.8,28.3,27.9,1.4,0.8,77.8,5.2,3.8,0
150.8,69.3,188.1,223.4,22.6,16.3,0.5,1.8,77.8,-4.8,-10.5,181.9,180.9,227.0,263.8,34.4,34.0,1.4,2.1,66.7,-3.7,-5.6,0
163.9,102.0,245.1,248.2,33.2,21.6,1.7,1.9,30.0,13.6,6.7,149.6,134.7,190.6,194.1,22.1,16.3,1.7,1.5,50.0,7.8,2.5,0
145.7,152.5,336.8,212.2,36.4,21.9,1.2,2.2,80.0,17.8,7.0,169.4,159.6,145.8,211.5,23.7,21.4,1.5,2.3,72.7,2.5,-1.9,0
254.6,157.3,75.5,162.3,25.9,18.6,1.4,2.6,30.0,-0.5,-7.8,127.9,186.3,240.5,231.9,24.5,34.3,1.4,2.1,20.0,-9.7,-4.9,1
206.0,97.0,190.0,226.8,27.6,26.6,2.2,1.6,70.0,0.8,-5.6,177.0,80.3,245.3,207.3,32.0,19.3,0.8,1.3,70.0,9.0,-4.7,0
294.0,88.8,157.4,248.0,37.7,22.2,1.5,1.9,36.4,13.7,2.3,161.4,95.0,159.3,204.8,23.0,17.8,1.6,1.9,90.0,3.4,-0.9,1
183.4,139.4,171.4,267.4,29.8,25.9,1.3,2.0,80.0,11.8,7.8,139.0,116.4,239.5,185.5,22.1,18.1,1.9,0.8,30.0,12.6,8.0,0
182.7,147.6,214.6,160.7,27.9,17.7,2.0,2.1,80.0,7.4,-1.8,124.8,148.2,186.2,217.2,17.8,23.8,0.8,1.5,40.0,-10.5,-8.6,0
62.3,130.6,376.0,266.1,36.0,26.4,1.0,2.0,20.0,2.8,-3.2,135.5,146.6,192.5,221.1,18.1,23.6,1.8,0.9,30.0,-10.5,-10.7,1
145.6,218.6,259.1,242.6,26.4,38.1,2.0,1.4,50.0,-17.7,-17.5,122.6,143.3,245.8,238.8,19.0,23.6,2.5,2.0,36.4,-11.9,-11.3,1
182.3,136.7,205.2,196.1,26.4,19.2,1.6,1.6,60.0,4.5,0.7,136.2,111.2,247.6,236.4,34.3,25.2,1.8,1.9,80.0,6.4,-0.9,0
228.3,108.6,237.4,193.1,38.9,14.3,1.7,2.3,70.0,17.2,1.7,159.4,145.0,251.9,183.4,27.7,19.9,2.0,2.0,30.0,6.9,2.3,0
198.0,200.3,148.0,164.0,30.7,19.7,1.0,1.7,30.0,13.4,8.7,137.0,102.0,328.0,213.5,35.5,25.5,1.0,1.0,80.0,10.7,7.4,1
148.9,213.2,225.2,214.0,25.2,25.8,1.1,2.0,80.0,2.9,4.8,182.7,211.6,341.0,272.2,33.2,35.8,1.0,1.2,90.0,3.5,4.0,1
249.0,204.0,167.0,206.0,19.0,35.0,2.0,1.0,30.0,0.5,-8.2,342.0,189.0,80.5,178.5,30.5,19.0,2.0,3.0,80.0,2.8,-4.2,1
126.5,280.0,135.8,197.0,5.3,33.5,1.5,1.3,0.0,-22.6,-7.9,91.6,247.4,106.8,258.6,8.8,35.6,0.8,1.8,50.0,-26.6,-11.0,0
99.1,187.2,294.2,188.7,25.0,32.2,2.9,1.7,70.0,-10.2,-6.2,149.8,111.7,244.8,201.3,22.3,18.7,1.4,1.1,40.0,0.7,-4.7,1
154.8,187.3,154.7,194.1,22.0,34.2,1.0,0.9,80.0,-18.1,-10.5,146.7,206.1,268.2,242.3,31.3,29.7,1.7,2.2,50.0,-7.0,-8.4,1
196.8,127.8,321.5,246.0,41.8,29.8,1.5,2.5,30.0,1.1,-2.9,248.3,136.0,228.0,257.3,42.7,25.0,1.7,3.3,10.0,-8.3,-14.1,1
205.3,105.8,232.4,229.8,34.4,23.4,1.4,1.5,60.0,12.9,5.7,167.3,118.6,269.9,282.3,40.4,29.7,1.1,1.7,77.8,14.1,7.1,1
176.8,164.2,190.4,177.8,30.2,16.6,1.2,2.8,33.3,14.6,6.0,139.8,177.4,228.2,226.2,24.0,23.4,1.4,1.8,80.0,0.2,0.3,1
232.0,159.0,322.0,310.0,34.0,38.0,1.0,1.0,30.0,4.3,4.9,27.0,141.0,210.0,232.0,3.0,57.0,3.0,0.0,30.0,-17.8,13.4,0
165.4,147.1,207.0,194.0,25.0,19.9,1.6,1.6,60.0,3.8,1.3,60.9,236.4,193.7,212.4,10.3,40.4,2.4,1.4,18.2,-17.7,-3.7,1
193.0,96.3,211.3,178.0,38.5,13.0,0.8,2.5,30.0,23.1,2.4,94.3,135.8,210.7,166.0,23.3,13.3,1.8,3.2,50.0,5.5,-2.4,1
190.4,153.7,256.1,247.9,32.0,27.3,1.0,2.0,60.0,-2.7,-6.9,189.7,135.7,247.0,218.2,34.0,31.7,1.0,1.8,40.0,4.8,-2.3,0
195.8,158.8,276.6,211.6,35.2,19.2,2.8,2.8,80.0,13.3,1.3,86.5,148.5,220.5,255.3,20.5,22.5,1.5,1.7,70.0,-6.9,-7.8,0
193.0,98.3,228.8,306.0,28.3,20.3,2.0,1.0,50.0,0.3,-3.5,185.4,105.4,172.2,178.0,22.0,22.2,2.8,0.4,80.0,1.7,-0.8,1
163.9,102.5,306.8,257.0,32.4,23.0,2.8,2.0,100.0,9.2,2.8,189.0,175.7,304.1,273.8,33.7,28.9,1.6,1.8,50.0,2.4,-0.9,1
132.0,126.0,379.0,319.0,33.0,28.0,1.0,2.0,88.9,8.2,10.8,185.0,29.0,152.0,150.0,16.0,13.0,2.0,1.0,66.7,9.2,0.6,0
213.0,133.8,166.2,250.4,23.2,22.6,1.0,2.0,44.4,1.6,0.2,169.8,120.3,227.3,306.3,27.0,36.5,2.0,1.0,40.0,-16.6,-14.7,1
120.0,129.0,231.0,259.3,18.3,25.7,2.0,1.0,11.1,-15.8,-16.5,202.6,225.4,253.6,235.2,39.6,37.0,1.0,1.4,33.3,-11.5,-13.2,1
191.4,170.9,244.6,269.1,31.4,28.9,1.6,2.4,10.0,-10.0,-10.0,176.4,102.4,191.7,240.6,26.7,24.4,1.7,1.9,80.0,0.0,-4.1,0
163.0,200.1,230.1,139.4,30.6,24.7,1.6,2.4,30.0,3.2,-0.7,101.9,155.1,181.4,262.1,17.1,28.9,1.9,1.9,70.0,-10.3,-3.5,1
177.6,133.1,249.6,237.3,31.0,22.9,1.0,1.3,60.0,16.7,11.6,237.9,153.0,234.1,293.8,31.4,31.1,1.1,1.3,20.0,7.6,6.4,1
116.0,112.7,251.8,201.8,20.4,22.5,1.7,1.2,77.8,-0.2,0.6,125.7,210.4,279.7,225.4,28.6,30.5,1.3,1.7,30.0,-11.2,-9.9,1
234.0,188.0,221.5,205.5,35.0,25.0,1.0,1.0,50.0,5.0,3.1,47.0,98.0,286.0,233.0,7.0,17.0,2.0,1.0,50.0,-1.8,-9.9,0
181.0,117.5,155.0,213.0,23.5,15.5,0.5,1.0,30.0,11.9,4.7,191.0,119.0,333.0,288.0,35.0,21.0,1.0,4.0,70.0,7.1,-6.9,0
232.0,180.1,197.0,266.3,29.3,32.4,1.2,1.6,50.0,2.6,3.0,132.6,139.6,225.9,218.6,24.0,24.6,1.5,1.7,50.0,-12.3,-11.1,1
133.4,112.8,242.6,276.8,22.8,29.8,2.0,1.2,60.0,-13.1,-11.3,102.8,227.7,248.5,262.2,18.2,42.7,2.8,0.5,33.3,-22.0,-7.9,0
207.1,153.3,317.6,223.3,42.9,26.2,1.6,1.4,44.4,14.1,0.7,250.7,173.7,199.9,215.7,32.3,28.0,1.7,1.1,77.8,3.7,-0.1,0
258.3,201.0,268.3,273.5,38.8,42.3,0.8,2.0,44.4,14.9,12.1,185.7,146.7,272.3,125.3,39.3,13.7,1.0,1.7,77.8,17.6,1.4,1
251.0,121.0,199.0,184.0,49.0,21.0,0.0,2.0,55.6,3.1,-23.6,229.0,252.0,184.0,192.0,38.0,34.0,0.0,3.0,70.0,-14.6,-22.8,0
193.5,35.5,202.5,273.5,37.5,18.0,1.8,2.5,70.0,15.6,4.4,208.6,165.0,220.7,193.4,35.9,25.0,1.9,1.7,10.0,6.9,-1.3,1
98.3,102.1,161.7,184.3,17.7,17.6,1.3,1.9,60.0,5.5,3.8,117.1,118.7,316.6,264.0,29.4,29.1,2.0,1.4,18.2,8.9,6.2,0
131.4,123.6,192.9,207.7,19.4,25.9,2.6,1.6,40.0,-6.2,-2.3,145.5,197.3,210.7,217.2,30.0,31.4,2.0,2.1,60.0,-11.4,-13.0,1
382.0,63.0,89.0,491.0,44.0,45.0,0.0,3.0,100.0,3.9,-0.4,287.0,424.0,309.0,243.0,42.0,66.0,2.0,1.0,40.0,-17.2,-15.8,1
201.7,136.3,405.0,248.7,49.3,14.7,0.7,0.3,100.0,25.0,5.1,267.7,175.3,150.3,241.7,40.7,29.0,1.0,1.7,20.0,14.5,6.6,1
151.5,108.0,123.0,282.5,15.0,18.5,0.5,1.5,44.4,-5.5,-1.6,178.5,182.8,205.3,238.3,27.3,30.8,0.8,2.0,44.4,-11.3,-10.3,0
147.0,145.3,129.5,183.5,19.5,28.5,2.8,2.3,45.5,-4.4,-1.1,97.3,282.7,227.3,320.0,24.0,42.3,1.7,2.0,30.0,-11.4,-5.0,0
173.0,210.5,251.5,325.0,34.5,25.5,0.5,1.5,70.0,-0.3,-1.6,60.0,254.7,89.3,290.3,7.0,35.7,1.0,1.7,50.0,-23.3,0.8,0
89.1,180.3,291.0,193.1,25.9,30.3,2.6,2.3,70.0,-6.9,-3.9,87.8,209.8,211.4,259.9,14.9,45.5,2.5,1.1,50.0,-22.9,-3.2,0
197.0,35.0,207.0,216.0,34.0,13.0,1.0,1.0,30.0,15.8,-8.8,363.0,115.0,76.0,325.0,14.0,40.0,3.0,1.0,55.6,-13.7,-14.8,1
174.3,92.4,224.6,165.8,34.0,7.6,1.1,2.2,100.0,20.1,2.8,150.6,148.0,150.8,220.6,16.0,23.3,2.1,1.9,50.0,-7.1,-2.3,0
121.3,119.5,195.5,228.0,28.2,18.0,1.3,2.7,40.0,4.8,-1.4,151.2,119.2,226.2,128.8,27.4,16.0,2.8,2.2,9.1,4.1,-7.7,1
224.9,177.3,359.4,248.5,40.2,28.5,1.4,1.0,66.7,17.4,7.7,280.2,154.8,348.2,258.4,52.4,27.6,1.3,2.2,55.6,22.9,7.8,0
117.5,143.8,202.8,262.3,17.5,30.0,1.0,1.8,40.0,-13.5,-9.9,105.8,170.0,190.0,264.2,14.8,38.0,2.6,1.8,70.0,-16.8,-5.6,1
186.0,153.0,156.0,210.0,27.0,31.0,3.0,1.0,80.0,3.5,14.4,96.0,301.0,149.0,255.0,13.0,37.0,2.0,2.0,50.0,-8.6,10.6,0
188.7,231.3,309.9,282.3,38.3,37.4,1.0,2.0,70.0,-0.3,-1.7,231.1,234.5,142.1,218.5,24.9,29.5,1.0,1.6,77.8,-6.0,-4.9,1
238.2,176.2,183.4,227.4,30.8,25.6,0.8,1.6,40.0,-7.3,-13.0,149.8,152.7,240.7,221.0,25.5,26.2,2.0,1.8,60.0,-7.5,-10.4,1
124.3,166.3,275.3,244.0,31.7,26.3,1.7,2.5,60.0,-4.2,-9.8,93.1,215.9,133.3,252.7,10.1,31.3,1.3,2.0,50.0,-26.8,-13.7,1
303.5,318.0,116.0,172.5,28.5,27.0,0.0,2.0,20.0,-13.8,-10.7,194.0,162.0,241.0,294.0,34.0,31.0,3.0,4.0,30.0,-22.4,-28.8,1
67.0,184.0,197.5,177.5,14.3,24.8,2.8,1.8,60.0,-4.9,-2.9,131.3,59.3,124.5,199.8,27.3,16.5,1.0,3.0,60.0,0.6,-7.3,1
169.3,168.7,177.3,246.3,26.3,27.7,1.0,2.0,30.0,-3.0,-5.3,70.7,162.7,249.0,248.0,24.7,26.7,2.7,2.0,60.0,-8.4,-10.7,1
255.7,136.2,161.5,238.0,29.4,30.8,1.9,1.7,88.9,6.0,4.1,139.8,222.7,200.7,235.8,20.3,41.5,2.3,1.1,20.0,-12.0,0.3,0
163.5,161.4,236.4,180.8,33.3,23.4,1.2,2.7,30.0,5.0,-2.5,162.2,154.5,270.1,189.5,37.5,22.2,2.0,1.6,70.0,9.8,-0.1,0
172.0,125.0,212.0,262.0,38.0,23.0,1.0,3.0,70.0,8.2,-12.7,192.0,290.0,349.0,172.0,38.5,25.5,1.5,1.0,100.0,3.0,-6.6,1
85.3,171.3,200.3,251.0,11.3,38.7,2.7,1.7,60.0,-15.2,-8.5,166.7,274.0,236.0,247.3,32.7,40.0,0.7,1.7,30.0,-5.0,-8.3,0
164.3,147.7,219.4,209.5,21.9,22.3,0.9,1.7,60.0,0.4,0.0,145.5,175.2,301.4,247.7,30.0,32.5,1.6,1.6,80.0,2.0,2.2,0
150.4,120.3,228.5,147.9,27.0,14.1,1.5,1.8,33.3,10.1,1.3,120.0,197.4,210.6,194.2,19.2,21.2,1.2,2.2,33.3,-0.9,0.2,0
218.4,151.6,202.7,319.3,32.3,31.1,1.6,2.1,44.4,-4.8,-5.9,127.1,193.3,225.4,190.4,20.9,29.1,1.1,0.7,55.6,-6.3,-5.9,1
63.0,382.0,491.0,89.0,45.0,44.0,3.0,0.0,33.3,7.5,5.7,112.0,115.0,391.0,298.0,38.0,35.0,1.0,2.0,70.0,-11.0,-19.6,0
151.6,99.6,218.8,173.7,20.3,16.3,1.5,1.5,30.0,5.0,2.4,148.6,109.4,236.2,246.5,26.9,25.2,2.4,2.8,60.0,10.7,7.3,1
279.6,131.1,215.5,263.6,45.0,24.5,1.5,2.1,90.0,25.9,11.0,193.3,178.2,199.8,233.8,23.2,30.8,1.7,1.5,30.0,-0.2,4.4,1
146.2,125.8,254.5,210.8,32.1,22.5,0.8,1.7,66.7,6.6,-1.3,260.7,132.7,171.0,226.6,33.0,28.9,1.7,1.8,88.9,8.4,3.6,0
200.3,223.3,236.7,293.0,30.3,39.3,2.0,1.0,10.0,-7.4,-5.9,158.7,223.0,308.3,189.0,32.0,30.3,1.0,0.7,70.0,-9.9,-13.0,1
163.3,62.5,229.5,249.3,33.3,18.5,2.5,2.3,60.0,9.8,2.1,154.5,91.0,258.2,166.0,29.3,15.3,1.3,2.2,30.0,8.4,-0.6,0
146.7,180.4,327.9,163.8,38.0,25.0,1.7,2.8,70.0,1.5,1.5,107.6,83.3,189.0,215.2,21.1,15.3,1.3,2.6,50.0,0.0,0.0,0
94.4,167.4,228.8,189.2,18.2,25.0,2.4,1.8,90.0,-1.0,1.6,146.8,186.0,205.2,222.8,21.2,31.2,2.6,2.0,30.0,-11.4,-5.4,0
119.5,131.5,240.0,315.0,35.5,36.0,2.0,1.5,70.0,5.7,0.2,140.0,243.3,247.5,143.3,26.3,27.5,2.0,3.0,36.4,-8.3,-6.8,1
103.9,240.0,303.0,281.6,27.4,39.1,1.3,1.0,70.0,-16.6,-7.3,117.4,176.4,234.0,231.0,15.8,26.8,1.8,1.4,77.8,-16.7,-10.4,0
179.1,113.9,211.0,257.1,34.7,22.7,1.6,2.7,77.8,15.8,8.4,174.0,220.2,160.3,219.5,19.5,35.2,1.3,1.5,20.0,-8.9,-3.2,0
208.4,144.5,158.7,223.6,26.3,20.4,1.4,1.5,30.0,11.8,6.7,166.9,220.3,195.0,288.5,21.6,36.7,1.6,0.8,50.0,-19.7,-13.4,0
150.0,215.0,414.0,251.0,50.0,48.0,1.0,1.0,50.0,4.5,-1.3,120.0,206.0,168.0,230.0,16.5,28.0,1.5,0.5,50.0,-7.7,2.5,0
335.0,95.3,218.3,244.7,47.7,13.7,1.3,2.7,60.0,16.0,-1.0,225.0,16.0,203.5,322.5,40.0,24.0,0.5,1.5,18.2,5.9,-2.0,1
133.7,155.3,122.7,164.3,10.0,32.0,3.7,2.7,50.0,-11.3,0.2,99.3,123.3,188.5,164.3,16.0,18.8,2.0,1.8,50.0,-4.4,-4.4,1
71.0,128.5,242.5,335.5,25.5,27.5,1.5,3.5,70.0,-6.9,-7.1,79.0,106.0,290.0,325.5,34.5,32.5,3.0,2.0,20.0,1.1,0.6,0
102.7,94.8,157.6,181.6,19.1,15.1,1.1,2.0,60.0,8.9,6.4,211.7,114.8,161.4,168.1,27.1,13.4,1.1,1.7,60.0,12.2,2.6,0
148.4,160.4,256.8,225.6,28.4,17.6,1.4,1.8,70.0,12.7,4.4,201.1,228.1,145.1,209.0,30.3,24.4,1.1,2.1,50.0,4.0,-0.1,1
78.5,165.0,478.5,185.5,47.0,20.0,1.5,2.0,90.9,10.5,-9.5,110.0,98.0,239.0,423.0,17.0,42.0,1.0,1.0,50.0,-18.3,-17.3,1
160.0,123.0,188.2,179.7,25.7,15.5,0.7,1.7,30.0,2.1,-4.4,106.4,173.7,243.9,193.4,24.9,25.6,1.9,1.6,30.0,-5.0,-5.1,1
119.6,143.4,338.4,335.2,35.8,33.6,1.4,2.2,55.6,8.9,3.1,148.1,183.4,240.1,245.4,26.0,31.4,1.1,2.3,22.2,3.8,10.5,0
156.5,220.5,206.0,232.0,25.5,35.5,1.3,2.5,40.0,-15.0,-15.8,157.4,240.6,217.4,188.0,25.4,25.2,2.0,3.6,80.0,2.8,0.2,1
227.9,143.7,194.1,149.7,30.0,17.1,1.4,1.6,80.0,11.4,0.4,114.2,132.5,403.5,226.2,37.8,19.7,2.0,1.7,90.9,11.1,-4.7,1
171.3,82.8,240.8,148.3,30.0,10.8,2.0,2.0,70.0,6.5,-9.3,80.0,167.0,333.8,162.5,26.8,19.3,1.0,1.0,90.9,8.6,0.6,0
248.0,129.8,212.6,185.1,38.5,17.8,0.9,1.6,40.0,20.1,7.9,278.8,97.4,165.3,157.4,35.9,11.4,1.3,1.6,88.9,22.3,6.8,0
115.3,212.0,288.0,226.0,21.0,31.8,2.3,1.8,60.0,-15.1,-11.3,209.3,140.8,217.0,336.5,37.0,36.0,1.3,1.0,60.0,-4.5,-10.4,0
169.0,143.0,194.0,185.0,20.0,19.0,6.0,3.0,77.8,3.8,-5.5,53.0,305.0,234.0,207.0,10.0,45.0,3.0,0.0,33.3,-9.8,-12.1,1
140.0,177.0,198.0,118.0,13.0,14.0,0.0,2.0,40.0,-8.2,-7.7,39.0,130.0,106.0,195.0,3.0,27.0,1.0,0.0,36.4,-14.0,9.0,0
35.3,48.2,73.8,71.1,21.3,24.7,1.4,1.3,60.0,-3.2,-3.2,26.4,34.8,63.8,44.1,32.0,23.7,0.8,1.3,10.0,-1.8,-1.8,0
150.3,112.5,210.4,196.5,24.9,17.9,2.2,1.9,60.0,4.8,-1.0,108.2,244.2,238.2,232.2,21.0,33.7,1.7,1.6,80.0,-9.7,-3.4,1
211.0,23.0,267.0,362.0,49.0,24.0,1.0,2.0,18.2,4.6,-8.1,104.0,226.0,287.0,220.0,24.0,27.0,4.0,1.0,70.0,-1.6,-5.8,0
58.9,191.7,273.1,178.1,17.7,27.1,2.0,1.4,50.0,-12.9,-7.1,140.6,214.4,227.4,195.9,17.4,31.9,1.3,0.6,50.0,-14.9,-7.2,1
169.4,171.3,271.4,236.9,30.2,27.2,1.2,1.4,30.0,-8.1,-10.1,196.6,152.4,229.5,253.6,33.7,28.6,1.5,1.5,40.0,-3.1,-9.9,0
109.7,151.8,187.3,190.5,13.0,31.8,2.8,1.3,55.6,-12.0,0.3,95.5,144.3,286.5,256.2,23.7,31.2,2.7,1.5,36.4,-6.5,-2.3,1
262.6,66.6,216.0,191.9,40.1,13.2,1.6,1.9,88.9,31.3,12.0,224.5,149.5,193.8,238.5,27.8,28.4,1.4,1.8,50.0,2.5,1.3,1
152.5,189.3,248.0,341.8,29.0,34.5,1.3,3.0,60.0,-11.9,-9.7,203.4,200.4,287.2,182.2,34.8,23.2,0.6,2.0,40.0,0.1,-5.7,0
120.0,67.3,339.5,288.5,23.5,17.0,1.5,2.3,18.2,4.1,0.7,181.8,48.4,189.8,176.0,22.0,8.0,1.6,1.4,90.0,7.2,-2.6,1
158.1,72.6,256.6,139.0,35.9,8.3,1.5,1.8,60.0,17.9,2.2,113.5,124.6,288.1,168.8,32.3,19.1,1.6,1.6,70.0,10.6,2.4,1
148.5,130.7,201.0,210.8,24.3,25.6,1.8,1.3,70.0,2.6,3.5,237.1,188.5,215.7,267.6,30.3,28.9,1.1,1.5,20.0,9.1,7.7,1
103.7,223.7,173.0,228.0,17.7,38.3,1.7,1.0,20.0,-8.2,-3.1,119.4,245.8,428.6,236.0,42.0,38.6,1.6,1.6,60.0,2.4,-0.5,1
122.0,98.8,296.5,217.0,34.5,23.3,1.8,1.8,70.0,11.7,-0.2,167.8,232.0,162.8,274.3,20.0,42.5,2.0,1.3,70.0,-11.8,-4.0,0
196.5,95.3,193.3,197.8,26.4,9.9,1.0,2.3,80.0,19.6,8.4,140.7,148.7,269.3,219.8,26.7,22.2,0.7,1.3,70.0,-0.5,-5.8,1
120.0,137.5,187.5,179.0,20.5,20.5,1.0,1.0,80.0,-1.6,-7.0,111.7,155.7,150.0,220.3,13.3,28.0,0.7,0.3,36.4,-15.3,-11.2,1
124.0,184.0,286.0,191.0,26.5,18.5,1.0,1.0,50.0,13.7,3.6,175.0,324.5,118.5,120.5,26.0,34.5,2.5,1.0,40.0,6.1,4.1,1
190.5,109.8,238.5,350.9,33.0,23.8,1.3,1.8,30.0,10.8,5.4,99.5,160.3,312.3,276.9,23.3,34.3,2.0,0.8,40.0,0.0,2.4,0
150.2,138.0,207.6,239.4,14.8,22.8,1.6,1.2,30.0,-6.3,-6.9,105.8,260.4,303.8,272.8,23.8,42.4,1.6,1.2,50.0,-15.1,-11.5,0
151.3,127.8,245.5,292.5,28.5,34.0,2.0,1.5,80.0,-8.5,-8.2,260.4,235.6,98.8,296.0,23.0,44.6,1.4,1.2,30.0,-12.6,-5.2,0
139.6,143.9,369.6,243.0,43.4,25.9,1.4,1.6,33.3,20.9,9.5,155.0,161.1,184.3,243.6,20.1,31.3,1.6,1.1,66.7,3.0,9.0,0
151.8,183.1,222.6,239.1,22.5,30.0,1.6,1.1,50.0,-3.6,0.3,236.8,187.1,146.8,278.9,25.0,35.1,1.4,1.1,100.0,-6.0,-1.9,1
183.6,155.1,267.2,186.6,27.8,24.7,2.5,1.8,80.0,-5.1,-9.5,175.2,204.0,217.9,239.7,26.3,27.5,1.0,1.6,50.0,-6.2,-9.3,0
163.5,93.2,231.0,162.7,26.8,11.3,1.0,1.3,80.0,9.5,-0.9,98.8,93.4,237.4,205.2,19.0,18.0,2.2,2.0,70.0,3.0,3.6,0
183.3,47.3,238.7,229.0,35.0,13.3,3.0,2.0,40.0,7.7,-6.5,218.7,202.7,270.7,314.3,32.3,34.3,1.7,2.0,50.0,-1.7,-1.6,1
232.8,151.8,269.4,229.5,34.2,32.5,2.7,1.9,80.0,-2.0,-5.0,144.6,199.8,245.4,238.0,21.0,32.1,1.8,0.4,50.0,-12.5,-6.4,0
242.8,146.3,262.3,283.5,43.3,25.5,0.5,1.3,60.0,15.2,4.0,156.3,128.3,296.0,342.8,42.3,29.3,0.5,1.3,10.0,17.0,4.7,0
204.3,163.0,199.8,247.5,40.8,29.0,0.5,1.5,44.4,5.1,-3.6,202.0,226.0,253.6,267.0,30.2,40.0,1.4,2.0,33.3,-10.6,-8.1,0
222.7,130.6,280.1,237.1,38.9,26.7,1.0,1.4,30.0,11.3,2.6,114.4,171.9,258.9,270.7,25.3,32.4,1.3,1.0,70.0,-1.1,0.2,1
128.9,168.6,232.2,273.8,26.3,32.8,1.8,1.1,10.0,2.1,3.6,181.9,123.8,196.1,268.0,28.5,22.1,1.3,2.1,70.0,8.0,3.8,1
192.0,177.7,227.8,187.6,33.1,26.7,1.5,1.6,50.0,-1.4,-6.2,122.7,265.5,245.9,176.6,23.6,40.1,1.9,1.0,30.0,-18.7,-9.4,1
203.2,198.9,172.8,202.0,25.6,28.1,1.1,1.8,11.1,-9.6,-9.3,193.9,219.5,206.6,194.1,27.0,28.5,1.9,1.2,22.2,-5.6,-6.8,0
104.1,200.6,331.2,257.8,30.8,35.0,1.9,1.2,0.0,-16.3,-11.0,134.9,229.4,200.1,203.7,26.6,30.1,1.3,2.7,40.0,-12.2,-11.8,1
148.0,131.6,191.2,185.8,23.2,17.2,0.8,1.4,30.0,0.0,-4.3,130.3,170.8,198.8,186.8,23.3,31.5,1.7,1.5,60.0,-9.8,-4.2,1
199.0,90.5,162.5,238.5,27.5,10.5,0.5,2.5,44.4,4.4,-5.7,109.3,125.7,192.0,265.0,22.0,30.7,1.0,1.0,55.6,-11.1,-14.0,1
177.7,166.2,272.0,253.0,35.5,34.8,1.8,1.3,70.0,1.2,0.8,101.7,188.8,366.7,309.5,28.5,37.8,1.3,1.0,70.0,6.3,9.1,0
168.5,120.8,145.5,136.5,23.3,22.0,1.8,1.0,60.0,-1.4,-8.1,108.7,198.3,258.0,211.0,21.0,33.0,1.7,0.7,70.0,-3.9,-5.1,0
323.2,97.4,184.2,176.0,40.4,17.8,2.0,2.4,36.4,17.5,0.8,40.6,231.4,232.0,253.4,16.8,34.0,1.0,2.0,30.0,-11.2,1.2,1
162.4,197.1,351.9,269.3,37.9,31.6,1.4,1.4,40.0,8.3,3.9,194.4,114.8,166.1,308.0,30.3,25.5,1.1,1.6,44.4,6.8,2.6,0
174.9,147.6,332.9,231.6,38.3,21.5,1.6,2.5,50.0,15.7,3.4,304.8,105.3,110.3,233.9,29.8,21.1,2.3,1.3,90.0,12.4,3.5,1
135.6,198.6,339.3,281.3,37.7,29.3,1.1,2.1,11.1,9.6,0.3,196.6,114.1,174.1,293.7,29.7,24.7,1.0,1.4,44.4,6.7,3.5,0
200.0,76.3,124.3,139.7,26.0,7.7,2.3,3.3,50.0,6.2,-10.6,112.0,94.0,234.3,243.3,17.3,16.7,2.3,2.0,70.0,-2.1,-7.9,0
236.7,166.7,243.7,312.3,30.7,43.3,1.7,0.7,60.0,-5.9,-6.9,98.7,183.0,177.7,203.3,17.0,27.0,2.0,1.3,60.0,-16.1,-14.1,1
144.5,195.5,282.3,211.9,35.5,31.5,2.1,2.1,50.0,6.6,4.2,121.1,114.4,238.9,236.0,22.9,21.9,1.7,2.0,50.0,4.1,3.4,1
238.5,161.8,188.8,176.5,28.5,21.0,1.5,1.5,30.0,5.0,-5.7,86.6,243.8,294.0,290.8,26.2,47.4,1.6,1.2,10.0,-22.2,-10.8,1
154.0,115.0,243.4,218.2,28.8,19.8,1.0,1.4,77.8,10.9,2.1,206.2,152.8,317.0,252.4,48.6,23.2,0.6,1.0,77.8,22.4,1.9,1
285.0,201.5,226.5,227.5,31.5,26.0,3.0,1.5,40.0,2.8,-5.2,129.0,232.5,196.0,263.5,20.5,26.5,0.5,0.0,60.0,-4.0,-4.0,0
185.6,158.8,250.0,220.6,29.8,22.4,0.8,1.2,66.7,7.7,4.4,153.2,208.9,209.6,229.6,21.2,33.6,1.4,1.6,33.3,-2.6,7.0,1
134.2,148.8,224.2,270.0,21.7,30.4,1.7,1.9,30.0,-4.8,1.3,167.1,205.0,175.9,227.9,24.3,33.1,1.6,1.9,60.0,-4.3,0.7,0
212.0,29.0,110.0,283.0,22.0,21.0,1.0,3.0,50.0,3.4,-6.9,65.0,172.0,114.0,328.0,0.0,30.0,2.0,0.0,50.0,-20.8,-18.6,0
195.1,187.6,235.9,255.0,25.4,30.9,2.3,0.7,70.0,-1.8,-1.6,86.9,118.4,229.9,172.8,17.9,19.3,2.3,1.1,72.7,-7.0,-7.4,1
156.8,146.0,244.6,280.2,26.8,30.4,1.8,2.6,44.4,-8.7,-6.9,253.2,184.6,188.6,298.6,26.2,27.6,1.8,1.2,60.0,-5.6,-9.3,1
220.3,93.3,252.5,331.0,33.3,34.3,1.3,0.8,90.0,11.9,6.4,130.8,196.0,367.8,203.3,32.3,32.0,2.0,1.5,70.0,-6.5,-6.7,1
165.8,95.3,175.0,162.8,19.3,18.5,2.0,2.0,70.0,4.7,3.1,149.7,148.0,242.3,208.0,30.0,20.0,1.0,1.7,30.0,0.6,-5.9,1
165.5,191.8,218.5,170.3,32.5,28.0,2.3,2.5,50.0,-2.0,-3.8,185.0,99.0,286.3,221.7,30.3,24.7,1.0,0.7,66.7,-12.3,-13.1,0
242.0,184.9,203.0,319.9,29.1,34.7,1.0,1.4,10.0,-4.0,-5.9,117.0,180.3,241.9,288.4,21.3,30.7,1.1,1.9,30.0,-2.0,-1.0,0
195.8,197.2,245.3,295.2,26.2,38.3,2.2,1.0,60.0,-3.7,1.0,206.3,179.3,141.4,257.3,24.3,31.0,0.7,1.7,77.8,5.2,9.4,1
266.0,324.0,218.0,129.0,56.0,20.0,0.0,4.0,50.0,6.1,-18.8,328.0,265.0,401.0,290.0,58.0,42.0,1.0,4.0,70.0,15.8,-15.4,0
152.4,152.3,411.7,281.0,44.3,29.6,1.9,2.0,70.0,2.3,-9.3,225.1,260.4,302.1,223.3,36.7,35.1,1.6,1.6,40.0,-8.7,-11.5,1
258.9,147.2,163.1,203.0,28.7,21.5,1.9,2.1,36.4,3.5,-2.4,180.3,186.4,170.8,239.8,23.9,28.7,2.2,2.3,30.0,-3.3,-0.2,1
246.9,193.4,146.7,275.0,25.0,36.8,1.5,1.3,100.0,-5.8,-0.4,147.5,200.8,192.8,229.6,23.5,34.4,1.9,1.5,18.2,-8.6,-1.9,0
215.0,215.0,214.3,209.7,27.0,34.7,2.3,1.7,30.0,-2.4,-1.3,23.0,208.0,261.0,189.0,0.0,35.0,1.0,0.0,18.2,-3.1,-2.8,1
263.5,85.5,188.5,87.0,33.3,7.3,1.8,2.0,30.0,29.4,6.6,131.0,161.0,286.0,286.0,34.8,32.3,1.5,2.0,20.0,7.8,4.0,0
245.0,21.0,361.0,210.0,41.0,6.0,0.0,2.0,100.0,4.8,-17.2,221.0,233.0,121.0,286.0,17.0,35.0,1.0,3.0,50.0,-10.0,10.6,0
209.0,126.8,345.0,277.0,41.3,32.5,1.3,1.0,90.0,16.0,10.4,190.5,184.3,159.5,279.3,28.5,33.5,2.8,3.3,70.0,2.9,0.8,1
170.9,119.0,272.6,237.8,34.3,24.3,1.5,1.4,66.7,6.4,-4.0,207.3,154.1,203.5,327.6,21.5,36.4,2.4,0.8,66.7,-21.1,-14.4,0
131.0,90.5,297.3,341.5,24.8,23.3,2.8,2.3,50.0,-0.8,-4.6,285.0,101.3,283.0,172.0,43.7,18.0,1.0,1.3,50.0,18.7,-2.2,0
219.5,99.1,204.7,207.5,35.2,16.5,1.8,2.2,40.0,17.1,5.2,95.6,113.2,267.5,208.5,26.5,22.7,2.0,1.6,50.0,5.9,2.4,1
104.6,144.0,315.4,253.5,30.6,25.0,2.1,1.8,60.0,-2.7,-7.4,147.8,147.6,289.6,210.9,31.3,27.3,1.9,1.8,70.0,6.0,3.0,0
62.0,236.5,289.0,263.5,27.5,38.5,3.5,1.5,30.0,-8.3,-6.7,87.0,185.0,186.0,353.0,10.0,41.0,1.0,1.0,40.0,-12.6,-9.9,1
182.5,73.0,183.8,221.5,22.3,17.0,0.8,1.5,20.0,-7.7,-8.2,100.6,185.0,177.0,194.0,12.8,29.6,1.6,1.0,70.0,-21.5,-15.8,0
89.0,31.0,415.0,215.0,28.0,35.0,2.0,1.0,55.6,5.2,2.9,59.0,131.0,208.0,298.0,31.0,26.0,2.0,2.0,44.4,-7.2,-13.4,0
251.7,90.0,218.2,139.7,36.5,9.7,0.7,1.0,60.0,21.7,-0.6,334.7,202.0,114.0,149.0,27.8,19.2,1.3,1.5,30.0,6.5,-1.7,1
90.0,109.0,386.0,294.0,38.0,34.0,2.0,2.0,80.0,6.7,5.0,301.0,125.0,117.0,261.0,30.0,27.0,2.0,2.0,90.0,5.4,-2.9,0
67.5,208.5,216.0,153.5,24.0,33.5,1.5,2.0,81.8,-7.8,-3.5,66.7,148.0,218.3,135.0,16.7,17.0,2.0,1.0,40.0,2.5,-1.4,1
104.0,140.0,337.0,206.0,35.0,37.0,1.0,1.0,50.0,1.8,5.2,205.0,265.0,142.0,174.0,28.0,38.0,1.0,0.0,55.6,-2.3,1.6,1
167.8,95.0,222.6,183.0,27.4,9.6,1.2,1.4,30.0,12.3,2.5,193.2,85.0,280.8,353.8,31.6,24.0,2.0,1.2,70.0,7.3,1.3,1
224.0,147.7,224.2,278.0,33.7,22.5,1.7,2.2,70.0,4.7,-4.5,155.1,155.1,131.7,273.0,19.7,32.7,2.0,1.6,50.0,-9.1,-4.6,1
151.2,141.3,399.2,293.5,44.8,30.7,2.0,2.2,70.0,2.3,-8.6,162.9,291.6,259.6,233.4,26.6,40.4,1.0,1.7,20.0,-8.9,-7.3,1
156.0,83.5,84.0,239.0,22.0,27.0,1.0,3.0,80.0,5.7,6.5,39.5,185.5,99.0,224.0,5.0,42.5,4.0,1.0,50.0,-26.7,-3.2,1
205.5,218.4,228.4,252.8,31.8,36.9,1.5,1.5,77.8,-0.4,1.8,213.7,159.8,173.4,240.1,26.0,30.0,1.9,1.9,50.0,6.9,6.9,0
151.2,184.8,227.4,243.4,24.2,27.4,1.8,2.2,60.0,2.4,3.3,28.0,163.6,325.0,287.6,21.4,32.4,2.8,1.8,50.0,-11.3,-8.3,1
120.7,208.0,169.3,221.3,21.3,35.0,1.3,1.3,40.0,-20.3,-14.5,96.3,120.0,256.3,166.3,23.7,15.3,0.7,2.3,30.0,-11.2,-14.7,1
166.0,251.0,241.0,48.0,29.0,31.0,1.0,0.0,50.0,-5.4,-5.4,93.7,226.7,213.0,171.0,10.3,41.3,2.3,1.3,77.8,-14.1,-8.2,0
172.3,107.7,234.8,240.7,29.5,18.3,1.3,2.2,50.0,9.3,0.2,307.9,152.1,222.1,259.1,41.5,24.3,1.0,2.2,30.0,3.4,-8.1,1
164.7,206.7,189.7,227.7,26.7,30.7,1.3,1.0,20.0,-3.8,0.5,208.7,188.0,291.0,244.0,38.7,26.0,2.0,1.3,88.9,15.5,4.1,0
198.4,206.8,209.9,230.8,30.0,38.3,1.0,0.9,11.1,-14.8,-11.4,130.4,188.4,145.1,240.6,16.7,36.9,1.0,0.9,22.2,-29.2,-18.1,0
249.7,105.7,300.3,244.7,44.3,24.7,1.7,1.7,70.0,4.2,-7.6,346.0,23.0,75.0,181.0,34.0,13.0,1.0,2.0,66.7,9.8,-3.1,0
144.3,212.5,219.5,178.8,22.7,32.7,2.5,1.5,20.0,-6.6,1.7,149.3,167.4,200.9,219.0,17.9,23.9,1.3,1.9,80.0,-7.2,-0.4,1
149.5,125.0,265.3,254.3,25.8,28.3,2.0,1.8,66.7,6.4,6.3,201.8,206.5,193.8,227.5,29.8,26.8,1.5,1.8,30.0,-2.4,-9.4,1
136.9,133.8,150.6,237.5,17.3,23.1,1.6,2.1,80.0,-8.4,-8.5,96.0,120.6,285.1,185.1,28.0,16.3,0.6,1.6,30.0,-4.0,-10.4,1
242.3,127.5,102.5,196.8,24.0,18.8,2.0,3.0,60.0,2.3,-2.2,121.5,167.3,252.0,208.5,22.0,18.5,1.0,2.0,50.0,4.0,0.3,1
212.3,81.7,246.3,165.3,43.0,11.3,0.5,1.2,80.0,20.9,2.0,192.6,82.2,251.0,260.2,34.4,14.8,1.2,2.4,40.0,15.3,2.2,1
185.3,222.0,272.0,331.7,32.7,38.0,3.0,2.7,80.0,-2.2,-4.8,129.7,186.3,347.0,387.0,28.0,42.7,1.3,0.3,70.0,-16.5,-14.2,1
322.0,180.3,116.8,186.3,33.4,25.1,1.3,1.7,90.0,5.6,-1.9,89.3,169.1,281.1,248.7,21.9,30.7,1.6,0.9,50.0,-8.4,-3.2,1
254.5,106.2,266.5,177.3,41.0,14.5,1.7,1.5,44.4,27.1,6.6,92.2,112.7,254.7,235.3,23.3,23.7,2.3,0.8,44.4,3.4,0.2,1
211.8,158.4,245.0,188.4,28.8,24.6,1.8,0.9,30.0,9.1,4.9,178.7,148.8,208.3,233.8,29.3,27.4,1.7,1.6,50.0,3.5,4.4,0
358.4,213.8,88.2,228.8,32.9,31.5,1.5,1.3,80.0,0.1,-3.7,287.8,188.0,50.1,234.0,22.7,33.1,1.3,1.2,55.6,-18.6,-14.2,1
165.4,211.8,216.1,202.6,29.3,29.1,2.5,1.9,66.7,10.9,7.0,219.6,202.3,174.6,227.0,27.3,30.4,2.4,1.3,44.4,-3.1,-1.2,0
153.0,96.0,59.0,110.0,10.0,35.0,1.0,1.0,30.0,7.1,6.1,110.0,104.0,202.0,178.0,31.0,13.0,2.0,3.0,70.0,-7.7,-24.0,0
164.5,236.0,389.0,220.5,36.5,33.0,1.0,1.0,100.0,22.3,13.2,125.0,149.0,224.0,173.0,23.0,28.0,0.0,1.0,30.0,-3.8,-6.7,0
209.3,66.1,161.9,209.9,32.3,14.4,1.4,2.1,80.0,13.1,1.6,124.6,96.3,171.4,171.3,19.7,16.0,1.4,2.0,70.0,6.4,3.5,1
224.6,143.3,247.3,199.3,32.6,22.7,1.7,1.4,30.0,14.0,5.1,213.8,115.5,269.5,277.8,42.0,23.5,1.2,2.5,70.0,17.0,4.6,0
238.2,139.1,195.8,242.6,32.4,24.4,2.4,1.7,60.0,5.6,-0.3,117.0,143.6,221.3,290.4,27.3,31.5,1.5,1.9,30.0,-1.0,2.1,1
115.2,219.3,293.1,236.0,26.1,33.4,1.0,1.8,77.8,2.4,4.1,232.9,172.3,137.6,200.6,28.2,28.0,1.8,1.6,88.9,10.6,7.6,0
173.0,263.0,236.0,295.0,21.0,44.0,2.0,0.0,60.0,-5.4,-9.5,147.0,123.0,323.0,467.0,27.0,45.0,2.0,1.0,50.0,-16.7,-21.8,0
146.5,252.0,219.5,179.0,21.5,24.8,2.3,3.8,80.0,1.4,-0.4,278.3,268.0,168.3,210.7,29.0,42.7,1.7,0.7,30.0,-0.7,-2.5,1
192.0,137.0,317.0,244.5,26.5,19.5,1.5,2.5,80.0,-0.4,-9.8,143.8,162.0,271.8,219.8,25.3,30.0,1.3,0.3,50.0,-3.9,0.4,0
205.3,196.7,134.0,226.8,15.5,32.0,2.2,1.0,40.0,-11.5,-7.7,132.8,146.0,147.8,223.5,13.7,29.0,2.8,1.3,60.0,-15.6,-11.9,1
169.7,104.0,427.0,289.3,54.3,26.7,1.7,1.7,70.0,18.3,-5.5,155.5,116.3,265.5,238.5,37.5,19.5,1.8,1.0,70.0,5.2,-7.9,1
212.5,178.0,267.0,103.5,57.0,8.5,0.5,2.0,77.8,22.6,-8.6,260.0,162.0,318.0,63.0,44.0,7.0,2.0,4.0,30.0,5.8,-17.9,1
49.0,178.0,204.0,244.0,7.0,45.0,1.0,1.0,55.6,-3.8,-5.3,104.0,323.5,192.0,307.5,12.0,41.0,0.0,1.5,50.0,-11.7,7.6,1
215.8,97.4,323.7,186.5,48.6,12.7,0.9,1.9,88.9,33.6,8.9,141.0,152.4,222.3,213.4,25.5,17.4,0.8,1.5,40.0,14.0,7.1,0
174.6,165.2,282.0,226.4,33.0,21.6,0.4,1.8,80.0,15.2,5.7,224.0,137.0,350.0,296.6,39.8,26.6,1.0,1.2,70.0,11.3,2.7,0
177.3,138.7,250.7,184.0,30.0,31.0,1.7,1.7,90.0,10.9,5.9,217.5,163.5,209.8,196.3,31.3,23.5,1.3,1.8,45.5,7.0,2.6,0
170.9,183.3,227.7,213.5,26.6,26.9,1.1,1.7,55.6,-8.9,-10.9,180.9,225.8,315.8,285.2,38.5,37.5,1.2,1.9,70.0,-1.0,-2.8,1
145.1,176.3,207.1,179.5,28.3,26.7,1.8,2.0,33.3,8.5,5.1,136.5,166.8,242.5,259.5,25.4,33.4,2.0,1.4,80.0,-1.6,4.6,0
132.5,154.0,285.8,266.8,33.8,27.8,2.7,2.8,18.2,5.0,-2.1,121.6,117.1,192.3,184.7,16.3,15.1,0.9,2.1,60.0,-0.4,-3.3,1
116.3,86.3,216.8,248.0,24.0,15.8,1.8,1.8,70.0,1.7,-4.7,156.0,122.3,196.3,169.0,21.0,15.5,2.3,2.3,50.0,2.1,-4.2,1
174.0,139.9,251.1,180.4,32.0,16.4,1.0,1.6,33.3,14.7,6.4,151.7,159.9,218.7,259.3,24.6,29.3,1.2,1.4,77.8,-0.9,1.1,1
346.4,99.6,122.0,191.8,37.8,22.0,0.2,1.4,55.6,15.3,4.0,139.0,100.5,245.7,195.8,32.2,14.3,0.8,2.2,33.3,15.8,5.6,0
187.0,113.0,166.5,269.0,21.0,29.0,3.0,1.0,66.7,-9.2,-12.1,363.7,280.0,185.3,358.3,47.0,51.7,1.0,1.7,22.2,-0.7,1.8,0
164.8,198.9,191.4,230.7,21.1,33.9,2.8,2.0,30.0,-4.7,-4.7,123.4,124.3,187.4,226.2,24.0,22.6,2.0,2.4,80.0,-9.3,-9.3,0
298.1,122.3,81.0,134.9,26.5,15.5,1.1,1.4,30.0,1.2,-9.1,122.1,149.6,99.3,222.9,12.9,28.3,1.3,1.5,70.0,-20.0,-13.8,0
69.8,144.8,450.8,213.3,48.5,28.8,2.5,1.8,70.0,10.4,-12.0,75.4,207.4,230.8,183.6,13.6,31.2,1.2,1.6,30.0,-15.0,-10.5,1
194.4,105.6,117.4,252.1,19.6,26.1,2.0,2.0,70.0,-6.0,-1.8,51.4,272.8,217.4,155.2,17.0,29.8,1.6,2.4,80.0,-15.6,-11.1,1
123.9,126.4,183.0,177.0,24.1,13.9,0.9,2.1,60.0,11.6,5.0,103.3,186.2,206.5,210.5,10.8,37.5,2.7,1.0,80.0,-24.1,-11.4,0
161.9,84.1,267.8,259.4,26.9,24.1,1.4,0.6,100.0,13.6,10.7,232.7,101.4,187.8,168.6,31.0,14.7,1.2,1.4,33.3,-0.1,-12.5,1
81.5,206.5,180.0,275.0,15.5,45.5,3.0,1.5,30.0,-25.2,-21.0,39.0,116.0,303.5,327.0,20.5,28.5,2.0,0.5,50.0,-11.2,-11.8,0
182.7,208.0,196.0,191.7,23.7,27.0,1.7,1.7,72.7,2.8,-3.8,167.3,206.7,127.7,174.7,17.3,21.3,0.7,1.7,80.0,-2.3,2.5,1
216.9,72.8,200.7,166.5,30.9,10.9,1.0,2.0,80.0,19.7,6.1,213.3,178.0,206.8,190.5,31.1,26.6,1.5,1.8,40.0,6.6,3.0,1
197.2,196.8,221.0,246.8,31.6,32.0,1.5,2.2,50.0,-9.2,-8.8,148.6,190.0,217.5,249.5,20.9,29.5,2.1,1.5,20.0,-11.6,-6.4,1
259.3,118.1,245.9,181.4,45.6,19.9,1.5,2.5,100.0,19.6,-0.5,261.1,105.9,247.0,178.6,45.6,22.1,1.4,2.7,30.0,18.3,4.7,1
114.0,152.0,338.3,157.0,32.0,23.3,3.3,2.0,90.0,10.5,7.9,173.5,99.0,199.0,236.5,29.0,18.5,0.5,4.0,20.0,-5.7,-11.7,0
173.2,184.0,226.6,190.8,22.6,21.4,1.6,2.0,30.0,-7.6,-8.7,114.8,254.0,279.6,223.8,24.8,42.6,2.2,1.0,10.0,-26.3,-17.1,1
156.6,214.9,280.6,218.1,32.0,26.8,0.9,2.3,40.0,-2.7,-6.2,142.0,237.5,194.4,212.6,17.7,30.9,2.5,1.4,30.0,-19.3,-12.9,1
148.2,154.0,286.9,193.6,32.2,21.8,1.0,1.9,80.0,3.5,-4.5,118.1,82.9,182.1,265.5,24.0,23.5,1.9,1.9,70.0,-3.5,-6.7,0
189.0,241.5,177.5,174.0,13.0,30.0,1.0,0.5,72.7,1.0,-3.3,149.0,165.5,176.5,225.0,8.0,29.0,2.0,1.0,50.0,-12.2,-11.1,1
177.1,91.1,260.1,214.1,37.7,15.0,1.6,2.4,70.0,14.6,-1.9,179.9,136.6,237.6,245.1,35.1,26.1,1.6,2.6,60.0,12.8,5.3,1
169.7,87.3,230.0,162.0,27.3,20.0,1.0,2.3,30.0,5.2,2.5,174.0,135.0,175.0,134.0,45.0,14.0,3.0,3.0,90.9,13.0,-11.8,0
105.5,122.0,322.5,211.0,28.5,20.0,1.5,1.0,30.0,-5.4,-10.4,213.5,194.0,171.5,136.0,27.0,14.0,1.5,2.0,80.0,-4.9,-11.0,0
188.4,191.4,107.8,255.0,18.2,34.0,1.8,1.4,36.4,-17.5,-14.8,111.8,232.7,297.2,207.7,29.8,29.0,1.5,1.3,60.0,-0.7,-2.7,0
219.9,140.3,110.0,175.3,27.1,23.3,1.0,2.1,44.4,3.8,2.7,225.0,248.2,147.3,287.3,23.2,37.3,1.7,2.0,66.7,-12.0,-7.8,1
126.6,113.6,222.2,206.2,22.0,17.6,2.0,1.6,70.0,-0.4,-6.2,92.5,200.5,173.8,153.0,10.0,33.8,3.3,1.3,40.0,-12.5,-3.9,1
114.2,123.5,380.7,293.0,40.5,32.3,0.7,1.3,70.0,8.7,0.2,124.8,115.0,249.8,262.0,21.6,23.4,0.6,2.0,60.0,-4.8,-6.7,1
137.0,219.0,154.0,196.5,7.0,42.0,2.0,0.0,11.1,-9.6,-4.9,168.7,254.7,263.3,268.0,27.7,48.7,1.7,0.3,44.4,-3.9,-0.6,1
278.4,77.3,199.0,168.0,40.9,9.8,0.6,1.8,88.9,29.9,2.6,256.6,137.4,156.4,184.0,32.0,20.3,1.5,1.8,50.0,12.9,5.1,0
74.5,145.5,327.0,222.0,21.0,22.0,2.5,1.5,50.0,-11.6,-15.0,116.7,130.0,231.3,235.7,23.0,30.0,1.7,2.0,50.0,-9.2,-1.3,0
170.0,196.0,443.0,446.0,35.0,51.0,1.0,1.0,90.0,3.3,13.1,145.0,91.0,239.0,233.0,13.0,29.0,3.0,0.0,44.4,7.2,16.9,0
156.7,229.7,274.5,187.0,43.3,27.3,0.7,1.8,30.0,9.9,0.2,112.8,110.2,305.8,362.4,29.6,37.0,3.6,2.6,18.2,-1.6,0.2,0
250.4,139.2,134.7,215.5,31.8,26.2,1.5,2.0,70.0,4.0,0.2,202.6,167.2,279.4,281.5,32.5,32.3,1.5,1.7,50.0,0.5,0.2,0
225.6,205.5,285.3,234.5,35.8,28.3,0.5,1.9,90.9,15.1,9.1,191.7,123.7,206.2,194.7,28.6,14.7,1.4,1.4,100.0,16.0,6.1,1
192.5,99.8,216.5,223.7,34.3,21.7,1.6,1.5,50.0,15.6,5.5,146.0,180.0,323.4,272.5,35.4,30.9,1.0,1.0,40.0,6.4,1.6,1
198.4,143.3,269.9,197.6,34.0,20.3,2.4,1.6,70.0,6.5,-5.6,94.9,186.6,312.5,192.1,25.6,31.5,3.1,1.8,70.0,-9.5,-6.9,0
192.4,88.2,213.3,180.3,31.3,16.8,1.3,1.3,10.0,16.1,7.0,151.8,126.8,263.6,212.0,35.3,18.3,1.1,1.9,80.0,19.5,6.5,1
118.9,289.0,284.5,210.4,28.3,42.5,2.4,1.3,0.0,-15.6,-11.3,137.0,240.2,326.2,224.8,31.3,33.8,1.5,1.5,44.4,-12.1,-11.2,0
183.7,235.0,141.7,170.3,20.3,28.7,2.0,1.0,40.0,5.6,5.8,181.7,273.0,180.3,106.0,28.7,31.7,1.7,1.3,33.3,-7.3,-9.3,1
139.9,247.5,294.7,221.6,32.0,40.0,1.7,1.4,70.0,-14.1,-10.1,159.6,224.8,205.5,233.5,23.6,34.7,1.5,1.3,40.0,-12.6,-7.2,0
109.8,146.7,280.5,194.5,29.0,22.3,1.3,2.0,30.0,-12.4,-16.8,67.7,332.0,353.5,286.7,27.8,47.8,1.7,1.3,50.0,-17.6,-9.0,1
154.8,126.0,245.2,224.0,32.2,21.2,1.6,2.0,40.0,4.6,-2.5,168.8,199.4,135.4,200.4,16.4,35.2,2.2,0.8,70.0,-10.2,0.0,1
195.3,127.5,259.6,240.4,32.6,20.5,1.3,2.0,50.0,11.6,2.4,160.3,250.6,263.3,228.3,28.4,37.9,1.4,1.5,80.0,-13.5,-10.1,0
284.0,105.1,160.9,147.4,37.6,11.6,1.3,1.6,88.9,23.3,8.2,124.9,137.6,219.9,244.9,26.3,20.3,0.8,1.8,33.3,4.2,0.3,1
195.4,112.5,189.5,216.0,34.9,20.0,1.4,1.6,40.0,3.8,-7.6,146.2,142.0,278.3,226.3,28.3,27.2,1.8,1.3,70.0,-4.7,-6.0,1
238.7,179.0,401.0,306.3,44.7,35.3,1.0,0.7,66.7,17.0,2.7,166.5,206.3,178.5,276.8,29.0,35.3,1.0,2.5,77.8,4.1,6.4,1
190.3,98.4,126.1,136.9,25.4,9.4,1.9,2.6,50.0,10.6,-1.3,203.3,105.3,289.4,211.3,39.4,15.3,1.9,1.8,70.0,16.8,0.9,1
113.5,249.5,285.7,348.5,23.3,52.7,1.5,0.7,66.7,-23.4,-10.1,74.0,203.8,148.0,218.5,10.0,30.8,2.8,1.2,88.9,-9.2,-0.2,1
136.5,114.0,270.0,210.0,24.5,18.5,2.5,3.0,44.4,18.0,4.0,204.0,130.5,170.5,167.0,27.5,10.5,1.0,2.0,88.9,7.4,-6.4,1
249.5,95.0,243.5,79.5,39.5,9.5,2.5,2.5,30.0,27.5,0.6,206.5,97.5,210.5,185.5,36.5,13.5,1.5,2.0,50.0,3.6,-10.7,1
147.6,226.6,222.0,217.4,29.0,32.6,2.6,2.1,60.0,-11.0,-11.2,103.6,168.1,226.1,198.5,20.4,28.9,2.6,2.4,50.0,-19.0,-11.7,0
179.3,153.6,215.9,317.7,30.1,27.6,0.9,2.1,20.0,0.6,-0.7,233.3,125.2,164.5,218.7,20.8,20.7,2.2,1.8,80.0,-5.1,-8.5,1
265.4,143.0,147.2,261.0,32.4,28.4,1.2,2.4,90.0,6.8,2.1,208.5,123.8,179.2,186.5,34.2,17.7,1.0,1.7,30.0,18.7,9.1,0
198.1,135.4,181.5,165.2,30.5,16.0,1.2,1.8,30.0,16.8,6.2,88.3,166.3,178.9,184.6,20.5,24.8,1.1,1.8,81.8,-2.2,1.7,0
193.1,64.3,237.4,144.9,38.4,6.6,1.0,1.4,90.0,32.4,11.0,254.6,140.9,247.3,197.6,34.4,21.1,1.9,0.9,30.0,16.3,8.2,0
131.1,174.3,164.4,217.1,23.0,28.1,1.9,2.7,44.4,-8.6,-8.6,124.9,107.0,239.8,202.0,27.0,20.2,2.4,2.3,44.4,-0.5,-0.5,0
249.6,123.8,189.0,271.8,39.0,24.3,1.6,1.8,100.0,9.8,-1.5,149.3,111.6,257.1,209.0,28.6,15.7,1.0,2.1,40.0,5.1,-5.5,1
165.3,65.5,253.3,253.0,33.0,19.5,1.8,2.0,88.9,24.3,15.9,183.8,129.0,123.4,228.2,24.4,20.0,1.4,2.0,44.4,9.7,6.5,1
163.3,111.2,200.0,248.6,25.2,24.9,2.3,1.9,30.0,5.9,4.8,268.8,126.8,237.0,269.5,40.9,23.2,1.8,2.3,90.0,18.4,5.7,0
145.7,285.0,156.7,261.7,19.3,43.0,0.7,2.7,20.0,-6.3,-4.4,232.0,231.7,111.3,345.7,21.0,50.0,1.0,1.7,30.0,-13.4,-7.1,0
229.5,92.6,187.0,160.6,33.8,13.2,1.8,2.0,30.0,22.5,7.1,146.2,149.9,246.2,212.3,28.5,20.5,1.4,2.5,77.8,12.8,6.7,0
124.6,161.4,215.0,260.2,23.4,25.5,1.9,2.0,30.0,0.3,2.2,111.3,232.7,255.7,193.6,22.2,31.1,2.5,1.3,20.0,-4.8,-1.6,0
196.3,127.8,246.0,229.5,34.8,19.5,1.0,1.8,77.8,18.0,6.5,197.0,226.6,145.2,216.2,24.6,38.0,1.8,1.6,77.8,-2.4,1.8,1
134.0,179.2,235.2,202.0,33.4,30.4,1.6,0.8,70.0,-3.0,-6.7,81.8,265.8,140.4,255.0,6.6,42.8,1.4,1.4,30.0,-19.8,-10.1,0
72.7,168.7,151.7,222.6,11.4,33.2,2.7,1.4,70.0,-21.3,-13.3,110.4,170.0,276.4,262.6,26.8,32.9,1.6,1.6,50.0,-10.8,-7.0,1
301.7,75.7,181.3,185.5,43.0,10.3,0.2,2.2,88.9,32.5,7.3,172.8,162.5,214.3,231.3,28.5,37.5,1.8,1.3,22.2,0.8,-0.1,0
217.6,160.0,146.5,221.3,22.1,28.7,2.6,1.6,45.5,0.2,5.5,187.2,128.9,208.0,178.2,27.3,18.0,2.1,1.0,90.9,11.1,2.9,0
185.3,87.1,233.1,240.9,31.4,22.4,1.0,1.6,100.0,16.7,10.4,164.1,162.4,231.8,245.1,26.6,24.5,1.0,1.4,40.0,13.3,10.2,1
222.0,219.0,294.5,268.5,40.0,25.5,1.5,2.0,60.0,11.0,-2.2,51.5,134.0,259.0,161.5,22.0,16.5,2.0,2.0,66.7,6.2,-1.1,0
125.0,288.7,341.0,202.8,34.1,37.6,1.8,1.0,33.3,3.6,6.0,106.0,176.0,266.5,236.6,27.3,29.1,1.8,2.0,60.0,0.8,2.7,0
108.3,167.0,218.1,262.6,22.0,31.1,1.3,2.0,30.0,-13.0,-8.3,126.3,149.0,172.0,250.1,17.4,31.6,2.1,1.3,60.0,-14.2,-9.9,0
211.6,104.0,314.0,186.4,40.8,12.8,1.2,1.4,90.0,28.5,7.3,166.8,156.2,205.8,320.2,31.4,38.0,1.0,1.4,80.0,-6.7,-4.3,1
149.8,130.8,194.2,198.7,22.3,24.2,2.3,1.5,70.0,1.1,1.1,133.8,172.8,235.3,212.0,30.3,27.3,2.3,1.3,30.0,7.3,4.0,1
164.8,144.0,234.5,321.8,33.0,33.3,1.7,1.7,20.0,-5.9,-8.3,82.5,167.2,284.8,308.7,22.8,35.3,3.0,2.0,70.0,-11.6,-2.9,1
166.0,131.0,236.5,213.0,26.0,14.5,2.0,2.0,60.0,8.7,1.6,114.5,22.0,254.5,212.5,25.5,15.0,0.5,1.0,90.0,5.6,-4.3,0
264.6,207.3,184.5,253.3,37.6,29.9,0.8,2.8,44.4,0.8,-6.0,144.8,193.6,234.4,221.9,26.0,27.6,1.0,1.6,55.6,-8.3,-10.1,1
250.0,97.5,254.5,287.0,32.5,24.0,0.5,2.0,80.0,-2.6,-9.3,143.0,214.5,223.5,183.0,24.0,36.0,1.5,2.0,50.0,-6.9,-4.0,0
143.1,102.0,218.9,206.6,29.9,20.6,1.0,1.6,66.7,5.9,-2.0,119.9,231.6,272.4,293.6,27.3,37.7,1.6,1.7,11.1,-11.8,-4.9,1
139.7,128.9,210.5,221.7,24.3,25.1,1.7,1.8,50.0,-12.4,-10.6,220.0,174.2,232.4,317.0,26.3,32.6,2.2,1.2,44.4,-12.5,-10.5,0
122.8,121.2,187.5,219.3,18.2,18.1,0.9,2.0,60.0,-0.2,-1.4,171.3,210.4,247.2,334.0,27.1,39.0,2.7,1.4,60.0,-9.3,-4.1,0
166.6,116.6,379.0,237.0,44.3,19.4,1.9,2.1,80.0,23.6,5.8,220.3,107.8,143.0,264.0,37.5,21.8,0.3,2.2,50.0,7.4,0.7,1
50.0,106.0,319.0,170.0,27.0,38.0,7.0,3.0,33.3,-4.7,-5.5,253.0,129.0,225.0,197.0,49.0,24.0,0.0,2.0,77.8,19.0,10.3,1
74.7,155.5,359.5,186.1,28.7,25.9,1.9,1.9,90.9,5.5,1.8,155.7,164.5,223.7,255.0,29.5,25.9,1.2,2.5,60.0,2.7,1.2,0
154.8,75.3,192.5,144.5,40.3,5.8,0.5,1.5,30.0,18.8,-1.0,200.0,49.7,144.3,194.0,22.0,13.7,3.3,1.7,36.4,3.0,-3.7,0
349.7,107.0,54.3,290.0,29.0,27.0,2.3,2.0,44.4,-1.4,-7.2,27.0,190.0,144.5,179.0,7.0,42.5,1.5,0.5,33.3,-8.1,-2.6,1
196.0,242.0,308.0,253.0,34.0,46.0,1.0,0.0,70.0,-10.5,-12.8,80.0,259.0,45.0,396.0,0.0,65.0,5.0,0.0,36.4,-30.0,-23.3,0
197.0,219.0,124.0,82.0,35.0,14.0,1.0,0.0,30.0,3.0,-8.3,109.0,38.0,275.0,205.0,27.0,34.0,3.0,4.0,80.0,-2.4,-1.9,1
299.5,148.0,125.0,251.0,32.5,32.2,1.3,1.6,90.0,3.3,0.6,155.0,156.4,296.9,239.7,34.2,24.6,2.6,2.4,80.0,12.9,6.9,1
139.0,206.6,177.4,223.8,18.8,31.0,1.9,1.0,70.0,-7.9,-2.1,86.8,189.4,311.0,237.0,24.5,30.8,3.3,2.6,50.0,-8.8,-4.4,0
139.3,172.7,301.0,341.0,33.0,36.7,1.3,0.7,30.0,11.6,11.9,107.0,137.3,144.7,277.3,14.7,36.3,3.0,1.3,80.0,-12.2,-7.1,1
143.9,144.0,322.1,231.7,33.9,21.4,1.0,1.9,80.0,14.3,4.4,129.7,151.7,313.4,292.7,31.0,30.9,2.0,1.9,90.9,2.8,1.1,1
123.4,192.3,328.3,288.6,39.9,39.3,1.6,2.6,50.0,-5.0,-3.9,172.3,120.2,237.5,174.3,20.3,25.5,1.5,1.5,80.0,-13.7,-11.5,0
198.0,154.5,125.0,265.5,23.5,30.0,1.0,1.0,90.0,4.7,3.4,91.5,63.5,259.0,158.0,21.5,13.5,1.5,1.5,40.0,4.3,-5.0,0
182.7,153.8,241.6,211.0,25.8,24.3,1.4,1.8,45.5,10.6,10.6,73.1,224.6,242.6,210.9,17.1,41.9,3.2,1.6,70.0,-18.8,-18.8,0
232.2,137.4,195.9,192.0,32.7,15.7,1.8,2.0,80.0,12.4,0.8,177.8,112.6,210.3,190.5,22.5,19.0,2.4,1.8,70.0,4.9,-0.9,1
159.0,219.0,237.7,255.2,28.0,32.5,1.3,0.7,60.0,-7.9,-8.1,193.3,144.7,238.2,262.0,31.0,27.7,1.7,2.7,44.4,-4.9,-6.6,0
195.4,118.8,184.0,212.4,31.8,21.0,1.6,1.3,40.0,2.6,-5.8,136.9,214.1,250.9,197.3,26.1,36.2,1.7,1.9,80.0,-17.5,-9.9,0
154.8,137.2,258.3,124.3,40.2,16.7,1.2,2.0,70.0,10.7,-4.9,182.8,95.4,228.8,195.4,39.4,18.0,1.4,2.6,60.0,13.6,-1.9,0
194.3,181.7,310.3,229.7,36.7,25.0,1.7,3.0,60.0,11.5,1.3,78.0,155.5,390.5,250.0,34.0,24.0,0.5,2.5,44.4,-9.0,-16.4,0
239.0,55.5,144.0,213.0,32.5,8.5,0.0,2.0,88.9,27.6,12.0,139.5,148.5,321.5,253.0,30.5,22.0,2.5,3.5,22.2,1.0,-7.1,0
155.9,110.1,235.7,175.9,33.6,9.0,0.7,2.1,100.0,18.9,4.9,115.3,160.5,213.0,228.7,25.3,28.2,1.8,2.0,100.0,-6.1,-4.7,0
227.7,150.3,137.6,290.2,28.6,28.9,1.0,1.3,9.1,-1.3,-1.5,127.8,139.2,257.4,233.2,22.9,26.4,2.7,1.7,40.0,-2.7,-4.1,0
192.5,136.0,168.8,189.5,29.8,17.3,2.8,4.0,70.0,7.9,1.9,238.6,152.8,198.8,213.6,37.6,29.8,2.6,1.0,40.0,-3.6,-7.0,1
109.5,245.5,270.5,110.0,36.0,27.5,2.5,2.5,33.3,3.5,-2.6,83.0,329.0,168.0,15.0,13.0,28.0,3.0,0.0,50.0,-2.3,-12.8,1
194.7,161.2,236.5,220.5,34.4,28.5,0.7,1.6,70.0,-6.3,-11.2,147.0,177.2,304.6,279.2,27.6,31.8,1.9,1.9,30.0,-10.8,-8.9,1
153.5,189.0,366.5,220.5,58.0,29.0,1.5,4.5,90.0,25.4,14.4,140.5,159.5,256.0,175.0,13.0,22.5,3.0,0.0,80.0,0.1,-1.9,1
216.8,65.3,217.0,209.5,33.2,13.7,1.0,1.8,77.8,17.8,3.5,113.2,161.8,186.3,213.7,18.7,19.7,0.8,1.3,60.0,1.0,0.5,0
252.4,187.9,215.7,221.7,33.9,25.7,2.0,2.9,40.0,13.3,8.2,201.4,190.0,229.2,282.4,26.3,35.5,1.9,1.0,60.0,-0.9,4.4,0
205.1,168.8,259.4,266.7,36.5,30.9,1.0,0.8,70.0,10.0,6.8,128.0,187.0,183.0,287.5,16.5,36.2,1.5,1.5,80.0,-18.3,-7.4,1
16.9,4.8,14.8,10.0,36.8,12.1,1.2,0.9,60.0,17.9,17.9,15.3,6.8,16.5,19.0,31.3,26.5,0.3,0.7,18.2,9.5,9.5,0
198.5,200.5,230.3,238.5,36.5,32.4,1.5,1.2,70.0,9.0,6.5,150.4,120.7,209.3,231.2,26.8,20.8,1.0,1.1,50.0,6.2,2.9,1
184.0,147.5,236.6,199.8,31.2,22.8,0.6,1.5,60.0,0.6,-7.6,107.9,267.7,213.3,222.3,18.9,41.1,1.6,1.0,36.4,-26.6,-16.0,1
183.5,174.8,276.5,289.8,35.5,37.5,1.7,2.3,60.0,-9.5,-8.4,137.2,160.3,234.7,208.7,20.0,24.8,2.2,1.9,50.0,-10.3,-7.7,0
129.5,123.8,248.7,270.7,25.7,24.5,1.0,1.8,66.7,4.0,2.8,127.0,159.1,265.1,284.7,27.3,30.0,1.2,1.3,44.4,2.9,1.3,0
155.0,202.6,344.8,238.9,35.9,35.5,2.3,1.2,70.0,-5.3,-7.1,145.3,69.3,203.1,213.7,22.0,15.2,0.7,1.9,77.8,-4.5,-10.4,1
159.5,102.7,368.7,225.2,47.7,21.0,0.8,1.8,55.6,26.4,7.5,240.1,94.3,193.6,224.7,36.3,17.1,1.7,1.9,40.0,22.9,11.5,1
92.1,151.0,381.3,224.8,33.5,24.3,1.4,2.7,70.0,6.0,-1.3,135.5,202.9,170.4,240.0,14.9,37.7,1.4,1.0,30.0,-26.8,-12.7,1
207.5,132.2,263.7,232.9,33.2,24.7,2.0,1.9,60.0,-3.9,-11.3,75.0,162.7,292.5,194.5,22.0,23.1,1.9,1.5,50.0,-8.4,-7.1,1
205.9,52.4,201.2,162.7,32.1,11.3,1.2,2.1,60.0,16.9,3.9,156.5,103.9,288.9,198.5,38.5,12.7,2.0,2.6,60.0,15.7,-1.8,0
190.4,111.0,370.8,290.8,38.8,27.2,1.2,1.2,70.0,4.9,-2.0,77.0,124.6,185.8,205.4,11.6,27.6,2.4,1.0,72.7,-15.8,-9.0,0
122.0,172.0,172.8,229.8,21.0,31.5,2.0,1.0,18.2,-14.7,-13.8,108.8,236.3,315.5,254.5,29.3,39.5,2.5,1.8,70.0,-7.7,-5.2,0
181.6,179.6,270.4,319.0,34.8,35.2,1.2,2.6,60.0,-8.2,-6.8,78.8,170.0,186.4,217.4,19.6,23.6,2.0,2.4,55.6,-13.6,-12.7,1
182.7,127.7,334.0,223.7,30.7,22.0,2.0,2.0,100.0,-1.2,-10.2,167.5,89.5,245.5,269.5,21.0,29.0,2.5,2.5,33.3,3.6,2.6,0
143.0,137.0,207.0,294.5,31.0,29.0,1.0,1.5,22.2,5.4,0.8,106.0,250.0,440.0,380.0,56.0,54.0,3.0,2.0,33.3,-17.9,-6.1,1
346.9,137.7,95.4,236.6,37.1,33.9,1.4,0.7,66.7,-8.8,-13.2,169.1,253.6,201.7,190.7,21.4,27.6,0.7,1.1,11.1,-15.5,-14.3,1
194.5,174.7,285.5,260.8,35.0,28.5,1.2,1.2,30.0,16.0,9.7,112.0,115.8,393.8,445.6,40.4,43.8,1.8,1.0,60.0,0.2,0.4,0
203.6,152.5,193.9,198.3,23.3,22.7,1.8,1.9,80.0,-5.2,-7.5,144.8,236.7,264.9,125.2,18.3,30.5,2.4,1.3,30.0,-11.8,-7.0,0
197.2,97.4,122.8,186.0,22.0,17.8,2.4,1.8,36.4,3.4,-0.1,181.6,92.6,317.0,234.0,47.6,24.0,1.0,2.8,70.0,12.0,-2.0,1
150.9,195.8,265.0,217.1,29.6,30.8,0.7,1.0,90.0,2.5,0.9,106.6,217.6,240.5,236.4,18.9,34.1,1.7,0.8,30.0,-4.0,4.2,0
203.3,137.0,219.3,236.7,28.7,28.3,1.7,0.3,70.0,3.7,-0.2,134.3,263.0,284.7,218.3,32.0,33.3,1.0,1.7,70.0,2.5,-2.0,0
224.0,190.0,174.4,211.1,26.0,35.6,2.2,2.0,40.0,-13.9,-8.6,144.9,145.5,242.5,252.6,31.0,28.1,0.9,2.1,50.0,-2.9,-4.5,1
157.0,159.5,294.0,307.0,36.0,28.0,2.0,2.5,20.0,-0.2,1.6,178.0,172.0,245.0,187.0,13.0,31.0,3.0,0.0,66.7,0.1,-6.4,0
129.8,142.3,215.3,156.3,23.4,17.9,1.7,1.8,33.3,9.3,6.1,184.5,145.4,158.1,206.5,27.3,17.5,0.7,1.4,66.7,8.9,2.8,1
239.2,202.6,314.2,200.4,47.2,23.4,0.4,2.0,44.4,13.5,-4.3,134.4,125.4,270.6,242.2,23.4,33.0,1.4,0.6,66.7,-16.5,-10.5,1
128.1,174.0,305.5,226.4,30.4,23.7,1.4,1.1,50.0,13.2,7.4,202.2,153.9,207.5,198.6,33.5,25.9,0.9,1.9,55.6,7.6,2.4,0
60.0,114.5,384.0,267.0,28.0,26.0,1.0,1.5,77.8,5.5,5.7,158.0,212.0,266.0,192.0,21.0,45.0,3.0,0.0,50.0,-19.6,-15.6,1
255.8,165.4,297.9,203.3,45.9,22.1,1.5,2.2,90.0,27.2,10.2,69.6,185.8,384.9,208.7,33.3,30.0,2.2,2.5,18.2,6.3,3.8,1
189.7,202.3,124.7,315.0,12.0,37.0,1.0,0.0,50.0,-16.8,-9.7,61.3,257.0,374.3,390.0,29.0,49.3,1.7,2.0,50.0,-14.2,-8.5,1
196.8,147.1,242.6,287.4,33.4,31.1,1.5,1.6,20.0,-4.0,-6.9,258.9,261.6,106.2,233.8,24.5,40.9,1.2,0.9,30.0,-16.7,-10.1,0
111.4,206.9,144.4,241.6,11.1,36.9,2.1,0.7,50.0,-21.4,-8.8,108.4,232.0,252.2,186.6,17.2,19.8,1.2,2.0,44.4,-11.8,-15.5,1
57.0,69.0,451.0,170.0,33.0,14.0,1.0,1.0,18.2,3.6,-16.6,148.0,173.0,302.0,314.0,30.0,26.0,1.0,1.0,80.0,11.1,0.1,1
215.8,149.2,377.8,241.2,45.3,25.7,1.0,1.3,77.8,22.6,10.6,178.8,96.0,232.4,244.5,31.9,17.1,1.0,1.5,66.7,18.9,8.6,1
188.8,138.0,255.5,230.0,29.0,21.3,0.8,1.3,30.0,-1.9,-10.6,107.3,296.0,149.0,190.7,4.7,35.3,1.7,1.7,0.0,-22.8,-9.0,0
231.5,128.0,178.1,305.3,36.5,29.5,1.1,1.4,77.8,2.0,-3.5,315.8,94.5,51.0,180.0,29.3,11.8,1.0,2.0,55.6,0.9,-11.0,1
125.8,229.4,256.8,173.9,22.4,29.4,2.0,1.6,70.0,-8.0,-4.1,130.0,143.0,207.1,192.3,17.0,25.1,2.3,1.8,50.0,-7.8,-5.2,0
236.8,58.6,286.8,207.2,44.0,11.6,1.6,1.6,70.0,17.8,-2.7,119.8,94.6,173.8,221.2,15.8,24.6,3.0,1.6,70.0,-3.9,-2.9,1
135.4,145.3,177.9,274.4,18.1,17.9,1.4,2.4,66.7,0.4,-0.8,120.1,165.3,264.6,288.4,27.0,32.0,1.3,1.9,80.0,-4.2,-0.4,0
145.0,77.0,231.0,174.0,38.0,21.0,1.0,4.0,90.9,0.9,-5.7,141.0,174.0,259.0,165.0,17.0,23.0,3.0,0.0,50.0,-15.3,-22.3,1
191.4,169.6,268.7,151.6,34.0,25.6,2.4,1.6,90.0,9.1,3.1,152.7,137.4,200.9,245.6,23.3,25.0,1.8,1.1,70.0,0.7,1.9,0
169.1,134.0,205.6,227.4,33.0,21.3,1.4,3.5,60.0,7.9,-0.3,137.8,179.0,216.6,212.5,25.1,27.8,1.8,1.6,80.0,-2.5,-1.2,0
72.7,211.0,281.3,160.0,24.7,23.7,1.3,1.3,60.0,0.2,-1.8,93.7,115.0,182.7,191.3,19.3,17.0,2.3,2.3,72.7,-1.1,-8.3,1
108.0,228.9,272.9,263.3,21.4,38.3,2.0,1.1,55.6,-6.3,1.6,119.3,202.7,232.4,284.6,18.6,46.6,2.0,0.9,50.0,-19.5,-7.1,1
242.0,55.3,233.7,114.7,38.7,6.0,2.3,1.3,80.0,18.8,1.0,205.0,89.5,338.0,287.5,45.0,15.5,2.5,0.5,20.0,11.4,-13.3,1
182.3,83.7,371.3,261.3,52.0,14.3,1.0,2.0,70.0,20.9,5.2,213.3,213.0,141.0,178.0,25.3,26.7,1.7,1.7,30.0,6.9,6.2,0
276.5,115.0,195.0,276.5,27.0,35.5,2.0,0.0,44.4,5.3,8.4,48.0,71.5,468.0,278.5,29.0,27.5,4.0,2.0,50.0,5.3,6.6,1
126.6,136.8,247.3,217.9,29.5,24.0,1.8,2.0,60.0,0.3,-4.3,170.1,137.5,128.2,169.5,20.9,17.4,2.1,2.0,60.0,-0.9,-4.9,1
183.0,127.5,196.0,127.5,33.0,13.5,1.0,1.0,77.8,18.6,9.0,67.5,157.5,181.5,303.5,17.5,44.0,1.0,1.0,70.0,-11.7,6.4,1
135.3,164.5,234.0,213.3,23.0,32.3,3.5,1.8,70.0,-5.1,-4.8,159.6,158.4,244.2,339.6,26.8,38.8,2.4,1.8,70.0,-14.3,-8.5,0
171.0,196.6,217.3,226.9,26.4,27.8,1.1,1.4,40.0,-6.5,-7.3,110.9,149.6,221.4,275.0,18.1,35.6,1.4,1.6,50.0,-27.7,-17.0,1
179.3,206.2,225.2,238.8,25.3,26.9,0.9,1.3,50.0,-4.6,-7.4,109.6,235.3,221.9,267.3,16.3,37.4,1.7,1.4,10.0,-25.8,-15.7,1
343.0,144.8,87.6,272.6,34.6,39.8,1.2,0.4,66.7,-12.4,-13.5,155.2,274.0,235.0,221.0,23.2,41.6,2.2,1.2,33.3,-19.8,-15.5,0
202.4,134.1,271.4,233.0,33.7,24.3,2.0,1.8,60.0,-3.6,-11.6,108.1,204.9,263.0,227.0,21.1,30.7,2.2,1.1,30.0,-12.0,-7.3,1
129.0,157.4,296.0,221.4,33.3,21.9,2.4,2.1,20.0,3.3,-6.2,155.5,189.4,228.9,149.9,29.3,23.3,1.4,2.5,30.0,1.8,-2.5,0
106.3,135.5,236.3,139.0,19.3,12.0,1.5,2.0,30.0,-0.9,-5.4,64.5,237.5,251.0,287.0,27.8,33.8,1.0,3.0,50.0,-1.0,-1.9,0
101.0,134.0,290.0,337.0,31.7,35.3,1.7,1.7,20.0,5.1,3.2,253.8,153.4,259.0,190.8,41.4,23.8,1.0,2.6,40.0,10.3,-1.6,0
179.5,124.0,290.0,184.0,32.5,11.5,0.0,0.5,100.0,16.6,3.3,75.7,163.7,259.7,340.7,19.0,40.3,3.0,0.3,20.0,-3.1,-2.7,1
259.0,137.0,205.0,278.0,34.0,10.0,0.0,2.0,70.0,3.9,-11.4,133.7,193.0,215.0,170.7,24.7,17.3,1.7,1.3,30.0,5.4,-3.9,1
144.2,163.8,296.8,165.8,35.3,18.2,1.2,1.5,80.0,23.4,10.5,124.4,139.7,225.7,294.9,23.3,22.1,2.1,2.7,60.0,6.6,6.0,0
122.0,100.0,314.0,296.0,40.0,35.0,2.0,3.0,80.0,26.6,5.3,190.0,151.0,264.0,191.5,25.0,16.5,1.0,1.0,70.0,7.8,-4.7,0
199.1,88.9,201.3,229.9,27.8,23.5,1.8,2.3,30.0,5.5,1.2,180.2,168.7,187.9,244.3,28.6,28.7,2.3,1.4,80.0,0.1,-2.7,0
162.9,132.6,204.8,266.2,20.4,32.1,2.0,1.9,50.0,-12.5,-7.2,88.8,174.2,236.3,244.8,17.9,31.9,1.2,2.1,30.0,-13.7,-8.3,0
93.7,147.0,299.1,205.2,25.4,23.7,1.3,1.3,60.0,-0.6,-1.1,128.3,159.0,135.6,224.7,10.9,28.1,1.4,1.6,40.0,-17.9,-10.1,0
137.2,110.4,272.8,252.4,27.4,26.8,2.2,1.2,30.0,5.8,1.8,103.2,130.2,259.2,233.8,25.6,24.6,2.2,3.0,50.0,-5.1,-10.7,0
148.5,111.8,255.8,263.5,28.4,22.3,2.0,1.5,30.0,9.0,4.8,168.2,121.6,200.4,171.3,31.3,19.6,1.8,2.6,30.0,15.6,5.7,1
245.0,113.0,353.0,580.0,56.0,49.0,0.0,2.0,50.0,0.9,-3.6,170.5,269.0,210.0,223.5,24.5,36.5,2.5,2.5,50.0,-13.0,-3.1,1
140.8,225.3,159.8,264.0,16.3,47.3,2.0,0.5,36.4,-32.9,-10.0,190.0,339.0,144.3,185.3,13.5,48.5,2.0,0.3,30.0,-33.9,-9.0,0
157.3,185.5,245.2,135.8,33.8,22.5,2.0,1.8,50.0,1.8,-3.7,224.8,129.6,188.4,158.4,33.4,15.0,1.2,1.2,77.8,5.8,-7.2,1
116.6,155.5,272.6,225.1,26.2,22.7,1.9,1.8,80.0,4.1,1.5,270.2,143.3,83.7,191.9,31.2,26.3,0.9,2.3,55.6,-6.0,-9.3,1
285.4,131.4,124.6,233.1,32.0,24.9,1.3,2.1,90.0,11.0,5.7,137.9,181.7,142.7,167.6,12.6,20.3,1.3,1.6,80.0,-3.1,-2.7,1
286.1,149.4,76.4,166.8,23.1,22.2,1.9,1.7,55.6,-3.8,-8.5,318.5,177.5,129.4,255.5,37.9,31.7,1.1,1.1,77.8,6.2,0.6,1
186.8,209.2,259.2,240.5,42.5,32.5,1.0,1.8,70.0,13.8,7.8,153.5,201.5,420.0,394.3,47.5,46.3,2.3,1.5,50.0,2.8,0.2,0
289.1,145.7,72.3,159.0,22.9,21.7,2.1,1.8,55.6,-2.9,-7.0,119.2,225.2,206.6,225.1,22.7,33.3,1.6,1.8,88.9,-17.0,-11.2,1
139.2,112.4,242.6,176.9,24.1,11.7,1.0,1.3,66.7,16.0,10.3,203.1,117.9,245.4,184.8,38.8,20.6,1.1,1.9,66.7,12.1,0.3,0
181.9,185.0,289.4,211.3,32.9,25.6,1.1,1.6,70.0,12.9,6.4,169.8,132.5,288.9,227.3,35.4,21.6,1.8,2.0,80.0,13.5,3.3,0
183.8,137.2,260.3,251.8,29.2,26.3,1.8,1.0,40.0,5.2,0.5,110.0,192.2,200.0,285.5,23.0,39.0,1.0,1.8,30.0,-21.3,-11.8,1
188.8,123.7,219.2,242.6,39.5,22.0,0.9,2.7,50.0,19.5,8.6,186.7,201.5,256.8,216.2,37.2,28.3,1.1,1.5,70.0,12.6,6.2,1
225.6,171.0,257.9,175.3,46.9,17.6,0.7,2.1,66.7,21.7,2.2,170.9,286.6,365.6,219.3,41.3,41.8,1.4,1.8,60.0,2.3,2.7,0
140.5,133.5,200.5,239.5,27.5,10.5,0.5,2.0,55.6,13.1,4.5,91.0,98.0,403.0,157.0,37.0,20.0,1.0,1.0,55.6,2.3,-19.7,1
110.6,174.4,276.3,224.3,30.4,20.9,1.2,2.2,60.0,8.8,1.9,197.1,175.6,151.0,150.1,23.5,22.0,1.9,1.3,40.0,-9.0,-11.3,1
107.0,208.1,218.9,236.3,16.4,35.6,1.8,0.9,20.0,-15.2,-3.4,93.6,195.4,178.3,241.7,13.6,44.1,3.1,1.7,70.0,-27.7,-11.9,0
257.4,145.3,246.0,188.3,44.1,22.9,1.7,2.1,100.0,19.4,3.9,349.5,108.3,135.0,161.0,37.5,18.0,1.6,1.4,30.0,17.7,1.8,1
213.5,204.3,260.3,303.5,31.5,34.3,1.8,2.5,50.0,-0.7,1.2,212.0,77.4,180.8,259.4,39.8,18.2,1.2,1.8,30.0,11.7,1.0,1
159.4,204.4,282.4,200.0,32.8,31.8,2.4,1.4,80.0,-1.8,-8.6,146.1,135.7,263.9,224.3,28.3,25.9,1.9,1.0,70.0,-2.4,-3.5,0
199.0,106.6,212.1,274.1,27.8,24.9,1.4,2.3,60.0,-8.9,-12.2,160.9,289.6,179.1,164.7,18.4,33.1,1.1,1.3,50.0,-22.4,-13.1,1
157.8,248.2,389.2,250.8,38.2,48.6,2.4,0.8,50.0,-9.6,-6.2,173.0,196.5,140.3,212.3,18.8,35.7,2.2,0.7,70.0,-8.7,1.6,1
192.0,186.0,111.0,162.0,20.0,19.0,0.0,2.0,60.0,0.1,-2.5,211.0,211.0,185.0,292.0,27.0,49.0,1.0,1.0,88.9,-8.0,-9.5,0
182.0,205.2,199.6,232.1,28.0,31.1,2.1,1.8,70.0,3.8,7.4,172.6,139.1,233.6,237.0,30.3,25.5,1.9,2.2,60.0,11.0,6.5,0
254.0,160.5,229.3,273.5,32.3,19.3,1.5,2.3,100.0,18.6,7.1,174.6,149.0,207.0,211.8,33.0,23.0,1.8,2.0,66.7,13.9,4.8,1
195.5,146.5,239.5,260.8,31.6,19.6,1.2,2.3,70.0,5.5,5.5,163.3,188.8,227.3,246.3,27.1,33.3,1.8,1.8,18.2,-6.2,-6.2,1
313.5,110.7,100.8,212.8,32.5,18.8,0.8,1.5,55.6,8.5,3.0,154.9,123.7,205.7,226.4,25.7,24.0,1.0,1.6,50.0,-6.5,-7.1,0
120.2,195.1,276.8,200.7,24.4,32.0,1.5,1.5,22.2,-3.7,3.7,109.6,221.6,304.3,280.3,25.6,37.7,1.7,1.4,66.7,-13.0,-9.7,1
188.0,114.4,188.8,163.8,29.4,19.6,2.4,1.6,70.0,8.1,3.5,98.8,121.4,241.8,236.8,27.2,27.8,2.6,0.8,90.0,6.9,6.2,1
68.0,148.7,366.7,194.7,30.7,30.3,2.3,1.0,36.4,6.4,-0.3,130.3,74.7,303.7,253.3,32.0,22.0,2.7,2.3,30.0,-5.4,-14.5,0
83.8,139.1,163.3,230.8,19.6,28.3,1.8,2.1,30.0,-4.8,2.7,130.0,48.5,138.1,164.9,25.1,23.7,2.5,1.8,18.2,9.7,7.2,0
151.3,87.9,284.0,173.0,36.0,19.7,2.1,2.4,66.7,12.3,0.1,163.0,197.5,165.0,243.3,19.7,30.7,1.3,1.3,77.8,-9.6,-6.7,0
152.9,142.5,328.9,229.5,37.4,24.9,1.4,1.4,60.0,12.7,6.2,173.9,148.0,303.7,299.6,37.8,30.7,1.3,1.7,77.8,10.5,5.2,1
191.2,155.0,262.4,300.8,33.0,24.4,1.0,2.6,60.0,-1.4,-7.7,125.5,327.8,140.0,189.0,15.8,38.8,1.8,1.3,36.4,-20.6,-9.9,0
132.0,213.5,191.0,244.5,11.5,41.5,0.5,0.0,60.0,-12.5,-6.6,54.5,253.0,241.5,231.0,13.5,39.5,3.0,1.0,33.3,-10.0,-7.6,0
140.6,188.8,326.8,246.9,31.9,28.8,1.5,0.6,100.0,12.5,8.9,277.5,124.3,220.6,254.4,38.8,22.0,1.4,2.3,40.0,25.6,15.6,1
242.0,128.5,124.5,176.5,32.5,12.0,0.0,1.5,50.0,0.7,-7.7,228.0,185.5,390.5,255.5,53.0,39.5,1.5,1.5,50.0,5.9,-3.9,0
134.4,139.9,168.0,252.4,23.4,31.9,2.0,1.9,72.7,-18.6,-11.0,160.2,201.4,166.0,224.2,19.3,37.5,2.5,1.0,70.0,-17.4,-7.2,0
17.2,16.6,47.4,54.7,28.5,28.3,0.8,0.8,30.0,3.1,3.1,3.5,22.0,23.9,17.9,24.7,29.1,1.3,1.0,60.0,-8.6,-8.6,1
151.3,106.8,236.3,189.0,26.5,25.3,1.3,1.5,70.0,7.0,3.8,209.7,124.0,194.5,223.8,30.7,20.3,1.5,0.8,30.0,5.7,-1.5,0
139.1,122.0,163.7,232.8,20.1,23.6,1.6,2.0,80.0,-6.6,-7.4,113.4,180.6,102.4,202.8,11.8,29.0,1.1,1.4,70.0,-20.3,-12.5,1
113.2,177.7,229.5,278.8,22.5,32.2,1.3,1.0,70.0,0.2,3.0,110.7,260.0,176.6,219.6,13.7,38.7,2.0,1.0,30.0,-16.0,0.7,1
164.7,134.7,171.0,235.8,23.7,23.2,2.0,1.2,70.0,0.8,-1.0,105.3,100.5,196.0,281.0,20.2,23.7,1.8,2.5,72.7,-3.4,-4.9,1
250.0,40.0,270.0,75.0,45.0,3.0,1.0,2.0,70.0,9.7,-17.3,129.0,157.0,201.0,229.0,31.0,28.0,3.0,1.0,30.0,-0.1,-4.2,1
138.3,175.0,384.3,259.9,42.6,27.3,0.9,2.2,77.8,6.2,-2.5,164.5,182.0,224.6,230.4,23.4,29.4,2.4,2.1,44.4,-16.1,-12.3,1
338.3,117.7,87.2,206.3,36.7,21.3,1.7,1.5,77.8,7.0,-1.3,126.7,210.4,210.9,255.1,21.3,40.1,1.7,1.6,70.0,-21.8,-13.0,1
161.3,103.8,179.0,268.0,19.3,23.5,1.5,1.5,50.0,-1.0,-6.2,209.4,42.6,322.0,261.4,39.2,22.6,1.8,1.8,90.0,6.7,-4.4,0
144.8,140.2,270.0,212.8,31.8,16.6,1.0,2.4,40.0,7.8,-0.3,196.6,61.2,315.6,173.6,40.4,7.4,1.0,2.2,70.0,15.3,-6.8,0
263.0,208.0,280.0,238.0,50.0,47.0,1.0,0.0,77.8,8.8,10.8,289.0,139.0,229.0,206.0,38.0,22.0,1.0,0.0,22.2,-16.9,-29.5,1
61.3,126.7,217.6,258.7,21.1,29.1,1.6,2.0,40.0,-12.5,-9.0,69.7,165.2,225.3,280.0,23.3,34.4,0.8,0.9,50.0,-11.4,-8.0,0
0.0,0.0,0.0,0.0,30.1,25.1,0.2,0.9,60.0,8.9,8.9,19.3,32.0,29.2,48.3,13.3,38.6,1.0,0.6,70.0,-6.5,-6.5,0
126.9,149.9,197.9,214.5,25.8,20.5,1.7,1.8,66.7,11.3,8.7,111.2,207.9,284.5,224.1,26.8,34.6,1.5,1.1,70.0,-0.6,4.6,0
423.0,207.0,198.0,130.0,58.0,23.0,1.0,3.0,70.0,13.2,-18.0,145.0,185.0,279.5,200.5,29.0,34.5,0.5,1.0,30.0,-10.2,-10.6,0
164.2,136.0,371.4,373.4,42.6,30.2,1.0,1.2,80.0,8.5,0.0,196.0,248.5,354.5,276.5,33.3,34.8,1.5,1.5,22.2,-5.1,-4.0,0
103.0,229.7,186.0,208.7,12.3,37.0,2.0,0.3,40.0,-13.4,-8.2,344.5,58.5,70.5,219.3,39.0,19.0,0.3,1.3,55.6,3.1,-9.5,1
195.5,107.3,239.0,352.8,36.8,22.3,0.5,1.8,30.0,9.3,1.5,144.3,125.0,170.3,208.8,26.0,23.3,1.0,1.8,50.0,3.9,2.5,0
130.3,136.3,258.3,257.8,32.6,24.5,1.3,2.1,80.0,14.9,7.9,224.0,132.0,59.0,215.9,18.1,30.0,0.9,1.4,80.0,-8.2,1.6,0
151.0,135.5,232.9,159.6,36.6,18.0,1.3,2.0,70.0,12.9,3.4,71.0,308.4,132.3,178.0,7.9,54.3,3.1,0.8,50.0,-25.6,-9.6,0
102.8,85.6,208.2,304.4,21.0,26.4,1.8,2.2,72.7,-3.7,-5.0,220.0,149.5,231.3,249.8,32.3,23.8,1.0,3.0,70.0,7.0,-1.0,1
55.0,78.0,309.0,176.0,17.0,24.0,3.0,1.0,77.8,-4.2,-11.7,146.0,319.0,279.0,97.0,29.0,37.0,4.0,2.0,33.3,-10.1,6.2,0
46.0,149.0,373.0,221.0,17.0,30.0,3.0,0.0,66.7,-4.6,-8.0,180.0,145.0,85.0,270.0,17.0,22.0,1.0,1.0,55.6,-21.2,-22.2,1
400.8,133.0,96.3,213.3,34.5,23.3,1.5,0.8,77.8,5.2,-4.8,208.7,246.7,85.0,165.0,25.0,37.7,1.3,0.7,33.3,-1.6,-1.1,0
187.4,166.7,124.1,220.3,21.7,26.4,1.2,1.9,50.0,5.4,7.5,130.1,163.5,261.4,254.6,31.1,29.7,1.5,1.2,50.0,2.5,2.3,0
164.5,141.5,346.5,189.9,46.6,20.3,0.8,1.9,88.9,29.9,12.9,150.3,120.2,252.3,173.8,33.0,19.5,1.5,1.7,77.8,22.4,14.1,1
201.7,177.0,318.3,203.7,50.7,19.7,0.0,3.3,80.0,21.0,1.8,178.5,129.0,255.5,272.5,34.5,24.5,1.5,2.5,18.2,7.9,-1.9,0
123.3,216.2,177.1,241.1,20.3,40.0,1.3,1.9,40.0,-13.7,-0.8,111.0,219.0,220.3,203.4,19.7,28.3,0.8,1.2,36.4,-7.7,-2.6,0
147.2,224.9,286.8,237.8,27.2,36.1,1.4,1.3,40.0,-13.5,-7.6,180.4,275.9,149.6,241.7,21.7,43.8,2.0,1.2,80.0,-25.2,-9.8,1
110.4,135.6,198.5,197.8,19.1,18.7,0.7,1.4,10.0,-6.5,-8.5,104.0,172.4,227.2,231.0,21.8,31.3,2.9,2.0,50.0,-13.8,-12.4,1
190.1,154.1,174.4,162.6,30.6,19.3,1.3,1.6,30.0,15.5,7.5,143.7,108.9,211.4,264.9,26.4,22.4,1.7,2.9,70.0,-2.5,-6.1,1
133.5,201.7,301.2,211.9,27.8,26.4,1.3,1.2,50.0,-8.4,-8.8,254.2,123.5,181.7,278.6,38.4,27.8,1.8,1.5,60.0,1.0,-7.6,0
167.7,139.3,282.5,248.5,35.3,24.5,1.6,1.9,55.6,-6.3,-13.4,110.3,114.3,250.3,209.0,24.6,22.6,1.3,1.6,77.8,5.4,0.2,1
160.0,243.5,177.8,188.0,20.4,32.8,2.1,1.8,20.0,-11.8,-11.8,108.7,183.9,237.6,255.4,19.8,36.5,1.5,1.2,30.0,-11.9,-11.9,0
57.3,196.0,330.8,195.0,28.0,25.5,1.5,1.3,60.0,1.9,-0.1,123.5,146.0,256.3,260.8,26.5,30.3,3.3,1.8,30.0,-9.3,-11.4,0
215.8,106.4,218.2,286.3,39.7,26.3,2.9,2.4,60.0,4.0,-4.2,157.8,124.3,219.9,248.2,29.2,24.8,1.3,2.8,50.0,-4.3,-8.9,1
141.4,161.4,217.1,205.7,26.8,25.9,0.7,1.3,50.0,-4.3,-3.9,141.3,234.2,246.0,224.9,22.7,34.1,1.9,1.6,44.4,-15.7,-10.4,1
102.0,236.0,318.5,226.0,28.5,25.5,2.0,1.0,66.7,-10.3,-13.0,103.0,217.0,164.0,243.5,12.5,35.5,0.5,0.5,77.8,-19.9,-7.1,0
155.0,84.8,298.5,159.3,38.0,11.8,1.8,2.3,80.0,25.7,8.2,83.3,125.8,240.0,203.3,21.3,22.8,1.8,1.0,70.0,2.1,-1.2,1
127.0,163.0,47.0,376.0,7.0,56.0,3.0,1.0,30.0,-1.5,-0.4,122.0,225.0,384.0,311.0,12.0,35.0,2.0,4.0,90.0,-14.1,-14.1,1
186.4,117.8,252.4,230.2,25.6,22.6,1.8,1.6,77.8,-5.6,-11.3,134.0,181.6,255.2,215.2,23.2,27.0,1.2,1.0,55.6,-6.4,-6.9,1
201.7,159.6,340.7,247.8,38.8,25.1,0.9,1.0,60.0,4.6,-7.8,229.7,173.7,229.3,316.1,27.1,32.1,2.3,1.2,44.4,-12.9,-12.0,1
142.3,118.0,165.1,183.1,20.9,21.0,1.9,1.4,30.0,-1.1,-3.3,85.4,156.1,191.7,191.4,20.6,23.0,1.1,2.0,50.0,-3.0,-4.8,0
114.6,256.6,180.4,246.0,18.4,46.6,1.4,1.9,40.0,-18.5,-0.4,217.7,153.7,255.7,201.3,32.0,26.2,2.0,0.8,30.0,4.3,-1.1,0
152.0,182.4,226.0,154.8,26.2,15.6,1.4,3.4,60.0,7.2,-1.9,172.4,166.2,319.0,184.2,40.0,26.0,1.6,3.4,70.0,4.3,-2.7,1
139.7,138.3,294.8,296.7,36.4,27.2,1.1,2.3,20.0,11.1,5.6,205.4,168.6,157.3,211.1,22.2,27.2,2.7,1.6,45.5,0.6,4.6,0
81.0,158.0,186.0,426.0,10.0,45.0,0.0,0.0,40.0,-18.1,-16.2,83.5,271.5,282.0,140.0,15.0,22.0,0.5,0.5,22.2,-10.9,5.7,1
217.2,156.0,198.7,241.8,32.5,30.2,1.8,1.3,20.0,13.5,12.0,213.0,171.5,264.0,230.0,37.0,30.8,2.3,1.2,30.0,-7.1,-10.2,1
191.0,132.0,170.2,150.5,28.6,19.3,2.6,2.9,30.0,10.3,2.6,153.6,175.6,311.8,202.7,35.1,26.9,1.7,1.8,50.0,6.0,-0.5,1
149.3,124.9,254.4,214.1,33.3,23.2,0.8,1.8,66.7,6.9,-1.3,156.1,130.6,218.5,201.9,24.3,18.8,0.9,1.5,66.7,1.4,-3.5,0
91.8,173.7,195.3,199.2,13.1,28.2,1.7,1.3,20.0,-19.7,-10.8,111.8,180.2,103.4,210.7,11.6,29.5,1.1,1.4,70.0,-21.2,-12.4,0
183.3,137.0,398.0,286.0,40.3,31.7,1.3,1.3,70.0,7.3,2.7,43.8,259.8,163.0,291.3,3.0,50.5,2.8,0.8,70.0,-21.5,6.3,1
227.7,72.3,297.0,361.3,41.7,26.8,1.5,0.7,100.0,16.0,6.8,152.4,220.0,240.0,238.8,25.0,39.8,2.8,1.8,60.0,-10.3,-2.1,1
152.7,150.3,316.7,315.0,33.7,34.0,2.7,3.7,60.0,-2.5,-2.2,100.7,244.3,333.7,240.7,28.0,34.3,1.3,1.3,50.0,-11.0,-8.2,1
114.3,199.3,192.7,204.6,16.1,30.1,2.3,2.1,70.0,-2.1,3.9,153.8,175.0,228.5,247.5,22.8,28.0,2.1,2.0,60.0,-0.2,2.0,1
204.1,121.5,183.3,210.4,34.7,20.3,1.4,1.6,40.0,4.6,-6.3,98.5,182.4,186.3,292.1,14.2,40.1,2.1,1.0,72.7,-27.1,-7.2,1
136.6,141.6,259.2,255.6,27.5,29.6,1.8,1.4,70.0,-9.1,-10.1,163.1,219.0,353.2,241.2,38.0,42.8,1.7,1.7,50.0,-10.4,-9.3,0
233.0,93.0,225.0,348.0,30.5,27.5,1.0,0.5,30.0,-13.7,-21.2,193.3,53.5,273.3,309.3,30.5,22.3,1.5,2.5,60.0,7.9,0.7,0
173.6,206.1,224.0,272.7,24.4,41.5,2.8,1.5,30.0,-16.2,-9.4,154.6,256.8,189.5,193.9,16.3,33.9,1.3,1.1,50.0,-24.2,-13.4,0
185.0,115.3,212.9,223.2,29.4,19.8,1.8,1.8,30.0,0.6,-5.3,236.7,156.9,158.0,249.8,35.2,29.1,1.4,2.3,60.0,-1.1,-7.2,0
144.3,88.4,266.3,226.0,29.3,19.1,1.0,2.0,30.0,0.5,-6.0,159.4,218.3,333.7,299.7,33.7,33.7,1.7,1.0,50.0,-2.9,-4.4,1
2.0,121.0,178.0,135.0,3.0,10.0,1.0,2.0,50.0,26.2,20.3,273.0,165.0,156.0,136.0,21.0,22.0,1.0,1.0,90.0,-4.1,-18.0,1
72.0,180.0,254.0,318.0,17.0,49.0,2.0,0.5,72.7,-19.5,4.9,146.0,285.0,172.0,150.0,17.0,24.0,2.0,0.0,10.0,-7.0,-17.9,0
185.4,81.4,223.1,182.9,32.7,12.7,2.4,2.1,40.0,11.3,-1.3,169.3,173.0,224.8,246.7,32.8,28.3,1.8,2.5,100.0,0.7,-4.3,0
198.0,79.4,257.6,199.4,31.8,11.8,1.6,3.4,90.0,9.8,-2.9,122.4,169.6,244.0,222.0,20.8,23.6,1.4,1.4,80.0,-4.4,-6.1,1
240.5,85.0,219.0,292.5,39.5,23.5,1.5,3.0,10.0,-15.1,-22.8,313.3,122.3,120.3,288.3,36.3,27.3,0.7,1.3,90.0,8.0,-2.9,1
69.0,167.9,301.3,244.3,23.8,28.6,2.0,1.0,20.0,0.4,1.5,195.8,177.6,219.6,223.4,26.3,28.9,2.0,1.5,70.0,2.7,1.9,1
128.3,197.8,356.3,254.3,22.5,36.7,2.7,0.7,66.7,-5.9,-1.2,121.4,136.0,249.1,292.7,19.7,26.6,1.0,1.0,70.0,-7.1,-3.7,1
137.0,263.8,291.3,233.4,31.5,42.3,1.5,1.4,70.0,-15.4,-10.5,117.1,175.7,175.0,209.3,20.4,28.3,2.0,2.7,50.0,-15.2,-10.9,1
51.4,162.8,305.4,290.0,24.8,33.0,2.2,1.0,20.0,-2.3,-1.6,193.8,143.0,208.3,297.8,32.0,26.5,1.3,2.0,44.4,8.5,1.2,1
57.7,220.0,196.0,175.7,10.3,37.0,2.3,1.7,77.8,-9.6,-6.0,68.7,180.3,216.7,285.3,15.7,41.7,2.7,2.0,70.0,-21.8,-12.6,0
113.0,384.0,100.0,154.0,10.0,31.0,1.0,1.0,44.4,-1.3,-2.5,50.5,179.0,187.5,320.0,13.5,43.0,2.0,0.5,44.4,-19.0,2.8,1
176.8,68.5,200.8,221.3,27.5,11.8,1.3,1.8,44.4,5.6,-6.0,111.0,308.0,80.0,128.0,0.0,41.0,2.0,1.0,0.0,-38.7,-10.4,0
294.1,227.5,229.3,281.9,41.9,32.1,1.2,1.4,77.8,7.2,-0.6,156.2,173.9,191.2,211.5,29.2,24.1,1.7,2.1,44.4,1.5,-2.8,0
148.5,191.4,228.9,261.0,28.9,33.9,0.3,0.8,20.0,-1.9,1.5,123.6,118.3,236.3,269.8,24.3,24.1,1.1,1.8,66.7,3.1,2.5,0
111.5,150.0,313.0,206.5,33.3,21.8,1.5,3.0,77.8,13.4,2.7,227.6,143.6,203.0,229.4,32.6,24.8,1.8,1.2,33.3,8.3,4.7,0
146.4,162.2,304.8,270.0,36.8,36.2,1.7,1.1,80.0,3.1,1.7,89.1,217.8,227.8,180.0,18.5,27.8,1.8,1.3,50.0,-15.1,-10.1,0
200.8,110.0,229.7,225.5,32.0,22.1,1.9,0.7,50.0,6.4,1.4,223.9,143.7,237.5,264.7,33.2,26.9,1.1,1.2,70.0,8.8,4.5,0
316.0,76.0,192.0,143.0,41.0,14.0,1.0,2.0,60.0,15.1,-12.4,106.0,199.0,222.0,128.0,21.0,12.0,1.0,3.0,70.0,-0.2,-10.9,0
124.5,96.0,317.5,221.3,30.8,17.5,1.5,2.0,90.0,4.9,-2.5,139.0,42.5,167.0,245.0,14.5,5.0,0.5,1.5,60.0,4.6,-2.1,1
229.8,39.6,208.2,152.0,38.4,8.4,1.4,1.4,80.0,24.7,8.7,134.3,101.7,106.7,163.0,19.0,16.3,3.0,4.3,80.0,-0.1,-4.5,1
153.3,138.3,229.5,186.3,27.0,22.1,2.2,1.9,90.0,3.1,-2.8,99.8,148.7,292.7,243.1,30.3,29.4,2.2,1.9,70.0,-6.6,-10.1,1
198.0,173.0,262.3,292.3,30.7,38.0,0.0,0.7,20.0,-4.9,-3.1,120.2,162.6,258.2,351.8,25.2,35.6,2.0,1.6,33.3,1.8,8.1,0
177.8,102.5,187.2,133.0,39.3,9.0,0.5,1.7,30.0,18.1,-0.8,158.0,169.7,256.2,146.7,28.5,21.8,1.7,1.3,40.0,1.6,-3.1,1
172.9,120.8,227.1,214.6,29.7,21.2,1.2,1.6,80.0,15.9,15.9,150.4,146.3,410.5,285.8,43.6,30.8,1.8,1.8,70.0,-0.2,-0.2,1
106.6,63.6,340.8,278.5,30.4,20.6,1.9,2.4,9.1,7.9,1.0,151.3,137.5,166.9,197.9,21.2,25.8,2.6,1.9,80.0,-3.9,-2.4,0
161.0,168.5,176.9,310.8,28.1,36.5,1.6,0.9,44.4,3.2,6.1,197.3,192.8,231.3,289.3,25.3,35.2,1.7,1.0,60.0,-1.3,4.0,0
168.4,197.4,272.6,229.6,34.0,29.6,1.6,1.4,50.0,-1.1,-6.1,155.2,168.2,179.4,250.2,17.0,32.8,2.4,1.4,81.8,-4.3,0.6,0
160.1,114.4,135.6,236.3,18.6,23.3,1.3,2.0,30.0,-2.9,-0.8,136.3,165.0,200.2,215.2,24.3,28.0,1.2,1.2,88.9,-1.0,-0.3,0
147.2,87.4,252.0,172.4,28.2,16.6,0.8,2.0,30.0,7.7,1.2,75.8,117.5,153.0,237.8,9.5,25.5,1.8,1.3,45.5,-5.8,-1.3,0
120.0,190.2,182.2,173.4,20.8,27.6,2.0,1.4,30.0,-1.4,1.1,144.2,200.8,261.6,291.4,38.2,33.8,1.8,0.4,50.0,1.7,-5.0,0
58.5,185.2,470.3,204.5,38.7,27.5,2.2,1.6,90.9,11.4,2.9,127.2,116.3,202.3,210.3,24.1,18.8,1.5,1.8,81.8,4.3,-0.6,1
37.2,193.2,237.2,230.3,18.2,36.7,1.7,1.7,33.3,-20.6,-10.7,228.0,251.5,145.5,241.3,28.3,40.7,1.5,1.3,77.8,-13.6,-10.1,1
157.6,95.8,303.6,261.0,41.1,24.3,1.2,1.7,80.0,21.5,9.4,120.5,146.5,388.4,258.3,41.6,28.6,1.5,1.3,30.0,20.0,11.7,1
234.1,160.0,314.7,262.3,36.9,29.8,1.5,1.9,77.8,12.0,5.7,160.2,153.8,183.4,269.0,26.5,28.3,1.3,1.6,44.4,0.1,-0.5,1
131.3,148.7,111.0,298.0,22.3,33.3,2.0,1.7,30.0,-3.8,6.5,215.0,52.5,199.5,178.0,23.5,22.5,0.5,1.5,30.0,-11.6,-13.4,0
132.7,160.3,298.7,217.7,27.0,15.3,2.3,2.0,80.0,7.4,-0.1,66.7,271.7,200.7,219.0,17.3,37.7,2.3,1.3,50.0,-11.7,-9.2,0
227.5,127.6,254.0,207.0,39.4,20.5,0.9,1.1,60.0,4.5,-10.3,229.5,223.3,180.0,238.1,30.8,34.3,1.3,0.8,30.0,-9.2,-8.0,1
185.4,117.5,196.3,253.0,31.2,22.5,1.6,2.3,77.8,12.9,7.3,149.2,203.7,234.1,244.5,23.5,30.6,1.5,1.5,30.0,-4.5,-1.6,1
185.0,48.0,325.0,156.0,49.0,3.0,0.0,0.0,30.0,11.4,-19.8,162.0,350.0,214.0,157.0,26.0,46.0,1.0,2.0,60.0,-8.6,9.9,0
247.4,103.4,185.6,194.4,32.8,28.2,1.2,0.6,66.7,7.4,2.8,175.0,159.9,307.0,310.0,40.9,30.7,1.0,1.7,77.8,11.9,5.1,0
204.5,163.5,167.5,197.0,17.0,25.0,3.0,0.0,20.0,-5.0,-4.0,61.0,190.0,142.0,171.0,8.5,20.0,3.0,2.0,80.0,-2.0,6.6,0
230.8,45.8,225.3,138.3,38.5,8.0,1.8,1.5,80.0,21.0,3.5,258.8,56.5,202.8,175.3,40.3,9.0,1.8,1.8,30.0,17.9,-3.4,1
222.1,151.5,148.0,251.6,31.8,26.5,0.9,1.6,60.0,-0.6,-3.7,164.1,150.5,272.4,238.5,29.8,27.8,2.1,1.4,40.0,0.2,-1.4,1
108.5,82.0,289.0,219.0,18.5,12.0,1.0,3.5,30.0,-2.0,-7.4,151.0,307.0,81.0,223.5,15.5,57.0,2.0,0.5,50.0,-10.7,16.5,0
92.0,178.0,199.0,247.0,17.0,38.0,2.0,3.0,66.7,3.3,1.2,224.0,279.0,166.0,321.0,21.0,40.0,2.0,1.0,66.7,-7.3,-16.0,0
100.0,279.0,199.5,239.5,24.5,31.0,1.0,1.5,36.4,-9.5,-13.0,125.0,191.0,160.5,203.5,21.5,23.0,1.5,2.0,40.0,-15.3,-13.7,0
150.6,118.0,223.4,189.2,23.2,18.2,1.7,1.1,30.0,12.7,7.4,208.5,153.6,278.2,244.2,35.0,27.2,1.3,1.3,30.0,16.7,9.6,1
149.3,153.3,250.8,247.2,21.3,30.7,3.7,1.8,55.6,-2.0,4.1,165.8,198.0,236.8,222.0,31.0,26.3,0.8,1.8,11.1,-6.1,-7.7,1
261.7,89.0,181.3,281.7,34.0,24.7,2.7,2.0,70.0,1.3,-3.4,173.0,54.8,203.8,192.5,36.0,12.0,2.3,2.5,40.0,8.7,-6.4,0
95.8,181.5,174.3,238.8,17.8,27.5,3.0,1.8,70.0,-4.2,-1.8,76.2,152.4,256.8,308.2,27.0,37.6,0.8,0.4,50.0,-6.2,-4.5,0
152.8,201.3,320.5,268.8,31.5,39.8,2.0,2.8,60.0,-7.0,-1.2,145.3,252.3,169.7,193.3,19.0,32.7,2.7,1.7,40.0,-14.0,-13.5,1
111.8,65.4,343.7,284.3,31.6,21.0,2.0,2.6,9.1,6.9,-1.1,177.3,121.0,252.3,152.9,36.9,18.8,0.9,1.7,50.0,13.1,-0.2,1
174.5,260.5,251.0,214.8,29.3,41.2,1.3,1.3,80.0,-14.6,-11.6,168.3,315.3,243.3,216.5,27.3,42.7,0.8,1.8,20.0,-6.8,-4.6,0
142.0,159.6,227.9,255.2,23.5,28.4,1.3,1.4,77.8,-0.1,2.6,162.1,157.8,267.9,209.8,32.9,18.2,1.2,2.8,77.8,16.3,5.8,0
201.0,70.0,263.0,321.5,35.5,24.0,0.5,2.0,70.0,2.6,-7.1,183.0,129.0,237.0,291.7,29.0,39.0,1.7,1.7,50.0,-9.4,-5.1,1
137.9,164.0,374.0,287.6,33.7,31.3,1.6,2.6,70.0,9.1,2.4,167.2,153.8,182.7,172.5,22.8,27.2,2.2,1.0,70.0,-2.0,-2.3,0
114.6,173.3,283.2,214.8,26.1,32.2,1.9,1.1,60.0,-6.7,-6.1,194.2,106.4,214.8,277.9,28.4,23.2,1.2,2.2,60.0,-7.8,-12.2,0
93.0,143.2,264.7,234.3,24.7,24.4,1.4,1.2,55.6,6.7,6.6,150.5,96.3,221.9,194.4,29.5,19.1,1.4,1.9,66.7,13.7,6.3,1
209.3,77.0,135.0,195.8,25.5,21.3,1.3,1.8,60.0,3.3,-1.7,93.5,124.3,314.0,176.8,26.3,14.3,1.3,0.5,18.2,7.2,1.9,0
308.3,149.0,127.0,273.9,35.9,33.2,1.2,1.7,90.0,3.8,-1.3,119.1,191.9,269.0,265.1,28.1,34.3,1.8,2.2,50.0,-5.8,-4.4,0
160.0,104.5,237.5,247.5,29.5,19.0,1.5,1.5,70.0,6.8,-1.2,62.5,182.5,226.5,258.0,18.5,29.5,3.0,3.0,60.0,-2.0,-3.4,0
86.2,98.0,236.6,190.6,18.2,21.2,1.8,1.8,60.0,-6.6,-11.0,143.8,191.3,173.8,213.3,24.3,34.0,1.8,1.8,40.0,-19.0,-14.4,0
208.2,180.9,214.4,166.9,33.9,21.8,1.2,2.1,40.0,6.2,-1.4,213.9,162.9,192.2,222.4,29.1,26.7,0.8,1.7,50.0,-9.6,-11.7,1
150.2,100.2,350.4,211.6,43.8,20.4,1.4,1.2,80.0,15.8,1.2,256.3,163.0,213.5,229.3,34.8,34.8,2.3,1.5,22.2,-2.6,-9.6,1
147.0,151.0,126.3,218.7,25.7,26.3,2.7,2.7,90.0,7.9,6.9,203.5,86.5,275.0,200.0,43.5,17.0,0.5,3.0,60.0,16.9,-2.2,1
161.5,113.8,287.3,299.5,29.2,28.5,0.6,1.4,70.0,1.3,-0.5,172.4,138.3,243.6,266.5,28.9,30.4,1.3,1.5,60.0,-5.4,-5.3,1
210.2,156.8,312.7,233.2,37.7,29.9,2.0,2.1,60.0,6.7,-0.7,211.4,146.6,178.1,200.9,21.8,21.9,2.0,1.6,80.0,-7.0,-9.9,0
201.5,202.5,242.5,300.0,32.0,39.0,1.8,1.7,77.8,-1.3,0.9,91.7,105.0,231.7,181.7,27.7,20.2,1.7,1.5,80.0,8.2,2.6,1
147.6,137.9,215.9,237.1,27.6,25.3,1.3,2.5,50.0,-5.1,-7.9,169.8,155.3,261.3,183.3,38.4,20.4,1.7,1.7,70.0,11.6,0.7,0
112.0,161.0,243.9,189.9,24.9,17.0,1.3,1.9,40.0,14.4,8.9,106.9,169.9,303.9,264.6,24.6,34.7,2.0,0.9,40.0,0.8,1.9,0
181.8,131.3,256.2,248.9,30.7,29.4,2.1,1.7,60.0,-10.3,-11.1,243.0,219.1,199.4,263.6,27.5,33.7,1.9,0.9,60.0,-11.3,-10.6,0
116.5,116.5,324.3,232.5,35.0,16.5,0.8,1.8,70.0,13.1,0.3,177.0,98.0,210.3,207.3,28.7,13.3,2.3,4.0,70.0,8.6,-6.1,0
154.5,104.3,320.0,294.8,37.8,33.5,2.0,1.0,77.8,16.2,8.0,139.3,179.3,243.3,279.3,31.5,38.0,1.3,1.0,90.0,-2.1,1.7,0
136.8,127.6,252.4,224.1,36.2,24.1,1.7,3.0,50.0,1.8,-4.5,183.4,141.1,213.3,230.3,28.5,26.2,0.7,1.5,50.0,-5.1,-7.9,1
207.1,119.4,352.1,230.9,49.3,18.6,0.7,1.6,100.0,28.8,6.3,125.2,160.5,224.3,170.7,25.0,14.3,1.0,2.0,40.0,13.6,5.6,0
146.8,152.0,291.0,253.5,28.8,25.8,1.5,1.3,55.6,-8.3,-13.0,137.0,245.4,151.6,288.6,20.6,47.0,1.6,1.6,0.0,-38.2,-22.2,1
237.0,131.0,177.8,181.3,37.1,20.9,1.8,2.2,90.0,17.4,6.6,164.6,109.6,248.3,205.6,30.0,22.9,1.8,1.8,70.0,9.0,3.7,1
92.3,82.3,186.7,222.8,16.0,25.8,2.2,2.5,9.1,-4.5,-2.3,170.7,160.7,174.3,205.0,25.7,18.0,1.2,1.7,50.0,8.4,2.4,0
246.0,42.0,135.0,129.0,27.0,7.0,1.0,2.0,80.0,3.6,-7.1,123.0,85.0,243.0,323.0,24.0,31.0,2.0,2.0,60.0,-2.3,-1.2,0
89.3,132.7,197.7,277.3,21.7,31.0,2.3,1.7,60.0,-3.7,1.0,118.3,193.0,162.0,220.7,15.3,34.7,1.3,1.3,36.4,-8.4,2.8,0
239.9,126.1,216.6,184.1,37.1,17.1,0.8,1.5,80.0,20.0,7.1,116.9,134.9,208.3,261.6,17.1,34.1,1.7,1.0,100.0,1.1,6.7,1
147.3,178.4,372.7,271.9,38.3,30.0,1.9,2.3,70.0,6.7,3.4,117.6,151.7,239.1,282.6,21.0,33.6,1.4,1.1,70.0,-5.5,2.8,1
164.0,125.8,156.7,246.8,15.3,22.2,1.7,2.3,50.0,-13.0,-11.0,215.6,197.9,213.6,209.1,32.7,28.1,1.6,1.0,70.0,-2.2,-6.7,0
209.5,144.5,190.5,243.0,30.5,17.5,0.5,1.5,70.0,4.3,-11.7,148.5,254.5,354.0,232.5,34.5,41.0,2.5,1.5,10.0,-26.5,-24.4,0
255.0,114.0,181.8,170.6,39.8,12.8,0.2,1.2,80.0,22.2,4.9,218.0,120.8,259.8,207.2,28.4,17.2,1.0,0.8,70.0,12.6,4.4,1
356.0,188.2,20.8,182.8,26.2,22.7,1.0,1.5,55.6,-0.2,-7.6,106.3,192.3,247.3,206.8,20.5,28.5,2.2,1.3,50.0,-10.8,-10.9,0
251.0,75.0,293.3,181.7,39.0,10.0,2.0,2.3,44.4,31.1,8.7,284.0,205.5,245.5,154.5,46.5,36.5,1.0,0.5,11.1,-13.0,-18.9,0
181.3,137.9,238.1,213.7,31.2,23.0,1.7,2.6,10.0,-2.2,-8.3,169.3,127.5,231.9,279.8,31.3,26.7,1.3,2.1,70.0,1.6,-4.2,1
160.4,138.9,252.6,205.3,29.2,20.7,2.2,1.1,80.0,10.9,10.9,305.1,183.9,89.4,234.5,28.7,30.0,1.3,2.0,80.0,-1.8,-1.8,1
162.5,103.8,200.5,188.5,30.3,14.8,1.3,3.0,72.7,6.7,-3.3,177.2,129.2,214.5,178.7,35.0,18.5,2.0,3.7,70.0,12.3,4.5,1
106.5,223.0,210.0,139.5,17.0,24.0,3.0,0.0,10.0,-9.7,-17.3,129.0,101.0,164.0,315.5,19.0,39.5,1.5,2.0,40.0,-15.1,-6.2,1
191.4,85.4,182.4,168.7,30.3,11.2,1.6,2.5,100.0,16.2,2.6,122.8,122.6,229.3,162.2,24.9,15.9,2.1,2.8,60.0,8.0,1.2,0
0.0,0.0,0.0,0.0,39.6,24.1,0.8,0.8,40.0,19.5,9.8,0.0,0.0,0.0,0.0,20.5,35.3,0.4,0.3,50.0,-13.6,-7.5,1
91.0,178.2,404.4,266.8,39.0,22.4,0.6,3.0,77.8,7.3,-0.9,118.5,178.5,296.0,207.3,30.3,23.8,2.3,3.0,11.1,4.3,0.2,1
141.6,213.8,341.8,267.0,39.6,35.9,1.4,1.5,70.0,6.6,3.0,181.0,220.5,189.3,293.8,23.8,42.4,1.6,1.1,70.0,-11.6,-2.4,0
180.3,112.0,248.9,246.9,31.5,18.8,1.5,2.0,70.0,9.3,1.0,142.4,135.3,248.5,173.0,28.5,17.0,2.3,2.4,70.0,8.1,-0.5,0
142.3,110.0,179.0,185.0,19.3,21.3,0.8,2.8,30.0,-10.6,-8.8,143.2,192.2,185.4,240.6,21.4,40.4,2.2,1.8,50.0,-18.9,-9.2,1
166.1,199.8,255.0,232.4,30.0,36.4,2.0,1.5,50.0,-15.2,-16.8,104.5,182.5,324.8,255.8,27.9,32.3,2.1,1.5,0.0,-16.5,-11.4,0
124.7,251.0,219.3,135.3,19.3,23.0,1.0,0.7,50.0,-9.1,-6.7,133.3,229.7,43.0,303.0,2.0,39.7,1.3,2.0,40.0,-18.7,-7.9,0
179.9,133.1,231.4,223.8,29.0,21.4,1.1,1.3,60.0,16.8,12.0,248.1,163.3,204.4,186.6,29.0,23.7,1.4,1.2,30.0,1.3,-5.8,1
172.7,202.3,246.0,232.3,32.3,36.7,2.3,1.0,50.0,-3.1,-4.4,111.7,190.3,320.7,322.0,25.0,44.7,2.7,0.0,60.0,-10.2,-10.5,0
261.7,149.3,194.0,251.7,26.7,20.7,1.7,0.7,40.0,9.3,7.2,151.5,95.0,173.0,209.5,18.5,18.0,2.0,2.0,55.6,10.0,1.4,1
199.2,118.3,193.0,282.4,29.5,21.6,1.2,2.6,88.9,7.6,1.1,152.5,208.3,227.1,187.5,23.2,31.8,1.3,0.7,55.6,-7.7,-6.0,1
97.2,128.2,226.8,249.0,25.8,30.7,2.7,0.8,90.0,4.6,7.2,140.4,196.0,138.6,127.0,13.6,18.8,1.6,2.0,80.0,-1.8,-5.0,1
184.9,210.1,225.1,222.8,30.1,25.8,2.1,1.6,30.0,5.9,3.0,114.2,148.0,240.0,214.9,19.6,26.1,2.1,2.1,80.0,-4.8,-1.8,0
181.6,90.7,137.7,223.9,25.4,16.7,1.1,1.4,80.0,-1.0,-6.9,112.1,150.9,199.0,254.1,20.2,31.4,1.8,1.4,80.0,-17.7,-9.4,0
165.1,152.5,260.5,295.4,32.5,31.6,1.8,1.4,40.0,-2.6,-4.1,167.7,115.4,199.3,228.8,27.1,26.9,2.0,1.6,80.0,-3.8,-7.1,1
105.3,119.4,260.8,204.6,20.6,17.6,1.5,1.4,60.0,-0.3,-1.7,247.3,225.2,124.5,203.2,24.2,32.0,1.5,0.5,55.6,-5.6,-7.1,1
226.4,195.6,149.3,194.0,29.4,32.3,0.9,1.6,20.0,-12.4,-9.7,72.7,188.4,297.1,294.1,19.6,35.7,2.0,1.4,70.0,-16.5,-9.2,1
204.3,206.2,213.4,250.1,31.2,33.8,1.7,2.2,50.0,-11.2,-9.5,131.1,130.0,251.6,240.8,28.1,29.0,1.8,2.2,70.0,-3.4,-6.0,0
204.0,167.5,329.5,283.9,34.4,33.4,1.6,1.6,77.8,8.4,5.3,121.4,166.6,255.3,191.9,26.1,27.3,1.3,1.5,80.0,-2.7,-2.3,0
149.9,144.0,223.1,210.5,20.5,21.3,0.6,1.8,60.0,-0.5,-1.2,94.9,233.0,217.1,196.2,22.0,30.3,1.5,0.6,30.0,-3.1,3.3,1
99.0,120.0,400.0,72.0,31.0,7.0,3.0,2.0,20.0,12.0,-12.4,122.5,103.5,192.5,139.5,30.5,12.0,1.0,2.0,90.0,13.1,6.5,0
231.9,106.9,282.7,307.9,38.4,30.4,1.0,1.3,90.0,14.5,5.7,114.0,242.8,182.3,246.5,16.3,39.1,1.9,1.0,30.0,-15.0,0.8,0
137.0,84.0,261.0,288.2,24.6,21.0,1.6,1.8,70.0,4.3,-1.9,106.4,227.4,231.2,276.8,16.8,34.8,1.4,1.8,80.0,-10.5,-3.9,1
315.6,120.9,122.2,250.5,34.1,27.2,1.4,1.8,33.3,-0.7,-6.6,136.6,218.7,245.5,191.6,23.7,25.9,1.4,1.6,22.2,-13.0,-11.9,1
93.0,139.3,314.3,182.3,25.3,16.7,1.0,1.0,90.9,8.3,-1.0,213.3,137.7,236.3,127.3,41.3,15.0,0.7,2.0,100.0,7.4,-9.9,0
144.0,79.0,318.0,338.5,38.0,29.5,3.0,2.0,18.2,-1.0,-11.8,237.7,141.3,185.0,182.0,41.0,14.0,1.3,3.3,60.0,11.2,-0.7,1
128.8,133.8,146.3,212.3,22.0,18.8,0.5,2.3,30.0,0.7,-1.8,134.8,136.0,182.8,101.0,21.0,17.0,2.3,0.8,40.0,-0.5,-3.2,1
240.5,114.8,162.3,176.5,31.8,14.3,1.8,2.8,44.4,3.3,-7.5,68.5,264.3,188.0,186.8,17.3,42.5,2.3,0.5,33.3,-11.4,-4.6,1
120.0,100.2,247.5,232.7,23.9,20.2,1.9,2.3,50.0,5.1,2.7,134.0,162.8,196.7,223.4,23.9,24.6,1.2,2.1,40.0,0.8,1.3,0
116.4,106.6,203.9,227.1,19.1,19.7,1.2,1.1,70.0,-3.0,-3.4,118.0,98.6,186.4,299.3,21.1,24.8,2.0,2.3,72.7,-3.9,-3.8,1
306.0,182.0,70.3,220.7,15.0,33.0,2.0,1.7,55.6,-14.3,-10.5,140.3,161.0,210.7,273.0,13.0,25.7,3.0,2.3,50.0,-14.8,-14.4,1
104.0,156.0,201.6,219.4,19.1,25.9,2.6,1.7,60.0,-8.2,-7.4,60.2,144.9,171.8,156.3,9.3,26.1,2.2,1.5,50.0,-18.2,-8.1,1
260.9,162.2,315.4,263.6,49.5,30.7,0.9,0.7,77.8,21.0,5.6,147.9,135.4,340.4,253.3,39.7,24.0,1.4,2.1,40.0,17.2,6.1,0
182.8,165.1,260.2,279.1,32.3,31.1,2.0,1.3,40.0,-2.6,-4.4,142.4,171.1,205.1,220.1,19.4,30.5,2.7,1.3,30.0,-17.7,-11.1,0
117.0,110.5,340.0,122.0,34.5,15.5,2.0,1.0,70.0,4.2,-3.2,233.5,37.5,204.0,286.5,41.0,18.5,0.5,1.5,30.0,13.1,1.9,1
142.5,29.0,275.0,358.5,37.5,22.5,2.0,5.5,9.1,10.3,-2.9,259.0,-8.0,121.0,130.0,33.0,3.0,0.0,3.0,90.0,13.7,-5.2,0
124.0,136.4,300.5,239.2,34.4,22.9,2.5,2.1,50.0,15.5,3.6,343.6,158.0,121.9,236.5,37.1,24.5,1.5,2.5,90.0,13.4,4.1,0
173.4,123.0,233.9,247.1,26.6,17.8,1.7,1.2,60.0,7.4,2.9,295.0,152.8,208.2,234.3,37.0,26.2,1.3,1.2,60.0,11.8,6.2,1
194.6,185.2,248.5,185.7,28.0,27.2,2.4,1.0,77.8,4.1,2.9,155.2,192.3,271.2,281.0,34.8,32.3,0.2,2.0,66.7,10.8,6.3,0
155.5,130.5,253.1,256.5,31.4,20.8,1.7,2.3,60.0,11.3,4.1,65.1,218.1,163.5,173.4,10.0,31.9,2.2,1.3,30.0,-14.7,2.2,1
297.0,97.7,188.3,136.3,45.3,11.7,2.0,1.3,70.0,14.8,1.3,287.3,131.0,266.3,231.7,43.7,27.7,2.0,1.0,70.0,5.5,-3.9,0
228.3,158.7,132.3,185.6,28.7,22.6,1.7,2.4,60.0,3.8,-1.0,272.1,168.6,189.9,203.3,39.7,23.6,2.1,1.9,70.0,11.9,2.9,0
112.9,119.3,178.0,182.3,27.4,24.7,1.7,1.3,80.0,4.2,0.4,109.4,167.1,211.1,189.4,18.0,25.4,2.4,2.0,81.8,-2.7,0.0,1
205.1,178.6,186.4,156.3,32.7,19.4,1.1,1.9,60.0,16.5,8.6,150.7,97.1,282.0,193.4,35.4,10.6,1.4,2.9,90.9,25.2,11.0,1
132.6,122.4,222.2,224.9,23.1,25.2,1.8,1.8,50.0,-12.9,-9.8,153.9,272.9,195.3,173.6,17.4,33.3,1.3,1.1,50.0,-23.5,-13.2,0
262.3,156.3,209.7,327.0,35.0,39.0,1.0,0.3,40.0,-8.4,-6.5,152.0,212.5,302.5,274.0,22.5,27.0,2.5,2.0,70.0,0.0,-5.6,0
164.0,224.7,252.5,249.2,28.8,32.2,1.5,1.7,30.0,-4.3,-5.7,168.4,226.6,152.6,235.4,20.8,38.8,1.4,1.8,20.0,-8.8,-2.6,0
79.5,123.5,252.5,161.0,31.5,14.5,1.0,1.5,50.0,12.1,-0.5,138.5,140.0,231.0,288.5,31.5,38.0,1.0,1.5,30.0,-8.9,-10.3,1
224.6,154.3,268.9,255.4,41.1,28.1,0.6,1.4,60.0,16.4,7.4,192.4,123.6,254.7,258.1,36.1,21.8,1.0,1.1,70.0,20.6,12.1,1
221.0,136.0,147.0,148.0,31.0,10.0,2.0,0.0,88.9,13.1,-3.5,422.0,85.0,184.0,245.0,49.0,16.0,1.0,1.0,77.8,13.9,-8.1,0
178.7,162.4,222.0,217.8,35.2,22.5,1.2,2.0,40.0,4.8,-4.5,214.3,205.8,257.1,253.9,35.0,31.5,1.3,1.2,40.0,-4.0,-6.6,1
389.0,105.0,284.0,168.0,55.0,13.0,0.5,0.0,70.0,11.4,-12.3,108.0,111.5,258.0,221.0,27.0,25.5,2.5,2.0,80.0,2.5,-4.6,1
308.5,376.5,98.5,157.0,23.5,44.5,3.0,0.5,70.0,-18.9,-9.1,142.0,253.0,288.0,210.0,29.0,36.5,2.5,2.5,30.0,-23.3,-23.0,0
87.5,217.0,208.5,182.5,14.5,31.0,2.0,1.0,60.0,-4.7,0.3,89.5,182.0,204.5,255.0,15.0,45.0,2.0,2.0,60.0,-23.1,-17.9,0
0.0,0.0,0.0,0.0,26.2,21.6,0.7,0.5,90.0,3.0,-0.6,0.0,0.0,0.0,0.0,29.0,33.9,0.7,1.1,90.9,-2.9,-1.2,0
212.7,168.0,309.7,202.3,41.7,29.0,0.7,1.3,90.9,16.7,9.2,224.8,153.0,192.6,129.8,28.6,19.0,0.4,1.0,20.0,12.0,9.0,0
246.1,135.7,182.1,216.0,31.9,25.7,0.8,1.3,55.6,13.4,9.3,166.7,209.0,257.6,168.7,29.2,22.3,1.6,1.6,100.0,10.3,4.8,0
164.0,205.5,409.7,372.0,43.5,46.0,2.5,1.3,50.0,2.5,2.9,176.0,186.4,169.1,232.1,15.3,32.0,2.0,1.7,50.0,-7.3,0.8,0
62.3,140.0,316.0,251.0,25.8,28.4,2.4,2.4,70.0,1.4,3.1,171.1,104.0,209.5,243.1,25.6,23.9,2.6,2.1,30.0,6.0,3.2,1
403.0,76.0,6.0,283.0,28.0,23.0,2.0,1.0,80.0,-5.5,-13.1,142.5,320.0,228.5,175.5,22.0,41.5,2.0,1.5,30.0,-5.7,5.2,0
218.7,74.0,250.0,142.3,37.3,10.0,1.7,1.7,70.0,8.5,-12.1,138.5,24.0,201.5,188.5,13.5,20.5,4.5,1.0,18.2,8.8,5.8,0
115.0,152.0,275.8,231.1,26.3,24.2,1.4,1.8,88.9,6.9,2.9,124.0,262.6,172.3,208.7,21.3,39.8,1.8,1.7,66.7,-16.6,-8.5,0
156.7,308.0,294.0,139.3,24.3,31.7,1.7,0.7,44.4,-11.4,-4.6,137.5,268.0,130.5,200.0,28.0,35.0,2.5,3.5,66.7,-8.7,-12.6,1
73.0,128.5,329.5,314.5,29.5,38.0,3.0,1.5,50.0,-4.5,-7.6,106.5,248.0,239.5,281.0,29.0,40.5,2.0,1.0,72.7,-26.0,-20.6,1
83.5,203.3,151.5,314.5,16.5,43.8,1.0,1.3,30.0,-27.2,-15.4,191.4,104.8,233.6,160.8,32.8,15.8,1.2,1.0,40.0,9.2,-3.8,0
269.0,120.8,191.3,215.5,31.8,14.0,1.5,1.3,90.9,16.2,0.2,178.0,159.5,187.0,288.3,32.3,34.5,1.0,1.3,80.0,-6.3,-6.4,0
114.6,228.7,283.0,198.6,27.0,26.9,1.3,1.3,60.0,-2.5,-4.6,140.1,210.3,213.9,268.3,21.3,31.8,1.4,1.4,40.0,-13.2,-7.9,0
98.0,158.4,247.8,212.8,23.4,23.8,2.0,2.0,30.0,-4.0,-3.8,120.3,222.2,247.8,175.3,25.0,25.7,2.0,2.7,36.4,-6.0,-3.9,1
112.1,112.8,230.3,219.4,24.5,21.3,1.8,2.3,18.2,4.8,2.4,135.0,147.4,263.5,175.9,27.8,18.9,2.0,2.2,70.0,7.2,0.2,0
143.0,89.7,289.0,265.0,27.3,23.7,4.3,1.7,80.0,9.5,7.0,184.0,101.5,232.0,337.5,31.0,23.5,2.0,1.0,70.0,0.5,-9.2,1
133.8,161.0,303.5,308.3,29.2,31.2,2.1,1.9,90.9,2.6,0.8,150.4,195.5,240.0,235.9,24.4,29.9,1.8,1.5,50.0,-5.9,-4.5,1
108.0,174.6,161.5,171.4,23.6,20.9,1.1,2.9,44.4,-3.2,-5.8,303.4,274.0,101.0,157.8,30.5,35.3,1.6,0.9,33.3,-3.3,-3.6,0
59.0,225.0,79.0,180.0,7.0,35.0,1.0,2.0,20.0,-7.6,-7.9,150.0,428.0,140.0,24.0,16.0,37.0,2.0,1.0,33.3,-8.9,-10.4,1
117.3,133.8,159.5,223.5,18.3,26.0,3.0,1.3,60.0,-9.9,-12.0,62.0,250.4,238.6,261.4,27.6,36.8,2.8,3.2,30.0,-11.8,-5.8,0
195.0,81.0,348.0,456.0,51.0,52.0,2.0,3.0,50.0,0.8,-7.7,61.0,251.0,122.0,323.0,7.0,45.0,0.0,2.0,36.4,-21.3,-18.4,0
61.0,237.0,300.0,246.0,17.0,31.0,1.0,2.0,22.2,-7.5,-9.3,131.0,243.0,374.0,232.0,31.0,52.0,4.0,0.0,22.2,-14.8,-15.4,0
139.0,155.0,223.7,205.7,19.0,22.0,1.0,1.7,60.0,-0.6,-5.9,101.0,242.3,206.0,291.3,16.5,47.8,1.5,1.3,0.0,-29.4,-4.4,1
201.3,130.8,183.9,205.1,31.1,21.5,0.9,1.3,30.0,9.5,1.1,91.1,160.6,315.0,232.3,24.6,29.5,1.8,1.0,100.0,-7.2,-6.7,0
285.5,205.0,301.5,130.0,39.0,11.5,2.0,2.5,55.6,14.6,-13.4,75.0,173.5,414.0,299.0,36.0,34.0,1.5,1.5,11.1,9.4,-3.0,0
193.2,172.8,316.8,285.8,35.2,30.0,1.0,2.0,66.7,1.7,-4.7,131.2,136.8,262.7,258.7,24.7,26.5,1.0,0.7,55.6,-2.8,-6.7,1
71.5,194.8,161.6,162.5,16.0,30.1,1.9,2.1,80.0,-8.4,1.0,103.9,181.4,217.3,273.9,20.1,30.5,1.9,1.9,30.0,-5.5,3.6,1
108.3,117.7,158.7,191.7,22.7,18.7,2.0,3.0,9.1,6.0,-2.0,147.0,117.0,254.0,322.0,31.7,27.7,2.0,3.0,50.0,6.7,3.4,0
200.9,143.2,178.4,145.4,28.8,16.8,2.0,1.6,80.0,11.9,5.7,231.4,131.6,166.3,281.4,29.5,24.3,1.1,1.8,50.0,2.0,-2.1,0
194.3,100.8,274.5,122.8,38.3,17.0,1.5,1.0,60.0,13.4,3.1,157.8,83.0,197.8,276.3,28.3,23.0,1.0,1.0,50.0,5.3,3.3,1
157.7,141.7,290.0,184.7,41.0,18.0,1.3,3.0,11.1,12.0,-2.8,167.5,87.0,219.0,253.0,34.5,18.0,0.5,1.0,44.4,8.6,-7.8,1
168.5,153.5,410.0,303.5,45.0,19.0,0.5,0.5,100.0,22.6,5.7,-8.0,253.0,178.5,210.5,3.0,44.0,4.0,1.0,70.0,-15.7,1.0,1
224.7,151.2,195.5,228.7,32.5,22.2,1.0,1.1,66.7,14.9,7.7,179.5,122.2,138.2,204.0,18.8,17.9,1.4,1.7,55.6,3.6,2.7,1
194.7,88.7,242.7,198.0,33.3,16.0,1.0,2.3,30.0,4.8,-6.3,-4.7,237.3,119.7,114.0,4.3,34.0,2.7,1.7,80.0,-10.0,7.5,1
217.5,204.1,272.4,201.6,40.8,20.0,1.0,1.9,44.4,16.1,1.4,146.8,169.2,199.8,176.7,28.4,26.3,1.7,1.9,33.3,8.4,4.2,1
100.0,134.5,213.5,250.0,15.5,27.5,2.5,1.5,55.6,-2.7,0.9,187.0,194.7,230.3,202.0,25.7,27.0,2.0,1.0,22.2,-3.8,-8.9,0
153.2,148.7,244.8,221.0,25.4,26.6,2.1,1.5,30.0,3.0,1.8,132.8,154.6,266.8,212.5,21.6,31.1,2.4,1.1,81.8,-8.7,-3.8,1
135.6,137.0,228.7,231.7,23.4,17.6,1.1,1.1,40.0,12.7,5.5,141.1,95.9,279.1,243.3,25.7,23.6,1.3,0.6,100.0,13.1,10.8,0
194.0,133.8,285.0,286.6,34.4,27.6,1.2,1.8,44.4,-3.9,-8.0,191.4,168.2,286.0,241.0,44.6,35.0,0.8,0.6,60.0,-5.7,-12.5,0
220.1,110.5,148.0,200.9,27.9,20.6,1.0,1.9,77.8,0.8,-5.0,188.9,216.7,174.3,199.9,19.7,35.3,1.9,0.8,44.4,-19.7,-10.8,1
148.3,211.0,238.3,198.3,27.0,38.3,2.7,2.3,55.6,-3.3,-3.4,46.3,215.7,127.7,251.0,6.3,28.7,2.0,0.7,88.9,-6.3,-0.9,1
145.5,227.9,377.0,316.6,41.1,43.4,1.8,1.9,80.0,-7.7,-6.8,211.5,182.8,146.5,208.4,30.1,30.0,0.9,1.9,20.0,-10.7,-10.4,0
192.3,128.6,192.3,163.6,29.0,19.5,1.3,1.4,60.0,2.9,-5.3,189.5,186.0,262.0,275.0,31.8,31.8,1.6,1.2,90.0,-5.7,-6.4,0
204.3,128.8,264.8,311.3,31.8,29.5,1.3,1.3,44.4,-8.1,-10.4,239.5,126.0,215.3,288.0,36.3,28.0,1.0,2.5,60.0,-4.1,-8.7,1
184.3,95.3,222.0,261.7,29.7,26.0,1.7,1.3,44.4,-5.1,-8.1,129.5,213.3,178.0,253.0,17.3,36.3,1.0,0.8,77.8,-20.5,-7.2,1
122.1,200.3,253.3,197.4,21.6,28.9,1.9,1.3,50.0,-8.8,-7.9,376.1,174.7,94.6,235.6,33.4,28.4,2.0,1.0,77.8,4.3,0.3,1
147.7,98.8,197.7,182.1,25.4,10.3,1.7,1.9,70.0,14.5,5.6,83.7,162.7,222.4,213.5,22.5,28.9,2.6,2.1,30.0,-3.8,-0.2,0
221.2,122.2,177.6,303.8,27.0,24.8,1.6,2.2,30.0,-8.4,-9.7,294.8,284.7,93.2,211.7,24.0,32.0,1.3,1.8,70.0,-16.9,-11.6,1
148.1,111.0,238.3,278.9,27.3,27.1,2.4,1.7,40.0,0.0,-2.0,93.7,138.2,281.7,250.0,27.7,28.8,0.7,1.7,70.0,0.0,-2.0,1
135.8,91.0,339.0,304.7,31.5,27.2,1.7,1.3,55.6,6.5,3.2,76.0,113.7,256.6,259.4,21.4,28.7,2.3,0.9,44.4,0.6,1.0,0
206.9,102.3,231.9,180.1,35.0,12.5,1.5,1.3,40.0,12.2,-2.3,170.9,114.5,232.5,174.4,28.3,13.8,1.5,2.6,90.0,9.5,-0.1,1
196.7,107.3,353.6,261.5,46.3,20.2,0.8,1.7,100.0,28.1,8.1,190.9,108.8,243.9,350.8,33.8,23.4,1.3,1.7,30.0,11.1,4.6,1
198.5,75.1,168.5,180.5,31.7,12.5,1.4,1.9,80.0,14.6,1.8,129.5,139.5,171.0,168.3,17.1,16.0,2.0,1.5,40.0,1.9,-0.9,0
218.3,115.7,188.3,297.7,29.3,32.7,3.3,1.0,60.0,-2.0,-1.2,74.7,138.7,325.7,251.3,18.3,35.0,1.3,0.3,70.0,-3.2,6.5,0
186.8,112.4,144.3,233.2,21.8,22.9,1.7,2.3,50.0,-9.9,-10.1,50.3,243.1,277.8,156.0,20.9,35.2,2.4,2.3,30.0,-17.4,-10.6,0
219.9,166.9,296.5,302.8,43.4,26.3,0.6,2.1,90.0,23.0,7.7,192.4,120.9,150.1,271.4,30.1,22.3,0.9,2.1,80.0,12.9,6.2,1
89.8,121.8,233.5,294.0,18.0,33.3,2.0,1.3,60.0,-15.9,-12.1,105.3,160.0,280.3,274.3,27.0,30.7,1.3,2.3,30.0,-9.7,-7.2,0
178.4,118.5,235.3,360.6,31.1,26.7,1.3,1.6,30.0,9.0,6.0,113.5,138.6,255.1,201.0,25.0,15.4,1.0,1.7,40.0,15.2,8.6,1
155.0,180.0,383.0,399.0,51.0,49.0,1.0,2.0,70.0,-1.7,-5.1,41.0,199.0,196.0,372.0,7.0,49.0,2.0,1.0,72.7,-19.2,10.6,0
163.0,242.0,95.0,268.0,7.0,31.0,2.0,2.0,50.0,-5.0,5.7,168.7,106.0,187.7,314.3,23.3,25.7,1.7,1.3,80.0,-2.0,-1.6,1
319.0,99.7,277.3,317.7,43.7,23.0,0.7,3.3,80.0,6.7,-2.9,173.5,246.0,239.0,313.5,28.0,43.5,1.3,2.0,70.0,-15.4,-11.0,1
223.3,148.4,279.4,269.4,42.1,28.7,0.7,1.4,60.0,16.5,7.5,138.7,162.1,319.0,219.3,29.7,32.0,2.4,1.6,90.9,9.3,9.0,1
209.6,157.0,317.4,219.0,45.4,19.1,1.0,2.6,44.4,14.9,-2.4,290.7,126.4,220.8,207.6,38.7,20.2,1.0,2.1,77.8,5.5,-10.7,0
91.0,205.2,214.5,182.3,17.0,28.3,1.8,1.3,40.0,-14.8,-8.2,153.3,170.8,215.8,174.0,23.5,27.2,1.7,1.5,50.0,-9.3,-5.0,0
97.2,188.4,375.0,174.2,29.8,27.4,2.2,1.6,20.0,10.7,7.0,212.4,122.2,165.0,240.0,29.6,27.4,1.4,1.4,90.9,-1.2,-4.8,0
140.3,151.5,288.5,253.8,28.8,28.8,1.8,1.8,30.0,-0.5,-5.1,91.0,195.5,270.8,251.5,23.5,34.3,1.8,2.5,77.8,-2.6,-0.3,0
184.5,124.9,204.3,232.5,29.0,20.1,1.8,1.7,50.0,11.1,3.8,154.9,133.3,199.5,169.8,29.6,21.2,1.8,2.3,30.0,13.1,5.0,1
140.0,186.2,198.3,243.3,27.0,34.3,1.2,1.9,50.0,-5.7,-1.3,157.4,140.6,204.4,158.4,25.3,19.0,1.5,1.4,30.0,3.8,-1.9,0
207.9,102.3,224.0,297.7,37.7,27.9,2.9,2.1,60.0,1.3,-5.6,88.4,191.1,254.9,282.9,17.1,38.8,2.6,1.0,30.0,-15.9,-2.4,1
168.0,92.2,112.4,247.2,14.0,22.2,1.6,2.4,30.0,-7.5,-3.2,79.6,160.2,342.6,164.6,25.6,23.0,1.8,1.0,90.9,5.9,0.7,0
169.1,281.3,252.2,262.2,25.1,40.2,0.9,1.6,20.0,-9.7,-5.8,141.1,202.4,337.9,251.0,29.4,34.1,2.1,1.6,30.0,-6.0,-5.3,0
221.6,112.2,295.1,308.2,38.9,31.0,1.8,1.0,100.0,13.3,8.2,164.9,268.2,184.1,282.6,23.2,46.2,1.9,1.4,50.0,-13.2,-2.1,0
277.5,149.5,298.0,192.5,49.5,20.5,1.0,0.5,30.0,16.2,5.1,102.0,331.3,264.7,245.3,16.3,47.3,2.7,2.0,30.0,-28.6,-9.1,1
113.0,117.0,343.0,340.0,35.5,34.2,1.8,1.0,77.8,2.6,-2.6,198.6,171.2,220.4,224.2,30.0,26.4,0.6,1.8,70.0,-8.3,-12.0,1
212.5,165.3,211.5,195.3,38.5,20.0,0.9,1.9,30.0,12.8,1.4,125.4,158.5,261.0,193.3,27.4,23.0,1.4,2.0,40.0,5.7,2.6,0
144.5,221.0,427.0,311.0,51.0,37.5,1.0,0.5,70.0,-12.1,-10.8,148.0,257.0,292.0,320.0,27.0,45.0,2.0,2.0,50.0,-22.4,-19.2,0
121.0,150.5,316.0,416.0,30.5,37.5,1.0,1.0,30.0,9.6,9.0,328.0,88.0,131.0,203.0,45.0,21.0,1.0,1.0,90.0,20.8,9.5,0
203.3,200.8,304.6,328.7,35.9,38.4,2.0,2.1,70.0,2.7,3.6,118.7,119.0,180.7,253.1,23.7,25.8,1.7,1.3,80.0,4.4,3.9,1
138.3,140.3,253.3,208.1,27.8,26.1,1.9,1.8,60.0,-0.6,-5.1,283.7,200.0,191.1,228.6,35.2,32.8,2.3,1.6,40.0,-7.8,-8.5,1
126.9,179.5,286.2,237.6,30.1,33.8,1.2,2.8,40.0,-9.7,-7.6,135.5,213.9,308.5,229.9,28.9,32.8,1.3,2.1,72.7,-13.6,-13.2,0
172.5,102.0,260.0,148.5,33.5,15.5,1.0,2.5,72.7,0.0,-17.3,168.5,91.5,140.0,144.5,20.0,10.0,1.5,0.5,70.0,2.9,-6.4,1
186.7,57.7,212.3,152.3,42.7,4.7,0.3,4.0,80.0,30.8,4.2,115.5,315.0,221.5,281.5,18.5,43.5,2.0,3.0,40.0,-21.0,-16.0,1
149.8,179.4,205.6,230.4,24.4,24.5,1.4,1.8,11.1,-4.6,-7.1,143.0,205.4,175.9,185.5,18.4,29.5,1.6,1.0,22.2,-24.8,-15.9,1
138.8,100.8,225.0,234.1,29.0,17.8,1.6,3.0,60.0,6.2,-1.2,133.4,81.6,248.6,241.1,30.3,17.6,1.3,1.6,30.0,10.7,3.3,1
135.3,156.3,290.3,263.5,36.4,27.2,1.2,2.3,20.0,12.6,7.2,146.3,125.1,225.3,272.2,27.7,21.9,1.5,2.7,70.0,2.2,-1.5,0
164.9,137.5,191.8,231.4,26.3,27.8,1.7,2.6,60.0,-8.5,-8.0,105.0,195.1,282.7,204.9,22.9,27.0,2.6,1.6,60.0,-7.4,-8.3,1
296.0,109.8,255.2,255.7,46.8,19.0,0.7,2.8,80.0,10.6,-5.9,161.5,122.7,199.3,222.8,13.2,17.8,2.5,1.2,80.0,1.7,2.6,1
164.5,130.2,271.2,161.2,34.7,25.5,1.7,1.7,18.2,11.5,8.9,104.2,231.6,203.4,262.2,18.6,42.0,1.4,1.2,70.0,-6.6,8.2,0
161.0,126.5,337.0,323.5,46.0,30.5,0.5,1.0,10.0,15.2,-4.8,190.0,77.0,194.3,251.0,31.0,19.0,1.0,1.0,50.0,15.5,4.7,1
215.0,146.7,159.1,218.9,26.4,20.2,1.5,1.4,30.0,12.4,7.3,144.2,223.3,287.6,192.3,30.0,26.4,1.2,1.0,44.4,8.0,2.9,0
160.0,121.5,193.0,264.0,23.1,32.1,2.1,0.9,70.0,-13.6,-9.6,170.8,183.9,236.3,223.8,26.3,23.3,1.1,1.5,40.0,-4.3,-7.5,1
110.9,122.1,369.5,261.3,36.9,29.5,0.6,1.1,70.0,8.1,0.3,227.3,108.5,282.9,300.3,39.8,27.9,0.9,1.5,90.0,15.8,5.6,0
139.0,68.5,342.0,265.5,34.0,29.0,1.0,0.5,70.0,11.3,1.0,61.0,184.5,117.5,263.5,5.0,41.0,3.0,2.0,50.0,-20.3,10.9,1
159.3,162.2,230.5,337.2,30.8,29.2,0.8,2.2,20.0,0.6,0.3,152.3,163.8,195.0,232.0,20.0,25.3,2.0,1.7,70.0,-11.0,-7.1,0
182.0,73.0,197.0,165.0,34.0,12.0,0.5,1.0,70.0,14.5,-12.5,115.0,103.0,334.5,277.0,43.5,22.0,1.5,3.5,90.9,11.0,-8.7,0
102.3,147.8,194.0,246.4,18.0,27.0,1.7,0.8,30.0,-6.3,-2.5,203.6,139.1,224.2,201.4,31.3,23.0,2.0,2.1,40.0,-0.5,-5.0,0
82.5,129.5,204.0,294.3,16.8,27.0,2.3,1.5,50.0,-1.3,0.0,85.3,233.2,252.3,266.7,27.5,35.7,1.7,1.5,50.0,-9.5,-4.4,1
206.9,140.0,381.8,250.6,44.0,25.2,1.1,1.2,77.8,21.9,10.9,147.5,198.3,342.6,250.0,34.5,30.4,1.7,1.4,40.0,7.4,4.4,1
239.8,132.6,212.4,150.4,34.4,15.2,2.6,1.8,100.0,18.7,1.3,118.0,235.8,177.8,257.0,17.0,34.5,4.0,2.0,44.4,-9.0,-6.0,1
74.0,209.0,219.5,247.8,12.2,33.2,2.7,1.2,30.0,-13.1,-8.3,90.8,242.8,205.5,271.8,13.8,36.3,1.0,1.3,10.0,-24.9,-17.4,1
146.5,142.0,252.0,136.5,25.5,15.0,0.0,1.5,40.0,-4.5,-10.0,307.5,142.0,56.5,232.5,27.0,30.0,2.5,1.5,80.0,-4.2,-4.3,0
123.7,182.7,187.3,140.7,20.7,22.7,2.0,2.3,70.0,7.0,6.8,170.0,216.0,163.0,179.0,13.5,25.5,1.5,1.5,50.0,-15.0,-15.5,1
155.0,93.0,250.3,152.7,36.0,12.3,1.7,2.3,80.0,21.1,5.9,308.6,100.2,223.0,230.0,47.4,22.2,2.6,2.0,90.0,16.5,-1.1,1
142.4,171.0,187.2,200.2,25.4,35.8,1.8,1.2,60.0,-11.0,-4.7,123.2,109.0,169.0,238.6,20.6,27.2,3.2,2.0,80.0,-2.7,0.0,0
314.0,139.0,181.0,247.0,45.0,24.0,0.0,2.0,33.3,10.5,-1.7,88.3,150.0,254.0,275.0,13.0,30.3,4.7,1.7,55.6,-3.3,6.3,0
155.6,120.4,284.6,276.7,27.2,26.8,0.7,1.4,70.0,2.3,0.9,79.5,206.9,247.5,198.6,18.7,28.8,1.9,1.2,50.0,-13.4,-7.1,0
101.0,186.6,275.5,217.5,29.3,21.8,1.3,2.1,60.0,6.9,1.3,136.9,132.8,319.9,223.1,31.5,22.1,2.0,2.0,70.0,2.4,-3.7,0
263.3,166.6,141.3,188.9,29.9,25.7,2.0,1.4,80.0,-2.0,-6.3,86.5,166.2,237.7,166.0,21.7,28.7,2.0,1.0,80.0,-9.1,-7.2,0
160.5,146.5,301.0,184.8,32.8,17.8,2.7,2.3,44.4,23.1,10.6,220.5,155.7,272.0,248.7,32.0,32.3,1.3,2.0,44.4,13.9,10.0,0
147.9,136.9,240.5,292.5,27.8,36.0,1.6,2.4,50.0,-7.6,-7.6,297.7,182.6,68.8,271.5,22.4,31.0,1.2,1.8,70.0,-13.9,-13.9,0
279.0,118.3,88.3,199.0,32.6,22.3,1.0,1.3,80.0,4.8,-0.8,131.0,140.5,253.7,240.3,24.0,27.0,2.0,1.7,70.0,-1.1,-2.4,0
160.5,162.5,239.3,180.0,32.3,23.1,1.3,2.5,30.0,4.5,-2.3,160.8,160.1,232.2,243.7,27.1,25.5,1.4,2.7,40.0,-1.2,-2.8,0
199.9,137.3,243.9,237.6,30.6,22.0,1.3,1.9,50.0,10.4,2.9,75.3,176.3,299.3,289.9,23.6,35.3,3.1,2.0,70.0,-12.0,-3.9,0
158.3,137.3,203.3,224.5,26.0,19.3,1.0,2.3,60.0,-3.8,-8.2,107.8,197.3,220.3,281.5,15.3,42.8,3.3,1.5,50.0,-21.9,-12.5,0
159.0,131.5,178.0,336.5,20.0,39.0,4.0,1.5,60.0,-6.7,2.0,99.5,274.0,442.5,211.0,41.0,43.5,2.5,1.5,30.0,-1.3,-1.0,0
88.7,204.0,291.3,261.4,22.4,33.7,2.6,1.6,60.0,-7.9,-7.9,130.2,203.3,234.6,282.3,20.2,36.8,2.2,1.8,30.0,-16.9,-16.9,0
281.5,132.8,251.8,259.5,41.3,25.3,1.3,1.5,20.0,2.3,-8.1,111.0,229.0,327.7,254.0,29.3,36.0,1.7,1.3,40.0,-11.7,-11.6,0
223.4,132.2,162.6,227.6,21.0,22.8,2.4,1.6,80.0,-5.7,-8.4,164.8,140.0,199.2,243.6,22.0,26.4,1.8,1.8,70.0,-10.9,-7.8,1
117.7,153.7,298.6,331.0,29.7,33.4,1.3,1.8,60.0,8.7,8.9,207.0,217.9,356.5,310.6,39.8,38.8,1.5,1.3,90.9,7.6,6.8,0
183.4,126.8,193.3,223.3,22.1,23.6,1.1,1.8,50.0,-6.4,-8.9,129.5,208.8,236.8,281.9,19.3,48.8,2.7,1.4,90.0,-32.1,-9.2,1
234.1,146.3,225.3,176.0,36.0,24.4,1.4,1.0,44.4,-1.3,-9.5,71.3,238.3,103.0,194.7,4.0,38.7,1.7,0.7,0.0,-35.1,-6.0,1
244.8,134.5,220.0,153.2,43.5,15.6,0.6,1.8,30.0,21.7,2.4,137.2,100.2,245.4,167.6,30.4,16.3,1.1,1.9,30.0,10.7,3.8,1
168.0,221.5,329.8,239.7,43.3,32.3,1.4,2.3,70.0,10.9,4.1,166.1,176.7,182.6,176.2,23.5,22.5,1.4,1.4,9.1,1.5,-1.0,0
128.0,66.0,256.0,73.0,40.0,10.0,2.0,3.0,50.0,13.1,-18.1,95.0,102.0,176.0,257.0,22.0,14.0,3.0,5.0,50.0,-8.6,-7.8,0
165.0,261.5,191.3,239.0,25.5,31.8,0.8,1.8,44.4,-4.6,-5.3,121.0,200.7,156.0,274.3,13.3,32.7,1.3,0.7,70.0,-16.1,-12.1,0
117.4,139.9,166.1,224.3,15.5,25.8,1.8,1.5,50.0,-13.6,-7.5,136.1,169.0,159.0,204.5,22.2,32.1,2.0,1.7,90.0,-13.1,-11.7,0
171.7,158.0,268.5,207.0,35.2,26.8,2.0,1.5,50.0,-0.6,-7.0,76.9,193.7,208.9,221.1,12.7,42.3,3.7,1.6,70.0,-27.1,-12.4,1
150.8,234.8,334.8,209.0,37.3,23.0,2.5,2.5,40.0,-1.0,-11.1,99.3,181.7,137.0,191.0,10.7,29.7,2.7,1.3,81.8,-3.3,0.3,0
178.6,205.4,180.6,269.4,25.4,35.0,2.8,1.4,44.4,-6.6,-2.0,148.4,160.6,154.6,248.6,20.2,23.6,1.2,1.8,80.0,0.9,2.5,0
122.3,179.0,260.3,125.0,25.3,25.0,1.0,1.3,30.0,0.6,-3.6,156.3,118.0,180.3,212.0,21.0,21.7,1.3,2.0,70.0,1.1,-3.9,1
149.0,51.5,217.5,248.0,23.5,12.5,1.0,2.5,50.0,2.2,-8.1,77.0,181.5,180.0,312.5,15.5,43.0,3.5,0.5,20.0,-1.4,-2.2,1
222.0,164.1,247.5,298.6,30.6,30.0,1.4,1.8,70.0,12.4,9.6,246.4,94.9,190.8,215.9,34.4,21.5,1.9,1.9,70.0,12.8,5.0,0
303.3,73.8,179.3,177.8,41.3,10.0,0.0,2.0,88.9,31.0,7.3,77.5,166.5,396.0,220.0,31.5,27.0,2.0,1.0,90.0,0.0,-9.8,0
115.0,141.6,170.7,259.7,18.0,23.8,0.9,1.2,60.0,0.2,3.1,109.9,148.0,257.3,281.4,21.6,28.9,0.9,1.2,30.0,0.9,4.8,0
238.0,25.0,171.7,178.7,38.3,12.7,2.0,1.0,70.0,11.9,-0.4,155.7,85.0,196.3,286.3,26.0,26.7,0.7,1.3,60.0,-0.3,0.0,1
133.7,110.2,235.8,163.0,25.3,18.7,1.6,1.7,50.0,10.6,4.3,170.3,213.7,282.0,227.3,34.2,32.9,1.8,1.3,30.0,8.3,5.4,0
153.4,121.0,252.9,243.0,32.9,22.3,0.8,2.0,33.3,12.3,2.5,244.9,126.8,208.4,171.6,36.4,13.8,1.7,1.6,100.0,21.0,1.1,0
163.6,145.9,239.3,239.6,26.0,22.5,0.9,1.5,90.0,2.9,0.2,124.7,213.3,414.0,255.1,36.9,30.1,1.4,1.3,81.8,8.3,2.8,1
281.0,141.0,295.0,226.0,48.0,17.0,0.0,2.0,80.0,13.5,-14.4,350.0,153.0,210.0,127.0,52.0,14.0,1.0,0.0,80.0,13.9,-17.3,0
274.0,108.3,239.1,262.6,43.5,18.0,1.0,3.0,80.0,11.5,-4.2,179.3,163.3,370.9,313.0,42.5,31.4,1.1,1.1,80.0,7.6,0.2,0
140.5,210.5,217.3,239.3,29.0,30.0,0.8,1.5,44.4,-12.5,-9.7,173.2,213.4,162.6,355.0,20.2,40.2,1.6,1.0,50.0,-18.4,-4.4,0
233.5,136.5,302.0,259.0,48.5,23.0,4.0,2.5,18.2,9.5,-13.1,229.0,125.3,264.7,431.0,37.0,36.3,4.0,1.7,60.0,-1.1,-8.9,0
50.5,172.0,210.3,215.0,18.8,33.0,2.8,2.0,40.0,-16.4,-15.1,173.3,133.3,256.3,238.8,34.5,34.3,0.8,1.5,40.0,6.2,2.1,1
163.6,112.4,337.1,262.0,42.5,22.3,1.5,2.6,70.0,15.7,4.0,224.7,154.7,167.6,253.9,27.1,26.2,1.1,1.8,100.0,3.6,1.6,1
119.5,98.0,191.8,252.5,24.1,22.0,2.3,2.6,80.0,7.1,4.4,190.9,186.4,196.2,241.4,25.2,31.4,1.8,1.6,30.0,1.4,4.9,0
187.9,214.0,188.9,231.8,32.0,29.8,1.7,1.1,70.0,-2.3,-4.4,122.3,135.8,284.4,267.1,33.2,31.5,1.9,2.2,50.0,4.6,2.7,0
50.0,150.0,332.0,113.0,31.0,10.0,1.0,1.0,30.0,16.7,0.0,219.0,308.0,282.0,97.0,43.0,21.0,0.0,1.0,77.8,11.7,-12.7,0
119.6,70.0,338.0,291.8,27.2,18.4,1.2,2.4,18.2,7.5,3.5,81.4,142.0,199.0,256.0,18.6,28.8,1.4,1.2,80.0,2.0,4.1,1
228.0,93.2,315.7,160.3,48.8,15.7,0.8,1.0,100.0,33.6,7.3,87.6,126.2,166.2,167.4,16.2,11.2,0.6,2.0,60.0,6.7,3.4,0
111.0,69.0,303.0,253.0,38.0,19.0,1.0,2.0,88.9,26.0,8.6,183.0,105.0,189.0,150.0,17.0,12.0,3.0,2.0,100.0,11.2,-4.8,1
195.0,101.7,184.0,236.3,22.3,19.3,0.7,1.0,50.0,5.1,0.9,46.3,132.3,188.0,208.3,11.7,21.0,1.3,1.0,0.0,-19.4,-11.6,1
115.4,217.5,271.0,260.1,25.9,38.1,1.3,1.3,60.0,-15.2,-9.3,158.0,313.4,185.3,201.0,21.9,39.3,1.6,1.4,36.4,-19.6,-8.4,1
216.5,162.5,155.5,189.0,22.5,19.5,3.0,2.5,80.0,1.5,-4.3,197.0,17.7,215.3,200.0,45.0,11.3,2.3,2.7,40.0,11.0,-14.9,1
148.3,216.3,222.1,226.5,21.9,33.3,1.4,1.5,33.3,-2.0,7.1,140.7,153.9,229.2,216.1,26.9,26.6,1.5,0.8,77.8,4.6,3.1,1
228.2,145.8,240.4,234.3,31.7,20.7,1.4,1.0,40.0,11.1,1.9,188.6,230.8,195.6,293.2,25.5,42.8,1.6,0.9,70.0,-11.6,-2.0,1
144.0,169.0,335.3,254.7,25.0,33.3,1.7,0.7,72.7,-10.9,-10.5,198.0,102.0,236.0,220.0,24.3,18.3,1.0,2.3,50.0,-0.2,-7.4,0
180.3,115.5,401.0,299.3,41.5,29.8,1.3,1.3,70.0,5.7,-0.7,95.8,195.5,137.3,180.8,15.3,28.5,1.8,2.5,70.0,-12.5,-9.1,0
152.8,109.0,222.5,274.1,24.0,31.4,2.4,2.0,30.0,-5.9,-5.4,178.6,274.1,144.8,253.0,22.1,46.6,2.3,1.0,80.0,-26.2,-10.1,1
200.0,-1.5,222.0,130.5,45.0,5.0,2.5,3.0,40.0,12.3,-11.1,147.0,99.5,177.5,252.5,22.5,22.5,1.5,2.0,50.0,-11.4,-8.8,1
113.3,139.3,231.0,216.3,22.2,17.8,1.3,1.3,40.0,11.8,5.0,202.8,203.7,332.2,272.7,35.8,34.2,1.2,1.5,90.0,4.1,1.6,0
136.1,167.3,229.0,207.1,26.0,25.2,1.8,1.7,70.0,8.5,7.5,156.8,170.9,241.3,157.2,28.0,24.1,1.7,1.2,60.0,3.0,-1.3,1
148.0,179.5,271.0,184.5,42.3,20.8,0.5,2.3,30.0,10.1,-3.0,271.3,98.0,203.3,215.5,40.0,12.5,0.8,1.5,60.0,11.5,-7.3,1
195.0,129.0,166.0,138.0,28.0,7.0,2.0,1.0,66.7,18.4,2.4,99.0,69.0,394.0,424.0,54.0,32.0,1.0,3.0,70.0,-1.7,-20.9,0
225.8,152.0,349.2,233.0,42.6,27.4,1.0,0.6,60.0,5.4,-7.4,129.8,162.3,302.7,224.8,29.5,32.5,1.5,1.3,60.0,-2.9,-4.4,1
119.0,167.0,297.0,186.0,37.5,21.0,0.5,2.0,80.0,28.1,12.6,62.5,40.0,145.0,262.0,8.0,26.0,3.0,1.5,70.0,-14.2,-14.9,0
267.2,109.3,215.7,265.5,41.2,25.8,2.5,2.0,90.0,13.6,4.7,98.4,140.4,188.8,227.4,19.2,30.6,2.0,1.2,30.0,-6.6,-1.5,0
180.0,161.0,267.0,255.3,26.0,31.0,3.3,0.7,70.0,3.3,2.6,175.8,235.8,235.0,205.5,27.8,32.5,1.0,1.0,70.0,0.5,3.6,0
224.5,211.5,316.0,249.0,38.0,34.0,1.0,1.0,90.0,14.9,12.2,174.0,168.3,291.0,267.3,31.7,20.0,2.3,3.7,90.0,-4.2,-11.2,1
107.7,154.0,233.3,241.0,21.3,16.0,1.0,2.7,40.0,-0.8,-6.3,52.0,144.0,178.0,190.0,27.0,36.0,3.0,4.0,50.0,-4.9,-17.8,0
234.8,167.0,204.0,218.3,24.5,18.8,1.5,0.8,40.0,9.7,7.9,72.5,316.5,277.5,211.5,19.0,41.0,1.5,1.0,33.3,-16.2,-10.8,0
115.1,188.0,226.7,234.3,22.1,27.8,2.5,1.7,70.0,-1.3,1.4,150.2,154.8,315.1,282.4,31.9,31.0,1.5,1.7,90.0,1.9,0.1,0
225.8,191.9,215.4,265.3,30.0,28.9,1.2,1.4,20.0,8.4,7.1,184.6,202.9,232.5,271.6,32.2,36.0,1.2,1.7,50.0,5.2,8.6,0
135.1,158.5,147.8,168.8,20.4,18.8,2.1,1.9,60.0,-0.4,-2.7,112.3,180.8,184.8,199.8,16.3,27.0,1.4,1.0,36.4,-11.0,-4.3,1
116.6,131.0,425.5,250.9,49.7,23.4,1.9,2.1,70.0,14.6,-1.2,130.6,190.9,284.1,225.9,23.8,24.8,2.2,2.1,18.2,-2.4,-3.0,1
130.5,82.5,260.0,163.0,33.5,22.0,2.0,1.5,80.0,6.8,-1.0,99.5,270.0,210.5,250.5,20.5,46.5,1.0,1.0,50.0,-16.0,-0.6,1
258.7,148.3,255.7,180.0,49.3,16.0,0.3,2.3,70.0,18.9,-3.9,265.0,145.5,424.0,293.0,51.5,41.5,2.5,0.5,10.0,16.8,-1.7,1
224.3,208.3,127.2,263.7,23.9,28.9,1.7,1.7,66.7,-10.0,-10.1,326.6,124.4,137.7,199.5,31.5,22.1,1.7,1.3,33.3,3.4,-3.2,0
176.5,208.0,196.8,220.2,20.8,29.8,1.3,1.0,22.2,-8.7,-6.0,242.3,172.2,146.0,268.2,27.5,33.8,1.2,1.0,77.8,-10.8,-10.3,1
96.9,147.3,221.9,213.9,21.1,27.4,1.9,2.0,70.0,2.1,3.3,73.6,309.3,130.2,182.0,10.1,54.8,3.2,0.9,50.0,-25.5,-8.9,0
164.3,169.2,243.8,209.7,24.8,25.0,1.8,0.7,30.0,2.1,-1.3,145.3,183.2,196.0,229.5,17.0,23.3,2.7,1.5,30.0,-14.4,-13.4,1
125.8,158.8,189.7,214.1,24.3,27.6,1.3,1.6,50.0,-13.0,-10.6,131.1,179.7,251.7,293.5,31.9,39.4,1.6,2.1,20.0,-11.6,-8.7,1
0.0,0.0,0.0,0.0,28.8,27.3,0.5,0.7,50.0,-7.9,-8.7,0.0,0.0,0.0,0.0,23.9,29.7,0.7,0.5,90.0,-15.8,-11.5,1
400.0,118.8,69.0,214.3,33.3,22.8,2.3,0.8,88.9,8.8,-0.2,169.2,129.0,219.6,228.8,26.6,18.6,0.4,1.6,66.7,9.9,4.7,1
233.8,119.0,185.8,212.3,33.0,17.0,2.0,1.3,30.0,6.7,-4.2,134.0,74.3,167.3,176.7,25.0,12.7,2.0,3.0,30.0,4.4,-2.0,1
207.3,155.3,289.0,261.5,37.0,26.5,1.5,1.3,60.0,8.3,-0.3,187.0,137.8,266.2,237.6,29.2,22.0,1.2,1.8,50.0,10.3,3.0,0
53.5,295.5,152.5,179.0,13.5,34.5,1.5,1.0,50.0,-8.9,-5.5,87.5,147.5,477.0,293.5,35.5,27.0,2.5,4.5,70.0,-6.2,-11.6,1
152.8,143.0,224.5,181.0,24.2,20.2,0.5,1.7,60.0,-0.4,-6.6,177.3,131.7,265.2,231.5,31.5,30.7,0.7,1.3,60.0,-0.5,-2.8,0
159.3,146.2,229.2,167.8,27.3,27.8,2.6,1.4,90.0,4.3,3.4,135.5,99.2,178.7,140.2,32.3,23.6,1.0,1.7,80.0,3.4,-3.3,1
322.0,162.4,144.2,121.4,40.8,16.2,1.2,2.0,70.0,15.9,0.2,179.0,124.7,361.0,280.0,49.5,27.2,2.2,3.0,10.0,12.0,-3.1,1
203.0,134.3,233.3,163.0,31.7,16.3,1.0,2.0,80.0,17.5,1.6,170.0,145.7,226.0,241.7,27.7,22.0,2.3,1.7,18.2,8.1,2.1,0
105.5,117.2,303.1,198.1,31.3,17.3,1.7,1.8,33.3,21.3,11.2,119.1,137.3,260.8,236.4,30.8,27.3,1.3,1.3,80.0,5.5,1.8,0
87.8,101.4,219.6,153.8,26.0,16.6,2.4,2.2,30.0,2.9,-5.5,146.8,128.8,168.8,235.2,20.0,22.4,1.2,1.8,70.0,0.2,-1.9,0
251.6,182.1,250.0,182.4,30.3,27.6,2.4,1.7,20.0,2.9,0.8,131.7,191.6,273.1,216.7,27.6,30.3,1.3,1.9,30.0,-16.8,-13.2,1
206.7,123.9,209.6,198.3,33.0,20.9,0.9,1.7,100.0,6.2,-2.4,45.7,150.9,294.7,200.0,22.9,27.6,3.0,2.3,50.0,-2.9,-3.3,0
154.9,115.7,175.1,189.2,21.9,21.7,2.2,0.8,80.0,2.2,0.3,118.9,177.9,217.9,212.3,18.4,26.3,1.0,1.4,50.0,-2.1,0.9,0
268.3,142.3,383.0,296.7,46.3,41.3,2.0,0.7,10.0,16.1,4.5,156.5,221.3,202.5,233.8,17.3,32.8,2.5,2.0,50.0,-11.7,-7.9,1
72.5,166.5,176.5,212.5,14.0,38.0,2.0,2.5,50.0,-21.3,-19.0,225.5,181.5,293.5,212.5,41.0,28.5,1.5,1.0,30.0,-8.7,-13.5,1
179.0,144.0,228.0,252.2,35.6,23.8,1.6,1.6,77.8,14.8,8.3,158.8,136.5,264.3,277.0,26.3,34.8,3.0,2.0,80.0,3.2,7.2,1
185.4,192.5,179.8,199.7,21.6,26.9,1.8,2.3,50.0,-10.6,-11.1,144.3,184.0,170.9,170.0,18.6,26.7,1.8,1.5,55.6,-7.3,-3.1,1
75.7,65.0,360.7,207.3,20.0,12.3,2.3,2.0,40.0,4.9,-2.3,82.3,218.0,224.0,213.7,25.3,35.0,1.0,1.0,0.0,-19.8,-8.1,0
173.6,120.1,309.5,195.5,43.3,18.3,1.3,2.0,60.0,20.1,1.5,133.9,154.8,311.1,281.5,32.6,27.5,1.7,2.5,70.0,9.7,4.6,1
73.7,207.3,237.7,175.1,18.4,31.6,2.0,1.4,30.0,-22.0,-14.3,187.9,220.7,209.0,226.9,27.1,28.3,0.9,1.4,50.0,-4.6,-8.1,0
154.8,180.2,268.3,268.9,33.7,36.7,1.8,1.6,70.0,0.4,0.4,175.8,172.3,246.3,227.9,28.2,25.3,1.3,2.3,80.0,-8.0,-8.0,0
118.0,134.5,221.3,158.0,27.8,19.3,0.8,2.3,81.8,-0.1,-1.9,90.6,155.0,249.6,248.8,22.6,36.2,2.8,1.2,40.0,-10.6,-4.7,1
122.9,141.9,272.0,189.6,29.5,22.4,1.1,1.3,70.0,8.1,-0.1,158.0,132.3,296.1,261.0,30.5,24.9,0.9,1.5,70.0,5.1,0.4,0
170.5,152.5,120.0,186.0,21.5,18.0,0.0,2.0,60.0,-0.3,-4.6,158.5,126.5,169.5,236.0,20.5,16.0,1.5,1.0,90.0,-0.9,-5.2,0
133.3,160.7,144.1,184.9,20.3,28.3,2.3,1.7,45.5,-4.6,-1.1,172.7,200.6,279.3,212.9,40.9,31.4,1.7,2.0,50.0,9.9,5.4,0
142.7,151.3,204.7,150.3,16.7,16.7,2.3,2.0,66.7,2.1,0.7,217.0,128.5,220.0,201.5,33.0,19.0,1.5,3.5,60.0,-4.9,-14.4,0
151.3,114.1,244.9,184.9,29.7,17.4,1.0,1.6,90.0,12.1,3.9,159.0,176.9,270.6,185.9,35.3,29.9,0.9,1.4,50.0,4.5,2.6,0
88.3,150.8,198.5,268.8,14.0,32.0,2.5,2.5,50.0,-12.8,2.3,133.0,40.0,254.5,251.5,20.5,20.5,1.0,0.5,70.0,-5.9,-10.7,1
164.0,132.3,237.3,169.8,37.1,21.3,1.3,1.8,70.0,12.1,3.9,140.1,144.5,292.8,205.8,34.8,21.5,1.9,2.3,90.0,8.5,-1.7,0
94.3,215.8,222.2,223.0,13.7,36.0,2.0,0.7,20.0,-16.3,-0.8,107.3,206.5,179.0,193.2,19.8,35.3,1.2,1.7,80.0,-12.3,-2.1,1
218.0,210.8,231.1,261.6,32.9,24.7,1.7,2.4,100.0,14.9,8.1,171.3,173.0,194.9,254.2,32.2,32.2,0.9,1.8,44.4,-12.0,-11.0,0
106.8,99.6,157.2,205.6,25.4,26.4,1.8,1.4,80.0,1.8,-0.7,94.0,154.5,220.5,206.3,23.0,21.3,1.3,2.3,50.0,-4.7,-6.6,1
135.2,184.0,108.4,221.4,14.6,27.2,1.2,1.8,80.0,-10.1,-8.9,115.5,183.0,144.3,168.8,18.5,24.8,0.7,2.2,20.0,-19.4,-16.4,0
118.6,210.2,284.6,259.0,24.8,36.8,1.8,1.4,40.0,-12.3,-9.7,171.2,160.2,87.3,266.5,16.0,34.2,1.3,1.5,72.7,-19.5,-12.8,1
244.0,191.0,176.4,316.2,31.0,36.2,1.6,1.0,80.0,3.8,5.0,78.0,233.0,198.6,273.8,15.2,44.4,2.0,1.6,70.0,-24.9,-12.4,1
130.0,164.6,281.0,197.4,27.0,26.4,1.7,2.6,10.0,-6.6,-7.4,157.5,222.3,288.8,224.2,27.8,35.5,1.5,1.5,40.0,-11.5,-7.2,0
230.5,136.5,129.3,212.8,19.8,27.8,1.8,0.8,70.0,-6.7,-3.4,122.3,165.8,207.0,192.8,24.0,25.0,0.3,1.0,50.0,0.9,2.5,0
200.0,172.7,280.0,294.3,29.3,33.0,1.7,0.7,60.0,4.0,-1.5,68.0,205.3,244.7,132.3,10.3,34.0,4.0,1.0,70.0,-16.5,-3.2,0
217.9,133.3,354.6,342.6,43.9,36.7,1.7,1.0,77.8,14.1,7.9,100.3,207.2,230.2,261.5,16.2,42.0,3.8,1.5,50.0,-17.6,-7.6,1
89.3,241.5,267.5,227.8,23.5,41.5,1.5,1.2,60.0,-16.6,-8.0,107.6,244.0,275.3,271.1,24.6,42.1,2.1,1.0,36.4,-18.9,-11.4,0
262.0,134.3,187.7,160.2,36.2,14.0,1.3,2.5,44.4,8.7,-3.8,123.7,181.5,200.0,197.5,21.2,28.7,2.0,0.7,60.0,-13.3,-12.7,0
192.7,185.1,247.0,207.2,32.3,26.0,1.6,2.3,70.0,9.1,5.3,112.0,198.4,390.8,222.8,35.1,32.0,2.4,1.4,90.9,6.4,2.4,0
185.0,21.0,154.0,211.0,21.0,13.0,0.0,1.0,40.0,7.1,-3.6,145.0,164.0,127.0,188.0,10.0,42.0,2.0,1.0,70.0,-17.6,-17.0,0
181.3,114.7,214.0,265.7,26.3,27.3,2.7,1.3,10.0,2.1,-0.3,89.3,143.0,479.3,194.3,51.0,21.3,1.7,2.3,90.9,11.4,-12.0,1
135.1,178.5,262.4,278.0,33.5,33.9,1.6,1.3,55.6,3.8,5.9,255.3,142.8,234.2,179.7,39.7,26.0,1.2,1.0,44.4,-1.3,-11.2,0
69.7,138.7,380.0,238.3,31.3,13.3,2.0,1.7,90.9,10.9,-4.3,108.5,173.0,224.5,233.5,13.5,16.5,2.0,2.5,50.0,-9.8,-15.5,1
189.4,147.2,221.6,186.0,32.8,20.0,0.8,1.8,50.0,9.1,0.1,167.3,128.5,237.5,238.2,27.2,20.5,1.0,1.7,90.0,3.6,-1.4,0
111.9,241.3,201.6,203.0,16.0,36.7,2.0,1.3,33.3,-17.6,-10.5,232.7,180.4,151.6,263.7,26.9,35.0,1.3,1.0,77.8,-12.4,-10.8,0
130.8,146.8,214.5,223.4,25.0,17.4,1.8,1.5,66.7,9.5,5.1,245.8,107.3,325.5,195.3,46.3,18.3,1.0,1.6,100.0,29.9,10.7,1
80.0,159.4,336.4,196.4,26.8,24.6,1.4,1.4,30.0,-4.9,-5.7,135.7,167.0,209.3,213.3,27.3,26.3,0.3,3.0,50.0,-10.8,-20.8,0
202.0,144.4,208.6,190.4,27.7,22.2,1.9,1.3,70.0,6.9,1.7,138.8,181.3,212.9,210.3,17.2,31.8,1.8,0.3,70.0,-11.8,-1.3,1
245.5,158.3,225.8,306.8,31.8,33.5,1.0,1.5,20.0,8.3,8.4,151.0,226.2,206.8,184.8,19.0,30.3,2.3,0.8,40.0,2.9,5.5,1
277.8,132.6,203.8,203.2,27.4,16.8,2.2,1.2,90.0,11.0,3.3,283.0,128.8,109.8,221.3,26.5,24.0,2.0,1.3,90.0,9.6,2.2,1
124.0,111.0,255.0,305.0,20.0,56.0,4.0,1.0,60.0,-1.3,-2.6,329.0,44.0,236.0,351.0,28.0,33.0,3.0,0.0,70.0,1.6,0.5,1
108.4,90.0,252.5,237.4,26.4,17.5,1.8,2.6,9.1,7.6,2.8,101.8,157.0,175.9,230.9,13.4,33.9,2.6,1.9,50.0,-16.7,-4.8,1
221.4,103.0,204.2,310.4,34.0,32.0,3.2,1.6,60.0,-1.9,-4.0,103.8,153.6,166.4,234.4,19.2,30.4,1.8,1.6,50.0,-10.1,-6.3,1
98.3,151.0,218.3,225.7,17.0,26.3,3.0,1.7,30.0,-4.2,3.7,145.7,154.3,107.7,154.7,8.0,29.0,4.3,1.0,40.0,-15.6,-10.7,1
164.5,150.2,198.3,189.2,25.3,20.3,0.7,1.0,90.0,7.6,2.3,198.3,94.4,248.0,256.6,40.4,23.3,1.0,1.1,30.0,18.2,8.1,0
113.0,133.0,201.8,265.8,26.0,23.8,1.5,3.0,40.0,-5.0,-10.3,168.7,102.3,193.0,280.7,21.3,23.7,1.3,2.0,50.0,1.3,-4.9,0
147.4,143.4,191.3,267.3,20.0,31.3,1.4,1.0,66.7,3.4,9.9,117.3,188.9,217.5,292.5,14.5,36.8,2.0,0.9,80.0,-13.7,4.0,0
272.1,149.8,116.4,218.7,24.8,20.2,1.6,2.1,30.0,0.6,-3.3,56.6,196.0,148.7,169.9,13.8,31.4,2.0,2.1,80.0,-8.5,3.9,0
163.9,41.6,274.1,194.0,41.9,13.6,2.1,3.0,70.0,28.4,9.8,163.0,89.5,226.3,278.0,33.8,22.3,1.2,2.2,10.0,10.1,-0.5,0
236.4,82.2,228.6,161.8,44.2,14.2,1.0,2.8,100.0,19.5,0.4,92.7,200.3,396.0,198.7,36.0,27.7,0.7,0.3,100.0,-5.2,-13.9,0
128.4,136.6,187.9,249.5,25.4,27.4,1.5,1.7,80.0,5.9,5.9,199.1,118.6,261.6,212.9,35.0,16.4,1.6,1.6,50.0,5.0,5.0,0
199.4,188.8,122.0,200.6,15.2,26.0,2.0,1.0,80.0,-6.6,-5.6,158.2,230.2,317.2,249.0,37.8,34.8,0.4,0.8,100.0,-6.1,-7.3,1
205.6,126.4,229.6,239.9,31.9,22.4,1.4,1.0,30.0,6.8,0.4,233.3,121.5,165.5,179.4,35.6,17.1,1.9,2.5,90.0,19.1,7.6,0
121.9,162.8,303.5,275.2,24.1,35.4,1.6,0.8,40.0,-0.6,3.1,198.3,165.5,176.7,232.5,25.2,24.1,0.9,1.3,30.0,2.8,1.6,0
246.7,157.0,241.0,171.3,43.3,16.7,0.7,0.0,60.0,6.2,-11.3,70.0,106.0,119.0,365.0,19.5,30.5,0.5,2.0,30.0,-21.3,-15.0,1
190.5,146.2,164.8,248.0,20.0,28.5,1.9,1.8,30.0,-2.8,-1.0,199.8,161.8,143.5,222.4,26.2,23.3,1.3,1.6,60.0,1.2,-0.2,0
164.1,122.1,189.9,226.7,25.1,23.3,1.4,2.0,30.0,-0.2,-5.4,94.9,162.0,281.1,247.6,23.0,30.3,1.7,1.6,50.0,-11.8,-7.6,0
183.7,135.0,251.8,239.7,31.2,22.5,1.5,2.5,72.7,7.7,2.6,145.9,207.1,287.4,287.7,24.4,40.7,2.0,1.1,30.0,-16.3,-8.3,1
191.1,147.8,192.0,286.4,20.9,32.9,1.9,1.8,80.0,-18.4,-12.6,163.8,194.5,271.1,335.5,35.3,38.4,1.8,2.6,20.0,-7.7,-8.2,1
162.0,130.0,220.5,206.5,17.0,10.0,1.0,1.0,70.0,6.6,3.0,153.5,142.5,142.0,215.0,28.5,29.0,1.5,2.5,60.0,-3.9,0.0,1
145.8,171.0,218.8,241.2,23.0,35.5,1.8,2.0,70.0,-6.9,-0.9,116.6,169.6,138.7,175.7,15.6,24.4,2.7,2.3,30.0,-5.9,-0.2,0
149.1,195.6,168.1,300.3,26.0,35.5,1.6,1.7,30.0,-1.8,3.2,132.8,92.8,114.6,208.9,9.9,17.8,2.0,2.1,10.0,1.3,2.6,1
164.8,120.5,261.3,269.7,28.2,31.8,2.0,1.2,80.0,-7.5,-7.2,322.3,253.1,99.9,227.3,33.0,37.3,1.1,1.4,70.0,-14.8,-11.8,1
114.6,135.0,262.6,248.6,25.6,26.4,2.4,1.6,55.6,4.4,4.8,154.3,177.3,136.0,271.3,26.5,41.3,1.3,1.5,44.4,1.9,7.2,0
109.1,178.3,273.1,220.6,27.6,29.6,2.2,1.9,70.0,-9.4,-8.6,362.8,115.3,159.3,284.3,40.6,27.2,1.7,1.5,20.0,5.6,-3.7,0
148.5,123.6,226.2,220.8,25.8,19.5,1.3,1.5,50.0,-5.7,-10.4,151.6,211.0,267.3,237.2,24.2,35.1,2.3,1.9,10.0,-18.4,-11.5,0
197.0,57.0,214.5,202.5,33.5,12.0,1.0,1.5,60.0,12.6,0.3,82.7,231.3,211.3,130.7,7.7,21.0,3.3,2.0,45.5,-6.6,-5.1,0
415.0,80.0,41.0,325.0,45.0,21.0,0.0,2.0,77.8,3.5,-15.0,111.0,132.5,213.0,135.0,14.0,13.0,1.5,1.5,70.0,-13.8,-15.7,0
165.8,187.3,308.0,264.0,37.3,28.4,1.8,2.0,70.0,3.0,-3.3,106.4,188.9,197.6,205.7,22.4,21.4,2.4,2.7,50.0,-0.6,-3.5,1
224.6,153.1,233.8,287.5,29.3,27.2,1.3,1.6,70.0,12.1,8.5,154.8,260.3,179.0,282.3,21.6,47.7,2.0,1.4,50.0,-14.9,-1.7,1
189.5,74.5,215.1,200.8,32.5,14.8,1.7,1.1,100.0,18.4,8.8,154.8,119.4,334.3,257.5,38.2,23.6,1.3,2.0,80.0,14.2,4.9,0
149.4,238.7,308.6,184.0,30.0,36.9,2.4,1.4,22.2,-12.7,-9.0,146.9,231.7,205.9,207.4,19.9,35.7,2.0,0.7,77.8,-14.9,-6.9,1
248.3,68.3,243.7,187.0,36.0,7.7,0.7,1.3,88.9,27.3,7.5,141.0,149.3,212.7,228.0,19.7,33.7,2.7,1.3,66.7,-2.1,-6.5,0
264.0,175.0,261.0,303.0,48.0,42.0,0.0,4.0,30.0,-3.6,-2.9,197.0,269.0,216.0,227.0,14.0,35.0,0.0,2.0,30.0,2.4,16.6,0
257.3,171.8,126.5,229.2,23.7,21.0,1.2,2.0,30.0,0.7,-2.1,164.8,93.5,193.0,185.3,21.7,19.8,2.5,1.8,40.0,0.1,-1.7,1
103.6,189.6,339.0,244.9,26.2,30.2,2.0,1.7,11.1,-17.3,-14.7,122.0,197.3,225.0,190.7,25.4,30.6,1.9,1.3,60.0,-11.1,-9.7,0
130.9,118.7,171.6,207.9,23.6,20.9,2.1,2.9,80.0,2.6,-1.0,69.2,180.2,218.7,232.3,12.7,34.7,2.8,1.3,80.0,-11.8,-5.4,1
197.1,150.8,251.4,198.6,30.8,21.3,1.5,1.7,30.0,15.5,6.0,174.1,158.8,338.4,227.2,40.1,22.6,1.6,2.4,50.0,17.0,4.0,1
250.0,21.0,133.0,214.0,16.0,3.0,0.0,3.0,60.0,7.0,-3.4,8.0,302.0,199.0,142.0,12.0,42.0,1.0,0.0,30.0,-11.1,3.2,1
177.1,160.7,241.6,212.4,35.5,26.1,1.4,1.9,33.3,12.1,6.3,130.9,262.6,141.2,203.2,13.7,40.7,1.9,1.3,50.0,-14.0,-4.3,0
153.3,181.7,250.7,211.3,24.7,21.3,1.3,1.3,50.0,-1.1,-6.9,172.7,208.7,193.7,139.7,28.7,24.0,0.3,0.7,50.0,-4.7,-10.0,0
179.8,96.8,207.0,220.3,32.5,15.8,1.5,2.5,66.7,7.2,-0.2,158.0,134.5,217.3,209.5,26.8,22.3,0.5,2.0,66.7,1.9,-2.0,1
212.0,75.5,292.0,245.0,33.0,16.5,1.5,1.5,44.4,21.2,7.3,369.5,181.0,124.5,199.5,28.5,36.5,2.5,1.0,88.9,2.5,-3.4,0
182.2,220.6,367.8,263.8,41.2,30.2,1.0,1.2,40.0,8.8,2.3,119.6,262.6,264.4,242.4,21.4,38.4,2.2,1.4,55.6,-4.9,1.6,1
115.5,106.6,257.8,352.2,26.0,35.2,2.4,1.3,50.0,-9.1,-6.2,93.2,132.1,165.2,210.9,13.8,25.9,2.3,2.3,70.0,-12.5,-4.3,1
289.4,181.2,114.6,185.0,22.6,20.4,1.2,2.4,80.0,-1.3,-4.2,115.3,130.1,286.6,255.7,27.1,23.0,1.9,2.0,80.0,4.1,1.1,1
0.0,0.0,0.0,0.0,23.8,23.7,1.1,0.8,70.0,2.7,0.4,0.0,0.0,0.0,0.0,28.7,38.5,0.7,0.7,50.0,-16.0,-7.9,1
275.0,149.0,102.0,258.0,25.7,32.3,1.0,1.7,80.0,-5.4,-7.2,98.7,101.0,234.7,175.7,27.7,14.7,1.7,5.0,70.0,10.2,3.5,0
143.3,179.7,109.3,174.7,20.7,20.3,1.3,3.0,30.0,3.5,-1.1,189.0,86.3,261.3,261.0,40.0,14.3,1.7,1.3,70.0,6.4,-13.6,1
330.0,109.0,214.0,214.5,52.0,17.0,1.5,2.0,40.0,24.9,4.0,232.0,105.0,239.0,214.0,32.0,28.0,0.0,1.0,50.0,10.4,-6.2,0
134.9,197.3,206.9,212.6,19.6,29.7,2.1,2.4,30.0,-14.0,-11.0,115.1,129.9,174.4,188.6,18.3,15.1,0.9,1.3,10.0,-3.9,-8.1,0
181.7,105.7,166.3,258.7,31.0,18.3,1.3,2.7,77.8,9.6,-2.3,217.0,155.0,268.5,255.0,44.5,29.5,1.5,2.5,88.9,10.8,1.3,1
243.0,132.0,228.5,210.0,38.0,27.0,2.0,2.5,60.0,-4.0,-12.1,231.3,120.7,213.3,304.0,27.7,37.3,1.0,2.0,10.0,-8.5,-5.7,1
187.5,206.8,104.8,257.0,16.9,39.0,2.0,1.6,44.4,-21.0,-10.1,106.4,151.1,232.6,268.1,19.6,27.1,1.3,1.9,22.2,-13.2,-11.0,1
135.5,291.0,481.5,181.5,45.5,38.0,2.0,2.5,60.0,2.0,-3.5,204.0,170.5,262.5,155.5,45.5,27.0,1.0,0.5,77.8,9.8,1.9,1
324.5,120.5,179.0,169.5,43.5,13.5,2.0,3.5,70.0,14.3,-11.6,151.5,130.0,279.0,243.0,29.0,21.5,0.5,1.0,70.0,5.2,1.8,1
127.8,144.8,212.6,309.6,27.9,34.1,1.4,2.6,70.0,-6.2,-2.1,83.2,264.7,226.5,258.0,20.2,37.8,1.8,1.8,30.0,-16.3,-8.8,1
206.1,102.4,135.1,270.1,24.6,18.0,1.1,1.7,44.4,-3.2,-6.5,248.9,211.3,187.2,231.6,31.0,35.5,1.4,1.2,11.1,-12.1,-9.1,1
157.9,163.3,251.3,226.7,29.4,18.8,1.3,2.0,70.0,12.5,3.9,150.1,197.3,181.8,231.7,23.3,33.2,1.6,1.8,60.0,-5.9,-0.3,0
193.0,92.0,127.5,233.0,24.5,21.5,1.0,1.0,10.0,4.7,-1.7,234.5,32.0,136.5,250.0,31.0,12.0,0.5,1.5,50.0,5.5,-2.9,0
165.2,166.2,256.7,311.3,33.3,33.7,1.8,1.5,40.0,-7.1,-9.9,179.0,114.5,285.9,250.3,39.3,27.0,1.3,2.1,30.0,1.6,-5.5,1
124.8,148.9,235.5,205.0,21.8,25.0,1.7,1.3,66.7,5.5,4.8,119.1,217.5,169.7,254.6,15.0,35.3,1.3,1.0,80.0,-10.5,-2.8,0
107.5,165.2,242.7,243.5,22.3,38.4,2.1,1.7,40.0,-20.3,-9.9,116.0,185.3,230.8,208.9,20.7,34.6,2.0,1.5,30.0,-17.3,-10.9,0
250.9,127.9,204.7,183.0,38.0,16.4,1.0,1.9,40.0,20.1,8.2,190.4,158.1,195.9,226.7,30.7,29.3,1.6,2.0,100.0,4.6,2.9,1
204.6,156.3,323.0,247.4,45.8,21.4,1.0,2.5,44.4,14.5,-1.9,205.1,202.7,331.0,256.9,47.3,30.8,1.4,2.5,80.0,9.0,-2.3,1
258.1,69.3,234.1,190.7,41.2,12.2,1.6,1.8,88.9,29.9,10.2,282.5,126.8,178.6,228.2,32.0,15.7,1.1,1.3,40.0,16.8,5.9,1
302.6,68.7,182.3,187.6,42.7,10.1,0.4,2.0,88.9,32.5,6.6,129.6,267.0,175.4,136.4,17.6,27.2,1.6,1.2,66.7,-1.1,-0.6,1
142.0,151.5,215.5,305.5,17.0,35.0,2.0,2.5,60.0,-11.9,-2.2,304.0,74.0,287.0,165.0,52.0,14.0,1.0,1.0,50.0,-0.3,-31.5,0
230.4,174.0,200.5,194.6,31.8,26.9,1.5,1.9,40.0,5.9,2.8,152.3,141.0,221.8,158.7,26.5,14.8,2.5,1.2,90.9,11.6,2.0,1
122.1,209.7,227.1,262.3,20.6,35.1,1.3,1.4,40.0,-14.6,-8.6,160.6,242.3,226.4,245.0,24.6,38.6,2.0,1.1,70.0,-6.3,-3.0,0
250.2,108.8,273.4,183.5,42.5,19.9,1.4,1.5,100.0,27.2,12.2,195.4,159.0,294.6,246.5,34.5,26.3,1.8,1.8,77.8,13.8,6.8,1
199.9,135.1,228.3,184.9,36.6,16.6,1.3,2.1,66.7,5.5,-6.3,133.4,210.4,241.7,279.9,28.9,37.2,1.5,1.3,33.3,-14.0,-6.7,1
197.2,117.8,273.3,232.6,36.7,22.3,2.3,1.9,70.0,6.9,-4.0,251.8,145.4,271.0,226.6,32.9,25.3,1.9,1.9,20.0,2.2,-3.9,1
178.9,87.0,267.1,223.8,33.0,24.0,2.2,2.0,90.0,3.7,-3.7,188.3,135.1,252.0,258.6,31.7,26.9,1.1,1.8,60.0,-2.4,-6.6,0
312.3,92.6,87.7,240.0,34.6,27.7,0.9,0.9,55.6,1.5,-1.8,311.0,107.9,81.4,173.0,28.4,17.1,0.9,1.4,30.0,0.8,-6.7,1
37.0,213.0,169.0,248.0,13.0,17.0,2.0,4.0,60.0,9.0,13.2,16.0,294.0,313.0,244.0,10.0,56.0,3.0,0.0,50.0,-12.2,-11.3,0
180.0,169.0,394.0,123.0,48.0,13.0,1.0,6.0,90.0,6.8,-10.3,32.0,83.0,330.0,258.0,24.0,15.0,3.0,1.0,30.0,1.2,-4.7,1
184.9,154.1,123.0,288.4,18.1,31.6,1.4,2.3,60.0,-10.1,-3.5,100.3,214.0,153.4,160.4,7.6,27.9,1.0,0.7,50.0,-15.8,-3.2,1
152.9,173.4,215.0,173.3,21.4,26.3,2.0,1.6,50.0,-10.0,-5.3,98.0,184.3,232.6,229.0,17.6,30.9,1.9,1.6,30.0,-16.4,-10.1,0
144.5,97.6,244.5,201.6,30.8,15.5,2.0,1.3,60.0,10.4,1.8,82.0,143.1,214.1,204.8,12.5,20.4,1.6,1.8,90.9,-6.4,-3.3,0
204.8,207.5,240.5,200.3,24.0,27.8,1.0,0.8,66.7,0.8,-2.7,195.0,171.7,173.0,186.0,23.0,25.7,2.7,2.3,60.0,-1.0,-4.8,1
131.7,242.7,233.3,274.7,20.3,42.7,1.3,2.7,40.0,-17.0,-14.9,133.0,157.0,98.3,368.0,16.0,41.8,1.0,2.5,80.0,-21.4,-7.5,1
210.4,179.8,249.4,218.4,41.6,25.0,1.8,2.4,30.0,16.1,7.8,75.2,257.0,260.8,250.5,18.7,43.2,1.8,1.7,50.0,-15.9,-2.7,1
148.8,232.5,357.3,295.0,34.7,35.5,2.0,1.2,50.0,-3.0,-4.2,115.8,174.5,242.0,278.3,26.2,26.2,1.2,2.2,70.0,-4.8,-3.5,1
214.3,87.0,137.5,221.7,21.5,26.2,1.7,1.8,50.0,-9.5,-10.4,181.9,123.3,235.1,259.0,27.7,28.1,1.9,1.6,60.0,-12.4,-13.7,0
122.5,196.3,309.3,233.8,31.7,31.2,1.7,2.5,50.0,5.5,4.3,118.4,113.6,236.4,272.2,22.6,33.8,2.4,1.0,50.0,-3.0,-3.9,1
132.0,147.0,393.0,193.0,45.0,20.0,1.0,3.0,70.0,9.7,-13.2,229.5,81.5,234.5,198.0,43.5,6.5,2.0,3.0,30.0,15.2,-8.9,1
64.3,166.3,188.0,191.3,13.7,26.7,2.3,2.0,55.6,-13.2,-7.4,82.3,209.3,204.5,210.3,19.5,35.5,2.5,2.3,50.0,-20.7,-7.4,1
169.7,155.5,239.3,227.3,28.4,26.8,1.8,1.4,55.6,4.0,0.5,95.3,173.9,201.3,205.0,14.7,26.5,2.1,1.1,66.7,-4.6,1.4,1
170.2,152.6,197.8,226.4,28.6,27.4,1.8,1.8,30.0,0.7,-2.8,103.6,187.8,209.4,280.8,12.8,41.0,3.4,1.4,50.0,-22.7,-11.6,0
160.7,161.0,218.7,241.7,26.7,24.7,2.7,1.7,40.0,1.4,-2.9,83.7,192.7,249.3,168.3,25.0,32.0,4.3,3.0,70.0,-6.3,-2.2,1
285.5,117.2,138.1,217.9,36.5,22.6,1.1,1.9,77.8,3.9,-8.6,213.9,210.8,231.3,283.9,37.5,36.7,1.6,1.8,44.4,-4.5,-5.1,0
148.3,177.7,232.4,207.7,26.0,23.3,1.4,1.3,80.0,5.1,1.0,88.9,156.0,290.4,263.6,23.1,28.0,1.6,1.0,50.0,-6.6,-4.1,0
264.0,168.0,187.0,264.0,46.5,33.5,1.5,2.0,70.0,6.7,-12.6,129.0,77.0,267.0,437.0,28.0,27.0,1.0,6.0,40.0,-10.6,-18.7,0
214.9,127.4,224.0,175.0,33.0,19.6,1.0,1.6,60.0,4.8,-5.9,200.1,152.3,128.5,289.0,20.1,30.1,1.3,2.3,60.0,-9.0,-4.5,0
167.9,195.9,374.6,273.1,39.5,35.4,2.3,1.5,30.0,-2.5,-6.2,130.1,205.3,286.8,207.7,32.1,29.5,2.0,2.2,30.0,-6.8,-9.3,1
116.0,53.7,172.3,137.3,21.7,15.7,1.0,1.7,77.8,5.6,2.1,88.3,164.7,253.3,305.3,19.0,41.3,2.3,0.0,80.0,-7.6,0.3,1
131.0,164.0,347.0,333.0,41.0,44.0,1.0,0.0,60.0,-3.4,-8.0,73.0,247.0,86.0,322.0,0.0,52.0,1.0,1.0,36.4,-9.5,-9.4,1
132.2,183.6,264.0,174.6,32.0,27.2,2.0,1.8,50.0,1.0,-4.5,240.8,119.5,174.3,263.0,34.5,31.0,2.0,1.5,44.4,1.3,-2.0,1
205.3,57.8,240.3,205.8,35.1,12.6,1.0,2.1,77.8,21.4,5.4,160.6,176.8,281.9,308.3,26.3,36.6,1.7,1.3,66.7,-3.7,0.2,1
280.7,127.5,250.1,227.3,48.6,20.1,1.7,2.6,90.0,27.3,7.3,124.7,165.3,203.3,235.7,24.8,25.9,1.1,1.6,18.2,7.7,7.8,1
141.3,151.9,142.4,229.8,15.4,25.4,2.1,1.8,50.0,-9.6,-4.0,134.6,137.1,239.1,197.1,24.1,19.6,2.4,1.6,60.0,4.0,-0.3,1
209.9,80.7,208.3,173.1,32.2,14.8,0.9,1.2,10.0,16.6,5.9,165.3,129.2,258.8,276.0,35.2,26.6,1.1,1.7,80.0,16.2,5.0,0
141.8,123.8,275.8,201.4,33.2,23.4,1.8,1.4,70.0,8.9,-2.8,124.6,233.4,373.2,238.4,33.6,32.2,1.8,1.4,70.0,5.9,3.5,1
141.3,136.9,268.8,206.5,28.0,18.6,1.1,1.9,40.0,5.7,-1.2,134.8,251.6,293.3,200.8,32.0,33.9,1.1,0.9,100.0,-7.3,-5.4,0
224.5,126.5,265.5,238.5,42.0,21.5,2.5,1.5,66.7,17.8,0.4,212.7,129.3,407.3,203.3,54.0,17.3,1.3,2.0,11.1,23.6,-3.0,1
117.7,105.7,358.0,223.3,40.2,23.2,1.0,2.5,44.4,11.4,3.5,193.2,247.0,142.0,191.7,21.8,36.5,1.8,1.2,20.0,-4.7,1.9,0
149.4,177.9,259.2,208.0,29.9,27.7,1.7,1.1,77.8,6.1,2.1,293.3,135.5,84.4,160.8,25.3,19.5,2.0,1.8,55.6,-2.6,-8.2,1
94.0,156.0,156.0,220.0,13.0,41.0,5.0,2.0,50.0,-9.3,-11.8,87.0,281.0,96.0,155.0,8.0,52.5,2.5,1.0,50.0,-14.4,11.8,0
190.1,129.6,155.0,263.3,23.9,29.1,1.3,1.6,70.0,-3.3,0.0,136.1,199.1,81.6,220.4,12.9,39.6,2.3,1.7,50.0,-15.1,-4.0,1
174.3,117.5,238.3,151.5,29.5,14.3,1.3,2.0,80.0,10.4,3.8,272.3,91.8,322.0,293.0,49.0,20.8,1.5,1.3,30.0,16.1,2.4,0
131.7,155.1,208.7,232.7,17.6,28.1,1.9,1.6,36.4,-17.5,-11.5,233.2,190.9,211.8,243.1,33.4,29.1,1.5,1.7,60.0,-1.5,-3.5,1
203.3,199.3,167.3,214.0,20.2,35.0,2.3,1.3,40.0,-15.6,-9.1,110.5,168.3,195.7,158.0,14.8,26.7,1.5,1.2,50.0,-10.9,-4.6,1
223.6,179.1,170.1,191.7,30.6,26.0,1.5,1.5,70.0,7.5,2.2,147.8,155.2,240.8,241.8,30.3,25.2,1.3,1.6,60.0,2.5,-2.1,0
94.0,225.0,316.0,135.5,25.0,18.5,2.0,2.5,70.0,6.2,-8.4,95.3,73.7,201.0,224.7,23.7,21.7,1.7,3.0,50.0,-9.5,-12.3,1
134.0,129.5,247.1,201.0,24.6,23.8,2.6,1.5,30.0,4.5,5.1,66.9,191.4,480.9,193.9,40.7,25.4,2.1,1.9,90.9,11.3,-0.3,0
187.5,224.0,390.5,208.0,50.5,24.0,0.0,2.5,30.0,5.1,-15.8,160.7,100.0,132.7,195.0,20.3,27.3,2.3,2.3,70.0,-2.5,4.3,0
137.8,115.3,229.4,173.4,28.6,14.6,1.1,2.1,33.3,15.4,7.2,175.8,208.3,191.3,219.7,21.7,27.3,1.3,1.7,33.3,1.7,5.6,0
209.8,175.0,263.4,264.5,38.8,29.4,1.4,2.5,30.0,9.4,3.4,149.6,152.3,360.3,264.4,41.3,27.5,1.5,2.1,40.0,16.5,6.4,1
265.0,99.7,187.0,133.3,29.7,13.7,1.3,1.7,77.8,-0.5,-12.0,179.7,226.7,249.7,207.0,26.7,27.7,2.0,2.0,70.0,-11.2,-9.4,1
143.4,222.4,204.7,220.4,21.1,36.2,1.2,1.3,70.0,-3.5,7.2,196.3,193.7,120.8,213.3,20.8,28.6,2.3,1.3,30.0,-0.4,5.1,0
135.0,105.0,223.5,185.0,23.5,15.0,0.5,0.5,90.0,7.0,-3.5,172.0,179.0,238.5,162.0,32.5,24.0,2.0,2.0,80.0,9.8,-0.7,1
197.4,159.4,174.6,150.8,31.8,23.8,3.0,3.2,30.0,10.3,2.1,116.2,199.2,139.4,163.6,15.0,24.6,2.2,1.8,50.0,-7.5,-6.3,0
149.5,156.0,217.3,235.3,21.8,24.5,1.0,1.0,40.0,11.7,11.6,204.8,265.0,335.5,314.5,36.5,47.0,2.0,1.3,90.0,4.9,12.8,1
131.9,71.9,183.3,199.3,26.6,19.1,1.4,3.0,60.0,0.3,-5.0,119.0,181.1,179.7,206.9,16.4,28.3,1.3,0.9,36.4,-11.8,-4.8,0
59.4,176.0,390.7,247.6,27.3,35.2,3.0,1.6,30.0,-9.0,-8.1,125.4,241.5,208.0,250.1,17.1,42.8,2.7,2.4,50.0,-20.6,-10.5,1
133.0,155.9,322.0,301.0,33.6,35.3,1.4,1.6,60.0,-9.9,-12.4,251.4,148.0,42.0,203.4,24.9,28.4,1.1,1.3,44.4,-5.9,-5.6,0
126.0,134.1,296.5,269.6,32.2,30.9,1.8,2.0,50.0,7.1,4.4,101.7,147.6,217.8,232.8,22.4,23.4,1.6,2.5,60.0,-3.1,-2.6,0
192.3,240.3,288.3,175.0,39.3,22.3,2.0,2.7,40.0,5.2,-6.9,198.7,268.0,156.7,191.0,18.3,37.7,2.7,1.0,40.0,-15.8,-10.6,0
173.7,111.2,227.6,172.0,33.9,15.3,0.9,1.3,66.7,19.8,3.1,72.7,131.5,376.7,188.8,33.2,25.2,2.4,2.6,44.4,9.6,3.3,0
122.9,178.1,293.8,242.4,21.9,26.0,1.9,1.5,18.2,-4.5,-3.9,154.3,143.3,215.3,224.7,28.4,30.7,1.8,1.6,30.0,-1.6,-0.7,1
161.4,176.2,181.7,299.6,29.2,36.3,1.6,1.2,44.4,2.7,4.8,98.2,281.0,211.7,309.4,13.1,46.7,2.1,1.7,50.0,-21.4,-3.7,1
206.1,139.3,230.2,263.6,30.0,27.4,1.2,1.1,70.0,7.6,5.6,198.9,193.9,237.8,332.4,21.9,39.0,2.0,1.6,50.0,-14.2,-7.1,0
97.0,129.0,450.0,165.0,49.0,23.0,2.0,1.0,45.5,14.7,-0.5,162.0,170.0,299.0,62.0,38.0,20.0,2.0,2.0,70.0,-2.0,-4.5,1
181.3,242.0,191.3,240.9,27.5,33.2,1.3,2.1,40.0,-10.7,-10.7,154.8,208.6,168.3,219.0,19.7,37.8,2.3,1.0,70.0,-10.1,-10.1,1
168.8,63.7,243.8,308.3,35.8,20.5,1.7,3.0,70.0,10.3,-2.5,154.9,131.7,208.4,231.0,25.3,22.7,1.7,1.0,70.0,1.5,-1.4,0
122.2,167.8,241.8,222.8,19.0,28.8,1.2,1.0,55.6,-4.6,-4.4,109.3,306.0,225.7,175.3,18.8,38.7,1.7,0.5,66.7,-17.2,-9.0,1
192.4,175.8,256.6,245.0,32.8,30.1,1.3,1.9,50.0,-0.1,-4.5,174.5,184.4,325.0,255.6,31.2,30.1,2.0,1.7,60.0,-6.3,-7.1,1
132.3,128.5,288.6,267.8,31.4,30.3,1.8,1.9,50.0,5.9,2.7,153.6,128.9,350.7,269.7,45.1,25.3,1.7,1.7,70.0,20.2,6.0,1
114.7,144.7,248.9,244.7,27.0,28.4,1.1,1.9,50.0,-5.8,-4.8,101.0,135.9,225.9,191.6,18.0,24.0,2.9,2.0,60.0,-8.9,-6.6,1
156.8,144.4,175.8,229.4,25.4,19.0,1.4,1.8,50.0,7.8,2.5,321.3,149.0,97.2,212.5,30.3,25.3,1.3,2.0,90.0,3.8,-4.1,1
130.0,215.0,427.0,81.0,26.0,34.0,5.0,1.0,77.8,1.4,-6.0,-3.0,188.0,160.0,263.0,0.0,58.0,4.0,1.0,50.0,-22.9,-20.6,0
224.5,84.5,223.5,203.5,43.0,8.5,0.0,0.5,30.0,11.9,-11.9,218.0,278.0,267.5,193.5,45.5,35.5,1.0,2.0,30.0,2.7,-6.6,1
67.0,116.3,462.2,253.3,47.7,27.2,2.7,2.3,70.0,9.3,-13.1,188.6,223.6,186.4,209.5,32.3,28.9,1.8,1.0,70.0,-2.6,-6.2,0
122.6,246.0,183.8,281.4,19.0,39.0,1.4,1.4,70.0,-11.9,-3.8,123.4,202.4,207.2,187.6,19.8,39.2,1.4,1.0,50.0,-17.0,-11.4,0
146.6,62.6,181.3,231.3,20.1,24.9,3.0,2.3,18.2,5.3,5.3,192.8,203.7,194.1,245.8,28.6,31.3,2.2,1.7,70.0,3.9,7.1,1
144.4,163.6,223.0,182.2,23.9,19.8,1.5,0.9,80.0,6.0,2.1,98.4,169.9,202.9,270.0,18.1,31.0,1.2,1.8,70.0,-11.6,-5.6,1
535.0,148.0,120.0,221.0,41.0,42.0,2.0,0.0,88.9,5.7,-2.2,129.0,145.5,237.5,368.0,17.5,46.0,2.5,1.5,77.8,-3.1,2.3,1
164.5,89.4,273.3,216.6,34.6,19.3,2.1,2.1,70.0,12.1,0.8,151.6,227.4,270.4,230.0,26.6,31.9,2.4,1.3,70.0,-2.0,0.1,0
122.5,187.3,268.8,253.5,27.9,30.9,0.9,1.3,66.7,3.2,5.9,168.4,193.0,231.5,249.6,26.1,25.5,0.9,1.5,30.0,1.1,-0.3,0
170.5,135.8,158.3,217.3,29.8,17.3,0.3,2.5,70.0,3.7,-7.2,124.0,117.0,416.3,488.8,48.8,47.0,1.5,1.3,60.0,3.4,1.5,0
110.3,225.3,250.3,166.7,29.3,27.3,1.3,1.3,50.0,-1.5,-8.7,174.7,165.0,257.7,341.3,16.7,31.3,2.3,2.3,70.0,-10.3,-7.6,1
169.4,141.2,220.1,173.0,29.3,19.7,1.6,1.8,80.0,6.3,-1.0,160.3,126.2,228.7,263.7,26.5,26.1,1.3,1.7,60.0,6.3,3.8,0
106.3,163.8,218.3,255.8,16.3,33.7,1.5,1.0,36.4,-17.6,-6.5,95.8,227.3,117.8,257.0,9.0,32.5,1.2,1.8,50.0,-26.5,-11.8,0
119.0,219.8,250.4,255.6,21.2,33.0,1.8,1.2,90.9,-5.6,2.9,148.0,144.0,174.0,290.0,20.7,34.7,1.0,1.7,50.0,-10.0,-4.0,0
141.2,157.8,195.4,154.6,15.4,20.2,2.0,1.2,66.7,-1.3,-0.2,142.5,201.3,219.0,252.0,26.0,37.8,2.8,1.5,20.0,-6.6,-3.2,0
159.9,163.7,153.7,264.7,17.7,24.6,0.9,1.7,70.0,-3.7,1.9,137.8,121.2,236.2,197.2,26.4,13.2,1.2,1.8,40.0,16.5,8.0,1
362.0,179.5,81.0,127.8,23.3,15.3,1.3,1.8,30.0,6.5,-2.1,56.2,209.4,239.4,230.6,11.0,33.4,2.2,0.4,20.0,-16.4,-1.2,1
248.0,148.3,271.0,206.7,54.0,14.7,1.3,4.3,90.0,25.2,1.6,227.3,134.3,207.0,154.7,46.7,12.7,1.0,2.7,30.0,18.5,1.0,1
154.5,182.5,196.6,220.6,24.6,27.1,1.5,2.0,60.0,0.0,2.0,110.5,162.4,212.1,223.9,25.1,29.3,2.0,1.9,100.0,-4.7,-2.8,0
158.8,222.0,152.8,213.8,15.0,33.0,2.2,1.4,88.9,-10.6,-3.4,100.6,81.4,284.8,239.8,22.8,23.0,1.4,1.6,77.8,6.7,0.6,1
158.7,107.0,267.8,222.7,29.3,25.3,2.0,1.7,70.0,7.7,3.1,76.1,221.6,206.5,289.3,15.0,37.4,2.8,2.5,50.0,-16.4,-2.1,0
267.0,3.0,237.0,218.0,49.0,7.0,0.0,3.0,66.7,8.0,-23.2,165.0,25.0,287.0,319.0,38.0,31.0,2.0,2.0,33.3,13.0,-1.2,0
174.8,106.0,197.6,215.2,19.9,17.9,1.7,2.1,50.0,1.8,-3.1,227.9,160.8,194.5,230.6,30.6,31.5,1.6,2.3,10.0,-4.4,-4.1,0
303.5,155.1,240.7,255.3,43.8,23.0,1.0,2.4,30.0,5.6,-8.4,107.0,235.0,211.5,176.6,16.9,36.5,2.3,1.6,60.0,-24.4,-15.5,1
135.8,193.5,242.0,171.5,27.0,33.3,1.8,0.8,80.0,-2.4,1.8,52.5,130.0,423.5,290.0,26.5,35.5,1.5,0.5,90.0,-3.4,-7.1,1
94.1,170.9,181.4,182.1,11.2,30.7,2.3,2.1,40.0,-15.1,-7.4,107.6,144.4,123.5,196.9,13.5,26.4,2.3,1.4,90.0,-14.1,-7.3,0
153.4,108.4,199.4,262.6,26.6,25.0,1.0,0.8,50.0,4.7,4.6,165.0,183.5,305.7,205.0,37.0,33.0,1.3,1.3,90.9,-0.1,-2.0,1
337.7,169.8,138.2,248.2,34.3,23.0,1.2,1.7,50.0,0.6,-8.5,110.7,265.2,284.8,207.5,25.2,40.5,2.0,0.8,10.0,-24.3,-15.3,0
220.0,145.0,393.0,362.0,59.0,24.0,0.0,3.0,50.0,5.7,-17.3,151.5,175.5,328.5,222.0,31.0,31.0,0.5,2.0,30.0,-3.8,0.8,1
259.0,92.6,210.1,145.2,38.1,11.8,1.6,1.7,60.0,21.3,3.7,108.5,161.6,219.9,255.6,16.9,34.5,1.9,1.6,70.0,-17.9,-7.9,0
166.3,183.3,173.3,205.5,29.7,19.2,2.3,2.8,44.4,0.4,-11.9,171.6,240.6,206.6,309.4,19.0,47.0,2.6,1.2,88.9,-28.9,-8.3,1
163.0,197.3,162.7,278.3,15.0,39.0,2.0,1.7,66.7,-8.3,3.9,122.7,129.0,175.0,290.3,28.7,37.7,2.7,2.7,50.0,-1.9,6.6,0
202.0,181.0,236.0,151.5,21.0,18.5,2.5,1.5,44.4,5.4,-2.9,94.5,201.8,382.3,299.8,35.3,43.0,2.0,1.3,50.0,-6.3,-3.2,0
145.2,119.4,235.4,220.8,26.2,28.6,1.8,1.4,70.0,0.9,-3.9,136.8,193.0,193.2,220.8,18.6,31.0,2.0,1.8,72.7,-13.1,-9.9,0
96.9,167.3,248.8,199.4,25.4,27.2,1.4,1.7,70.0,1.2,1.7,193.0,155.1,153.8,260.2,18.9,29.4,2.2,1.8,30.0,-3.1,-0.8,1
101.4,215.9,300.0,211.9,29.3,34.4,2.6,2.3,30.0,-10.7,-7.9,116.4,187.0,180.8,198.5,19.3,28.4,1.8,2.1,36.4,-12.4,-7.9,1
133.2,157.8,199.2,225.2,17.7,31.5,2.3,1.3,66.7,1.2,2.9,147.5,158.5,197.7,259.8,21.3,27.8,1.5,1.7,33.3,10.1,10.7,1
86.6,235.0,280.1,284.4,23.7,43.6,2.3,1.1,10.0,-23.9,-13.7,138.3,149.7,213.3,214.3,26.3,33.8,2.7,1.0,50.0,-7.9,-4.9,0
201.0,50.0,329.0,242.5,39.0,11.5,1.0,1.5,50.0,13.1,-9.6,185.0,46.5,191.5,245.5,31.5,26.5,2.0,2.0,70.0,2.4,-14.7,1
198.3,171.0,273.0,182.7,37.7,22.3,2.0,1.3,90.0,7.0,0.4,186.0,136.0,257.3,175.3,31.3,24.3,3.7,3.0,70.0,2.0,-3.5,1
146.7,197.0,340.1,283.9,39.7,32.4,1.3,1.0,40.0,8.7,2.0,117.3,144.9,225.7,197.6,14.4,22.1,2.4,1.9,81.8,-2.8,-0.2,0
201.6,186.0,235.1,227.3,34.1,32.9,2.3,1.1,30.0,-7.6,-8.3,160.8,211.1,209.0,264.6,23.5,35.6,1.4,1.3,40.0,-10.6,-5.7,0
97.7,193.6,134.4,227.6,14.3,27.1,0.9,0.7,30.0,-5.2,-0.3,232.3,138.0,208.1,300.6,32.7,30.3,1.7,1.4,18.2,3.8,1.3,1
222.0,174.0,241.5,154.5,53.5,21.0,0.0,2.0,30.0,11.3,-5.3,162.0,78.0,85.0,236.0,20.5,16.0,2.0,1.5,80.0,-1.2,-6.9,1
248.3,123.8,211.3,213.8,36.7,20.0,1.5,1.8,60.0,8.2,-3.7,227.2,144.2,275.6,265.6,37.6,31.8,2.4,1.2,50.0,2.0,-4.4,1
258.8,229.4,174.6,224.4,28.0,41.2,2.0,1.0,30.0,-0.1,0.8,124.8,228.8,164.0,300.7,10.2,47.5,2.0,1.3,70.0,-31.2,-16.8,1
166.0,158.0,265.3,193.2,36.3,22.9,2.0,1.6,70.0,9.1,0.0,199.5,141.3,249.8,269.3,34.2,31.9,1.9,1.8,20.0,-4.0,-6.6,0
216.1,103.7,212.1,192.9,35.7,16.1,1.9,2.0,40.0,16.7,4.7,186.9,176.4,211.9,249.6,39.7,24.4,1.2,2.1,30.0,9.7,0.8,0
398.9,228.3,64.1,236.3,27.9,38.9,1.4,0.9,55.6,-16.6,-9.7,349.4,236.7,110.4,183.4,32.4,28.4,1.7,1.1,30.0,-5.3,-10.1,1
236.5,180.5,270.5,269.0,34.5,34.5,1.5,1.0,44.4,-9.5,-11.9,115.0,208.0,205.5,187.0,20.0,44.5,3.5,1.5,30.0,-18.0,-4.5,0
139.2,91.4,242.7,211.5,25.2,15.4,1.5,1.1,9.1,8.0,1.9,146.7,169.9,252.8,187.8,26.7,24.9,1.8,1.7,40.0,2.3,2.0,1
93.0,246.7,527.7,313.2,47.2,48.3,1.3,0.3,90.0,3.2,0.8,156.3,155.7,314.0,256.2,32.0,28.8,1.8,1.3,66.7,4.0,-1.0,1
155.8,231.0,341.0,273.3,40.0,35.0,2.0,3.2,80.0,2.9,-1.6,261.0,249.5,108.3,197.7,26.0,30.2,0.8,2.0,77.8,-3.9,-3.4,1
190.6,146.0,277.6,223.6,38.9,24.9,2.0,1.6,50.0,1.2,-7.6,168.6,202.4,214.1,284.6,24.9,39.9,1.0,1.0,30.0,-18.0,-12.6,1
120.3,108.1,201.6,224.6,30.6,18.9,1.3,2.7,40.0,7.0,-0.2,250.4,119.3,103.3,177.4,24.3,16.0,2.0,2.9,90.0,2.7,-2.8,0
59.0,218.0,260.0,160.0,21.0,27.0,2.0,1.0,60.0,-6.5,-10.7,120.3,198.0,220.0,228.0,19.0,37.3,2.0,1.3,30.0,-6.4,-0.7,0
45.0,168.0,327.0,297.0,39.0,41.0,2.0,3.0,80.0,-16.8,-24.3,143.0,237.0,178.0,305.0,14.0,40.0,4.0,1.0,50.0,-12.8,-14.5,1
224.5,92.0,224.0,194.0,40.0,10.0,0.0,2.5,66.7,10.2,-9.3,126.0,173.0,157.5,203.5,15.0,22.0,0.5,1.5,44.4,-0.5,-6.3,0
150.9,159.1,99.1,176.7,7.7,35.7,4.0,0.6,40.0,-21.5,-8.8,78.4,284.9,202.0,174.0,18.0,36.7,1.7,1.9,80.0,-19.8,-12.2,1
269.0,347.8,179.2,239.7,33.8,44.0,1.0,1.5,22.2,-7.3,-2.2,165.0,154.0,264.0,246.4,27.2,16.2,2.0,2.2,80.0,7.3,-0.3,1
165.1,186.2,233.2,206.1,29.6,18.3,1.7,2.6,44.4,-1.4,-12.6,98.6,182.3,268.8,231.4,28.9,25.4,1.0,1.1,44.4,-8.9,-12.6,1
101.7,82.3,405.3,279.7,28.0,29.7,2.7,0.7,90.0,6.6,4.0,240.0,81.0,124.5,280.0,20.0,14.5,1.0,2.5,30.0,2.9,0.3,0
215.0,115.5,244.5,364.0,29.5,26.0,0.5,2.5,33.3,7.5,-5.9,168.7,132.3,191.7,249.7,31.7,16.0,0.3,2.0,55.6,13.1,1.3,0
214.0,120.5,354.5,277.0,43.0,20.5,1.0,1.5,50.0,3.1,-20.0,69.0,106.0,208.0,319.0,3.0,21.0,0.0,3.0,36.4,-8.6,-9.6,1
30.0,232.0,141.0,150.0,7.0,38.0,3.0,0.0,40.0,-9.1,-8.8,191.0,41.0,314.0,228.0,34.0,6.0,0.0,2.0,55.6,6.4,-18.0,1
182.7,164.8,167.3,263.6,24.0,32.2,1.0,2.0,50.0,-2.6,1.4,102.2,214.6,251.6,235.1,27.0,35.9,2.1,1.7,100.0,-5.2,-1.2,1
0.0,0.0,0.0,0.0,33.4,14.1,0.8,0.3,80.0,22.1,8.5,0.0,0.0,0.0,0.0,19.5,24.1,1.0,0.9,40.0,-12.7,-11.4,0
170.3,132.8,174.8,217.5,26.3,26.3,2.0,1.3,70.0,-0.1,-0.5,28.7,152.3,157.7,232.7,7.3,26.0,2.3,2.3,70.0,-5.9,-0.9,0
205.0,186.3,234.7,210.3,33.7,35.7,1.7,1.3,40.0,5.5,-1.9,168.3,166.0,286.0,296.5,32.5,30.0,1.3,2.8,70.0,-2.1,-2.4,1
231.8,131.8,127.8,183.3,22.7,16.3,1.2,2.0,36.4,6.6,-1.3,145.1,97.5,244.2,215.0,25.5,22.6,1.7,1.5,70.0,4.1,-2.2,1
83.0,244.5,336.8,253.3,22.8,40.8,1.8,1.5,22.2,-18.8,-10.8,25.7,130.7,272.7,356.7,21.0,36.7,1.0,2.3,33.3,-18.3,-10.3,0
180.0,178.0,416.0,401.0,35.0,38.0,3.0,1.0,55.6,4.2,-3.2,185.5,46.0,199.5,249.0,27.0,12.0,0.5,3.0,77.8,-2.2,-11.1,0
144.4,192.9,327.8,273.8,41.6,34.9,1.3,2.4,50.0,-2.4,-5.8,104.7,144.6,295.9,258.4,28.8,25.4,2.0,1.6,60.0,-3.1,-6.2,0
148.4,147.8,310.6,230.0,30.2,30.8,1.6,1.6,70.0,3.7,2.2,177.2,161.8,206.2,237.6,19.2,31.6,2.2,1.0,100.0,-7.3,-4.2,1
179.4,198.8,261.6,213.5,36.1,29.4,1.3,1.5,70.0,12.1,7.6,116.7,137.9,304.1,227.6,29.0,21.3,1.8,2.4,18.2,12.9,6.8,1
354.0,241.0,332.0,167.0,49.0,31.0,2.0,0.0,77.8,20.1,-4.3,62.0,127.5,177.5,267.5,14.0,23.5,3.0,1.0,33.3,-0.3,-0.3,0
150.4,201.6,159.5,232.5,17.0,33.6,1.5,0.8,60.0,-13.6,-3.9,160.8,131.9,201.1,175.3,21.1,21.1,2.6,1.8,70.0,3.8,1.1,1
222.3,74.0,271.7,275.7,34.0,20.7,0.7,2.3,60.0,1.6,-8.4,112.8,247.5,150.5,242.8,8.8,43.0,1.3,1.5,0.0,-27.8,-6.9,0
150.2,216.7,368.0,250.1,35.0,32.1,1.7,1.8,60.0,3.1,3.1,119.8,245.8,185.8,206.3,15.2,36.3,2.8,0.8,70.0,-15.5,-15.5,0
158.0,237.4,263.6,166.6,26.2,24.8,1.4,1.2,40.0,-3.1,-5.4,151.2,236.4,242.2,258.0,28.2,28.8,0.8,1.2,10.0,-12.2,-13.6,0
280.3,162.9,209.8,290.4,34.8,31.3,2.0,1.5,11.1,8.8,5.0,160.1,246.5,229.9,240.3,26.0,35.4,1.0,0.5,50.0,-9.9,-3.8,0
240.5,257.0,342.5,180.0,38.0,23.5,1.5,2.0,40.0,-3.0,-9.5,175.0,223.0,103.5,332.0,20.0,47.0,1.0,2.0,30.0,-8.8,-4.9,0
213.3,243.4,352.1,292.1,41.0,40.9,1.7,1.3,90.0,8.2,8.4,21.6,110.1,307.9,256.7,17.4,28.0,2.7,1.7,50.0,1.4,7.7,1
192.0,43.5,176.0,178.0,31.5,15.5,2.0,1.0,70.0,5.6,-1.5,92.0,186.5,141.5,178.5,23.0,28.5,1.5,2.0,50.0,0.2,5.7,0
183.8,115.3,256.3,169.3,39.3,7.0,0.8,1.8,70.0,19.7,5.0,125.3,147.3,303.7,189.0,31.7,16.7,1.0,1.3,70.0,9.1,-7.1,1
191.5,166.0,250.0,214.0,28.5,27.5,2.0,1.0,77.8,6.6,-1.0,166.5,233.5,250.0,140.0,23.0,19.0,1.0,0.5,77.8,10.5,7.4,1
184.7,182.1,282.1,236.3,34.1,30.7,1.9,1.2,66.7,4.2,0.0,91.1,233.6,229.4,208.1,21.6,34.1,1.2,0.7,80.0,-4.9,-0.8,0
134.0,116.0,179.8,197.1,17.8,21.9,2.4,1.6,70.0,0.8,1.8,184.4,99.0,134.0,140.1,25.8,11.4,1.8,2.4,50.0,11.3,1.1,1
71.4,199.6,278.6,170.0,17.4,27.6,1.8,1.8,50.0,-13.4,-7.6,54.2,167.8,94.8,174.4,7.8,32.4,2.8,2.4,40.0,-18.0,-8.5,0
253.0,121.3,209.0,171.7,38.7,18.3,1.3,0.3,60.0,20.4,1.1,59.0,175.3,270.3,256.3,13.8,35.0,2.3,0.5,20.0,-18.0,-4.2,1
153.6,185.1,225.2,246.2,34.6,25.0,1.2,2.1,30.0,8.1,3.1,79.8,186.9,388.2,239.8,29.5,34.9,1.8,1.6,70.0,-6.5,-4.2,1
151.9,231.9,292.9,329.0,31.6,40.7,1.9,1.6,30.0,-10.1,-11.0,126.7,132.4,237.4,248.6,20.3,23.1,2.1,2.1,36.4,-10.4,-10.7,0
159.3,205.0,192.6,198.5,21.8,28.8,3.4,1.1,10.0,-15.5,-15.6,163.0,185.7,154.3,205.3,23.4,34.3,1.0,1.3,80.0,-17.3,-10.2,0
286.3,188.7,161.0,335.0,31.0,31.3,1.7,1.3,60.0,-2.0,-6.6,226.5,206.5,282.3,268.5,34.5,32.0,2.0,2.5,60.0,-1.3,-6.1,1
173.6,191.4,262.0,251.0,29.9,32.0,1.4,1.6,50.0,-1.0,0.0,165.2,194.4,216.0,289.4,25.7,37.6,1.9,1.9,50.0,-11.4,-3.4,1
168.8,209.6,299.8,246.4,30.2,36.2,2.0,1.6,10.0,-15.0,-12.4,76.5,164.2,135.3,202.8,11.3,33.8,1.5,1.2,40.0,-21.3,-8.0,0
185.9,157.1,181.8,208.1,26.1,22.8,1.7,2.0,30.0,-3.7,-7.1,113.7,127.6,195.7,245.8,24.2,25.0,1.5,2.2,70.0,-4.3,-3.8,1
126.4,139.4,369.0,262.6,42.4,29.0,1.4,1.6,33.3,20.5,12.7,138.2,179.3,238.5,222.2,24.5,26.2,1.2,2.5,22.2,4.7,9.3,0
163.3,187.8,335.5,244.0,25.3,25.8,2.5,1.0,60.0,-7.1,-6.2,100.0,155.3,223.0,224.0,16.0,31.3,3.3,0.7,30.0,-17.2,-11.7,0
84.4,169.0,407.8,182.1,37.1,20.5,2.0,3.0,90.9,14.1,1.1,164.7,94.0,175.3,221.3,27.0,25.1,2.1,1.9,80.0,4.6,3.1,0
209.5,184.5,300.0,219.5,33.5,27.5,2.5,2.0,80.0,3.8,-8.1,94.0,94.0,218.0,282.0,13.0,27.0,2.0,1.0,80.0,-22.7,-21.9,1
116.0,151.2,227.2,200.2,20.0,23.5,2.5,1.8,90.0,-1.5,-1.3,71.5,145.3,292.3,242.8,19.0,31.0,2.5,2.0,18.2,-1.7,1.0,1
134.5,116.5,159.0,260.5,14.5,22.5,2.0,2.0,72.7,-12.8,-6.6,189.0,205.5,291.5,335.5,25.0,36.0,0.5,2.5,50.0,-1.7,-4.5,0
191.3,205.6,212.4,243.7,29.4,40.9,1.1,0.7,11.1,-15.9,-11.7,172.9,205.3,206.7,270.3,22.7,31.4,0.9,1.9,11.1,-7.8,-4.2,0
160.5,195.0,234.3,148.5,28.8,25.3,1.7,2.2,30.0,1.9,-0.2,199.8,213.0,86.8,293.5,21.3,50.0,2.0,0.3,50.0,-12.2,3.7,1
137.0,108.6,233.0,250.2,18.8,21.0,2.0,2.0,60.0,-4.0,-5.9,146.0,126.0,284.8,273.0,25.5,28.5,1.5,1.0,11.1,-13.8,-14.8,0
254.9,165.4,233.0,218.7,35.3,23.3,1.4,1.3,90.9,13.6,2.1,123.5,191.7,193.7,188.3,20.3,23.8,1.5,1.5,100.0,10.6,8.5,1
319.8,272.3,108.2,165.5,33.2,38.8,2.0,0.7,33.3,-3.3,-4.1,186.0,160.7,307.0,272.1,33.3,26.6,1.1,1.3,22.2,3.1,-4.0,0
251.7,133.3,119.3,180.0,30.0,18.0,2.0,3.0,44.4,1.4,-7.3,138.7,186.3,329.7,305.7,27.3,38.7,3.3,2.0,11.1,-23.6,-20.1,0
135.0,130.0,351.0,207.7,38.7,19.0,1.0,2.3,60.0,22.0,4.9,285.3,209.7,198.3,235.0,23.7,39.3,2.3,1.3,20.0,0.0,5.3,0
167.5,120.5,260.5,207.5,39.5,8.5,0.0,3.0,80.0,17.4,0.6,174.0,187.0,192.5,207.5,30.0,36.0,1.5,1.0,18.2,-16.8,-17.0,0
255.6,146.5,293.5,189.3,42.0,25.6,1.5,0.7,77.8,20.2,5.5,178.7,145.9,259.7,213.7,34.4,18.5,1.4,2.5,55.6,13.6,3.7,0
129.4,155.2,170.2,290.2,20.0,30.8,2.4,2.4,40.0,-14.0,-11.3,113.8,262.0,158.8,135.0,15.0,35.8,1.8,1.4,36.4,-18.4,-6.4,0
105.0,111.0,144.0,265.5,13.5,29.0,2.5,2.5,70.0,0.8,2.3,133.0,158.7,225.3,180.0,20.7,29.3,2.7,2.3,50.0,-9.8,2.4,0
249.4,113.5,185.4,169.6,31.6,13.6,1.0,1.5,33.3,1.4,-11.2,103.7,113.0,291.1,181.4,21.4,22.6,2.6,1.7,77.8,-10.2,-12.7,1
126.2,178.2,243.2,245.2,24.6,28.8,1.4,2.6,22.2,3.6,10.3,135.6,153.0,188.2,254.0,22.2,33.0,1.6,1.4,66.7,5.3,11.3,1
177.0,109.5,122.3,297.2,22.2,25.8,1.7,2.3,40.0,-12.4,-13.9,172.6,168.8,303.8,259.8,33.4,29.8,1.4,1.8,30.0,-7.6,-9.4,1
122.7,226.5,370.3,251.3,28.5,35.8,2.2,1.5,30.0,-6.0,-4.0,170.9,241.9,263.0,235.1,29.0,38.4,1.3,1.4,80.0,-12.9,-10.1,0
134.7,236.2,346.9,222.5,30.3,36.9,2.0,1.4,30.0,-7.7,-5.3,176.1,154.4,420.7,251.6,47.4,27.2,1.4,1.8,70.0,6.2,-8.9,1
169.0,99.0,258.0,169.0,30.0,7.0,2.0,5.0,60.0,10.7,-10.1,28.7,258.0,165.3,272.0,4.0,48.7,2.7,1.0,70.0,-17.3,6.6,0
0.0,0.0,0.0,0.0,41.1,24.5,0.8,0.8,40.0,18.8,7.9,0.0,0.0,0.0,0.0,47.5,20.1,1.2,1.1,90.0,27.6,8.2,1
187.8,176.8,243.3,172.8,24.5,29.0,3.5,1.3,80.0,-4.9,-5.6,62.0,221.0,232.5,242.3,10.5,38.5,3.0,1.0,30.0,-13.4,-9.6,1
160.3,97.0,296.0,299.0,39.7,28.3,1.3,2.0,10.0,9.8,1.1,104.7,201.7,227.0,247.3,25.3,32.7,1.0,1.0,60.0,-3.0,1.7,1
308.3,152.0,415.0,223.5,62.0,21.8,1.5,2.0,50.0,24.4,0.1,145.5,168.5,236.3,276.8,31.0,30.3,1.3,2.3,60.0,-0.4,-0.7,1
190.2,195.0,170.6,262.6,29.0,33.6,2.4,2.6,70.0,3.8,3.1,225.7,142.8,260.8,202.7,34.5,22.7,1.7,1.7,30.0,14.9,4.9,0
153.7,50.6,275.2,181.7,41.6,12.6,1.8,2.9,70.0,29.4,9.9,101.8,133.3,305.6,227.9,27.2,27.3,2.0,1.4,50.0,4.5,1.2,1
68.0,203.0,285.0,139.0,13.0,27.0,1.0,1.0,40.0,2.8,-0.7,203.0,169.0,149.0,159.0,47.0,14.0,0.0,0.0,55.6,11.6,-9.9,1
241.9,219.7,176.3,226.6,28.2,32.3,2.4,1.5,44.4,-2.9,-2.2,254.6,99.2,303.9,193.0,46.0,21.7,2.5,2.0,77.8,22.1,6.8,0
149.4,168.0,342.6,295.4,36.0,37.1,1.4,1.9,90.0,4.8,4.6,109.5,216.0,280.6,250.8,23.5,34.6,1.8,1.3,55.6,-4.9,0.0,0
134.5,143.8,204.8,253.8,31.8,34.5,1.8,2.3,40.0,-11.2,-11.1,138.3,168.8,331.8,296.3,27.3,34.8,2.3,1.8,60.0,-7.3,-5.0,0
168.1,198.9,152.2,213.0,23.3,30.5,1.7,1.7,40.0,0.6,3.2,158.4,135.6,229.3,223.4,21.6,24.0,2.4,1.7,81.8,-3.5,-3.2,1
100.0,171.8,215.2,176.6,20.8,24.4,2.0,1.0,70.0,-2.0,-3.7,194.8,147.8,118.3,215.0,24.0,19.5,2.3,2.8,70.0,7.3,5.7,1
196.0,242.5,219.0,200.5,32.0,34.5,1.0,3.0,30.0,-6.6,-11.8,108.7,172.3,153.3,152.3,11.3,28.7,3.0,2.3,80.0,-8.4,0.9,0
68.0,141.2,451.4,205.6,39.2,24.6,2.0,3.0,90.9,12.7,1.6,123.0,146.0,202.5,185.5,21.3,20.3,2.5,2.3,50.0,1.5,-1.0,0
157.4,147.2,211.8,215.0,26.4,23.8,1.4,2.0,80.0,6.6,0.5,110.0,208.2,236.5,238.2,21.7,27.5,2.0,1.3,90.9,-3.9,0.2,1
151.4,207.5,225.8,233.2,24.5,31.5,1.7,1.3,50.0,-3.2,0.7,140.5,239.3,283.7,270.3,32.3,39.8,1.5,1.5,40.0,-0.1,2.7,1
166.0,130.3,199.7,200.0,38.3,19.3,0.7,1.7,70.0,9.4,-1.0,118.8,143.8,168.5,249.5,18.8,24.8,1.5,1.5,50.0,-8.3,-7.9,1
155.0,101.8,182.3,249.0,22.0,24.5,2.0,1.5,70.0,2.0,0.2,164.7,108.3,194.0,175.7,20.7,17.7,2.0,1.0,30.0,-1.9,-9.1,0
161.1,186.9,387.4,245.0,48.6,26.9,1.3,3.4,10.0,21.7,8.7,196.0,205.6,353.8,263.2,43.6,39.2,1.8,1.4,50.0,5.0,1.3,0
147.4,245.4,283.6,199.8,26.8,41.2,2.8,1.0,22.2,-15.0,-7.9,229.3,131.0,201.5,371.8,25.0,41.8,3.3,0.8,66.7,-19.5,-15.8,1
182.5,210.5,248.5,364.5,25.5,27.5,0.5,3.0,60.0,-1.1,2.1,95.5,113.0,254.5,248.5,17.5,20.0,2.0,1.5,30.0,-3.7,-3.7,0
160.5,170.7,223.5,226.8,27.7,29.1,2.3,1.5,66.7,0.7,2.2,277.4,154.0,166.7,207.8,30.5,23.1,1.7,1.8,30.0,11.0,5.9,1
107.6,79.6,244.0,275.7,23.4,22.1,1.6,1.7,33.3,10.2,8.2,176.7,136.7,337.6,296.4,35.7,22.7,1.3,1.3,20.0,12.7,4.1,1
167.0,160.9,168.3,223.1,25.8,20.2,0.7,1.4,66.7,5.6,1.8,142.3,233.3,150.3,206.1,18.1,34.4,1.6,1.3,66.7,-7.7,-2.0,1
184.7,236.3,207.3,253.7,26.8,35.2,0.8,0.5,50.0,-8.8,-3.8,153.8,195.3,287.0,283.7,27.8,31.3,1.2,2.2,90.0,0.8,1.7,0
132.2,111.6,221.4,279.0,24.2,27.0,1.8,2.0,50.0,-4.9,-3.5,274.0,137.2,170.6,231.6,36.0,30.8,1.2,1.2,50.0,-3.2,-7.4,0
189.0,170.7,128.0,255.0,16.0,31.0,1.3,1.0,77.8,-8.5,-5.6,147.0,134.7,178.7,320.0,28.0,26.0,0.7,1.7,30.0,0.8,-5.2,1
366.8,101.0,83.5,184.3,34.3,17.3,0.5,1.5,30.0,-0.5,-11.7,190.3,157.3,184.7,182.0,39.7,25.7,1.0,2.3,40.0,-5.4,-15.3,1
45.7,123.0,456.3,180.3,48.0,24.7,1.7,3.0,44.4,8.6,-11.8,185.8,153.5,306.3,216.8,37.0,24.8,2.0,2.8,77.8,16.9,6.1,1
144.6,162.5,254.6,245.1,33.4,28.1,1.3,1.8,70.0,8.4,5.3,196.8,141.3,212.6,206.7,29.2,22.6,1.6,1.5,30.0,6.0,0.3,0
128.1,127.7,215.9,160.6,24.6,14.6,1.3,3.0,60.0,11.0,4.2,135.1,153.4,219.3,241.1,24.3,28.4,1.3,2.4,100.0,-8.1,-5.3,1
179.8,108.8,202.3,201.0,39.2,17.0,1.5,2.0,70.0,11.1,-3.0,95.0,167.6,216.0,287.6,21.9,37.1,1.3,1.4,30.0,-15.2,-9.1,0
187.9,122.2,263.8,180.4,44.7,17.0,1.0,3.0,60.0,17.3,-0.4,194.7,211.4,223.8,232.1,24.8,30.3,1.0,1.8,50.0,-9.8,-7.1,1
182.4,150.6,293.1,231.0,40.4,22.1,0.1,2.3,80.0,18.9,6.4,127.3,194.8,352.0,267.2,31.7,37.7,1.8,1.0,70.0,-7.2,-3.8,1
101.1,166.0,164.9,180.1,24.7,22.0,1.1,3.3,44.4,-3.8,-6.5,183.5,192.3,302.3,246.1,32.6,28.9,1.4,1.3,22.2,0.6,-5.2,0
200.6,108.0,135.1,242.7,27.1,19.7,0.7,2.0,30.0,-1.5,-8.6,123.9,277.1,151.8,146.0,16.9,37.4,1.5,1.9,36.4,-20.8,-8.6,1
279.9,130.9,379.8,232.3,55.4,22.6,1.3,1.9,50.0,27.9,8.8,113.2,119.9,219.4,236.9,22.5,24.5,2.6,2.4,60.0,4.5,3.7,1
190.2,61.8,297.6,240.6,46.2,10.6,0.6,1.4,30.0,26.3,-0.9,106.3,164.0,362.5,177.3,34.8,26.0,1.8,1.5,50.0,0.6,-4.8,0
153.5,147.8,185.0,232.6,25.6,29.2,1.8,2.5,60.0,-9.8,-7.9,63.9,203.5,227.8,218.0,23.4,32.9,2.4,2.7,30.0,-15.1,-8.9,1
152.1,200.1,213.7,237.0,22.8,30.8,1.7,1.4,50.0,-3.8,0.4,100.1,211.4,227.7,235.0,25.9,29.9,2.0,1.6,40.0,2.7,3.5,1
152.6,141.6,170.0,207.0,28.7,20.9,1.4,1.9,70.0,9.5,3.1,149.3,193.3,244.4,181.4,27.7,26.3,1.3,1.9,50.0,1.1,-0.9,0
293.0,157.0,365.0,161.0,48.0,17.0,1.0,0.0,77.8,7.6,-13.5,121.0,414.0,293.0,431.0,28.0,62.0,2.0,3.0,30.0,-3.2,-3.9,0
187.0,207.2,207.8,198.0,28.4,35.8,1.8,1.6,40.0,2.8,0.3,155.7,157.2,314.7,290.3,34.8,32.7,1.8,0.3,72.7,-2.5,-8.4,0
153.1,205.7,138.6,252.9,19.4,33.7,2.6,1.4,40.0,-18.3,-14.5,91.3,185.4,139.0,266.5,10.5,39.1,1.6,0.9,36.4,-27.4,-11.1,1
210.1,150.8,197.1,185.6,35.8,20.6,0.6,1.4,44.4,7.1,-3.0,283.5,207.1,191.4,248.0,34.5,35.3,1.4,1.3,11.1,-9.4,-8.6,0
192.3,80.0,257.2,276.8,36.0,22.3,1.2,2.0,50.0,2.1,-8.2,108.6,151.8,270.6,278.2,25.0,28.8,1.8,1.8,50.0,-10.5,-8.2,1
233.2,131.8,168.1,281.9,29.7,25.8,1.1,1.8,50.0,2.4,-0.4,141.9,113.4,218.5,174.6,19.7,16.3,1.2,1.4,30.0,4.9,3.1,1
233.0,264.0,145.0,52.0,21.0,22.0,4.0,1.0,80.0,7.2,-5.2,107.0,117.0,242.0,426.0,7.0,41.0,1.0,1.0,11.1,-21.8,-18.2,1
191.6,213.4,181.8,239.3,22.3,31.8,1.5,0.9,60.0,-15.4,-10.8,104.6,197.4,278.0,243.4,34.9,29.1,1.1,1.4,36.4,-5.2,-9.9,1
147.8,126.3,215.8,262.0,36.8,22.3,0.5,1.5,70.0,10.2,-1.6,188.7,81.0,132.7,179.3,21.0,16.7,2.0,2.3,72.7,3.4,-3.4,1
157.1,84.6,294.4,178.3,34.3,12.9,0.9,2.2,70.0,11.1,-4.6,158.7,186.3,270.8,250.6,32.2,27.7,1.9,2.1,80.0,7.5,1.9,0
221.7,109.2,154.0,173.4,25.4,13.4,1.2,1.5,60.0,11.5,2.8,171.5,108.4,186.4,192.2,26.4,22.3,1.5,1.6,30.0,9.9,4.9,0
135.4,235.6,297.5,232.1,30.9,29.5,1.5,0.9,100.0,12.0,9.8,181.7,173.5,310.9,239.3,31.3,28.5,2.5,1.2,36.4,10.7,8.4,1
161.4,108.6,176.8,211.6,25.3,21.0,1.3,2.0,90.0,3.4,-0.7,100.1,192.0,168.1,175.8,12.9,33.0,2.6,1.0,40.0,-12.9,-1.8,0
92.7,176.4,184.5,201.0,19.9,21.9,2.1,2.2,50.0,-5.8,-3.9,132.8,226.3,223.1,193.6,16.6,35.6,1.7,1.4,36.4,-16.7,-8.1,1
165.5,122.0,332.3,314.5,41.8,25.5,1.0,1.5,77.8,15.1,6.2,131.7,172.7,205.0,216.7,26.7,29.7,1.3,0.7,40.0,-4.2,-5.5,0
144.8,174.8,222.2,251.4,32.2,33.6,1.6,2.8,20.0,-5.9,-4.5,143.2,113.0,266.2,150.0,20.2,25.8,1.8,1.6,80.0,-14.9,-13.8,1
176.6,147.9,256.8,221.2,29.6,24.3,1.3,1.1,60.0,15.5,11.7,114.8,143.3,286.3,223.8,25.8,26.7,1.6,1.3,18.2,7.8,6.6,1
177.5,193.8,393.5,205.8,35.8,29.3,2.3,1.1,77.8,4.6,-0.2,193.7,215.7,326.4,303.4,36.3,37.3,1.8,1.8,22.2,-6.3,-6.3,0
167.2,172.0,219.0,249.0,24.2,27.0,1.8,1.9,50.0,0.1,0.6,143.4,265.1,273.0,216.0,28.0,35.4,1.8,1.0,70.0,-5.9,-1.0,1
113.8,115.3,191.8,259.5,22.3,24.8,1.3,2.8,50.0,1.1,-5.5,222.6,114.0,66.1,171.9,17.9,22.0,1.4,2.0,55.6,-14.4,-11.8,0
165.0,122.7,126.8,178.8,21.2,16.7,1.3,2.5,100.0,11.3,3.3,175.3,134.9,192.4,227.6,29.7,16.7,0.9,2.3,30.0,8.9,0.6,0
218.4,53.3,146.0,169.7,21.1,18.4,2.4,1.3,30.0,11.6,7.7,116.9,89.7,194.3,211.4,28.0,14.6,1.3,3.0,60.0,14.9,5.1,0
174.7,107.6,198.3,231.4,22.9,26.4,1.0,1.9,88.9,3.3,4.1,223.8,200.8,181.1,224.8,27.8,30.9,2.5,1.1,44.4,-2.7,-1.0,0
175.3,80.5,211.8,286.3,26.8,13.0,1.0,2.0,60.0,6.1,-1.4,149.8,113.8,143.5,217.0,14.8,28.0,1.5,2.8,40.0,-14.6,-12.2,1
190.1,103.4,275.2,211.6,37.1,15.8,1.7,1.6,70.0,16.4,2.4,126.1,196.0,230.2,174.6,30.6,22.0,1.3,2.3,70.0,6.7,-0.6,1
77.2,138.8,255.3,214.8,19.9,26.6,2.1,2.1,50.0,-13.6,-10.1,101.3,178.6,143.3,266.4,12.7,38.9,1.8,1.2,36.4,-27.2,-11.7,1
161.1,130.8,206.9,182.9,31.2,19.6,1.9,2.6,50.0,14.4,5.3,89.4,170.1,177.1,179.1,20.4,23.8,1.0,2.0,81.8,-2.8,0.4,0
120.5,153.6,267.3,208.2,26.3,20.9,1.8,1.8,80.0,5.2,1.0,192.8,143.2,250.7,272.3,32.6,28.5,1.7,1.6,80.0,9.8,6.5,1
147.4,174.9,373.9,252.4,41.8,26.5,0.9,2.0,77.8,5.3,-3.9,99.8,193.0,251.7,225.7,26.0,28.1,1.0,1.2,44.4,-11.8,-12.4,0
118.2,176.6,192.8,233.2,20.8,24.0,1.0,1.4,40.0,-2.9,-4.9,87.4,88.8,186.2,231.6,15.0,26.2,2.0,3.0,9.1,-4.0,-1.5,0
65.5,115.8,241.3,228.0,28.3,19.0,1.8,4.5,50.0,4.6,-3.1,359.8,221.0,110.3,198.5,32.5,34.0,1.3,2.0,80.0,-2.1,-5.0,1
214.8,190.2,244.3,251.2,31.2,30.8,2.2,2.7,40.0,11.7,10.8,192.3,264.9,410.5,299.8,45.9,43.3,1.9,1.8,90.0,5.6,5.0,1
172.0,191.9,211.1,244.3,23.9,34.4,1.7,1.3,30.0,-1.9,3.1,111.3,131.5,292.5,245.7,25.5,28.0,1.3,1.8,60.0,5.7,1.8,0
225.3,122.7,159.9,185.2,27.2,16.6,1.8,1.0,20.0,8.3,0.6,79.0,127.4,194.9,228.0,17.2,28.7,2.0,1.9,45.5,-6.5,-1.8,1
115.6,154.3,378.0,412.0,39.6,44.9,1.7,1.4,60.0,1.2,3.5,102.8,156.0,242.8,210.0,24.8,28.3,1.3,1.5,18.2,2.2,1.5,1
317.9,116.6,150.4,232.5,40.5,16.1,0.9,2.3,77.8,23.5,8.3,160.0,180.4,258.7,220.6,28.4,23.3,0.6,1.3,66.7,9.4,5.7,1
195.5,267.0,193.0,309.5,34.0,47.0,1.0,1.0,66.7,1.7,2.0,154.0,133.5,191.0,309.5,15.5,38.0,3.0,1.5,66.7,-5.0,5.7,1
81.0,173.1,253.1,260.5,21.3,34.5,2.1,0.9,40.0,-7.2,-0.6,180.8,174.8,176.8,203.4,30.3,22.0,1.0,1.4,44.4,8.0,4.9,0
210.8,162.4,196.6,200.1,29.8,22.9,1.3,1.9,33.3,13.7,7.5,214.3,116.6,212.9,145.9,36.8,17.6,0.8,1.4,77.8,22.4,9.4,0
220.2,66.0,235.1,170.8,39.3,16.7,1.3,2.7,60.0,22.1,5.7,108.7,209.6,223.1,225.2,18.3,28.1,2.2,1.3,90.9,-6.5,-0.6,0
177.5,240.0,184.5,191.0,25.0,39.0,1.0,1.5,22.2,3.7,2.4,120.0,145.5,353.3,238.3,31.5,26.5,1.5,2.3,33.3,-11.6,-9.6,0
166.3,142.3,300.3,228.7,35.3,19.3,1.0,0.5,66.7,8.9,-4.2,200.4,131.1,204.1,270.7,28.1,25.1,1.4,2.3,88.9,7.0,3.9,0
63.4,194.6,474.6,186.1,38.9,26.1,2.4,1.6,90.9,10.1,-0.6,70.3,188.5,271.6,246.5,17.8,35.3,3.6,2.0,50.0,-13.8,-5.1,1
141.9,117.4,364.6,274.1,46.7,25.9,1.4,1.6,70.0,21.9,8.9,184.0,162.3,164.6,247.9,23.9,30.6,0.9,1.9,50.0,-4.2,-1.9,0
219.1,141.5,278.2,225.0,39.8,26.5,1.7,2.2,60.0,8.7,-2.8,183.8,170.4,277.7,278.3,34.8,27.5,1.2,1.8,70.0,12.5,8.1,0
165.3,131.2,284.2,276.5,44.3,32.5,1.3,2.0,77.8,14.9,7.6,140.6,102.4,292.4,163.2,28.4,21.8,1.8,1.8,40.0,6.2,0.2,0
172.7,137.4,208.1,232.2,25.9,25.6,2.3,2.1,70.0,-5.0,-8.4,157.1,196.0,275.2,329.0,33.4,37.9,1.7,2.3,20.0,-10.0,-9.8,0
192.1,217.6,272.0,287.4,35.1,37.0,1.3,1.0,33.3,-15.3,-14.9,171.6,159.0,211.0,237.3,25.9,24.9,1.3,2.4,44.4,-3.5,-9.7,1
115.2,199.8,196.3,218.5,23.5,29.7,1.8,2.0,10.0,-9.0,-6.2,132.5,176.5,270.0,241.0,24.0,33.8,1.3,2.5,72.7,-13.4,-12.5,0
121.0,113.1,150.1,143.6,17.8,20.1,2.0,2.1,40.0,-8.2,-8.2,89.2,147.6,185.1,212.5,18.0,31.1,1.5,1.3,60.0,-9.1,-1.2,0
53.8,108.0,179.1,219.1,13.3,20.8,1.7,1.9,70.0,-2.5,1.6,195.3,151.9,252.8,151.3,31.3,25.3,2.4,1.7,90.0,8.0,3.0,1
203.6,238.0,366.6,252.9,39.4,40.5,2.4,1.5,50.0,3.5,2.6,165.0,127.3,380.9,232.9,45.4,19.8,1.8,2.2,80.0,26.6,8.4,1
183.0,59.3,270.0,264.3,42.5,23.8,0.5,1.8,50.0,17.1,3.2,69.5,170.8,219.5,201.3,19.8,31.5,2.3,0.5,9.1,-6.5,-4.6,1
119.6,182.1,238.9,250.7,20.1,26.7,1.3,1.4,22.2,-13.8,-8.7,118.8,179.8,347.6,315.1,29.1,41.1,1.8,1.0,50.0,-11.4,-5.5,1
170.7,58.0,237.3,200.0,35.3,15.3,1.3,2.0,33.3,9.6,-3.2,264.0,142.5,165.0,310.0,41.5,30.5,0.5,1.5,66.7,13.4,2.3,1
228.1,173.2,256.2,234.3,36.4,24.8,1.3,1.7,70.0,12.9,12.9,114.6,213.6,301.4,281.1,27.4,38.8,2.8,2.0,70.0,-11.3,-11.3,0
296.1,71.4,203.0,337.1,37.0,33.4,1.4,1.8,20.0,-1.6,-5.1,190.7,104.9,143.1,258.5,23.1,23.7,1.5,2.2,50.0,-10.0,-10.5,0
151.9,110.0,253.6,214.6,23.0,18.6,2.0,2.4,50.0,4.0,2.1,206.0,165.7,252.3,147.0,35.8,24.2,2.2,1.3,90.0,9.1,3.4,1
121.1,92.0,252.4,216.3,21.6,22.4,1.6,1.3,77.8,2.6,2.7,166.8,211.2,150.3,211.5,17.2,31.0,2.0,1.3,88.9,-8.3,-1.8,1
198.1,142.5,259.2,163.8,34.2,19.1,1.1,1.4,50.0,16.9,6.9,202.1,178.7,214.0,234.8,29.1,28.3,1.3,2.0,30.0,9.4,7.5,0
66.0,220.5,189.5,161.5,12.0,26.5,1.0,2.0,70.0,-2.3,-5.0,149.7,41.7,207.0,276.0,30.3,14.7,1.0,3.0,30.0,13.5,1.0,1
113.3,101.7,193.8,285.2,21.0,25.8,2.0,2.3,72.7,-4.9,-3.9,97.0,153.8,229.1,179.0,24.6,18.5,2.1,2.6,50.0,4.1,-1.5,0
215.8,188.8,312.8,319.7,35.2,35.7,1.7,2.7,50.0,1.3,2.7,229.7,122.7,318.3,279.5,41.8,25.3,1.5,1.8,30.0,12.8,5.3,1
95.2,255.2,341.2,291.8,19.4,51.6,3.2,1.6,90.0,-26.9,-10.5,228.8,198.4,131.2,271.4,18.8,35.0,1.2,1.6,30.0,-14.2,-3.2,1
110.0,157.0,240.0,168.5,27.5,19.5,3.0,1.5,80.0,13.9,8.6,216.5,207.0,198.5,236.0,29.5,18.5,0.5,2.0,50.0,7.6,-1.8,1
139.7,166.5,185.2,260.7,20.5,31.7,2.5,1.5,40.0,-15.4,-12.2,124.8,243.7,144.8,145.0,13.5,34.5,1.8,1.5,36.4,-20.4,-8.6,1
218.7,84.0,266.7,344.7,37.0,28.0,1.3,2.3,18.2,5.4,-0.6,114.0,176.3,308.3,194.3,31.0,19.3,1.7,2.0,70.0,6.8,0.1,1
173.8,175.9,279.3,241.8,34.7,27.2,1.2,2.0,70.0,13.1,6.3,40.0,152.1,460.7,312.1,31.0,39.9,1.7,0.6,50.0,1.3,4.9,1
192.1,124.6,242.0,255.3,32.4,22.1,1.4,2.1,72.7,7.1,1.1,105.6,195.4,207.3,215.6,25.1,21.0,2.1,2.9,50.0,0.9,-4.7,1
129.1,138.2,244.5,211.5,24.3,17.8,1.7,1.9,9.1,2.4,-3.0,104.5,149.3,279.5,229.3,24.3,26.8,2.7,1.8,90.0,0.9,2.4,0
124.9,119.8,240.2,170.2,27.7,19.8,2.7,2.7,40.0,2.8,-4.5,99.6,198.3,197.5,211.4,17.0,27.7,1.8,1.5,70.0,-12.3,-7.4,1
264.4,150.0,81.8,169.8,27.8,20.8,1.4,2.8,30.0,0.6,-6.0,138.8,213.0,222.5,214.2,26.7,33.3,0.8,1.0,80.0,-11.0,-6.4,0
139.2,147.0,303.8,248.8,28.4,27.8,1.4,1.4,30.0,-0.3,-4.6,239.5,98.8,233.7,165.5,35.0,11.3,1.2,1.0,44.4,24.1,9.6,1
167.3,186.8,331.5,258.4,30.6,30.5,2.2,1.7,60.0,-7.0,-7.0,106.1,195.0,304.5,259.7,26.1,40.6,2.5,1.5,30.0,-13.2,-13.2,1
140.3,93.7,234.3,178.7,23.0,19.3,1.7,1.0,36.4,5.9,-2.0,108.0,203.8,178.8,186.6,21.8,32.6,1.0,2.0,80.0,-10.9,-3.0,0
193.9,152.4,219.6,245.8,34.3,29.3,1.4,1.6,40.0,-0.9,-7.5,97.3,233.2,209.2,272.8,15.5,37.8,1.7,1.5,10.0,-26.1,-16.5,0
171.0,128.6,265.7,234.0,34.4,21.1,1.3,1.9,40.0,17.7,9.8,166.1,138.0,260.7,239.7,31.4,24.0,1.0,1.3,40.0,7.9,3.5,1
104.6,134.0,236.8,274.2,17.6,29.4,2.0,1.8,70.0,-7.5,-3.7,112.0,194.3,160.3,250.5,21.5,32.3,1.5,1.8,72.7,-22.7,-15.3,0
274.1,118.5,98.2,215.5,30.9,23.5,0.6,1.2,55.6,2.9,-2.2,174.9,223.4,213.3,228.5,27.0,35.3,1.1,1.4,70.0,-1.7,0.6,0
156.8,87.8,251.5,287.3,27.0,26.0,1.0,1.0,55.6,-0.9,-7.5,133.8,193.0,241.3,320.3,25.5,34.3,2.0,2.8,30.0,1.3,0.2,1
252.0,121.0,221.0,214.0,45.0,28.0,2.0,3.0,9.1,3.9,-24.2,145.0,195.5,196.5,168.0,29.5,42.5,2.0,1.0,50.0,-18.6,-14.9,0
172.0,151.0,195.0,348.0,24.0,32.0,4.0,1.0,80.0,5.1,8.2,168.0,40.5,241.0,173.5,34.5,11.0,1.0,1.0,100.0,9.4,-9.4,1
160.9,111.3,244.3,247.6,29.7,19.8,1.5,1.8,55.6,11.7,5.2,166.4,171.3,176.7,264.2,25.6,29.7,1.2,1.5,44.4,-1.0,0.0,1
131.8,242.3,158.0,283.0,19.0,34.3,1.0,1.3,40.0,-9.7,-3.8,112.0,121.3,160.7,260.0,21.0,25.3,1.0,1.7,50.0,0.4,8.8,0
98.8,145.7,242.7,248.8,26.8,21.0,1.0,2.2,33.3,3.7,0.3,132.0,285.3,186.0,138.3,19.8,30.3,2.0,1.5,66.7,-0.4,-0.4,0
212.3,153.3,208.4,215.3,33.9,24.3,1.6,1.7,30.0,2.1,-5.0,213.1,125.0,257.9,242.1,37.0,16.3,1.3,1.7,60.0,6.9,-6.3,0
189.2,125.8,220.4,260.0,28.0,26.8,1.2,1.0,60.0,8.9,7.6,124.6,207.6,148.4,230.0,15.0,45.0,1.6,0.6,50.0,-16.8,3.5,0
275.8,107.4,188.0,339.0,39.2,36.4,1.0,1.6,77.8,4.4,0.5,140.3,155.8,298.3,302.8,29.8,28.0,1.3,2.3,80.0,-4.0,-4.1,0
73.9,137.3,420.9,253.4,40.3,25.3,2.3,1.7,90.9,12.5,4.3,114.3,102.5,347.7,256.0,32.8,26.0,1.7,1.7,50.0,8.3,-0.2,1
186.4,119.7,364.9,246.9,45.5,20.9,0.8,1.6,100.0,28.5,10.9,218.7,127.4,208.4,193.8,35.1,20.9,1.0,1.0,80.0,14.9,3.4,0
206.2,91.7,177.6,253.9,30.4,19.5,1.4,1.4,30.0,19.4,12.0,128.1,184.2,316.2,336.7,22.6,45.8,2.6,1.0,60.0,-11.5,0.1,1
193.4,104.1,181.4,151.4,26.4,18.0,1.8,1.3,77.8,12.4,4.9,182.3,132.8,156.4,184.0,25.1,18.8,1.5,2.1,66.7,3.0,-2.3,1
116.0,117.0,190.4,201.0,15.0,17.1,1.0,2.0,60.0,-2.0,-2.4,219.8,117.4,212.0,226.4,34.4,24.8,1.0,1.8,30.0,4.7,-1.8,1
213.0,158.0,94.3,195.0,18.0,23.0,1.7,1.0,70.0,-1.1,-0.8,140.3,131.0,211.5,168.0,13.0,15.3,2.3,2.0,40.0,4.4,1.6,0
160.9,157.3,283.0,259.0,32.0,26.0,1.1,1.6,50.0,3.0,-1.3,85.1,181.8,161.9,270.8,9.1,46.0,2.5,1.9,50.0,-24.9,-0.7,0
75.1,248.0,222.4,195.6,15.1,34.0,2.1,1.7,33.3,-17.1,-9.0,112.1,228.3,143.4,202.4,11.4,32.7,2.0,1.4,22.2,-21.6,-10.3,0
180.5,134.4,146.5,190.8,26.9,17.6,1.9,1.5,50.0,-2.5,-8.3,103.7,86.9,193.3,205.6,20.9,21.1,2.0,2.6,40.0,-9.8,-11.6,1
120.0,177.0,266.3,252.8,24.2,32.5,1.2,3.7,40.0,-11.1,-4.7,244.5,244.7,147.3,270.5,24.3,37.5,1.0,2.0,40.0,-21.8,-14.0,1
147.0,237.9,302.5,215.9,27.0,37.0,1.6,1.3,40.0,-14.2,-8.0,101.1,124.7,207.9,261.3,17.9,22.9,2.3,1.6,50.0,-4.3,-5.1,0
110.3,207.0,161.0,252.3,26.7,31.7,0.0,1.7,18.2,8.4,11.9,189.5,162.5,299.0,253.0,25.0,31.0,3.5,1.0,70.0,2.4,0.0,0
275.1,114.3,250.3,225.4,45.0,16.3,0.9,3.0,80.0,12.2,-5.4,193.4,183.4,375.0,212.1,36.6,28.7,2.1,1.0,77.8,4.2,-1.8,0
180.2,160.9,287.9,226.9,30.4,25.3,1.5,1.6,90.9,9.6,7.5,294.9,114.8,130.6,255.3,30.3,26.5,2.2,1.2,90.0,11.1,4.3,1
182.6,78.4,241.6,213.2,31.6,21.0,3.4,2.2,36.4,4.3,-5.1,176.0,125.2,173.6,220.2,24.4,19.8,1.6,2.6,72.7,4.5,-0.9,0
142.8,106.4,232.2,201.4,31.1,19.9,0.9,1.8,66.7,6.6,-2.5,189.2,188.2,280.9,234.1,30.4,27.4,1.2,1.2,22.2,-0.2,-5.2,1
212.9,128.6,286.8,167.3,36.9,19.6,2.0,1.9,44.4,20.2,6.1,235.4,207.1,256.3,209.2,40.1,22.1,1.4,1.9,44.4,16.3,3.3,1
145.5,234.6,317.7,275.8,29.4,33.3,1.6,1.1,50.0,-5.6,-4.3,172.1,134.8,247.7,235.7,31.1,29.7,1.1,1.7,40.0,2.5,-3.2,0
59.1,280.6,204.7,203.8,12.6,37.8,2.0,1.9,30.0,-19.6,-8.1,130.1,235.7,97.8,203.9,11.1,33.8,2.4,1.2,30.0,-26.9,-13.2,1
91.6,141.5,241.2,217.2,19.7,26.6,2.4,1.8,40.0,-4.7,0.2,60.9,182.5,206.4,259.5,18.3,34.4,1.8,1.5,50.0,-13.4,1.0,0
134.4,193.8,173.2,206.0,29.0,19.6,2.6,3.2,44.4,0.2,-11.3,162.0,185.0,241.4,240.4,24.4,31.6,3.0,2.6,44.4,-14.8,-10.5,1
254.0,84.0,358.0,215.0,56.0,23.0,0.0,0.0,60.0,7.7,-14.2,25.5,281.5,129.5,244.0,8.0,64.0,2.0,2.0,50.0,-19.2,10.2,1
133.3,146.4,220.9,238.6,21.0,30.0,2.0,1.1,66.7,3.6,4.4,150.7,81.2,274.8,167.8,30.8,15.2,2.2,2.0,33.3,-8.5,-20.8,1
53.5,180.0,187.0,196.5,10.5,34.0,4.0,2.5,40.0,-15.4,-13.3,53.0,177.0,214.7,258.3,8.7,46.0,3.7,1.0,50.0,-22.9,1.5,1
87.3,100.3,246.0,249.3,19.0,21.7,2.0,1.0,40.0,2.0,6.4,182.3,186.5,250.3,176.0,29.0,22.3,1.8,2.5,80.0,2.2,-2.8,0
140.8,142.0,319.6,271.2,30.2,29.1,2.1,1.7,60.0,-3.4,-5.9,147.8,231.2,295.8,210.6,27.9,34.9,1.4,1.1,40.0,-12.3,-7.9,1
187.8,99.0,374.3,191.3,48.3,15.0,1.0,2.0,44.4,33.2,9.8,81.4,252.6,183.4,232.0,19.6,29.6,1.0,3.2,30.0,-8.1,-2.8,1
137.5,132.4,158.1,251.0,19.4,23.9,0.7,1.5,50.0,-10.1,-8.8,139.3,198.1,236.9,230.8,23.1,30.5,1.8,1.1,40.0,-12.3,-9.9,0
158.6,154.4,361.1,238.4,44.2,25.0,1.2,2.3,77.8,8.9,-3.4,190.6,147.5,346.1,218.2,40.7,23.9,1.8,1.9,77.8,2.3,-7.0,0
175.5,130.9,186.9,270.8,31.0,30.4,1.0,2.3,70.0,-3.5,-4.5,133.7,92.9,200.2,206.7,27.5,17.1,1.5,2.2,30.0,13.1,4.6,1
246.3,68.8,237.3,212.8,46.5,14.8,1.0,1.5,88.9,28.5,9.3,205.3,213.5,203.5,258.0,30.3,35.3,3.0,1.5,44.4,-8.5,-6.0,0
121.4,184.4,317.5,344.0,21.7,47.4,2.5,1.0,60.0,-2.6,-2.6,165.3,172.8,236.7,254.7,25.4,27.6,1.6,1.8,50.0,4.8,4.8,0
103.0,207.0,283.0,259.5,15.5,30.5,1.5,1.0,40.0,-13.7,-13.3,113.0,265.3,174.7,323.7,19.0,39.0,0.3,1.3,40.0,-9.7,-1.2,0
154.2,215.0,282.2,219.6,31.1,27.5,1.0,2.3,40.0,-3.6,-5.9,218.1,224.0,242.9,238.0,36.7,39.8,1.9,2.8,60.0,-11.4,-11.6,1
165.5,48.0,125.5,209.5,16.5,14.0,3.0,2.0,72.7,0.7,-2.3,197.0,126.0,169.0,143.0,24.0,21.0,1.0,4.0,50.0,3.7,6.6,0
176.7,121.6,216.9,202.0,26.3,18.0,1.1,1.3,66.7,12.8,4.1,87.2,124.0,388.1,204.5,38.6,22.5,1.1,1.3,44.4,11.8,1.0,0
213.0,194.1,180.0,215.0,30.1,28.4,1.3,2.0,60.0,-1.7,-2.8,160.4,264.1,201.3,250.0,17.7,47.3,1.9,0.6,36.4,-27.3,-11.9,0
118.0,209.0,302.5,378.0,32.5,41.0,1.5,1.0,44.4,-0.7,1.0,197.0,79.0,169.0,253.0,17.0,7.0,0.0,0.0,70.0,-10.5,-20.4,1
143.8,151.0,203.4,273.2,24.0,24.6,1.8,1.6,40.0,-3.1,-4.8,99.0,123.2,232.0,151.0,22.4,15.0,2.2,3.6,70.0,7.5,2.1,0
232.0,182.0,217.3,291.3,43.3,28.7,1.3,3.7,30.0,3.5,-6.7,132.0,241.0,166.0,239.0,16.8,33.5,1.0,1.0,40.0,-12.8,-8.8,1
278.0,112.0,197.0,105.0,41.0,21.0,2.0,0.0,30.0,10.1,-6.6,89.0,261.0,86.0,334.0,3.0,48.0,1.0,1.0,30.0,-17.7,13.5,1
207.2,152.8,212.8,204.7,30.0,26.5,2.3,2.3,90.9,3.2,0.3,107.7,135.8,296.7,317.5,23.3,32.2,2.3,1.0,20.0,1.8,2.5,0
179.7,138.5,376.7,232.8,46.9,24.4,1.1,1.5,55.6,26.4,12.4,153.0,130.2,245.8,204.0,29.1,21.9,1.3,1.3,100.0,14.6,9.7,0
167.8,124.2,239.0,177.4,30.1,15.4,1.4,2.4,90.0,10.1,0.1,154.6,101.0,193.0,198.4,20.5,18.9,1.2,2.6,90.0,4.0,3.2,0
145.4,98.8,231.8,168.2,17.6,11.2,2.2,2.2,40.0,6.9,0.3,171.3,156.8,187.3,237.3,26.0,25.8,0.8,1.3,18.2,-3.0,-10.4,0
214.3,81.8,278.9,223.9,39.7,13.8,1.3,1.3,90.0,30.6,11.7,198.5,119.9,294.2,184.0,44.5,19.3,0.8,1.4,100.0,29.6,11.7,1
222.2,110.7,248.0,285.0,39.4,20.9,1.1,2.4,70.0,17.9,4.2,193.2,156.8,301.6,230.4,34.9,26.3,1.3,1.7,90.9,11.0,7.2,1
112.0,139.0,166.0,138.0,7.0,16.0,1.0,2.0,22.2,2.9,12.9,233.5,235.5,412.5,229.5,50.0,24.5,1.0,4.5,44.4,16.0,-2.5,0
116.6,166.2,343.8,223.0,28.6,33.8,2.4,1.2,90.9,8.7,9.3,166.4,118.2,261.6,295.4,33.8,36.2,1.2,1.0,36.4,8.8,6.1,1
185.9,112.5,216.7,226.5,29.0,19.6,1.1,1.6,80.0,13.1,5.9,205.8,99.3,183.2,250.1,31.9,19.4,1.2,1.4,30.0,19.8,11.3,1
121.7,91.9,255.0,212.0,29.7,16.5,1.6,1.6,50.0,12.8,1.4,154.9,132.5,182.3,172.9,24.6,19.4,1.8,0.9,30.0,7.7,3.7,1
182.5,96.1,202.6,176.9,23.3,14.4,1.3,2.1,70.0,9.8,4.2,118.0,203.9,214.4,180.4,13.8,26.8,2.0,1.0,50.0,-5.8,2.5,0
146.3,67.0,211.8,213.5,18.3,13.5,2.2,1.8,60.0,4.1,-0.4,68.6,170.1,220.6,240.6,14.1,36.1,2.9,1.4,80.0,-11.8,-4.3,0
214.0,115.0,282.5,158.5,40.5,8.3,1.0,2.5,33.3,21.0,0.9,140.3,196.3,267.3,232.0,35.7,27.7,1.3,1.0,100.0,5.7,3.3,0
147.3,87.0,220.0,144.0,23.0,15.0,1.7,1.3,40.0,2.4,-2.1,95.0,229.0,170.0,274.5,19.0,25.5,0.5,2.0,60.0,-9.3,-11.7,1
14.0,11.1,14.8,20.4,25.2,23.6,0.8,0.6,50.0,5.0,5.0,12.1,15.3,22.3,16.2,17.0,27.7,0.9,0.6,70.0,-1.5,-1.5,0
275.0,113.0,138.0,235.0,38.0,13.0,0.0,0.0,60.0,9.8,-13.3,150.5,222.0,397.5,217.0,37.5,22.0,2.5,2.5,70.0,7.8,-2.2,0
9.4,11.2,21.7,20.5,42.4,18.8,0.5,0.8,70.0,25.6,25.6,14.1,45.8,36.9,37.1,22.5,32.6,0.5,0.6,30.0,-9.0,-9.0,1
160.0,119.0,268.0,212.7,26.3,21.7,1.3,1.7,70.0,1.1,-6.1,156.3,272.7,132.7,210.7,17.3,40.7,2.3,1.3,70.0,-9.7,-2.9,0
270.1,174.5,211.1,258.1,39.4,26.3,0.9,2.0,44.4,3.1,-7.2,95.3,209.7,222.9,244.7,21.3,28.3,1.4,2.1,36.4,-8.7,-6.3,0
128.0,303.0,232.0,151.0,16.0,27.0,2.0,2.0,33.3,5.8,-5.7,86.3,252.0,369.0,298.0,27.0,38.3,1.3,1.7,22.2,-13.5,-6.5,0
230.3,178.8,84.3,179.8,26.0,23.5,1.3,3.0,30.0,-1.4,-6.1,55.5,240.8,239.3,176.0,18.8,28.5,1.5,2.5,80.0,-14.2,-12.0,1
112.0,96.7,186.7,176.3,16.3,15.7,1.7,1.7,66.7,3.3,-5.5,209.8,171.8,157.5,239.5,22.5,26.3,0.8,1.8,33.3,3.5,4.2,0
180.3,112.7,182.7,223.0,28.3,16.3,1.7,3.3,44.4,15.9,5.4,270.8,170.5,139.5,178.8,34.5,28.0,1.5,1.8,88.9,14.6,7.1,1
122.8,184.0,325.8,352.2,28.0,41.0,2.0,0.2,60.0,-10.8,-10.0,75.5,213.0,122.0,327.5,5.0,43.0,1.0,0.5,10.0,-27.3,-20.1,0
222.0,113.2,229.0,332.2,30.2,30.2,2.0,1.2,10.0,3.9,0.7,146.2,190.5,293.2,251.0,30.8,29.0,2.2,1.7,70.0,2.7,0.3,1
112.8,136.4,426.4,266.6,49.2,24.1,1.9,2.0,70.0,13.4,-1.5,202.5,162.5,186.9,190.8,27.3,21.3,1.5,1.8,30.0,-2.6,-7.6,1
79.2,173.8,230.8,172.8,23.8,22.9,1.6,1.9,30.0,0.5,0.1,152.2,100.7,224.6,189.1,28.4,18.3,1.0,2.6,30.0,7.3,0.7,1
207.4,100.4,328.5,183.5,48.9,13.5,0.8,1.8,88.9,34.2,9.6,258.2,131.8,220.7,185.5,39.6,18.7,1.0,1.3,88.9,25.3,9.9,0
199.8,84.0,244.0,189.4,36.2,16.0,2.0,2.2,88.9,25.6,11.7,206.6,101.6,272.0,257.6,25.8,22.4,1.0,1.0,22.2,9.9,7.4,0
198.9,104.2,259.2,178.5,35.9,17.5,2.2,1.5,50.0,16.9,1.0,253.3,145.5,237.4,212.3,41.3,20.0,1.2,1.8,30.0,6.5,-9.9,0
163.5,118.7,231.0,213.2,25.8,20.8,2.0,2.0,50.0,1.3,-4.3,272.7,175.3,144.2,183.5,31.3,24.8,1.8,1.7,80.0,-1.0,-7.5,1
90.7,154.0,196.0,262.7,13.3,30.7,0.7,2.0,40.0,-13.7,-8.7,120.0,234.3,264.0,222.3,14.7,38.0,2.3,1.0,40.0,-13.0,1.3,1
192.0,105.9,249.1,238.4,32.8,21.8,1.3,1.2,60.0,16.0,9.4,180.2,159.8,249.5,249.7,33.7,27.3,2.0,1.2,90.0,12.5,5.6,0
173.7,147.8,194.2,225.3,30.2,23.2,0.7,2.7,50.0,-5.7,-10.9,163.6,256.1,182.0,247.0,19.4,33.9,1.1,1.3,40.0,-13.1,-6.8,0
147.1,110.3,224.1,175.9,30.9,16.7,1.4,2.1,66.7,15.6,5.4,214.2,194.3,246.4,248.6,28.7,33.5,1.9,1.7,70.0,1.8,2.7,0
218.9,104.1,195.7,192.3,31.9,21.7,2.1,2.1,70.0,11.0,5.1,147.3,221.4,361.3,229.6,37.3,35.1,1.3,1.4,90.9,1.4,-2.7,0
119.3,134.0,149.3,171.0,19.3,25.0,2.0,1.0,60.0,-3.1,-8.0,166.7,152.7,62.3,259.0,14.7,29.0,1.7,2.3,80.0,-6.7,-7.0,0
132.2,187.3,212.6,284.6,21.0,37.9,2.0,1.2,80.0,-5.7,1.6,160.4,221.3,194.4,277.7,23.7,37.4,2.0,1.7,70.0,-9.9,-2.6,0
223.6,135.0,129.4,183.8,21.8,15.5,1.2,2.1,36.4,6.8,-0.9,121.6,140.6,189.6,215.2,26.8,19.7,1.7,2.3,40.0,4.6,-0.3,1
117.7,205.0,110.7,218.7,14.7,31.3,1.3,3.0,44.4,-10.5,-8.8,106.0,188.0,182.7,239.3,10.0,33.7,1.3,0.7,33.3,-23.4,-13.8,1
73.8,137.0,445.3,232.9,43.9,27.4,2.4,2.3,70.0,7.2,-11.3,183.4,122.6,297.3,197.3,43.0,19.4,1.4,1.7,60.0,13.1,-6.0,1
134.5,130.0,210.0,269.5,14.0,28.0,2.5,1.5,11.1,-17.0,-16.9,220.0,163.7,169.7,189.3,34.7,36.3,2.0,1.0,66.7,-21.6,-15.8,1
197.0,165.0,271.0,258.0,43.0,19.0,1.0,3.0,50.0,4.0,-14.9,156.5,280.0,216.0,209.5,41.5,36.0,0.5,0.5,40.0,9.2,1.5,0
194.0,120.4,291.0,245.4,32.0,27.1,2.4,2.4,60.0,4.8,-1.2,208.7,97.1,244.0,290.6,32.7,26.1,2.3,1.9,90.0,7.4,0.1,1
193.0,268.6,238.2,274.1,27.0,45.8,1.4,1.9,33.3,-24.8,-15.0,171.0,172.0,202.4,244.6,26.9,32.4,1.9,1.1,40.0,-12.6,-12.8,1
198.7,83.7,272.3,136.5,41.5,7.8,2.0,2.7,80.0,29.6,8.1,158.3,133.3,253.6,151.6,40.4,18.1,1.3,2.0,70.0,12.2,-1.4,0
113.8,241.4,302.1,273.0,25.2,47.7,2.9,2.1,90.0,-25.3,-11.0,214.2,148.8,143.8,241.0,14.6,32.6,2.8,0.8,80.0,-9.1,-13.5,0
102.0,131.5,245.0,335.5,22.0,35.5,3.5,2.0,30.0,1.3,0.7,87.0,146.0,281.0,231.0,31.5,28.0,3.0,2.5,80.0,-14.0,-18.9,1
202.5,78.3,222.5,156.5,41.5,16.8,1.5,2.3,50.0,11.2,0.5,70.0,202.5,233.5,334.0,12.0,47.0,2.0,1.5,50.0,-11.3,-5.7,1
176.6,115.6,338.0,246.6,37.2,24.6,1.6,1.6,60.0,-3.8,-10.5,222.4,131.4,209.8,303.6,33.0,31.4,1.6,2.2,60.0,-7.9,-9.1,1
181.4,65.0,186.1,145.6,28.6,9.3,1.4,1.1,77.8,17.2,4.8,156.7,151.4,194.3,177.3,20.4,23.1,2.0,1.4,66.7,-2.0,-1.7,1
224.5,91.0,311.0,238.8,47.5,15.8,0.8,2.8,44.4,15.1,-2.0,98.8,252.4,310.8,345.2,23.8,50.6,1.6,0.6,66.7,-23.6,-11.6,0
85.2,163.4,234.3,181.3,25.1,20.2,2.3,2.7,50.0,2.7,-2.3,169.4,74.1,236.4,305.0,32.8,21.3,1.8,2.6,70.0,9.2,-0.8,0
188.3,142.7,197.1,197.9,26.7,22.4,1.7,1.6,88.9,11.2,6.1,155.1,182.6,232.4,239.4,22.9,29.4,1.4,1.3,44.4,-2.1,1.0,0
163.5,97.1,236.3,186.5,27.6,12.6,1.5,1.6,40.0,13.2,-0.6,129.8,133.8,180.1,192.4,25.5,16.0,0.9,1.5,60.0,11.7,6.5,1
169.8,169.7,253.2,162.5,36.0,19.3,1.1,2.2,77.8,18.6,8.6,274.6,181.2,204.8,319.3,32.6,34.2,1.1,1.2,10.0,-0.9,-3.3,1
250.3,144.3,189.8,191.9,40.5,22.3,0.6,2.3,90.0,19.9,8.4,143.1,188.6,233.6,179.3,25.5,25.5,1.3,1.6,50.0,1.8,1.0,1
118.7,193.9,292.2,217.2,27.4,25.2,1.3,1.7,40.0,4.1,2.5,103.3,169.6,240.8,202.8,25.3,26.4,1.4,1.6,70.0,1.7,1.9,0
48.3,226.3,142.0,257.3,5.7,38.7,1.0,1.3,30.0,-18.7,2.6,98.7,235.0,123.7,198.3,12.3,36.3,2.3,1.7,50.0,-16.9,-4.3,0
140.0,142.0,252.0,169.0,32.0,25.0,2.0,1.5,50.0,-4.3,-7.8,178.0,229.5,168.0,214.0,20.5,28.5,2.5,1.0,22.2,-7.5,-6.6,1
98.0,139.5,246.4,164.6,21.9,18.9,1.8,0.9,77.8,-9.3,-10.3,128.9,240.0,221.3,230.6,23.0,38.0,2.3,1.3,22.2,-8.1,-2.0,1
96.0,174.6,231.4,202.4,25.4,24.6,2.2,2.0,60.0,1.4,0.7,153.6,159.4,258.2,240.0,30.2,29.6,3.4,1.8,18.2,1.4,0.2,0
123.8,154.2,211.6,317.3,21.1,24.8,2.0,2.3,60.0,5.1,7.7,207.6,185.2,145.4,277.8,17.2,34.0,1.8,1.4,50.0,-6.9,2.7,1
139.8,129.3,210.2,106.2,22.0,19.7,2.7,1.2,40.0,0.7,-0.2,144.6,122.8,171.2,180.6,23.8,16.2,2.2,3.4,80.0,4.5,-2.1,1
143.6,153.4,139.2,260.6,15.8,30.6,2.2,1.2,50.0,-6.1,-3.5,124.5,175.7,246.8,221.8,26.2,20.2,1.8,2.5,20.0,5.0,4.6,1
139.7,75.6,205.7,213.8,20.9,15.1,0.6,1.8,77.8,-4.6,-9.9,156.9,192.2,284.4,215.9,29.1,27.0,1.4,2.0,88.9,0.8,-1.0,0
69.0,299.5,228.5,181.0,7.0,29.5,2.5,2.5,44.4,-17.3,-1.0,184.0,78.0,245.0,279.0,13.0,45.0,2.0,1.0,50.0,-8.8,-8.5,0
128.0,170.0,186.0,215.0,30.0,33.0,0.0,2.0,30.0,5.1,2.1,158.0,141.5,323.5,355.5,50.0,38.0,0.5,2.0,70.0,-1.4,-11.0,0
153.8,219.9,334.3,247.9,38.2,36.9,1.6,1.4,70.0,4.2,2.4,130.7,124.8,282.3,266.7,33.1,29.4,1.4,1.6,72.7,4.5,0.0,1
182.0,143.7,333.7,264.0,38.7,24.3,1.0,1.7,50.0,7.4,-2.0,197.0,18.3,204.0,192.3,24.3,9.0,2.0,1.7,30.0,10.2,-7.8,0
158.2,179.0,292.9,223.7,30.6,31.8,2.0,1.4,90.9,9.9,9.4,92.6,106.0,264.8,170.0,19.6,17.4,2.0,1.3,60.0,10.5,8.5,0
275.0,59.5,199.5,281.0,43.5,13.0,1.5,3.0,100.0,14.7,-2.3,110.0,220.0,255.0,230.0,24.0,31.0,2.0,1.0,60.0,-2.7,-11.1,1
130.3,119.5,178.7,221.5,24.0,19.0,1.5,1.7,81.8,3.1,-2.2,180.5,95.5,224.3,179.8,36.3,13.8,1.0,3.0,72.7,6.3,-9.1,1
196.3,221.8,133.3,183.8,24.0,26.8,1.5,1.8,40.0,4.9,2.6,155.0,168.3,206.0,201.5,24.0,20.5,1.0,1.5,44.4,0.5,-2.7,0
251.7,155.3,239.5,209.7,44.2,21.0,1.2,1.3,33.3,22.7,8.7,149.7,157.7,249.9,227.6,26.1,28.1,1.6,2.0,100.0,0.1,0.8,0
142.8,207.1,150.2,213.4,15.0,32.4,1.7,1.3,22.2,-19.1,-8.7,131.0,225.0,296.5,251.2,33.3,35.6,1.9,1.3,50.0,-6.5,-7.6,0
267.8,130.9,146.6,251.0,29.8,29.0,1.3,1.0,33.3,-1.1,-3.2,107.2,198.3,302.9,242.6,23.6,37.9,1.8,1.2,22.2,-18.0,-9.8,1
160.8,117.3,282.5,313.8,28.3,27.8,0.8,1.8,33.3,9.0,4.3,178.3,209.3,199.5,177.0,21.0,36.8,2.8,0.8,44.4,-8.3,-2.3,0
95.1,186.6,166.8,164.9,11.4,30.1,2.6,1.1,40.0,-11.9,-0.9,115.9,165.8,189.4,175.2,18.0,23.1,1.6,1.0,50.0,-3.3,-0.5,0
218.7,109.8,221.8,179.5,32.8,14.5,1.2,1.3,44.4,23.5,9.7,150.4,157.2,259.8,208.1,31.0,18.8,1.2,2.7,77.8,14.6,5.4,1
142.9,163.7,196.6,225.1,23.7,29.9,1.4,1.7,80.0,-11.9,-9.0,107.1,171.4,164.7,213.1,16.3,28.9,1.2,1.6,20.0,-20.6,-12.6,0
11.0,215.0,181.0,218.0,17.0,33.0,3.0,2.0,33.3,7.7,16.1,148.0,535.0,221.0,120.0,42.0,41.0,0.0,2.0,66.7,7.2,-2.4,0
105.4,202.8,307.0,279.6,27.0,40.1,2.4,1.6,30.0,-14.5,-9.7,152.8,234.5,367.4,236.3,38.1,43.6,1.8,1.5,50.0,-10.1,-8.4,0
176.2,238.6,249.9,218.4,29.2,35.2,1.3,1.5,80.0,-10.4,-8.3,170.7,131.3,259.0,248.5,30.0,30.3,2.1,1.4,80.0,-5.6,-6.4,0
169.7,125.1,308.9,221.0,36.5,23.3,1.8,2.5,66.7,8.8,-1.8,201.1,173.1,207.6,229.4,31.0,25.5,1.8,2.0,30.0,1.1,-3.5,0
145.7,281.2,274.8,221.9,28.9,37.6,1.6,1.0,70.0,-6.0,0.1,57.8,251.3,199.1,210.0,11.9,40.7,2.3,1.4,18.2,-18.1,-3.0,1
152.9,196.6,303.7,238.0,29.0,29.7,1.7,1.6,50.0,-8.8,-7.4,107.0,198.3,269.1,271.0,21.7,39.0,1.9,1.6,30.0,-28.0,-16.3,0
215.0,148.0,282.0,297.0,30.0,33.0,1.0,2.0,55.6,2.6,-4.6,157.0,230.0,169.0,185.0,7.0,31.0,1.0,1.0,70.0,-12.8,-12.9,0
201.0,119.0,261.3,287.7,40.7,24.0,1.3,4.0,30.0,12.8,7.2,126.8,169.0,251.3,197.3,28.5,23.8,1.5,2.0,70.0,9.1,8.8,0
69.7,140.7,261.0,226.7,20.7,21.3,1.3,1.7,77.8,-5.1,-13.6,84.6,275.4,140.0,233.0,14.4,45.2,1.8,1.0,22.2,-26.6,-10.7,0
158.2,234.0,164.3,182.0,16.3,28.0,2.0,1.5,10.0,-3.5,4.0,171.0,131.4,363.2,274.2,34.0,30.4,1.8,1.6,77.8,10.1,4.1,1
193.2,30.3,179.4,211.2,28.9,13.0,0.9,2.1,80.0,11.8,0.5,116.6,162.4,225.8,241.0,25.2,33.0,2.1,1.7,100.0,-7.2,-2.9,1
129.9,135.1,352.3,202.6,36.1,29.4,1.8,1.8,36.4,6.9,-1.5,166.4,80.1,239.6,295.4,34.4,20.9,1.7,2.9,70.0,10.4,-0.9,0
87.0,136.2,366.6,206.7,36.5,23.0,1.3,1.5,44.4,11.0,1.9,125.4,128.1,241.6,229.5,26.8,22.4,1.3,1.3,60.0,7.6,5.4,0
108.7,129.4,264.0,238.6,27.2,20.1,1.3,1.4,50.0,6.7,4.2,134.1,211.7,337.2,267.8,31.2,38.2,1.8,1.0,70.0,-3.7,1.7,1
182.7,103.7,189.3,198.0,30.7,16.7,1.3,2.3,44.4,9.5,3.3,113.7,202.7,519.3,304.0,56.3,44.0,1.3,0.7,90.0,6.4,-6.5,0
148.6,230.0,179.9,214.1,18.0,37.0,1.6,0.6,50.0,-16.8,-9.2,131.8,142.3,212.0,272.3,18.8,27.8,1.5,1.9,30.0,-3.0,3.7,1
107.0,178.0,118.5,175.5,15.5,13.0,1.0,0.5,100.0,12.8,3.9,262.0,76.5,192.5,350.5,37.5,27.0,0.5,2.5,20.0,8.4,1.1,0
123.1,98.9,253.3,225.6,26.6,16.3,1.8,2.6,9.1,7.4,2.0,111.3,177.0,173.8,189.6,21.4,20.8,1.3,1.6,40.0,0.0,-1.0,0
76.0,170.0,282.0,265.0,18.0,38.0,0.0,0.0,40.0,-1.7,-3.5,134.0,293.0,212.0,92.0,9.0,29.0,1.0,0.0,60.0,-15.0,-16.3,1
181.0,134.8,182.6,226.8,21.4,24.8,1.1,1.8,50.0,-6.7,-8.0,149.4,187.7,242.5,194.6,23.1,27.4,2.4,1.6,40.0,-9.7,-8.1,0
143.3,142.0,334.5,265.3,31.7,28.4,2.2,1.6,60.0,-2.6,-6.7,128.3,185.0,195.8,211.1,19.3,29.7,1.9,2.1,40.0,-14.7,-11.8,1
170.4,125.7,333.0,392.7,40.8,45.7,1.2,1.7,36.4,3.5,5.1,135.5,164.0,221.1,304.5,24.1,24.6,1.9,2.5,60.0,6.4,6.9,1
259.7,93.8,236.9,129.0,39.1,8.7,0.9,1.3,60.0,25.8,4.3,159.0,148.6,265.4,208.3,32.0,22.6,1.8,1.5,80.0,-1.1,-7.9,1
145.0,162.4,205.8,221.0,27.0,23.8,1.8,1.2,70.0,7.6,2.8,176.4,116.0,208.6,235.6,31.8,22.2,2.0,3.0,30.0,12.9,9.6,1
133.3,213.0,199.3,167.8,29.0,29.5,1.8,2.3,33.3,7.3,1.7,220.5,91.5,204.3,162.8,40.8,17.0,0.5,1.3,55.6,7.6,-9.8,1
186.6,92.2,221.0,175.7,30.7,16.0,2.3,1.9,80.0,17.4,5.5,164.6,105.5,261.9,214.1,34.2,18.0,1.6,2.2,70.0,14.4,3.9,0
119.2,157.5,214.5,194.7,14.2,24.7,2.3,1.8,50.0,-7.8,-5.0,95.8,172.6,256.0,168.8,20.8,29.0,2.2,0.6,80.0,-9.0,-6.8,0
161.5,58.0,253.0,190.0,32.0,8.0,1.0,2.0,88.9,25.8,11.0,182.5,107.5,225.5,254.0,33.0,19.5,0.0,1.5,66.7,11.4,3.9,0
188.5,125.6,191.7,224.8,32.0,19.6,1.5,3.4,60.0,8.9,-0.4,110.3,143.3,230.0,250.7,19.7,33.2,2.2,1.4,80.0,-14.2,-5.8,0
167.5,57.5,212.0,189.0,38.0,7.0,0.5,3.5,80.0,24.5,1.1,96.0,138.0,281.0,412.0,31.0,34.0,2.0,1.0,20.0,4.1,-9.7,1
117.7,167.7,182.7,184.0,18.3,21.3,1.3,0.0,80.0,12.0,9.9,199.0,261.5,318.0,273.5,49.0,44.5,2.0,0.5,40.0,5.7,-2.9,1
150.3,133.3,256.5,215.6,34.4,18.6,1.1,1.9,80.0,18.9,6.9,90.2,243.8,219.8,204.2,21.0,31.3,1.5,0.7,30.0,-5.0,2.5,1
236.1,179.4,197.8,204.0,28.1,30.8,1.9,0.9,70.0,0.0,-1.5,161.4,120.3,200.6,219.0,18.2,23.1,1.8,2.0,30.0,-3.1,-0.3,1
92.7,181.7,247.3,273.3,15.7,33.7,2.3,1.7,60.0,-6.2,-0.2,151.0,136.0,131.0,358.0,9.0,38.0,1.0,0.0,50.0,-1.5,-2.3,0
70.0,151.0,147.0,199.0,13.5,18.0,2.0,1.5,81.8,-1.6,-4.4,79.0,64.0,344.0,406.0,31.0,34.0,2.0,0.0,40.0,-8.3,-13.2,0
166.0,126.0,230.0,405.0,23.0,45.0,0.0,2.0,70.0,6.0,-0.5,38.5,264.5,141.0,202.0,1.5,41.5,1.5,1.0,36.4,-25.6,1.6,1
199.8,96.5,220.8,134.0,38.2,15.8,0.8,1.0,77.8,21.4,6.8,287.0,130.2,193.2,219.6,33.8,16.4,1.0,1.8,30.0,15.2,-0.2,0
216.5,232.3,170.6,258.9,26.3,42.8,1.6,1.3,77.8,-16.7,-11.1,176.8,86.9,169.1,207.3,21.5,20.8,1.5,1.1,77.8,-0.7,-2.9,0
94.4,170.4,212.6,237.6,17.8,25.0,1.8,1.4,70.0,-9.3,-8.6,152.8,132.6,269.0,237.0,27.8,24.0,2.2,2.0,40.0,0.3,-6.0,1
231.0,30.0,252.3,98.3,45.7,2.3,0.7,3.0,60.0,28.7,0.4,167.5,190.0,206.0,138.0,22.0,13.0,0.5,0.5,30.0,6.0,-4.1,0
58.5,213.5,294.0,231.0,19.0,30.0,1.5,1.5,60.0,-4.1,-1.4,205.0,103.5,250.5,260.5,28.5,27.5,1.5,1.5,50.0,3.4,-2.9,1
183.3,239.9,178.8,218.6,22.2,32.2,1.5,0.9,44.4,-2.5,1.0,121.7,270.2,131.9,203.9,12.3,40.5,1.7,1.3,50.0,-15.0,-3.9,0
134.1,204.2,247.8,184.6,29.5,27.0,1.8,2.3,60.0,-6.0,-7.1,191.3,114.8,198.0,222.0,30.0,20.9,1.9,1.7,30.0,0.6,-5.1,1
187.6,129.4,207.6,193.0,27.6,21.4,1.4,1.8,77.8,10.6,6.1,257.5,206.0,162.0,329.5,33.0,35.8,0.8,1.0,80.0,5.6,5.4,1
195.2,141.2,158.0,176.2,24.0,17.5,1.7,0.2,20.0,4.8,-1.3,111.5,179.8,210.2,213.3,15.2,25.3,1.7,2.8,30.0,-11.0,-8.8,1
107.5,307.0,248.5,196.5,28.5,52.5,1.5,2.0,60.0,-8.7,13.1,151.5,85.0,225.5,204.5,28.0,20.5,1.5,1.0,10.0,6.9,2.6,0
214.9,240.0,225.9,262.3,30.0,39.4,1.6,1.1,66.7,-4.1,-1.4,141.7,81.4,324.9,321.3,33.7,27.3,1.4,1.4,55.6,7.3,2.6,0
162.9,107.7,251.7,214.4,37.3,20.2,1.8,1.5,80.0,10.8,1.0,173.7,159.0,186.9,186.1,24.7,21.8,1.4,1.5,90.0,0.9,-2.5,1
85.5,46.0,248.0,270.5,40.5,6.5,1.0,5.5,70.0,17.1,-1.0,86.0,311.0,224.5,115.0,13.0,39.5,2.5,0.5,50.0,-15.2,-7.7,0
126.3,173.3,229.9,211.0,22.4,25.3,1.7,1.8,50.0,-1.7,-1.6,123.5,232.3,218.4,252.5,18.6,41.6,1.9,1.4,70.0,-24.6,-13.3,0
134.4,212.1,286.7,276.6,31.3,36.4,1.6,1.1,50.0,-6.0,-5.8,186.8,238.7,228.3,267.5,26.3,42.0,1.7,2.0,33.3,-13.2,-7.8,0
174.0,75.7,182.3,145.0,36.7,5.3,0.3,1.7,30.0,14.9,-0.5,142.0,80.0,223.0,229.7,26.0,16.0,1.0,4.0,90.0,7.8,5.0,1
156.1,113.8,244.8,214.6,30.1,24.4,1.6,1.6,70.0,9.2,5.0,176.6,135.5,217.8,209.4,27.5,20.4,1.7,1.7,80.0,12.8,7.0,1
219.0,237.0,218.2,248.8,29.5,39.0,1.0,0.8,40.0,-10.6,-9.7,182.5,245.3,243.3,170.0,24.0,32.5,1.2,1.7,50.0,-4.9,-5.8,1
198.6,107.9,244.3,172.1,42.0,13.3,1.1,2.7,60.0,18.6,2.2,177.3,184.9,176.6,202.1,24.0,25.3,1.0,1.6,50.0,-7.2,-8.0,1
78.5,144.5,308.5,358.5,34.5,35.0,0.0,3.0,44.4,5.4,5.4,116.0,214.0,325.0,262.0,56.0,63.0,3.0,2.0,90.0,-3.7,-5.1,1
205.9,134.6,187.4,246.9,36.7,26.3,1.6,2.3,80.0,-2.8,-8.3,153.4,222.3,228.1,271.6,25.7,38.1,1.7,1.7,80.0,-17.0,-9.2,1
111.8,286.2,253.4,179.8,23.9,43.9,1.9,1.1,30.0,-20.8,-10.1,95.1,188.8,183.9,218.9,18.6,27.6,2.3,1.4,36.4,-10.9,-7.0,1
202.1,176.3,280.8,221.0,36.5,30.8,1.4,1.3,40.0,8.8,3.0,187.3,211.1,320.0,223.3,43.7,25.0,0.9,2.3,70.0,12.4,0.8,0
199.5,192.5,292.0,297.2,33.7,37.3,1.2,1.0,40.0,-8.2,-5.5,135.4,149.6,248.4,212.2,25.8,25.4,2.0,1.6,60.0,-6.7,-10.6,1
0.0,0.0,0.0,0.0,39.3,17.4,0.6,0.9,30.0,22.5,9.0,0.0,0.0,0.0,0.0,16.4,38.7,0.4,0.7,30.0,-19.4,-10.8,0
255.8,93.4,234.0,222.8,45.6,25.4,1.4,3.0,30.0,14.4,3.3,272.2,164.2,214.2,302.2,33.2,35.6,1.2,1.0,100.0,-1.7,-2.9,0
171.5,168.4,266.2,176.7,33.3,24.8,2.0,2.2,70.0,8.4,3.0,215.0,194.3,290.1,327.1,35.7,37.0,2.0,2.0,70.0,4.1,4.9,0
188.2,120.8,147.3,249.2,27.2,21.3,0.8,2.2,30.0,-1.7,-7.6,82.7,190.5,171.3,198.8,14.5,30.8,2.7,1.8,36.4,-11.2,-7.1,1
156.3,167.7,254.6,244.8,34.3,28.6,1.2,1.7,70.0,6.5,3.3,323.1,147.4,162.4,220.6,42.0,22.4,1.8,2.6,20.0,10.8,-0.2,0
289.0,138.0,186.0,205.0,30.0,10.0,0.0,1.0,80.0,5.2,-2.5,157.0,102.0,205.0,220.0,23.0,12.0,1.0,2.0,80.0,3.8,-6.0,0
325.7,173.0,193.7,239.3,46.3,18.3,0.7,3.3,90.0,17.7,0.3,164.0,185.0,280.5,208.5,27.0,22.5,1.0,0.5,30.0,-6.4,-8.1,0
140.2,197.8,205.2,206.2,18.8,31.2,1.6,1.0,11.1,-6.9,-3.1,125.4,112.4,204.8,225.4,23.0,32.2,1.4,1.6,11.1,-16.9,-14.4,1
268.0,126.0,50.0,239.0,24.0,28.0,2.0,1.0,30.0,14.0,7.3,164.0,187.0,354.5,458.0,38.0,50.5,1.0,0.5,30.0,-3.8,-7.6,1
272.6,139.4,168.2,176.8,37.2,10.2,1.6,2.6,80.0,15.3,-0.7,170.3,189.0,183.7,257.3,24.3,25.3,0.7,1.7,50.0,-2.4,-4.6,1
165.0,100.0,193.3,262.3,31.0,19.7,0.3,2.0,55.6,14.7,9.1,178.0,170.7,303.7,290.0,30.7,35.3,1.7,1.3,90.0,3.6,2.0,0
165.7,144.7,212.1,189.7,25.0,21.3,1.0,1.7,66.7,1.8,-2.5,101.5,184.8,192.4,225.9,14.8,29.8,2.5,1.6,88.9,-11.0,-6.2,1
299.3,105.5,238.5,239.5,43.5,24.3,3.3,1.5,90.0,14.1,0.3,83.7,329.3,151.7,146.3,11.0,50.0,3.3,0.7,50.0,-15.1,-7.8,1
218.0,69.0,349.0,208.0,48.0,16.0,4.0,4.0,100.0,7.6,-18.0,167.0,99.0,204.0,96.0,14.0,19.0,5.0,2.0,50.0,-12.9,-2.9,1
210.3,152.6,207.8,241.3,31.7,23.1,1.2,1.0,66.7,15.0,9.4,123.4,110.2,161.0,198.2,13.1,16.0,1.4,1.6,66.7,3.5,2.6,1
0.0,0.0,0.0,0.0,13.5,26.5,0.8,0.7,40.0,-13.0,-8.0,90.9,106.0,133.3,156.6,21.0,25.2,1.5,1.6,10.0,-4.9,-4.9,1
142.0,155.7,274.1,284.3,34.1,29.9,1.3,2.3,20.0,9.4,6.8,118.8,151.3,246.1,139.5,19.9,19.6,1.5,1.5,30.0,3.1,2.0,1
161.1,148.9,434.1,271.8,43.9,28.5,0.6,1.8,30.0,6.6,-1.3,133.7,175.3,244.9,201.9,24.1,24.3,1.3,1.9,60.0,-8.9,-10.1,1
88.0,123.0,140.0,228.7,14.3,29.0,3.3,1.3,60.0,-9.4,-9.0,117.0,278.5,194.3,196.5,20.5,46.0,2.3,1.0,36.4,-22.3,-5.0,0
246.7,136.9,160.8,189.5,30.5,22.3,1.7,1.5,50.0,12.3,6.3,244.3,166.2,305.7,248.5,37.5,28.6,1.4,1.7,77.8,13.5,6.1,1
140.7,107.9,235.7,224.6,28.4,17.3,0.5,1.9,60.0,9.5,1.6,162.4,156.2,237.5,205.9,28.5,16.0,1.3,2.0,70.0,13.2,3.5,1
139.8,127.6,238.6,181.8,32.0,16.0,1.8,2.8,70.0,8.8,-3.8,142.5,155.8,188.8,271.5,13.5,26.8,1.0,1.5,40.0,-7.8,-5.4,0
164.0,100.0,300.0,236.0,38.0,30.0,2.0,2.0,18.2,2.9,-12.8,168.0,131.0,341.0,263.0,27.0,31.0,3.0,1.0,80.0,-0.6,-4.6,0
188.3,87.2,260.2,191.0,38.8,11.3,1.0,1.2,80.0,25.5,7.3,196.8,152.0,159.5,238.5,22.0,28.7,1.5,1.3,20.0,-2.8,-1.0,1
81.0,186.7,131.0,244.3,10.0,31.0,1.3,2.0,60.0,-9.0,0.6,22.5,265.0,319.5,291.0,12.0,38.0,0.5,2.5,40.0,-10.1,-8.6,1
240.3,165.0,153.0,293.7,24.0,39.7,2.0,1.0,77.8,-13.0,-12.6,86.3,318.0,240.7,229.3,22.7,47.7,1.3,0.7,66.7,-14.2,-7.4,1
262.0,120.7,225.8,213.0,38.8,18.3,1.5,2.2,40.0,25.6,13.3,171.8,176.8,262.8,264.3,34.2,35.0,1.3,0.8,30.0,7.5,4.1,0
95.0,270.0,190.3,250.0,14.0,43.0,0.7,0.7,11.1,-12.9,-4.6,182.0,202.7,131.0,264.0,18.0,32.3,0.7,1.3,44.4,-6.0,-5.1,0
133.3,177.7,165.0,221.0,22.8,34.1,2.0,1.6,90.0,-12.9,-11.1,135.6,175.8,176.4,229.6,24.0,29.3,1.8,2.8,50.0,-14.3,-11.1,0
331.5,178.5,237.0,269.0,49.5,29.5,2.0,1.5,90.0,14.9,-7.5,209.0,180.5,353.5,316.5,41.5,27.5,1.5,2.5,70.0,8.7,1.2,1
201.0,146.0,219.0,355.0,55.0,42.0,0.0,2.0,50.0,2.3,-5.0,114.5,111.5,236.0,344.0,33.5,34.0,1.5,2.0,80.0,8.4,8.1,1
98.1,194.4,324.1,258.9,24.4,34.7,2.3,1.7,11.1,-20.8,-14.8,177.6,315.0,205.3,255.4,25.3,44.1,1.7,0.7,33.3,-18.9,-13.9,0
97.6,135.4,231.9,202.0,22.0,24.6,1.6,1.7,36.4,-5.5,-4.6,89.8,211.0,183.8,171.0,19.2,34.4,1.8,1.8,50.0,-14.5,-6.4,1
187.6,204.4,180.4,219.8,20.6,32.6,2.4,1.2,70.0,2.3,8.9,98.2,151.6,304.0,254.4,27.2,28.4,1.4,1.4,20.0,2.0,4.1,0
100.9,127.3,250.3,214.4,20.5,23.4,1.7,2.2,50.0,-11.6,-10.2,166.5,202.5,183.8,187.7,24.3,27.0,2.6,1.4,10.0,-13.0,-14.3,0
223.3,208.5,331.3,290.0,45.3,31.5,1.0,2.0,100.0,15.4,3.4,162.5,196.5,239.8,192.3,26.3,28.3,1.3,1.5,90.9,8.4,8.2,0
135.2,97.7,257.3,262.3,23.8,20.3,1.7,1.8,70.0,3.2,-3.2,257.1,167.9,119.0,233.6,23.1,19.7,1.1,2.4,30.0,0.8,-2.5,1
246.2,172.1,237.0,254.6,38.9,32.2,1.1,1.5,30.0,-0.9,-8.1,209.7,125.7,258.2,245.5,32.1,23.7,1.9,1.7,60.0,-4.3,-11.6,1
215.3,84.6,290.4,244.3,49.5,17.0,0.8,1.6,30.0,28.0,4.8,78.9,167.3,297.4,211.7,22.3,30.0,2.7,2.0,18.2,-0.9,1.8,1
82.0,227.0,221.0,240.0,24.0,49.0,1.0,0.0,30.0,-3.5,-7.1,88.0,161.5,116.0,178.5,15.5,31.0,1.5,2.5,90.0,-7.5,-3.7,1
108.0,208.0,212.0,458.0,34.0,61.0,2.0,3.0,40.0,-16.1,15.1,-9.0,183.0,99.0,299.0,7.0,48.0,1.0,5.0,40.0,-14.0,17.2,1
205.0,127.6,189.4,350.6,33.6,41.4,2.2,2.2,11.1,-11.2,-5.5,63.9,257.9,230.9,176.3,13.4,35.7,1.9,1.0,33.3,-26.4,-13.0,0
184.3,130.6,201.1,246.0,22.4,28.6,1.6,1.0,40.0,-14.8,-12.2,156.0,174.8,216.3,223.3,27.3,22.2,1.2,1.9,50.0,-5.2,-8.5,0
161.3,156.7,276.3,218.0,24.3,28.0,1.3,1.3,77.8,-6.8,-11.8,288.5,87.0,183.5,149.0,30.5,12.0,1.0,1.0,44.4,-2.0,-11.8,0
207.5,113.0,337.0,378.0,46.0,28.5,1.5,3.5,50.0,9.6,-3.7,11.0,181.0,193.0,116.0,13.0,26.0,4.0,1.0,60.0,-13.9,-12.5,0
250.6,134.8,289.0,249.0,40.0,25.8,1.6,1.6,20.0,0.8,-9.3,148.4,218.0,256.6,295.4,27.2,38.6,1.6,1.4,80.0,-18.6,-12.0,0
150.0,301.0,272.0,167.0,9.0,38.0,1.0,1.0,50.0,-2.2,-4.0,178.0,108.0,319.0,339.0,34.0,31.0,2.0,0.0,60.0,-2.1,-20.5,0
130.0,192.0,157.0,280.0,14.0,50.0,5.0,0.0,20.0,-8.5,5.0,55.0,221.0,74.0,239.0,7.0,38.0,1.0,3.0,50.0,-5.9,9.4,0
174.0,120.0,240.3,204.7,30.0,19.3,2.3,2.7,70.0,10.5,-2.1,104.5,104.5,225.5,452.0,20.5,50.5,2.0,1.5,50.0,-21.0,-15.1,0
126.8,195.4,370.0,301.4,36.6,33.0,1.4,1.8,11.1,8.0,-0.1,79.6,202.6,226.2,263.4,15.4,41.6,4.0,1.6,50.0,-17.1,-8.5,1
282.0,154.6,317.8,186.0,46.2,21.6,1.2,0.6,77.8,23.8,3.5,106.4,177.0,226.2,218.0,25.0,33.8,2.2,0.8,40.0,-4.7,-1.0,0
143.5,124.3,140.8,232.3,20.3,19.3,1.8,1.0,70.0,1.4,-2.3,86.3,156.0,197.0,198.5,19.5,22.2,1.3,2.2,50.0,-3.5,-6.1,0
58.5,150.0,346.5,221.5,34.0,28.0,2.0,0.5,70.0,8.1,6.0,143.3,161.7,215.0,206.0,14.7,26.7,0.7,0.3,50.0,-13.4,-9.2,0
266.2,162.7,214.3,284.7,35.7,35.0,1.5,1.8,88.9,5.4,2.0,140.7,103.5,260.5,285.8,28.2,28.3,1.8,1.5,66.7,6.3,5.5,1
221.0,193.0,99.0,226.0,51.0,23.0,1.0,2.0,60.0,1.7,-17.9,104.0,359.0,242.0,356.0,7.0,56.0,3.0,3.0,30.0,-23.6,7.6,1
123.0,157.1,194.3,190.5,21.9,33.9,2.4,1.5,60.0,-10.3,-6.5,171.3,99.5,213.0,300.6,25.6,24.6,1.4,1.8,30.0,-1.3,-4.3,1
132.8,215.4,248.8,179.0,24.0,25.4,1.8,2.8,36.4,-7.0,-4.4,193.0,240.5,161.8,209.5,18.8,38.5,2.3,0.8,40.0,-15.2,-7.7,0
238.8,178.0,264.7,155.7,37.8,21.2,1.3,1.2,77.8,17.7,6.5,178.0,158.2,316.8,229.6,39.8,17.4,1.0,1.8,77.8,19.7,6.3,0
146.9,145.1,227.3,217.4,27.7,19.4,1.8,2.4,66.7,12.7,6.7,188.0,144.5,332.3,234.2,39.7,25.7,2.0,1.8,77.8,1.9,-5.4,0
100.0,192.0,170.0,178.0,14.0,23.0,2.0,2.0,50.0,-7.9,-12.2,133.5,183.0,171.5,270.0,14.5,32.0,3.0,2.5,50.0,-15.6,-16.8,0
118.3,113.8,194.0,190.5,17.3,16.7,0.8,2.2,60.0,-0.2,-2.8,258.0,104.6,157.0,307.0,32.0,24.0,2.0,2.4,70.0,4.1,0.7,1
205.1,229.7,374.4,273.6,40.6,42.0,2.1,1.3,50.0,4.2,3.9,148.5,277.6,193.6,278.9,22.4,48.1,1.8,1.1,50.0,-14.4,-2.8,1
127.3,332.7,146.3,135.7,10.0,46.3,2.7,0.7,44.4,-25.7,-16.2,121.7,172.7,112.7,272.7,12.3,35.3,1.0,1.3,22.2,-28.2,-19.8,1
223.9,137.6,199.1,212.5,32.8,22.1,1.2,1.9,80.0,18.5,18.5,149.9,204.3,209.6,208.2,18.5,27.4,2.6,2.2,50.0,-12.3,-12.3,0
160.8,150.5,321.5,229.1,33.5,21.6,1.6,0.5,66.7,7.9,-2.3,114.4,238.3,212.9,200.8,17.8,35.1,1.8,1.3,33.3,-16.5,-10.6,1
165.4,112.6,240.7,183.0,37.2,18.8,2.0,1.4,80.0,10.7,0.3,145.6,157.2,265.0,211.8,32.3,24.6,1.8,1.6,80.0,0.4,-4.9,0
121.3,84.5,171.8,187.0,28.8,11.0,1.0,2.3,60.0,15.3,3.2,145.7,116.0,355.3,256.7,29.0,19.0,1.3,2.0,40.0,10.2,-0.1,0
114.0,105.0,318.2,236.2,30.8,17.4,1.2,2.0,90.0,6.2,-1.0,122.3,163.3,134.0,184.8,11.0,29.3,3.0,2.3,80.0,-10.6,-0.4,0
65.0,173.5,205.0,239.5,17.5,20.0,0.5,1.5,40.0,14.5,15.1,70.0,104.0,207.5,289.5,15.5,25.5,2.5,3.0,22.2,-0.3,11.4,1
186.3,99.8,315.9,293.4,42.9,21.4,1.1,2.0,70.0,24.5,14.5,141.5,112.4,191.5,191.6,21.8,22.0,2.0,1.4,70.0,3.4,3.6,1
178.3,108.0,231.4,222.9,34.5,22.8,1.1,1.3,50.0,15.4,6.0,202.2,134.3,220.7,209.6,30.2,19.4,1.6,2.7,70.0,12.0,5.0,0
296.8,113.7,96.7,220.4,32.9,25.0,0.8,1.2,55.6,2.2,-3.5,181.9,138.8,239.6,180.5,31.7,22.2,1.9,1.0,40.0,3.2,-4.6,0
144.4,218.4,190.3,240.3,19.7,39.7,2.0,1.4,70.0,-23.0,-15.4,158.0,169.8,197.9,258.1,21.1,34.5,2.0,1.8,44.4,-17.1,-7.8,0
178.5,182.0,198.3,271.8,19.7,31.5,1.5,2.0,66.7,-17.1,-8.3,136.0,195.0,357.6,222.0,31.6,26.2,1.8,2.0,66.7,-9.1,-13.1,1
99.0,174.0,180.7,167.3,9.3,29.3,3.0,1.7,70.0,-9.2,-5.7,255.5,70.8,221.3,245.3,38.5,25.0,1.8,1.8,30.0,4.3,-3.7,1
249.4,108.6,229.7,271.7,41.7,22.7,1.4,2.3,10.0,16.4,6.7,120.0,169.4,225.6,264.3,24.1,33.7,1.6,2.1,60.0,-9.3,-6.0,0
222.0,221.3,218.7,244.6,30.7,36.1,1.2,0.9,40.0,-9.6,-9.1,120.6,227.7,196.9,258.2,19.6,42.4,2.0,1.6,22.2,-21.6,-11.9,0
121.0,80.5,401.5,256.0,39.0,13.5,1.0,2.0,55.6,5.1,-11.0,188.3,140.3,227.3,181.3,29.3,18.0,1.7,2.0,80.0,1.9,-5.4,0
15.0,156.0,179.0,253.0,19.0,26.0,2.0,1.0,40.0,-8.4,-8.8,108.5,174.0,296.0,202.5,25.0,35.5,2.0,0.0,50.0,-6.9,-0.9,0
130.8,163.7,239.6,273.3,26.6,31.9,1.8,1.2,11.1,11.4,11.4,156.5,124.3,248.0,239.4,27.5,25.9,2.2,1.5,60.0,-8.7,-8.7,0
231.4,130.6,187.5,193.4,37.7,22.7,1.7,2.2,90.0,17.3,7.3,148.8,100.7,272.3,238.8,32.2,23.7,0.8,1.1,18.2,9.5,3.3,0
140.6,148.1,248.9,267.1,27.1,32.8,2.3,1.9,11.1,-5.0,-3.3,99.9,200.9,317.0,231.6,25.3,37.6,1.9,1.1,22.2,-17.8,-11.3,0
93.8,184.4,297.9,223.1,26.1,33.1,1.6,1.5,50.0,-3.1,-0.5,142.4,157.5,290.0,245.4,33.4,23.4,1.4,3.3,70.0,13.9,6.9,0
122.2,128.3,248.2,247.3,21.7,29.2,1.5,0.8,66.7,3.4,8.8,120.7,184.0,233.9,280.0,16.6,36.1,2.1,1.0,80.0,-11.5,4.6,1
225.8,196.5,206.3,211.8,33.2,28.2,1.8,1.2,70.0,-1.5,-6.1,122.6,190.3,186.9,250.9,18.7,39.4,2.1,2.0,50.0,-20.9,-8.7,0
60.7,165.7,248.3,246.3,17.0,36.0,3.7,2.3,60.0,-14.3,-12.2,171.7,179.0,97.3,267.0,14.7,28.7,1.7,1.7,40.0,-11.7,-10.3,0
94.6,159.0,393.0,301.9,31.9,41.7,2.1,1.6,70.0,-8.5,-4.2,74.3,155.7,213.1,240.6,15.3,34.9,2.9,2.1,72.7,-15.7,-6.0,1
250.3,99.0,166.0,285.8,32.3,23.5,2.5,2.5,70.0,3.1,-0.8,193.0,126.3,206.8,230.3,29.0,20.3,1.5,0.8,30.0,5.4,-4.6,1
115.2,171.6,176.8,204.8,15.0,33.0,2.4,0.4,60.0,-17.9,-14.1,160.2,312.7,226.7,259.5,25.0,48.5,1.5,2.0,33.3,-24.8,-14.1,1
170.0,93.5,257.5,219.5,30.3,25.8,2.8,2.8,81.8,2.5,1.3,234.5,125.3,170.5,190.3,25.5,22.5,1.8,1.3,70.0,1.7,-7.8,1
164.7,225.2,212.7,246.3,27.5,44.8,2.0,2.2,60.0,-17.5,-11.2,107.7,231.0,220.2,214.3,25.7,31.8,2.2,1.8,60.0,-12.3,-12.1,1
315.6,76.6,193.0,175.2,46.2,8.6,0.0,2.0,88.9,34.8,8.2,270.8,101.3,191.3,298.5,40.8,31.5,1.0,2.5,100.0,4.1,-3.2,1
161.7,168.7,125.3,269.3,21.3,25.0,0.7,1.7,80.0,1.0,1.8,85.3,104.7,345.3,291.0,29.0,25.3,1.7,1.3,77.8,2.7,-1.5,1
166.0,107.0,200.7,251.7,23.3,16.7,1.3,2.3,77.8,12.1,4.3,234.0,186.5,296.0,293.5,28.5,29.0,2.5,1.0,66.7,2.9,-2.6,0
132.4,222.0,120.6,205.0,17.0,35.3,1.4,1.2,30.0,-14.1,-3.3,127.0,136.7,244.5,179.7,24.6,20.5,2.5,1.8,80.0,1.5,-0.8,1
202.1,65.1,266.0,237.9,48.4,18.0,1.7,2.6,80.0,24.3,4.5,129.0,131.7,193.2,245.8,16.8,34.2,2.7,1.7,60.0,-17.3,-8.9,1
294.6,204.6,77.0,209.8,25.4,28.8,1.2,1.4,80.0,-2.2,-4.1,116.8,144.6,249.4,223.0,28.6,29.0,1.8,1.4,70.0,0.0,-1.4,0
69.4,132.1,117.4,199.6,9.9,26.6,2.4,2.6,40.0,-16.2,-9.2,129.6,188.9,276.4,254.6,23.0,35.4,2.1,1.3,60.0,-15.1,-10.5,0
174.4,134.6,231.8,264.8,27.8,25.0,1.6,2.6,72.7,7.0,4.4,54.0,241.7,194.8,307.2,6.5,48.0,2.5,0.7,70.0,-25.1,-1.0,1
228.5,76.5,244.5,230.0,38.0,8.5,2.0,3.0,90.0,20.1,5.2,-21.0,142.0,234.0,121.0,7.0,27.0,5.0,1.0,80.0,1.3,-7.7,1
52.2,157.6,245.8,198.0,22.0,29.6,2.6,1.4,80.0,-11.2,-8.2,128.7,147.3,227.2,253.2,22.2,29.7,1.3,2.3,20.0,-5.9,-1.4,0
122.3,180.3,486.3,329.3,46.7,41.0,1.3,1.0,80.0,-2.3,-5.9,345.0,211.3,99.5,212.0,26.8,27.5,1.5,1.3,80.0,3.2,3.3,1
119.0,191.0,288.0,333.0,21.0,35.0,4.0,1.0,50.0,-2.8,7.0,147.0,3.0,225.0,56.0,37.0,0.0,3.0,1.0,72.7,5.2,-22.2,1
102.0,136.6,251.4,242.2,21.2,26.8,1.8,0.8,36.4,5.1,5.5,198.0,204.8,238.1,232.2,37.8,32.5,1.5,1.3,70.0,9.4,6.3,1
275.0,103.0,227.0,220.0,42.0,21.0,1.0,2.0,80.0,5.3,-1.8,208.0,211.0,239.0,200.0,33.0,17.0,1.0,5.0,80.0,2.7,-6.2,1
187.0,109.0,175.0,114.0,16.0,19.0,1.0,2.0,90.0,5.9,1.3,359.0,104.0,356.0,242.0,56.0,7.0,3.0,3.0,70.0,16.1,-15.1,0
148.8,132.9,340.8,288.0,42.4,29.6,1.9,1.6,70.0,17.2,7.4,147.2,131.6,212.5,218.7,23.7,20.5,2.5,2.0,50.0,0.3,-2.5,0
190.2,104.7,153.5,271.1,23.8,24.7,1.5,2.2,50.0,-10.2,-10.6,162.9,151.2,169.6,166.1,23.3,19.5,1.1,1.4,30.0,-2.4,-6.0,1
194.7,63.0,228.7,342.7,39.7,25.7,1.0,2.0,30.0,11.3,3.0,128.0,210.7,215.3,172.7,30.0,25.0,0.7,1.0,30.0,4.0,2.6,1
92.0,204.8,245.8,254.5,22.0,35.5,1.3,1.5,50.0,-18.8,-9.0,59.8,221.4,304.8,264.0,25.0,40.0,1.6,1.2,0.0,-21.3,-7.1,0
162.3,145.3,153.3,232.1,20.8,23.9,2.0,1.6,80.0,-13.1,-10.2,129.7,157.0,199.5,286.8,21.8,33.0,1.4,2.2,90.0,-14.3,-7.1,1
177.3,114.6,180.1,165.0,28.6,20.4,1.4,1.3,60.0,2.1,-5.5,99.8,160.5,160.1,188.6,18.3,25.9,0.9,1.9,20.0,-19.0,-14.5,0
169.0,43.0,126.5,210.0,27.0,8.0,0.5,1.0,80.0,9.7,-2.5,63.0,297.0,219.0,153.0,13.0,31.0,1.0,1.0,80.0,-11.6,-12.3,1
198.3,120.4,322.8,164.1,51.5,12.6,1.3,2.6,50.0,27.7,27.7,173.7,144.2,277.3,252.4,37.4,23.2,1.4,2.7,10.0,12.3,12.3,0
131.3,151.3,176.7,310.0,20.3,40.7,2.3,1.3,30.0,-5.1,-2.8,63.7,219.3,218.3,272.7,20.0,34.7,2.0,0.3,50.0,-8.9,2.0,1
0.0,0.0,0.0,0.0,17.7,29.0,0.7,0.7,30.0,0.3,0.3,0.0,0.0,0.0,0.0,18.5,37.9,1.0,0.8,80.0,-10.9,-10.9,0
329.7,151.7,154.3,268.7,37.7,36.3,2.7,2.3,20.0,5.5,4.3,64.0,176.7,378.0,359.3,20.3,51.3,3.3,1.3,90.0,-22.2,-9.5,0
184.7,71.4,212.0,178.0,27.0,12.7,1.7,2.1,60.0,8.8,-2.2,168.0,107.5,217.6,248.9,25.1,20.4,1.6,1.7,30.0,0.1,-4.9,0
184.1,249.7,364.0,300.9,34.6,39.3,1.7,1.4,22.2,-6.4,-3.4,162.8,242.2,239.5,265.7,25.7,43.5,2.0,1.7,70.0,-15.4,-8.1,1
118.5,158.5,228.5,294.5,22.5,37.5,1.5,0.5,55.6,-8.0,-8.7,126.5,107.5,246.0,333.5,17.0,32.5,1.0,0.5,22.2,-24.9,-23.1,0
133.6,169.1,252.0,229.6,25.9,30.9,1.9,1.3,70.0,-0.8,1.5,146.6,169.1,239.4,202.6,24.1,19.3,1.9,2.1,20.0,4.7,4.2,1
153.5,111.0,240.5,214.5,21.5,28.5,4.0,1.0,20.0,-21.8,-21.7,133.5,131.5,207.0,255.5,17.0,29.5,0.5,1.5,70.0,-19.4,-20.7,1
132.3,183.6,259.3,204.3,23.6,27.4,1.8,1.4,70.0,0.7,1.8,49.1,168.0,296.6,216.6,22.6,28.6,1.6,1.9,50.0,-5.2,-2.3,1
156.0,201.0,185.0,491.0,27.0,48.0,4.0,1.0,44.4,-9.0,-17.1,149.0,278.0,125.0,163.0,14.0,34.0,1.0,0.0,77.8,-5.4,-5.8,1
201.0,71.0,349.0,212.0,49.0,0.0,2.0,3.0,45.5,16.5,-14.7,338.0,71.0,152.0,201.0,48.0,10.0,2.0,1.0,30.0,-6.1,-32.9,0
243.0,126.7,267.7,275.0,34.3,19.7,0.3,2.0,100.0,23.8,12.4,357.0,123.0,193.0,261.0,44.0,16.0,1.0,1.0,77.8,-9.6,-19.4,1
131.1,103.7,177.9,240.7,24.9,20.2,2.1,2.6,80.0,8.1,3.7,93.9,170.6,320.7,237.3,27.3,32.4,1.6,1.4,50.0,-1.3,1.1,0
115.0,129.3,385.0,231.3,39.0,18.0,1.7,1.3,40.0,15.3,2.1,214.8,174.8,171.3,217.5,30.3,23.8,0.3,3.3,50.0,-5.2,-6.7,1
165.2,90.4,227.8,199.8,26.8,23.0,1.6,1.6,90.0,13.2,7.6,111.0,114.5,117.3,188.8,14.3,20.8,2.8,3.3,80.0,-0.7,-0.8,0
101.0,140.5,135.0,234.8,14.0,25.8,1.3,2.3,30.0,-6.4,-1.1,110.0,226.3,310.3,212.0,22.7,25.7,1.3,1.3,30.0,-3.4,-1.6,1
215.0,174.0,245.0,238.0,49.0,22.0,1.0,0.0,60.0,4.7,-21.7,135.0,220.0,224.0,296.0,3.0,28.0,1.0,1.0,50.0,-1.3,-4.9,1
169.1,128.0,230.8,237.0,28.4,19.0,1.1,0.9,60.0,5.2,-1.3,144.2,177.8,296.3,247.1,28.6,37.4,2.2,1.8,60.0,-13.0,-7.9,0
312.0,137.0,262.0,177.0,48.0,14.0,0.0,1.0,44.4,18.5,-5.1,115.0,104.0,235.0,247.0,18.5,26.0,1.5,2.5,30.0,6.6,9.4,0
201.4,110.6,273.3,226.4,36.1,18.8,1.5,1.5,88.9,23.2,23.2,331.9,131.6,137.9,172.6,34.4,22.2,1.9,1.2,30.0,14.5,14.5,0
153.0,210.5,359.0,259.3,33.2,31.7,1.7,1.7,60.0,10.0,8.1,316.1,154.5,131.6,194.4,31.2,24.6,1.7,1.3,33.3,2.5,-2.7,1
137.0,119.0,233.2,202.0,27.5,20.3,1.2,1.5,90.0,9.3,4.7,176.0,184.4,178.6,161.4,25.0,22.0,1.4,1.8,80.0,-1.5,-1.2,1
112.0,167.0,142.0,239.0,23.0,27.5,2.0,3.0,90.0,8.0,10.0,242.0,120.5,266.5,182.5,29.5,15.5,2.5,1.0,80.0,7.1,-10.1,1
147.3,99.0,236.2,186.0,19.0,19.0,1.7,1.2,40.0,-0.2,-6.3,85.6,189.4,181.6,322.7,14.9,38.0,1.7,2.3,72.7,-25.7,-14.6,0
116.5,157.8,312.5,259.4,24.2,32.2,2.3,1.8,50.0,-2.3,2.9,195.8,199.9,191.3,232.5,28.8,30.4,1.9,1.9,70.0,5.2,7.8,1
224.0,122.8,344.1,314.9,45.4,32.5,1.6,1.1,77.8,15.2,6.5,153.1,233.9,251.9,231.4,24.6,33.4,1.0,0.9,60.0,-5.2,0.1,0
154.7,135.0,205.9,200.7,25.0,23.4,1.4,1.2,88.9,1.2,0.3,201.7,173.9,240.0,227.6,30.0,36.4,1.6,1.5,60.0,-6.9,-6.9,0
203.8,152.5,192.5,322.3,24.8,37.5,3.8,1.8,30.0,1.7,9.9,127.3,183.0,169.5,337.3,15.8,37.8,1.8,2.0,90.0,-18.4,-4.5,0
191.9,121.5,260.8,276.7,32.8,26.8,2.0,1.7,90.0,5.9,-1.5,136.2,151.1,343.3,378.9,36.9,42.1,1.8,1.3,60.0,2.7,5.7,0
273.4,220.8,221.6,177.6,37.8,31.8,2.4,1.2,70.0,10.3,1.1,220.3,121.7,187.5,282.5,30.0,24.7,1.2,1.8,50.0,-0.2,-5.3,0
135.7,189.0,195.7,232.0,14.0,30.0,1.0,1.3,90.0,-7.5,-4.3,102.3,295.3,159.0,270.0,14.7,42.3,1.3,2.3,40.0,-17.1,-10.1,0
214.1,167.1,280.4,267.8,35.8,30.3,1.4,1.3,30.0,13.9,8.0,193.4,139.7,348.4,308.1,40.6,28.3,1.0,1.4,70.0,12.7,4.9,1
153.4,210.8,246.0,279.0,22.0,36.4,2.2,2.2,70.0,-10.3,-4.2,169.8,99.2,334.3,237.2,42.8,22.2,1.7,1.3,80.0,14.5,0.5,1
83.0,247.0,299.7,175.7,26.7,34.7,2.3,1.0,66.7,-3.5,0.4,218.0,226.0,222.3,335.0,29.7,41.7,1.7,2.0,70.0,-13.2,-10.6,1
125.6,122.6,272.6,212.3,29.7,25.1,1.8,1.4,80.0,10.8,7.6,48.4,170.5,295.8,200.1,23.4,27.9,1.5,1.9,50.0,-5.6,-3.8,0
24.0,112.0,504.0,514.0,42.0,47.0,0.0,0.0,60.0,-5.9,-14.8,48.3,159.7,256.3,285.7,15.7,39.3,2.0,0.7,36.4,-28.5,-13.7,0
276.8,180.6,234.0,304.3,39.7,36.6,1.4,1.9,88.9,9.5,6.2,169.9,134.0,295.5,251.0,36.4,22.7,0.9,1.9,77.8,17.8,8.1,1
191.0,101.5,77.5,150.5,23.5,8.5,0.5,1.0,77.8,3.2,-8.3,118.0,173.0,246.0,379.0,31.0,45.0,2.0,3.0,60.0,-9.0,-13.2,0
0.0,0.0,0.0,0.0,22.3,28.8,1.1,1.3,30.0,-1.9,-1.9,16.3,15.4,17.3,22.8,21.5,30.5,0.4,0.8,20.0,-11.2,-11.2,0
171.2,72.6,204.4,183.1,23.8,12.4,1.9,1.9,60.0,6.3,-2.4,69.1,143.7,218.2,193.8,16.9,21.7,1.6,1.1,20.0,-3.8,-2.2,0
146.2,146.9,210.8,221.1,26.0,22.5,1.5,1.8,81.8,2.0,0.6,279.9,160.4,217.9,247.3,36.2,28.5,1.4,1.2,60.0,9.9,6.5,0
153.1,244.0,132.7,191.9,16.4,37.1,1.7,1.3,44.4,-23.8,-16.3,85.3,141.5,146.6,229.1,13.6,29.6,1.4,1.5,70.0,-21.5,-11.3,0
191.5,139.5,235.8,252.5,32.5,24.5,2.0,3.0,100.0,2.3,-4.9,192.8,158.4,252.6,368.0,29.8,36.8,3.6,1.4,60.0,-3.8,-3.4,0
138.5,115.8,158.8,149.7,24.8,13.9,1.5,1.8,40.0,9.1,2.8,72.6,129.9,166.2,151.1,22.7,23.8,2.0,1.8,50.0,-1.6,-0.7,1
171.8,68.3,255.2,197.3,27.2,11.3,1.2,1.3,9.1,7.8,-1.6,217.0,148.0,151.2,258.3,22.3,29.8,1.5,0.8,70.0,-5.7,-1.8,1
146.8,233.0,331.7,207.2,37.3,23.8,2.2,2.7,40.0,0.0,-9.4,84.0,282.8,190.2,153.2,11.2,39.2,3.2,1.2,60.0,-24.6,-12.5,0
191.2,141.5,127.0,182.0,24.5,21.0,1.2,1.5,100.0,7.7,7.7,73.8,168.8,299.1,195.2,21.3,22.9,1.8,1.4,50.0,-4.9,-4.9,1
191.1,118.8,235.3,213.1,30.0,19.1,1.6,1.3,80.0,17.0,9.3,123.3,92.3,223.9,240.7,22.6,21.3,2.0,2.3,70.0,3.7,-0.6,1
135.1,250.9,201.1,230.0,23.4,31.3,1.1,1.3,30.0,-15.2,-13.1,147.2,143.7,241.2,231.3,28.7,26.2,1.7,2.2,60.0,2.3,-2.8,0
126.0,161.5,292.0,173.0,29.5,9.5,1.0,1.5,100.0,8.7,1.9,35.0,90.0,221.0,267.0,15.0,33.0,3.0,3.0,70.0,-3.5,-7.8,1
215.3,51.9,218.9,129.5,34.5,7.1,1.1,1.5,80.0,24.6,7.5,177.1,197.5,161.2,215.9,24.2,29.4,1.7,1.8,40.0,0.8,2.0,1
267.0,121.3,220.8,258.0,37.0,27.3,1.3,0.8,70.0,9.1,3.3,89.0,170.0,210.3,174.3,16.5,21.8,2.0,3.0,30.0,1.5,-0.1,0
266.3,179.8,177.8,196.8,37.2,28.3,1.3,1.5,70.0,7.7,-1.3,134.5,82.3,253.2,135.3,29.5,15.0,1.5,2.0,30.0,11.0,5.3,0
166.6,260.2,330.2,350.2,35.2,49.2,2.0,1.8,30.0,-9.7,-9.3,150.2,163.6,195.6,293.6,16.0,26.0,1.6,1.0,60.0,-14.4,-12.2,0
150.1,127.4,240.2,206.5,28.4,19.2,1.0,1.7,50.0,5.9,1.3,83.3,171.3,220.3,176.5,24.4,22.8,1.4,1.8,30.0,1.4,0.6,1
193.7,95.3,255.5,348.5,29.8,23.8,1.8,1.0,70.0,6.9,2.2,172.0,142.8,176.5,163.3,19.7,19.0,1.8,1.7,66.7,1.4,-0.5,0
178.6,129.7,206.4,194.3,31.1,21.1,1.8,3.1,20.0,4.2,-3.6,114.1,182.4,144.3,252.1,11.1,36.6,2.1,1.4,50.0,-20.0,-5.8,0
113.0,212.0,399.0,211.0,34.0,37.0,2.0,1.0,66.7,4.9,2.6,211.0,79.5,371.5,257.5,61.0,29.5,1.0,2.0,77.8,16.0,-3.3,0
225.1,122.5,217.3,178.4,34.7,16.1,0.8,1.4,80.0,19.7,8.0,99.7,164.0,316.4,278.0,23.0,34.9,1.9,0.9,40.0,-1.0,2.3,0
169.6,137.5,240.5,241.9,33.3,26.8,1.6,2.4,60.0,12.2,6.6,129.3,154.5,296.0,270.5,24.9,33.1,1.6,1.8,50.0,-1.5,3.5,0
269.0,197.0,227.0,216.0,35.0,14.0,2.0,0.0,88.9,17.8,3.6,229.0,122.0,227.0,329.0,38.0,28.0,1.0,0.0,44.4,0.8,-3.8,0
238.8,173.4,179.5,191.0,34.0,25.1,1.4,1.6,70.0,8.5,-0.4,151.1,117.8,204.3,178.6,19.4,13.1,2.0,2.4,40.0,6.7,-0.1,0
171.3,300.0,239.5,316.0,26.8,55.8,1.5,0.5,33.3,-18.4,-10.8,98.8,214.6,254.8,197.8,22.2,41.0,2.6,1.2,22.2,-19.9,-11.1,1
154.9,101.6,310.9,225.8,38.0,24.4,2.0,1.6,80.0,10.0,-0.8,228.4,176.4,114.6,187.5,20.9,29.6,1.6,2.1,77.8,-11.7,-7.9,0
202.0,79.3,212.5,235.8,31.7,23.2,1.6,2.0,30.0,6.7,-0.8,138.0,118.3,269.3,208.3,30.2,22.9,1.6,1.5,80.0,11.5,6.3,0
132.0,177.3,241.7,264.6,22.7,30.9,1.3,1.7,77.8,-0.5,3.6,128.7,156.2,261.7,203.7,25.8,25.2,1.2,1.5,80.0,-3.1,-4.6,0
217.9,93.9,200.6,122.3,36.7,13.6,0.8,1.3,77.8,25.7,9.8,124.4,233.8,152.4,181.0,15.3,33.4,2.3,1.2,50.0,-15.0,-4.8,1
166.5,212.0,218.0,242.5,18.0,28.5,1.5,1.0,80.0,-8.8,-6.0,102.0,116.0,356.5,209.5,37.0,24.0,1.5,1.5,60.0,5.0,-2.8,1
166.0,86.5,323.0,260.0,40.5,20.5,0.5,0.5,40.0,16.4,6.6,210.0,54.0,168.0,275.0,24.0,16.0,2.0,0.0,40.0,4.8,-14.1,1
227.9,204.1,259.9,258.5,36.0,32.8,1.4,1.4,77.8,6.1,5.0,99.6,236.0,481.7,303.6,44.3,44.9,1.4,0.4,90.0,3.6,1.5,0
214.3,124.0,248.8,310.3,39.8,24.5,1.5,2.3,66.7,19.1,7.3,217.5,106.3,159.5,233.5,32.3,20.3,1.0,1.8,44.4,8.8,-0.9,0
137.5,110.3,227.8,176.5,20.5,15.8,1.5,1.3,60.0,0.7,-7.6,261.3,153.5,238.8,323.0,34.3,33.3,0.8,1.3,100.0,0.4,-3.1,1
71.7,181.3,215.3,254.7,23.7,23.7,1.7,2.7,70.0,0.7,-2.3,118.8,154.2,249.6,201.2,22.8,21.2,1.4,2.0,40.0,-0.5,-2.4,1
128.5,163.8,208.7,216.3,22.5,30.5,2.0,1.7,50.0,-13.3,-7.3,153.8,220.2,193.8,258.6,26.4,45.2,2.0,2.2,60.0,-17.0,-10.6,1
176.3,188.3,208.5,254.8,34.0,28.3,1.8,1.5,44.4,-2.7,-7.0,128.5,229.8,221.0,180.0,18.3,33.0,1.8,1.3,11.1,-7.3,-4.1,0
193.1,98.0,337.7,183.4,44.4,13.4,0.7,1.0,88.9,15.1,-4.9,175.0,263.0,279.5,80.5,45.5,21.5,0.0,0.5,66.7,13.4,-2.6,0
150.0,180.4,263.9,219.4,30.3,27.7,1.9,1.3,77.8,5.8,0.9,133.3,170.0,263.0,197.8,27.7,19.7,1.0,1.0,77.8,12.1,5.1,1
186.0,88.0,193.3,199.3,26.3,15.7,1.3,0.7,30.0,7.0,-3.7,200.8,95.8,215.8,170.0,32.8,15.5,1.3,2.0,30.0,4.7,-8.2,1
200.3,110.4,222.9,251.7,32.9,26.7,1.6,1.3,60.0,9.5,5.2,132.0,161.0,217.0,250.4,29.1,25.1,1.0,1.6,44.4,5.7,3.6,1
135.3,123.3,238.4,244.9,25.4,23.3,1.1,1.1,80.0,6.9,4.1,245.2,232.0,107.3,288.2,22.5,41.7,1.3,1.3,30.0,-14.0,-7.6,0
88.6,228.8,237.4,269.9,24.1,39.4,1.4,1.3,44.4,-13.1,-11.9,173.0,202.0,325.1,267.0,36.8,35.5,1.3,1.8,11.1,-3.0,-7.1,1
101.2,166.7,248.9,204.5,25.2,27.5,1.5,1.4,70.0,0.7,2.0,201.3,140.6,255.7,167.8,34.3,15.4,0.8,1.7,30.0,5.3,-7.0,1
149.5,137.0,245.5,229.0,45.5,25.5,2.0,3.5,55.6,8.5,-0.4,209.0,54.0,164.0,471.0,27.0,33.0,1.0,1.0,33.3,-2.3,-9.4,1
189.8,218.5,119.0,213.0,11.3,29.3,2.5,1.3,80.0,-8.0,-4.4,89.8,244.5,278.8,250.5,24.5,44.3,1.8,1.3,60.0,-14.8,-6.4,1
7.0,218.0,103.0,253.0,3.0,23.0,2.0,2.0,81.8,0.8,9.1,15.0,189.0,154.0,298.0,14.0,45.0,3.0,1.0,50.0,-16.7,-0.1,1
83.5,168.1,241.9,177.3,25.0,24.5,1.6,2.0,30.0,0.0,-0.2,218.8,168.5,137.2,235.7,22.5,32.3,1.7,1.0,20.0,-2.3,0.2,0
143.4,154.0,230.3,196.3,23.4,19.6,1.7,2.0,80.0,3.9,-0.2,134.3,139.9,227.4,201.4,23.0,19.0,2.4,2.0,60.0,3.1,-1.6,0
145.6,130.4,127.4,182.0,23.9,23.1,1.1,2.4,30.0,2.8,0.6,151.7,140.4,210.4,242.7,24.7,21.0,1.7,1.3,40.0,-1.1,-4.6,1
204.3,141.4,262.1,202.7,33.4,19.6,1.3,2.1,30.0,15.8,8.0,220.9,132.9,214.5,277.0,31.6,26.0,1.6,2.4,77.8,7.3,2.5,0
119.0,205.8,244.7,146.0,25.8,20.8,1.5,1.7,70.0,3.8,-0.4,94.9,205.9,256.9,202.7,26.6,28.0,1.0,0.7,30.0,1.6,3.3,0
59.0,166.0,176.0,246.0,3.0,31.0,3.0,2.0,80.0,-20.0,-18.8,71.0,299.0,141.0,212.0,0.0,39.0,1.0,0.0,30.0,-12.2,19.0,0
177.6,59.8,191.5,182.9,28.4,12.1,0.9,2.2,30.0,11.3,0.3,207.4,159.9,145.3,230.3,28.5,24.2,1.1,1.6,60.0,0.4,-2.1,1
128.0,124.1,203.3,212.6,25.2,28.4,1.8,1.7,30.0,-3.7,-1.9,99.5,102.6,132.3,150.9,18.8,24.8,1.2,1.9,30.0,-7.6,-4.4,1
165.0,313.0,172.2,231.4,22.0,41.4,1.6,1.4,36.4,-19.7,-9.0,407.6,233.2,69.2,219.2,27.0,38.8,1.4,0.8,55.6,-16.3,-9.7,0
222.2,136.2,345.3,197.8,56.0,16.0,0.7,2.2,88.9,33.2,4.1,223.5,110.8,299.5,310.3,36.0,32.5,1.8,1.0,66.7,8.7,5.5,1
70.0,134.0,284.0,142.5,20.0,25.5,2.5,1.0,50.0,2.4,0.1,125.0,84.3,203.0,228.0,21.3,24.8,1.0,3.3,90.0,4.2,9.3,0
192.3,130.9,202.0,292.1,28.0,25.5,1.3,2.6,88.9,7.0,4.4,120.1,179.7,264.0,272.7,22.0,28.3,1.9,2.3,77.8,-6.3,-6.0,1
191.6,158.8,161.0,164.8,25.2,18.0,1.4,1.5,60.0,15.8,11.9,140.5,220.8,312.8,244.6,32.3,30.2,1.4,0.9,100.0,12.4,9.8,1
260.6,105.3,120.0,188.8,27.4,13.5,1.3,1.3,50.0,4.1,-6.2,78.7,170.0,271.1,179.8,22.2,22.9,1.8,1.7,50.0,-8.9,-8.5,0
86.5,113.0,246.0,268.5,15.5,21.0,2.5,2.5,50.0,-0.6,5.7,126.0,183.0,182.0,215.0,31.0,33.0,4.0,1.0,30.0,-18.5,-24.5,1
162.7,121.7,295.7,330.7,42.7,28.7,0.7,1.3,10.0,16.8,3.4,108.8,173.5,335.0,204.5,28.0,32.0,2.8,1.5,90.9,8.4,7.4,0
118.0,210.7,250.0,217.7,20.0,32.0,1.7,1.0,55.6,-6.4,-3.1,151.7,137.0,148.0,348.0,19.0,40.0,1.0,1.0,22.2,-14.8,-12.4,1
209.0,157.0,179.7,238.8,33.3,35.5,2.7,0.8,40.0,-7.4,-5.3,193.2,203.0,379.7,287.3,39.0,39.2,2.0,1.5,30.0,-2.9,-4.2,0
219.0,188.5,256.0,112.0,43.0,22.0,0.0,2.0,50.0,6.6,-8.0,55.0,204.0,111.0,229.0,3.0,29.0,0.0,3.0,36.4,-20.5,-18.7,0
353.6,163.3,33.5,203.1,27.9,23.2,0.9,1.2,55.6,0.2,-5.9,347.5,159.8,91.2,240.0,30.4,29.2,1.7,1.2,77.8,2.7,1.3,1
314.3,168.3,116.5,240.3,35.3,34.8,1.5,1.8,88.9,2.4,-2.5,103.0,167.5,198.5,262.0,15.3,30.8,2.3,1.0,77.8,-4.4,-4.3,0
267.0,116.0,244.4,162.8,46.5,12.7,0.7,2.0,100.0,32.1,11.2,176.1,168.4,235.2,207.0,25.9,28.7,1.4,1.2,33.3,2.6,2.5,0
216.3,231.0,325.3,302.5,38.0,40.7,1.8,1.3,90.0,7.5,10.4,144.5,173.0,196.0,250.8,24.8,33.0,1.3,1.3,33.3,0.9,6.3,0
135.6,206.6,380.9,214.4,34.7,33.4,2.4,1.7,80.0,-0.8,-5.2,142.5,147.8,232.0,164.1,18.6,28.8,1.6,1.4,80.0,-15.1,-9.3,0
219.0,138.7,185.2,238.4,36.1,29.6,2.0,1.8,40.0,-1.4,-4.0,91.5,267.8,208.3,240.1,16.8,38.1,1.9,1.5,30.0,-19.8,-9.6,1
176.4,114.0,238.6,176.4,26.2,19.6,2.4,1.8,70.0,-0.2,-12.3,78.8,174.0,212.5,164.3,16.0,27.5,2.0,2.3,72.7,-13.1,-9.3,1
163.9,159.3,266.6,248.7,28.4,26.4,2.0,2.4,70.0,-1.6,-2.0,113.6,233.6,198.0,181.7,17.1,39.9,1.7,1.0,50.0,-20.9,-12.3,0
260.4,177.7,199.1,186.0,33.9,19.4,1.2,1.4,40.0,6.5,-4.9,145.2,155.1,328.0,283.4,38.6,33.6,1.3,1.7,60.0,-5.9,-11.5,1
169.9,205.4,269.9,234.3,29.5,26.4,0.6,1.1,66.7,9.8,7.5,158.9,148.9,280.8,241.0,26.5,27.1,1.6,1.1,30.0,4.4,4.1,1
174.3,134.6,247.4,191.9,31.0,16.1,0.3,1.4,44.4,14.1,2.8,139.0,172.0,189.2,282.0,27.7,31.7,1.5,1.3,30.0,-1.9,-2.7,0
252.9,209.6,178.9,283.6,26.0,32.0,2.0,1.1,60.0,-9.2,-9.6,174.4,250.7,195.4,221.4,23.6,32.0,0.9,1.0,40.0,-14.1,-11.5,0
170.3,149.8,231.0,231.0,24.8,27.0,2.8,1.3,18.2,5.8,3.7,144.7,228.0,237.0,271.3,25.7,42.0,2.7,0.3,30.0,-0.7,4.2,1
53.8,155.4,330.8,232.4,28.6,27.6,1.6,2.2,50.0,-4.3,-6.3,94.2,171.0,198.5,145.8,23.3,20.0,0.8,2.3,81.8,-0.6,-0.6,1
329.0,83.0,15.0,168.0,28.0,13.0,0.0,3.0,55.6,-1.6,-0.1,105.0,97.0,183.0,552.0,14.0,46.0,2.0,0.0,50.0,-16.7,8.7,0
182.0,198.3,161.8,162.8,27.0,20.3,1.8,1.5,44.4,2.7,-0.4,252.3,101.3,197.5,200.0,36.8,29.3,1.5,0.8,66.7,7.7,1.4,0
125.3,91.5,202.1,196.1,21.2,15.8,2.1,1.7,40.0,4.1,0.4,110.1,143.7,264.3,179.5,29.3,19.5,1.4,1.7,70.0,10.7,4.4,0
59.5,143.5,127.0,259.0,8.0,26.0,1.5,2.5,30.0,-4.2,8.9,194.0,176.0,260.5,307.5,18.5,31.0,3.5,2.5,88.9,-3.8,6.1,1
96.7,87.0,361.0,136.0,36.0,19.3,1.7,0.7,44.4,5.4,-5.5,95.5,144.5,212.0,133.0,12.0,13.5,2.5,1.5,77.8,5.4,-0.3,1
109.6,146.6,254.8,213.0,24.7,17.1,1.1,1.8,40.0,14.5,9.2,143.8,154.8,164.2,231.3,20.6,23.8,1.1,1.8,50.0,0.7,2.3,0
217.7,147.6,219.3,207.1,35.2,24.6,1.0,1.1,80.0,12.0,2.7,232.4,117.4,209.4,261.0,33.9,24.3,1.2,1.8,90.0,12.2,3.1,0
145.5,159.2,213.2,195.9,27.6,28.1,1.4,1.4,36.4,-11.0,-11.1,97.3,123.0,265.6,203.8,28.1,20.6,0.6,1.5,30.0,-5.7,-10.4,1
125.5,81.8,301.8,223.2,30.0,14.7,1.3,1.7,70.0,12.3,0.5,212.3,196.1,104.6,205.3,21.3,30.6,2.6,1.4,30.0,-1.2,4.9,0
47.3,21.2,25.9,43.9,25.9,31.5,0.6,1.1,50.0,1.4,1.4,18.2,15.5,37.5,31.5,21.0,18.3,1.0,1.8,70.0,3.7,3.7,0
154.7,65.1,173.2,233.2,21.1,24.7,3.0,2.1,18.2,5.8,5.5,119.8,151.8,312.3,264.0,24.9,30.2,1.7,2.0,50.0,0.4,3.9,1
252.0,115.5,174.0,297.5,27.5,33.0,2.0,1.0,70.0,-2.3,-0.1,209.0,153.5,137.0,211.5,26.0,25.0,1.5,1.0,70.0,-0.8,-2.4,1
152.0,152.5,166.6,225.3,21.4,33.8,1.4,0.6,70.0,-6.1,1.7,52.3,183.6,402.6,276.0,26.6,39.1,3.0,1.7,30.0,-10.0,-7.7,0
28.8,29.1,42.1,36.5,24.8,16.2,0.5,0.8,60.0,9.0,9.0,18.2,40.4,59.5,36.8,20.6,18.5,0.9,0.7,40.0,7.4,7.4,1
79.5,147.5,177.0,197.0,14.0,19.0,1.0,1.5,20.0,-13.8,-18.0,227.0,78.0,221.0,286.0,38.0,42.0,0.0,0.0,50.0,-3.7,-5.8,1
243.7,174.8,188.0,255.6,28.9,28.0,0.8,1.0,30.0,-5.6,-11.7,150.9,134.6,222.3,271.8,19.3,26.3,1.8,1.8,60.0,-14.7,-12.5,0
141.2,193.1,191.0,222.1,22.1,29.2,1.5,1.2,18.2,-3.2,-1.7,146.8,247.1,194.6,214.8,19.4,39.4,1.6,1.5,100.0,-15.8,-5.3,1
132.3,232.0,194.7,133.7,18.0,24.0,2.3,1.3,60.0,-5.3,-5.8,79.0,99.7,275.7,260.3,33.7,22.7,1.7,3.7,90.9,7.0,-3.5,0
137.0,181.6,248.8,200.6,30.4,28.0,2.4,1.2,30.0,7.3,3.6,122.4,206.4,178.6,192.4,19.6,22.6,1.4,1.4,100.0,11.8,9.3,1
178.0,247.0,257.0,232.0,40.0,33.0,1.0,4.0,44.4,1.9,-8.1,254.0,208.0,140.0,232.0,17.0,13.0,0.0,3.0,33.3,8.0,6.6,1
78.0,295.0,232.5,325.5,16.5,55.0,1.5,1.0,50.0,-15.2,-8.0,40.5,210.5,254.0,187.0,21.0,28.0,1.5,3.5,72.7,-7.2,-4.8,1
90.0,65.0,178.8,241.0,16.7,23.0,2.3,1.3,50.0,-3.8,-3.0,241.7,147.0,241.3,228.6,36.7,30.4,2.1,2.0,70.0,3.0,-1.5,1
152.3,90.5,208.0,187.8,22.5,23.0,2.5,1.5,40.0,0.8,-2.1,203.0,167.2,199.4,214.6,31.6,19.4,1.2,2.0,60.0,8.7,4.7,1
216.8,137.3,317.3,261.5,38.3,15.0,1.5,1.5,100.0,19.5,3.8,234.0,161.4,289.4,369.6,53.2,35.8,0.8,3.0,50.0,4.2,-8.4,0
184.5,182.0,209.3,154.5,28.5,23.0,2.8,1.0,80.0,8.4,6.6,210.3,105.3,225.3,302.3,40.7,25.7,1.7,2.7,18.2,5.6,-3.6,1
192.0,121.3,254.0,177.7,42.3,20.7,2.0,1.3,33.3,12.4,0.2,126.8,243.8,319.8,206.0,36.5,31.8,0.8,0.8,44.4,9.4,3.4,0
140.2,188.1,228.3,248.4,19.5,28.8,1.4,1.6,77.8,-18.1,-12.2,127.3,162.2,221.3,201.5,22.1,23.8,1.4,1.7,55.6,-6.9,-8.2,0
195.0,139.4,223.4,217.7,27.1,20.6,1.7,2.3,70.0,8.8,4.5,131.5,145.8,296.0,255.0,41.0,26.3,0.8,1.8,70.0,11.5,1.9,0
202.3,157.5,186.2,176.5,28.0,21.5,2.0,1.5,33.3,-0.2,-5.2,134.5,141.8,222.0,196.8,25.3,18.3,1.8,2.3,50.0,-6.5,-10.9,1
247.5,40.5,225.0,107.0,46.5,3.5,0.0,4.0,60.0,27.4,0.5,141.5,272.0,244.5,298.0,28.0,42.5,4.0,1.0,10.0,-9.1,-1.2,0
164.5,166.3,216.5,197.4,24.0,27.4,2.0,1.5,50.0,-10.0,-6.9,161.6,143.0,294.9,264.9,33.0,28.8,2.3,2.5,60.0,-4.9,-9.7,0
162.3,162.3,432.0,294.7,43.3,32.6,0.7,1.7,30.0,2.6,-2.6,152.3,138.2,140.5,211.5,13.5,26.7,1.3,2.2,40.0,-14.4,-10.1,0
190.5,33.5,349.0,159.5,65.0,11.5,2.0,2.0,80.0,26.9,-0.8,115.0,181.0,142.0,160.5,17.0,27.5,1.5,1.5,50.0,-14.8,-4.1,1
186.9,117.7,242.4,218.8,34.2,27.7,1.1,2.0,70.0,-1.8,-8.5,171.9,207.9,297.0,206.4,35.9,29.3,2.2,1.6,80.0,0.4,-7.2,0
216.0,160.2,214.0,221.9,34.4,25.2,1.7,2.0,30.0,3.1,-3.3,204.7,187.3,265.4,217.2,35.2,28.9,1.2,1.4,60.0,1.5,-3.0,1
121.5,140.0,263.5,296.3,25.0,35.3,1.0,1.3,60.0,-7.2,-5.1,97.3,173.3,163.5,201.7,17.7,18.5,1.8,2.5,50.0,-5.0,-3.5,1
185.2,161.8,199.2,189.0,27.0,23.6,1.6,2.0,45.5,6.4,5.0,99.0,228.5,191.3,300.0,14.0,35.0,2.0,2.5,30.0,-18.2,-8.4,1
294.3,146.3,211.8,275.3,38.8,24.5,1.2,2.7,30.0,1.2,-10.8,159.8,253.7,206.0,236.5,17.3,45.3,2.2,0.7,36.4,-26.2,-12.3,0
172.4,109.9,164.0,244.1,27.7,21.7,2.3,2.1,60.0,-6.1,-13.2,93.7,148.7,241.9,273.3,21.9,39.9,2.0,1.9,40.0,-20.0,-10.1,1
110.0,92.0,369.0,294.0,45.0,21.5,1.0,2.0,88.9,27.3,8.0,154.5,302.0,381.5,298.5,38.5,46.0,0.5,1.0,90.0,4.4,10.2,0
188.3,130.9,179.8,154.0,29.9,20.1,2.8,3.0,30.0,12.4,4.7,156.3,123.3,189.3,182.8,26.0,19.7,1.8,0.9,30.0,9.8,5.9,0
97.3,137.0,164.8,286.8,17.3,37.0,1.5,1.5,44.4,-20.5,-10.0,198.3,304.7,118.7,147.3,14.7,34.3,2.0,1.0,22.2,-32.0,-21.4,1
225.0,141.3,172.7,298.7,36.3,30.7,1.1,1.4,77.8,1.3,-3.2,179.6,205.2,221.4,247.0,30.8,37.0,2.4,2.0,66.7,-9.0,-4.5,1
142.3,54.0,218.3,239.5,18.3,31.3,5.0,1.8,18.2,3.3,4.6,78.0,113.8,331.0,299.3,27.3,28.5,2.0,1.8,70.0,1.1,1.0,0
170.3,95.8,247.8,139.0,38.3,8.3,1.5,1.5,40.0,10.2,-8.1,237.3,181.5,133.3,261.5,24.5,34.3,1.5,0.5,20.0,-3.7,-4.2,0
192.3,212.3,193.0,281.8,34.8,39.5,1.3,1.2,60.0,-2.4,-3.7,217.3,173.1,244.1,236.4,31.9,32.4,1.3,1.7,60.0,-1.0,-5.2,0
155.3,116.4,224.4,186.7,23.9,17.5,1.5,1.1,30.0,14.8,9.1,116.5,205.3,224.7,245.2,27.0,30.9,1.8,1.6,40.0,1.8,2.6,1
147.9,104.6,377.8,211.0,45.8,21.6,1.3,2.3,44.4,28.9,10.5,250.9,189.2,199.2,272.9,33.2,32.6,1.1,1.6,33.3,6.7,5.7,1
128.2,137.0,210.6,242.0,25.6,19.2,1.8,1.4,66.7,7.6,3.3,106.0,179.5,161.3,248.0,18.3,25.8,1.5,1.5,66.7,-10.4,-5.9,0
122.5,234.0,308.2,298.3,30.2,40.2,1.8,0.8,50.0,-7.1,-4.5,77.4,246.8,241.0,205.6,17.8,33.8,2.0,2.2,33.3,-16.1,-11.2,1
269.9,155.6,279.6,211.1,45.6,17.9,1.3,1.7,50.0,10.5,-12.9,75.3,178.3,298.6,273.3,18.9,35.6,2.3,1.4,70.0,-17.1,-8.7,1
167.7,209.7,359.2,259.2,39.9,44.8,1.8,1.5,50.0,-9.9,-9.9,86.0,249.0,305.3,229.5,22.7,36.8,1.6,1.1,50.0,-18.2,-18.2,1
202.5,111.1,330.0,159.7,52.9,11.1,1.3,2.8,50.0,33.6,6.9,321.1,171.3,167.0,273.0,38.3,25.8,1.4,1.4,40.0,17.8,8.8,1
0.0,0.0,0.0,0.0,29.2,20.7,0.8,0.9,50.0,12.9,6.1,0.0,0.0,0.0,0.0,20.8,33.5,0.8,0.5,30.0,-17.3,-11.7,1
198.6,255.3,273.9,245.8,30.4,38.0,1.9,1.6,40.0,-13.0,-10.5,96.5,201.4,279.5,272.3,22.4,36.4,2.9,1.9,70.0,-12.6,-2.6,0
209.3,73.1,214.8,195.3,32.3,15.1,1.4,1.8,88.9,24.1,10.3,161.5,113.1,235.3,229.8,32.1,20.5,0.9,2.2,33.3,15.2,5.9,1
112.8,203.0,256.3,228.5,27.3,34.5,2.0,1.8,100.0,-4.5,-1.3,126.9,178.9,167.9,200.9,16.9,29.9,1.9,1.4,30.0,-4.7,0.9,0
90.9,192.7,207.9,231.6,17.1,35.6,2.1,1.0,50.0,-14.6,-2.4,149.0,184.6,231.6,215.0,27.7,25.1,1.4,1.6,20.0,-13.9,-19.0,0
203.0,88.0,398.0,160.0,40.0,13.0,1.0,1.0,66.7,8.2,-16.5,271.5,117.5,202.5,291.0,23.0,25.5,2.5,0.5,20.0,-0.1,-3.1,1
176.3,145.0,191.0,252.3,25.7,16.7,0.7,2.3,90.0,4.5,-1.7,106.5,328.0,177.5,267.5,10.0,43.5,2.0,1.5,70.0,-13.3,-7.5,1
164.0,189.0,142.3,222.7,16.3,29.3,2.2,1.0,50.0,-7.7,-3.9,94.2,209.3,212.5,210.7,19.7,33.3,1.8,1.8,72.7,-10.8,-5.9,0
112.0,268.0,222.0,205.0,24.0,49.0,1.0,0.0,60.0,1.1,-1.1,95.0,139.5,208.5,364.5,23.5,38.0,2.5,2.5,11.1,-7.6,-10.8,1
89.0,220.7,272.0,271.8,24.3,40.5,2.3,1.2,80.0,-13.8,-7.7,96.0,171.5,200.3,258.8,14.5,37.8,2.5,1.5,70.0,-18.8,-7.4,1
174.0,217.0,162.0,207.0,17.0,16.0,0.0,0.0,70.0,2.5,-11.1,66.0,103.0,456.0,297.0,42.0,34.0,3.0,3.0,70.0,-4.3,-11.9,0
173.6,149.3,254.8,199.8,32.3,20.9,2.4,1.1,80.0,13.3,4.1,157.6,242.1,227.0,213.8,22.1,34.5,1.9,2.3,40.0,-6.3,-1.3,0
101.0,136.0,332.0,236.0,24.5,26.0,2.5,1.0,55.6,-7.8,-11.0,105.0,224.0,137.0,218.0,14.0,31.0,1.0,1.5,44.4,-13.6,-14.9,1
275.1,102.7,190.9,268.7,39.7,25.6,2.1,1.9,90.0,11.6,2.4,81.6,142.6,222.8,198.0,17.0,23.8,2.2,1.8,70.0,2.4,2.2,1
163.3,151.9,259.2,259.2,26.2,33.6,2.2,1.4,30.0,-11.2,-6.2,98.0,185.4,182.1,285.2,14.1,41.0,2.0,0.9,72.7,-27.1,-6.9,0
208.2,204.0,188.3,216.2,30.5,29.0,1.3,2.3,60.0,-2.4,-3.8,191.2,163.5,243.7,198.8,27.3,18.8,0.7,1.2,30.0,-1.0,-8.2,0
298.0,135.0,133.0,308.0,34.5,16.5,1.0,2.0,40.0,9.9,-4.2,111.0,286.0,222.0,146.0,3.0,21.0,2.0,0.0,45.5,5.2,2.9,1
66.5,161.0,292.5,166.0,26.5,38.0,3.0,0.5,60.0,-3.8,2.5,161.0,51.0,190.0,377.0,21.0,19.0,2.0,0.0,50.0,-1.6,-13.3,0
236.7,109.1,282.6,312.2,39.1,28.9,0.9,1.4,90.0,14.7,5.2,206.1,130.2,241.2,224.8,35.6,21.4,1.1,1.9,80.0,18.3,5.9,1
183.4,120.7,180.0,156.4,29.3,15.2,2.1,2.2,80.0,11.6,3.6,78.9,150.1,372.4,174.9,29.1,25.2,2.1,1.8,90.9,5.0,-0.1,0
208.3,84.0,254.3,156.3,41.3,12.7,0.7,4.0,100.0,18.9,-1.8,142.7,256.7,189.7,161.0,20.7,37.0,2.7,1.0,36.4,-21.2,-7.7,0
231.0,352.0,130.0,169.0,14.0,38.0,0.0,0.0,50.0,-22.5,-19.3,367.0,92.7,85.0,177.0,41.7,13.7,0.0,2.3,55.6,4.6,-7.9,0
213.9,194.7,134.0,214.0,17.7,31.4,2.1,1.0,40.0,-12.0,-9.1,121.3,211.1,94.7,241.4,9.0,33.4,1.6,1.6,90.0,-19.9,-6.7,1
124.6,189.3,158.9,266.5,14.0,35.5,1.6,2.1,50.0,-11.9,-2.5,140.1,182.4,256.7,284.6,25.4,33.3,2.8,2.7,36.4,-2.4,2.3,0
144.0,120.0,200.0,208.7,23.0,24.7,2.0,1.3,30.0,-2.2,-3.2,131.0,231.0,112.3,262.8,4.8,36.5,1.3,1.8,40.0,-19.2,-8.7,1
174.6,143.0,228.6,201.3,27.7,21.3,1.9,2.2,80.0,0.6,-6.5,237.0,167.8,191.2,207.4,28.9,27.9,1.6,1.0,70.0,2.7,-0.4,1
125.0,104.8,309.0,362.5,32.5,36.5,1.5,1.5,60.0,-7.9,-11.2,121.4,213.0,153.8,214.6,12.8,32.4,2.0,1.4,22.2,-20.5,-11.8,0
135.5,80.0,183.0,260.0,28.0,19.5,1.5,2.5,100.0,3.6,0.4,160.0,231.5,249.5,194.5,25.0,42.5,2.5,0.5,80.0,-5.2,5.3,0
157.1,116.1,213.9,250.0,26.3,26.1,2.4,1.7,90.9,2.6,1.7,137.0,128.3,151.5,166.0,18.9,15.8,2.0,1.8,40.0,3.2,-1.7,1
163.8,165.3,138.7,215.7,23.8,23.5,1.8,1.2,50.0,-5.5,-6.4,154.2,158.6,188.2,202.0,15.8,34.8,3.2,2.4,50.0,-13.2,-6.1,0
236.7,102.2,121.3,307.7,29.8,20.3,0.7,1.8,44.4,-4.2,-8.9,132.0,146.2,212.8,315.5,21.8,42.8,2.3,2.2,11.1,-19.7,-12.8,0
192.2,202.3,280.2,257.4,33.3,28.2,0.7,1.2,66.7,11.2,7.9,158.2,142.7,275.4,246.6,29.0,25.6,0.9,1.2,55.6,10.1,6.6,0
298.0,100.0,236.0,224.0,48.0,10.0,1.0,1.0,90.0,7.4,-10.9,212.0,168.0,124.0,183.0,28.0,19.0,1.0,1.0,70.0,1.2,-4.7,1
294.1,107.9,99.5,178.1,26.6,17.6,0.9,1.3,30.0,0.3,-5.7,169.8,128.6,221.1,185.0,23.1,20.0,0.9,1.4,20.0,-7.4,-7.4,1
181.0,109.0,244.7,250.0,31.3,23.0,1.7,1.0,77.8,8.8,-2.0,225.0,156.5,227.0,227.5,35.0,26.0,2.5,0.5,66.7,14.8,7.4,0
195.4,163.2,207.8,194.3,32.8,21.6,0.9,1.6,80.0,9.4,1.9,238.8,159.6,236.9,225.7,33.0,22.4,1.5,1.2,40.0,10.2,1.0,0
147.3,328.3,223.7,113.7,19.7,24.0,1.0,1.3,40.0,-5.0,-6.9,79.3,183.3,281.7,323.0,21.7,36.0,2.0,1.0,50.0,-17.8,-16.3,0
91.0,177.0,150.0,204.7,12.7,36.3,1.0,1.3,80.0,-14.2,3.5,73.0,233.7,193.0,303.0,10.3,60.0,3.0,2.0,70.0,-25.9,5.3,0
198.5,216.0,185.0,264.0,14.0,28.0,0.5,1.0,50.0,-0.9,-2.2,106.0,173.0,130.5,215.0,13.5,43.5,1.5,1.0,70.0,-17.5,-11.8,0
132.9,154.6,254.0,257.0,25.1,23.6,1.1,1.1,55.6,5.2,4.7,81.5,257.5,322.1,200.9,23.6,39.4,2.8,0.6,20.0,-13.2,-6.1,0
82.0,114.2,235.9,176.0,16.6,18.6,2.3,1.1,72.7,-7.5,-7.2,141.1,160.4,254.3,230.0,26.6,23.1,0.6,1.6,70.0,1.1,-2.9,0
206.3,136.5,280.4,242.0,34.0,27.2,1.4,1.7,44.4,15.4,8.5,150.0,122.4,217.3,160.0,25.2,13.0,1.5,1.8,33.3,10.9,2.9,1
192.0,163.4,220.0,221.7,32.4,26.4,1.1,1.1,80.0,9.7,3.1,91.4,208.9,249.0,195.6,24.9,27.0,1.3,0.6,30.0,1.0,3.1,1
217.0,113.0,126.8,228.3,31.3,19.0,0.5,1.8,50.0,3.1,-1.5,173.3,216.3,356.3,226.3,44.8,31.5,0.5,1.8,90.9,5.4,-4.2,0
188.2,149.6,298.2,253.4,36.4,25.8,1.8,1.6,60.0,9.8,2.7,169.0,297.0,250.4,229.8,29.4,44.4,1.0,2.0,20.0,-7.3,-6.8,1
174.8,117.0,249.4,250.7,31.4,19.7,1.5,1.9,70.0,10.3,2.8,180.2,110.9,124.2,222.6,17.2,21.1,1.5,2.2,30.0,-4.8,-2.1,1
71.5,200.9,324.7,182.7,25.4,27.0,1.3,1.3,30.0,-4.6,-3.6,89.7,190.4,180.9,197.4,15.8,32.0,2.2,1.7,36.4,-14.3,-7.9,0
231.1,89.3,151.8,220.0,29.1,25.1,1.2,1.9,50.0,-4.8,-9.1,151.1,241.3,151.3,253.7,13.9,41.1,2.0,1.4,30.0,-28.6,-17.3,0
91.8,172.2,195.2,156.2,15.6,19.2,2.8,0.8,50.0,3.0,-3.4,132.7,118.3,222.5,147.0,26.8,20.8,2.8,2.0,9.1,2.7,-4.9,1
217.3,22.0,165.0,205.9,28.7,11.4,1.3,2.3,60.0,14.0,2.6,157.2,167.3,97.7,150.5,7.8,32.7,4.3,0.7,40.0,-20.6,-9.7,0
131.3,183.0,294.3,253.3,23.0,35.7,1.7,0.3,50.0,-6.5,3.1,286.5,247.0,186.0,193.5,38.5,31.5,1.0,2.5,20.0,-11.9,-20.5,1
147.1,142.7,259.8,219.5,29.2,24.1,1.1,1.2,40.0,8.5,5.6,112.3,108.8,213.5,232.8,22.6,20.9,1.2,1.5,50.0,8.0,4.4,0
165.0,180.0,197.5,210.5,22.0,36.0,1.5,0.5,88.9,-6.9,-4.9,107.5,354.0,155.5,98.0,13.5,47.0,2.0,1.0,44.4,-21.4,-15.4,1
183.8,161.8,237.0,186.8,28.0,21.0,1.8,2.0,50.0,2.6,-3.3,86.0,140.6,250.8,225.6,18.2,24.0,1.2,1.8,30.0,-14.4,-13.0,1
204.0,150.5,216.5,249.7,35.8,28.0,1.7,2.5,10.0,7.8,-0.3,179.8,118.2,203.8,144.7,30.8,21.2,1.7,2.2,77.8,15.2,3.1,1
148.0,123.1,244.1,211.5,27.4,26.3,2.3,1.8,77.8,6.5,4.0,159.6,212.2,248.8,160.9,27.2,22.0,1.7,1.5,100.0,10.0,6.0,0
100.0,53.5,327.5,272.0,18.5,13.5,1.0,1.0,18.2,4.6,4.2,169.0,196.3,316.7,300.0,27.7,34.7,2.7,2.7,70.0,2.6,2.3,1
217.8,122.0,163.1,238.9,25.1,20.7,1.6,2.4,45.5,6.9,4.9,248.3,188.1,250.6,263.7,33.6,33.5,2.3,1.5,80.0,0.5,0.5,1
254.3,151.7,86.0,241.0,30.1,23.9,0.5,2.4,44.4,-2.2,-8.8,184.5,255.5,212.4,255.6,24.9,39.4,1.6,0.8,11.1,-19.2,-11.0,0
156.0,130.7,184.3,166.3,28.0,15.3,2.3,5.0,70.0,7.8,2.9,113.6,152.0,267.8,279.0,24.4,32.0,1.2,3.6,40.0,-12.7,-7.5,1
114.0,149.0,171.2,192.8,21.0,23.4,1.6,2.2,50.0,-0.5,-1.8,121.4,137.6,207.7,196.5,23.8,20.8,2.1,2.5,70.0,-1.6,-3.9,0
230.0,121.9,182.9,246.3,28.9,31.7,2.1,1.9,88.9,4.7,2.6,135.2,144.7,257.3,222.8,26.7,22.3,2.3,2.8,77.8,4.4,1.3,1
171.9,132.2,273.6,249.4,28.9,25.5,1.1,1.3,55.6,10.2,7.3,180.7,179.2,247.7,268.1,31.9,31.3,0.9,1.3,66.7,4.3,4.2,0
373.7,95.3,227.0,231.7,50.3,19.0,1.0,1.0,70.0,11.6,-6.6,119.0,162.3,333.7,284.0,34.3,37.7,2.3,1.7,70.0,-7.0,-8.8,1
230.4,94.0,208.0,284.4,37.8,30.8,2.0,1.8,30.0,3.4,-5.0,126.2,203.5,203.3,237.0,17.0,27.0,1.5,1.7,20.0,-10.4,-4.0,0
176.6,132.6,259.3,224.3,30.9,21.7,1.1,1.3,60.0,15.1,8.6,211.0,93.9,274.4,201.8,43.1,16.6,1.3,0.8,80.0,31.8,15.5,1
198.8,41.2,190.7,227.8,40.5,15.5,1.5,2.5,70.0,16.1,1.5,198.8,83.5,241.3,254.3,33.8,14.5,1.3,2.2,70.0,10.7,-2.2,1
147.0,188.4,209.4,220.0,21.4,29.9,2.0,2.3,30.0,-12.7,-9.8,141.4,225.8,106.9,216.7,12.7,32.3,1.4,1.3,90.0,-19.1,-7.8,1
167.8,113.4,274.7,288.2,32.5,27.8,2.2,1.1,70.0,6.7,2.5,186.0,187.8,286.4,205.7,32.5,25.1,1.4,1.5,33.3,12.0,5.7,0
220.0,137.0,155.0,137.0,17.0,10.0,1.0,1.0,44.4,-4.7,-11.3,140.5,103.5,193.5,253.0,8.0,28.5,1.5,0.5,33.3,-21.1,-14.5,1
228.5,148.8,267.5,307.0,33.5,39.5,1.8,1.0,60.0,-6.0,-9.2,158.3,193.0,232.0,240.3,32.0,37.0,1.0,1.0,60.0,-13.3,-14.5,1
205.3,126.3,191.6,214.3,30.7,22.7,0.9,0.9,30.0,9.4,2.1,168.3,146.6,131.4,221.1,16.3,27.7,1.9,1.6,18.2,-10.9,-7.7,1
116.9,166.9,266.6,207.1,27.6,21.1,1.0,1.1,77.8,11.5,5.8,252.6,110.4,193.6,339.9,39.6,36.0,1.0,1.3,77.8,6.0,2.8,1
174.3,114.7,154.7,217.7,16.7,18.0,1.7,1.7,55.6,10.0,5.1,148.3,161.0,378.3,282.7,33.0,25.0,2.7,2.0,66.7,10.1,-0.8,1
191.5,147.5,243.6,205.1,34.8,22.5,1.3,1.5,60.0,16.4,16.4,275.4,107.4,195.3,213.7,33.8,17.7,1.5,1.5,30.0,18.0,18.0,1
304.8,129.8,416.6,205.4,63.8,18.8,1.2,2.2,50.0,28.5,1.3,100.2,180.4,167.4,244.8,15.8,29.6,2.0,2.6,50.0,-10.5,-5.8,0
218.7,153.7,232.3,183.0,36.3,26.3,2.7,2.3,77.8,0.8,-9.2,171.5,239.0,161.8,296.0,18.3,39.3,2.0,0.5,50.0,-18.6,-6.1,0
132.9,113.6,179.4,215.0,23.0,18.6,1.7,1.7,81.8,2.9,-1.8,150.2,174.0,180.8,202.8,25.2,24.4,1.4,2.6,40.0,1.1,0.6,0
181.7,143.0,286.2,234.0,35.5,23.2,2.2,2.5,77.8,16.0,6.4,133.0,122.3,280.5,209.8,30.8,19.0,2.3,3.3,77.8,5.9,-1.3,0
154.8,249.1,202.2,240.2,23.6,33.7,1.4,1.9,40.0,-16.4,-9.8,91.9,212.7,221.8,266.7,14.7,38.8,2.3,0.6,30.0,-27.0,-14.8,1
281.1,238.2,109.8,172.9,27.7,35.4,1.9,0.8,33.3,-5.5,-3.4,154.9,211.9,205.9,195.8,28.6,27.3,1.9,2.3,55.6,-2.5,-5.8,0
132.0,139.0,260.0,209.0,24.0,23.0,1.0,2.0,50.0,9.3,2.0,181.5,207.5,196.0,186.5,13.5,22.5,2.0,0.5,70.0,4.1,8.8,0
163.7,172.1,401.4,264.4,43.8,29.4,1.0,1.7,30.0,6.8,-1.6,150.1,226.6,212.7,282.7,21.9,34.6,1.1,1.4,44.4,-14.5,-8.9,0
156.6,205.4,257.6,223.0,28.6,30.8,1.2,1.6,90.9,9.3,10.1,194.1,152.6,271.6,196.3,41.4,22.0,1.1,1.3,60.0,19.6,7.7,0
305.1,282.4,84.6,204.1,25.0,32.4,1.4,1.7,70.0,-15.4,-9.8,109.4,281.7,265.1,272.0,19.7,40.1,1.9,1.3,80.0,-19.0,-7.9,1
98.5,76.5,106.5,275.0,11.0,27.0,2.0,2.5,60.0,-14.0,-1.7,89.0,299.0,238.0,186.0,14.0,38.0,2.0,1.0,60.0,-9.2,-10.4,0
131.3,128.3,211.3,195.0,24.8,18.3,1.0,1.8,30.0,1.5,-2.3,75.0,178.8,224.0,153.3,12.3,30.8,2.3,1.5,50.0,-14.4,-7.8,0
0.0,0.0,0.0,0.0,18.9,20.9,1.0,0.5,30.0,-2.3,-2.8,0.0,0.0,0.0,0.0,20.0,37.9,0.5,0.3,70.0,-9.1,-1.5,0
308.1,94.7,143.9,217.1,38.3,18.6,1.7,2.1,36.4,14.4,1.2,143.6,91.4,163.5,209.5,17.0,19.4,2.3,1.8,70.0,0.9,0.5,1
110.2,155.2,174.8,238.2,18.2,25.8,2.8,1.4,70.0,-5.1,-3.6,56.8,139.3,221.5,259.0,20.8,28.8,2.0,1.8,40.0,-12.0,-9.5,0
243.3,116.9,334.3,226.5,48.4,19.5,1.2,2.9,80.0,25.1,6.8,181.9,126.3,236.4,180.5,38.4,14.5,1.3,2.0,70.0,12.1,-3.3,0
179.5,153.0,228.5,277.5,28.0,29.0,2.0,0.5,44.4,-13.9,-12.0,87.0,307.0,232.5,240.0,17.0,44.5,2.5,0.5,0.0,-10.5,-7.1,1
158.1,176.7,295.8,257.8,35.2,26.4,1.7,2.0,70.0,3.4,-2.7,167.2,142.1,215.5,185.6,27.4,19.6,2.0,2.4,80.0,0.7,-7.6,1
230.3,134.3,313.0,308.5,39.3,25.0,2.0,1.3,70.0,5.5,-5.6,230.8,138.0,62.3,211.8,16.0,32.5,1.5,1.3,80.0,-11.9,-0.2,0
124.8,210.8,214.8,272.3,18.0,36.8,1.0,0.8,80.0,-10.6,-2.1,187.6,121.6,281.4,174.8,36.6,19.0,1.4,2.0,66.7,13.8,-2.0,1
180.3,191.7,356.6,255.3,39.1,33.4,2.5,1.7,30.0,-1.2,-5.8,82.2,240.0,175.8,189.2,16.3,30.0,2.8,2.0,55.6,-16.9,-9.8,0
109.5,95.5,284.0,215.0,21.0,15.5,2.0,1.0,80.0,7.3,-4.3,121.0,80.0,178.0,326.0,36.0,29.0,1.0,1.0,30.0,-4.9,-13.1,1
58.0,159.0,378.0,195.0,20.0,21.0,4.0,2.0,77.8,-10.0,-22.7,147.0,206.5,295.5,319.5,28.0,44.0,2.0,1.0,50.0,-21.8,-15.6,0
208.4,156.8,188.4,155.0,31.6,21.0,2.4,1.6,80.0,12.1,8.7,129.0,130.2,181.8,266.4,16.6,34.0,3.0,2.2,70.0,-7.5,-3.7,0
227.8,107.0,133.1,222.6,30.0,18.0,0.9,2.0,30.0,0.2,-9.1,183.8,163.4,148.8,226.4,21.1,29.6,2.4,1.4,40.0,-15.7,-13.3,1
140.0,167.2,246.4,249.6,24.6,34.8,2.0,1.3,50.0,-13.2,-6.5,136.3,160.1,194.1,244.1,21.1,33.3,2.4,1.6,30.0,-17.0,-10.8,0
301.0,132.5,350.0,130.5,64.5,17.0,1.0,2.0,100.0,26.4,-4.8,247.0,131.0,146.0,111.0,42.0,12.0,2.0,1.0,66.7,14.6,-11.5,1
67.5,177.4,278.1,191.0,20.6,25.4,2.0,1.6,50.0,-10.2,-7.2,96.6,220.1,179.9,217.0,14.1,37.1,2.0,1.3,36.4,-23.1,-13.0,0
168.3,137.4,231.1,228.5,27.8,27.4,2.1,1.7,50.0,-0.8,-2.7,101.5,138.2,214.3,211.0,18.0,26.2,1.9,1.8,40.0,-2.8,3.4,1
127.8,190.9,233.4,201.1,18.1,29.0,2.5,1.0,40.0,-10.9,-5.2,128.8,200.4,250.1,288.7,20.7,48.8,2.6,1.0,90.0,-28.7,-7.3,1
177.7,123.0,249.7,286.3,33.3,27.0,1.3,2.7,30.0,3.8,-3.8,105.8,144.5,221.5,213.3,24.8,23.0,2.0,1.8,60.0,1.9,0.6,0
127.8,166.0,187.8,332.6,17.4,38.4,1.8,1.8,90.0,-17.4,-3.1,66.3,163.0,137.8,256.0,12.8,38.0,1.3,1.5,40.0,-17.1,2.3,1
115.9,170.4,251.0,199.4,24.7,26.6,1.9,1.3,70.0,-2.6,-4.9,136.4,242.0,204.6,204.0,17.6,36.1,1.4,0.9,70.0,-24.7,-16.4,0
257.0,138.9,158.9,178.4,31.7,19.9,1.3,1.9,50.0,14.7,7.4,146.8,193.3,296.3,195.1,29.9,30.5,1.6,1.1,0.0,-13.4,-13.0,1
233.4,177.6,187.6,244.1,28.1,26.6,0.8,1.1,30.0,-5.3,-11.4,167.4,142.5,269.4,236.0,34.9,24.1,1.2,1.9,60.0,-4.1,-10.8,1
113.8,144.5,262.5,261.3,27.8,29.2,2.0,1.8,60.0,-1.2,-1.2,114.2,178.0,275.8,293.4,34.4,29.4,1.0,1.6,40.0,-5.4,-10.2,1
160.5,139.0,311.0,295.5,33.8,39.0,2.3,1.3,88.9,-8.0,-6.9,226.3,140.0,244.7,170.0,30.0,18.3,1.0,1.3,44.4,-3.7,-12.0,0
244.0,172.0,244.0,154.0,52.0,24.0,3.0,2.0,18.2,9.1,-13.8,166.0,165.5,212.0,344.5,29.5,41.5,0.5,0.5,60.0,-7.5,-4.1,1
113.8,203.5,213.0,193.8,16.5,36.5,2.3,1.0,11.1,-20.4,-9.2,168.0,219.0,136.0,308.0,34.0,36.0,0.0,0.0,44.4,-12.9,-7.5,1
180.4,101.2,191.1,201.6,23.8,13.8,1.6,1.6,30.0,15.7,10.8,147.8,217.1,156.5,220.4,20.0,32.8,1.3,1.5,66.7,-5.8,-2.2,1
93.0,227.5,264.5,284.5,27.5,41.0,0.5,1.0,66.7,7.7,6.2,139.0,124.0,285.0,266.3,27.3,33.0,3.0,2.7,80.0,3.8,6.2,1
218.4,140.7,122.7,249.1,30.3,24.7,0.9,1.7,60.0,-1.3,-4.9,147.7,236.0,346.7,294.2,37.3,37.5,1.7,1.7,100.0,1.6,0.7,0
174.6,100.2,341.3,279.3,44.7,25.8,1.5,1.4,77.8,10.3,-2.7,172.0,208.4,294.9,251.5,39.9,27.9,1.4,2.5,80.0,7.4,-0.7,0
239.0,229.7,170.5,230.8,26.2,34.0,1.5,1.0,66.7,-12.3,-9.9,147.5,259.3,236.0,256.7,24.2,39.3,1.7,1.2,11.1,-17.9,-9.3,0
193.6,177.9,221.8,295.3,23.0,34.3,1.3,1.1,40.0,-8.6,-6.3,111.3,162.0,211.0,253.6,20.9,28.4,1.5,2.0,30.0,-13.0,-9.2,1
162.5,124.4,201.3,201.6,32.0,21.4,1.6,2.5,60.0,12.8,6.0,98.3,222.5,170.9,219.7,13.8,37.7,2.1,1.1,70.0,-13.5,-0.8,1
125.2,203.4,250.2,162.8,26.8,21.8,1.8,1.6,70.0,4.8,1.1,116.6,213.0,230.0,185.2,13.0,34.2,2.2,0.4,70.0,-16.6,-6.2,1
191.5,83.5,260.5,229.3,33.5,24.5,3.8,1.8,36.4,3.8,-4.6,182.0,183.4,136.8,224.4,20.4,21.8,1.2,1.8,50.0,-8.2,-10.2,0
205.4,126.4,205.6,319.0,34.2,34.0,1.8,1.0,60.0,-6.7,-12.3,124.0,236.6,221.8,294.4,18.0,34.2,1.4,2.6,30.0,-16.8,-8.6,0
232.8,172.5,270.9,260.4,32.9,23.9,1.9,2.0,40.0,10.3,4.0,253.2,216.8,281.0,254.5,34.3,33.4,2.1,1.9,55.6,4.2,0.1,1
261.2,106.4,203.5,276.2,36.4,25.9,1.8,1.5,77.8,14.7,14.7,124.6,148.6,235.9,236.5,20.9,25.2,2.4,2.1,36.4,-8.5,-8.5,0
131.3,190.1,213.6,158.0,18.7,22.0,1.6,0.9,80.0,2.3,2.1,117.2,171.8,177.6,237.8,18.2,32.4,1.6,1.1,50.0,-7.3,4.1,0
180.6,125.6,188.9,222.9,28.5,25.1,1.5,1.9,30.0,-0.3,-6.2,150.1,228.9,321.3,182.8,35.0,20.1,2.1,1.8,50.0,4.5,-5.8,0
144.6,200.0,288.1,188.9,29.1,30.9,1.6,1.3,0.0,-11.6,-11.6,119.9,173.6,191.3,230.6,16.2,27.9,2.1,1.5,88.9,-9.2,-4.5,0
107.5,65.6,189.0,192.1,16.6,15.7,1.8,1.6,80.0,0.3,-2.1,123.2,96.3,252.9,228.8,27.7,16.3,1.6,2.7,9.1,7.8,1.2,1
122.0,222.8,362.4,180.8,42.0,31.2,1.6,2.4,30.0,1.4,-5.1,77.2,201.2,144.0,150.0,6.2,26.0,0.6,0.6,50.0,-14.1,-3.9,1
173.5,151.8,216.0,313.5,22.0,27.5,2.3,0.8,50.0,-5.1,-7.1,191.0,146.4,235.0,308.4,27.8,28.8,0.6,2.0,100.0,-1.7,-0.7,1
211.3,148.7,338.0,178.6,46.3,18.1,1.6,1.9,77.8,24.6,5.8,294.1,163.4,354.4,231.9,56.1,24.1,0.9,2.7,55.6,23.3,1.2,1
244.0,251.0,86.0,172.0,14.0,38.0,5.0,0.0,70.0,3.2,2.1,170.7,199.3,120.3,296.3,19.7,50.0,1.0,0.3,80.0,-18.6,0.7,0
217.7,148.1,195.3,182.2,28.9,21.2,1.4,1.6,80.0,10.3,3.6,126.3,207.1,196.1,259.3,22.8,39.0,2.0,1.6,60.0,-6.9,1.3,1
121.4,100.0,162.1,174.6,17.0,17.1,1.7,1.1,40.0,2.8,-0.6,126.8,123.4,266.8,212.3,30.4,24.1,1.5,1.6,80.0,11.2,6.9,1
149.7,90.7,167.0,245.2,27.2,26.2,2.5,2.4,50.0,-0.6,-2.9,112.6,109.2,202.4,182.9,29.7,22.3,1.5,1.8,60.0,1.9,-4.1,1
181.5,117.0,275.5,151.0,39.5,10.5,0.0,2.5,30.0,8.8,-3.2,70.0,98.0,356.0,308.0,31.0,35.0,1.0,1.0,18.2,11.2,4.0,0
121.0,128.5,381.5,280.5,33.5,28.3,3.0,1.0,70.0,3.9,-0.7,170.8,127.2,154.8,188.4,21.4,23.8,1.4,0.8,70.0,-3.1,-2.4,0
122.7,53.3,190.0,190.0,19.0,12.3,2.0,0.7,90.0,5.4,-1.3,100.0,218.0,221.0,307.0,17.0,59.0,3.0,0.5,70.0,-14.7,-10.6,1
115.0,71.0,298.0,430.0,28.0,26.0,0.0,2.0,44.4,20.2,9.0,341.0,108.0,154.0,216.0,34.0,13.0,1.0,2.0,44.4,-2.3,-19.1,1
134.3,111.3,167.0,171.3,20.0,19.3,4.0,1.3,40.0,3.2,-3.2,110.5,116.5,453.5,304.0,31.5,34.0,2.0,1.5,30.0,-8.5,-10.7,1
128.0,146.4,290.4,189.1,30.3,22.1,1.0,1.6,80.0,2.4,-4.2,139.2,189.0,215.3,243.7,15.0,33.2,1.7,1.0,40.0,-12.9,-6.8,1
90.0,52.0,198.0,324.0,17.0,20.0,2.0,1.0,18.2,4.4,1.8,180.0,329.0,186.0,267.0,26.0,37.0,1.0,1.0,36.4,-16.8,-15.3,0
202.2,132.9,263.8,275.5,35.4,27.9,1.3,1.1,66.7,14.4,9.2,158.8,170.6,181.3,248.7,20.5,35.9,2.4,1.0,22.2,-6.3,-0.8,1
218.4,102.2,300.4,170.8,48.0,11.4,1.8,3.6,50.0,17.5,-1.0,143.7,122.3,241.4,207.9,26.1,24.4,2.6,1.4,30.0,4.4,4.1,0
197.2,137.1,257.7,184.3,34.6,17.3,1.3,1.6,77.8,18.9,5.3,138.1,168.8,239.0,211.5,26.9,27.3,1.5,0.8,77.8,4.0,3.0,0
240.9,118.4,238.4,291.5,38.8,25.2,1.6,1.6,80.0,20.2,10.4,124.1,190.3,224.0,252.8,17.8,30.7,1.6,1.8,50.0,-9.2,-2.2,0
142.2,116.4,277.1,207.3,28.8,19.4,1.8,2.4,50.0,-1.6,-8.7,159.6,211.9,272.7,226.6,24.8,34.0,2.4,1.8,10.0,-17.3,-11.7,1
202.5,124.0,142.5,147.0,36.0,13.0,1.0,4.5,30.0,17.5,-4.4,182.0,249.0,151.0,202.0,13.0,48.0,1.0,1.0,70.0,4.4,3.4,1
189.8,85.0,246.8,229.0,34.8,17.3,3.3,2.0,40.0,8.2,-2.5,326.5,116.5,231.5,245.0,46.3,19.0,1.8,2.5,60.0,14.9,-0.1,1
144.6,141.5,241.3,201.4,31.4,23.6,1.1,1.7,90.0,11.7,6.0,314.4,172.6,93.7,214.3,25.6,26.2,1.5,1.8,90.0,0.8,-2.0,0
223.4,157.0,174.4,251.2,24.0,31.0,3.2,1.0,45.5,-3.6,0.2,127.8,174.8,268.8,215.4,24.2,26.8,1.6,2.8,10.0,-6.8,-5.7,1
220.0,85.0,131.0,260.0,56.0,37.0,4.0,5.0,30.0,13.5,-4.6,137.0,129.0,236.0,261.0,21.0,35.0,1.0,1.0,90.0,9.1,21.5,1
284.3,162.0,330.0,177.0,52.7,18.0,1.7,1.0,30.0,15.9,1.2,179.0,134.7,284.7,339.0,32.7,30.0,1.3,0.7,80.0,10.5,4.6,1
16.0,184.0,114.0,193.0,7.0,55.0,3.0,1.0,40.0,-16.0,15.2,43.0,367.0,323.0,241.0,26.0,52.0,0.0,2.0,50.0,-11.0,13.0,1
226.2,86.3,193.0,147.0,34.3,12.6,1.3,1.8,30.0,24.1,12.2,188.2,174.0,222.7,232.3,26.3,29.1,1.9,1.6,70.0,2.3,1.9,0
57.3,199.1,354.9,273.6,27.1,33.4,3.0,2.2,50.0,1.2,5.3,144.8,150.8,218.3,256.8,24.3,29.2,2.2,1.0,80.0,10.1,12.0,0
221.2,132.3,211.9,198.1,34.8,21.9,0.9,0.9,80.0,13.8,3.2,216.9,122.7,217.4,257.7,31.8,26.0,1.0,1.5,90.0,10.6,4.1,0
126.1,160.4,298.4,266.5,28.6,30.6,1.9,1.0,72.7,-2.3,-3.1,138.0,180.9,222.4,273.5,23.4,35.5,1.9,1.3,80.0,-4.0,0.9,1
196.0,151.7,264.3,240.3,28.3,23.7,1.0,1.7,30.0,-1.7,-8.7,125.0,163.3,249.3,290.3,20.3,33.7,2.0,1.7,36.4,-15.6,-8.0,1
193.3,144.8,254.9,234.4,30.5,23.6,1.8,1.8,60.0,-1.9,-1.9,158.1,139.0,182.3,197.8,17.5,17.6,2.1,1.9,40.0,0.1,0.1,1
260.6,207.8,217.0,225.8,35.4,34.0,1.0,0.8,66.7,7.0,0.1,171.2,211.4,235.2,234.0,28.4,31.0,1.6,1.6,30.0,-4.5,-7.7,1
251.1,172.6,138.7,245.9,26.7,27.3,1.2,1.4,88.9,4.3,3.5,114.2,178.3,249.9,258.9,24.8,31.7,1.8,1.7,80.0,-4.7,0.4,0
173.0,200.0,255.0,294.5,33.0,39.0,1.5,0.5,70.0,3.8,3.0,177.5,145.0,202.0,312.5,26.0,38.0,4.5,1.5,50.0,-4.5,-2.4,0
135.3,197.5,248.7,255.8,28.5,33.9,1.2,1.6,60.0,-14.3,-12.5,180.9,137.8,192.4,223.9,26.9,27.0,2.0,1.8,80.0,-4.6,-7.2,1
196.2,183.2,212.5,224.2,29.3,25.8,1.7,2.0,70.0,10.2,10.2,180.7,120.5,229.8,227.8,31.8,17.8,1.8,2.6,90.0,-6.7,-6.7,1
188.0,155.0,381.0,200.0,43.0,24.0,0.0,2.0,90.9,12.9,-3.3,100.0,122.0,296.0,314.0,35.0,40.0,3.0,2.0,80.0,8.9,7.4,0
107.8,171.8,213.5,199.8,26.8,27.2,1.0,2.0,55.6,5.2,5.2,124.6,170.9,199.4,256.5,25.5,27.6,1.3,1.4,44.4,2.3,3.5,1
141.3,148.0,371.0,235.0,36.7,20.3,2.0,1.0,60.0,8.4,1.1,300.3,72.0,189.7,184.3,41.0,22.7,1.3,1.0,66.7,10.0,-3.1,1
202.7,135.5,322.8,277.3,40.2,33.0,2.0,0.8,77.8,15.4,9.7,87.6,234.2,486.4,266.8,44.8,44.8,1.2,0.4,90.0,3.0,-1.2,1
313.6,252.6,108.6,228.1,32.6,37.0,1.1,1.3,70.0,-13.9,-10.4,263.0,229.4,100.5,271.1,23.4,40.4,1.4,1.0,30.0,-14.7,-8.3,0
122.8,121.6,199.6,250.6,18.6,31.6,2.1,1.9,60.0,-10.5,-2.4,137.3,124.4,222.1,246.8,23.8,27.1,2.4,1.7,30.0,2.6,5.9,1
106.5,103.5,234.5,293.5,15.0,20.5,1.5,2.0,40.0,-2.8,-1.3,149.0,293.0,192.0,197.0,10.0,50.0,4.0,1.0,80.0,-8.5,13.8,1
253.0,91.0,146.5,192.5,29.5,20.5,2.5,3.0,44.4,3.3,-3.0,195.0,184.3,231.3,246.7,23.7,39.0,1.7,0.3,44.4,-26.4,-20.4,0
112.7,47.0,269.0,230.7,32.0,20.7,1.7,2.7,66.7,12.4,1.9,65.0,241.0,175.7,174.3,9.3,28.7,2.0,1.0,70.0,-8.2,-2.5,0
184.6,163.4,270.6,329.6,32.8,34.4,1.2,1.0,70.0,4.2,3.6,173.2,130.8,187.0,227.2,26.8,23.4,1.6,1.0,9.1,2.8,-3.2,0
125.5,116.6,275.5,238.8,31.2,23.9,1.9,2.0,50.0,7.4,2.7,162.1,90.1,214.3,170.2,26.3,13.9,1.6,1.5,36.4,10.1,0.2,0
26.9,22.4,39.6,44.3,31.9,19.8,1.0,0.8,90.9,9.5,9.5,36.0,42.3,83.8,63.7,26.8,28.6,0.8,0.8,72.7,-7.0,-7.0,0
128.7,156.7,203.7,187.7,16.3,19.2,1.8,1.8,40.0,1.5,-1.1,281.5,136.8,252.0,308.7,35.0,27.0,1.7,1.2,80.0,2.1,-2.4,0
195.4,132.0,191.3,147.3,29.0,18.3,1.4,1.5,60.0,3.4,-5.5,165.8,197.4,193.9,195.9,24.9,29.0,1.8,1.4,50.0,-12.6,-11.1,1
198.6,79.1,168.8,185.4,31.7,13.1,1.5,2.0,80.0,14.5,2.0,100.6,156.5,183.5,158.1,13.9,22.6,1.8,1.5,45.5,-7.5,-4.2,0
145.3,176.0,198.7,300.8,21.1,37.7,1.8,1.3,50.0,-7.6,-0.4,251.8,163.5,66.6,224.9,21.4,28.9,1.5,1.1,55.6,-17.1,-13.5,1
140.5,229.3,395.8,241.2,38.0,29.3,1.2,2.3,80.0,6.8,0.0,169.1,117.3,208.4,216.7,30.0,23.6,1.7,1.9,70.0,1.7,-6.8,0
193.6,218.1,306.8,262.3,32.3,33.9,1.8,2.5,50.0,2.9,5.1,132.9,139.5,291.7,207.9,33.7,23.5,1.7,2.5,50.0,3.2,-4.5,0
162.8,150.9,199.9,178.5,30.5,22.5,1.8,2.3,50.0,11.9,4.9,189.5,188.3,136.7,184.5,26.3,23.8,1.7,1.8,50.0,3.9,2.2,1
157.0,165.6,360.3,238.1,43.7,24.7,1.1,2.1,77.8,8.1,-3.8,177.5,178.7,227.3,195.3,31.8,16.5,1.7,2.4,44.4,1.9,-11.3,0
197.3,111.7,239.0,253.3,38.0,13.7,1.0,3.3,70.0,10.3,-3.7,159.0,201.7,258.0,279.0,32.3,33.7,1.0,0.7,70.0,4.4,2.5,0
119.5,133.8,217.5,255.0,14.8,33.2,1.5,1.7,50.0,-29.0,-19.2,71.0,285.5,302.8,235.7,27.8,43.0,2.5,2.0,50.0,-14.4,-9.2,0
236.5,136.5,136.5,254.0,50.5,39.5,3.0,4.0,30.0,14.1,6.0,410.0,124.0,100.0,153.0,40.0,14.0,3.0,5.0,80.0,2.3,-16.7,0
205.2,129.7,210.7,225.0,32.2,19.7,1.0,2.0,55.6,17.4,10.4,244.8,123.0,148.4,173.8,24.6,14.0,0.8,1.2,50.0,16.2,6.1,0
298.0,129.2,221.6,267.2,50.2,21.2,2.2,3.0,90.0,20.7,-4.6,164.4,136.6,299.6,143.2,36.0,15.8,1.6,1.8,70.0,11.4,-1.9,0
283.9,102.4,222.6,270.3,43.1,21.9,1.0,2.0,100.0,20.3,1.3,66.5,218.3,211.2,198.7,12.0,37.8,2.5,1.5,18.2,-16.1,-4.0,1
350.3,110.3,164.3,176.7,47.0,11.3,0.0,0.7,80.0,22.2,1.6,135.0,90.0,145.0,169.5,39.0,10.5,0.0,3.5,50.0,4.6,-9.5,0
138.5,166.2,336.5,284.8,38.7,23.8,1.2,3.8,80.0,7.7,-2.6,104.5,152.5,119.2,218.2,13.2,27.0,2.0,2.0,70.0,-14.2,-6.2,0
104.3,221.2,235.7,208.2,17.2,32.7,1.8,1.5,20.0,-19.5,-10.1,84.2,271.6,186.8,219.2,14.2,50.4,3.0,0.4,70.0,-21.9,-12.3,1
212.7,118.7,152.3,215.2,25.2,16.0,1.5,2.0,45.5,9.3,5.7,179.8,137.3,243.7,238.2,21.5,28.8,2.2,1.5,30.0,-10.7,-5.7,1
234.0,81.5,307.5,197.5,37.5,19.0,0.5,2.0,60.0,2.6,-6.7,132.0,331.0,413.0,324.0,34.0,69.0,2.0,1.0,50.0,-10.0,-10.0,0
83.3,137.5,239.5,231.5,19.0,22.3,1.8,2.3,40.0,-3.2,-2.4,235.3,108.7,139.3,290.7,21.3,22.3,1.7,2.7,72.7,-0.2,-5.8,1
149.0,231.3,204.0,271.0,22.7,49.7,2.3,2.0,60.0,-13.6,2.7,150.5,158.5,152.5,139.5,14.5,18.0,2.0,1.5,60.0,-13.7,-12.9,0
126.1,221.5,209.6,234.6,18.6,36.3,2.4,1.5,60.0,-20.5,-10.5,100.7,248.0,218.7,177.7,16.3,37.6,2.4,1.2,60.0,-24.0,-14.3,1
184.5,126.7,201.8,217.6,26.2,20.8,2.2,2.0,36.4,4.8,0.1,122.0,117.4,184.6,224.6,24.7,19.8,1.0,2.6,50.0,3.6,-3.2,1
214.9,134.9,245.6,285.3,33.0,25.4,0.4,2.0,60.0,-5.5,-14.4,156.7,314.7,192.0,193.3,23.0,38.4,1.7,1.3,36.4,-18.3,-8.9,1
128.5,142.0,305.5,200.5,30.5,27.5,1.0,1.0,50.0,-7.5,-13.0,31.5,298.5,171.5,232.0,8.5,48.5,3.0,1.0,81.8,-10.9,-5.5,0
95.8,161.3,417.7,273.6,39.4,29.4,1.3,2.2,80.0,0.2,-6.2,165.2,181.0,230.8,231.0,25.1,24.0,1.2,1.6,40.0,-6.1,-8.5,0
136.8,166.7,212.1,198.9,21.7,25.1,2.3,2.6,70.0,6.0,6.0,168.2,146.2,223.2,169.5,30.2,15.8,1.2,2.8,60.0,8.8,8.8,0
250.6,183.4,190.6,183.2,30.4,23.6,1.8,1.6,40.0,3.0,-4.9,113.0,217.8,309.2,321.8,32.2,40.8,2.0,0.8,50.0,-6.1,-5.1,0
105.8,189.6,227.6,210.8,20.0,29.8,2.0,0.8,70.0,-4.6,-4.0,112.3,130.2,116.8,234.8,14.0,26.3,1.3,1.8,70.0,-18.4,-15.0,0
185.3,150.5,265.8,254.5,32.2,22.3,0.7,1.7,80.0,15.5,7.7,156.3,169.7,320.3,249.2,31.7,35.7,1.3,1.0,30.0,-6.6,-3.4,1
204.0,110.5,290.5,378.5,39.0,38.5,2.0,0.5,80.0,8.8,1.1,368.5,120.5,152.0,213.5,28.0,20.0,1.5,1.0,90.0,8.6,0.4,0
173.8,245.8,258.3,259.0,33.5,45.8,2.0,0.8,40.0,-16.8,-12.6,126.8,161.4,176.0,280.0,13.4,38.2,1.4,0.6,33.3,-26.9,-14.7,1
219.4,132.4,338.1,297.1,44.2,30.8,1.5,1.2,77.8,16.7,7.1,208.5,152.4,272.1,258.0,31.5,20.5,1.9,1.9,40.0,10.5,3.3,0
126.0,166.0,267.0,114.0,24.0,7.0,2.0,3.0,30.0,-10.4,-24.3,131.0,84.0,178.0,284.0,14.0,30.0,2.0,0.0,50.0,-8.3,12.0,1
229.5,60.5,243.5,403.0,32.5,26.0,0.5,2.5,100.0,22.6,15.1,322.0,119.0,17.0,193.0,21.0,17.0,0.0,2.0,55.6,1.1,-17.9,1
151.3,128.8,186.4,168.5,26.0,19.5,1.9,1.0,30.0,10.3,6.7,172.9,131.0,149.1,202.1,22.4,24.0,2.9,2.7,80.0,1.5,0.9,1
145.3,193.5,55.0,227.8,14.3,30.5,1.5,2.0,80.0,-7.9,-5.5,123.3,294.5,222.5,217.3,15.8,53.3,2.0,1.0,70.0,-31.0,-20.2,0
176.1,238.3,225.4,251.1,26.7,35.9,2.0,1.6,70.0,-7.4,-5.7,153.9,183.5,210.7,251.4,20.4,27.0,2.2,1.5,70.0,-12.2,-7.3,1
85.0,209.3,282.5,202.3,21.5,28.8,1.5,1.8,30.0,-18.6,-10.7,118.0,176.3,203.0,332.3,8.7,41.7,2.0,1.3,70.0,-26.5,-16.2,0
178.0,89.0,331.0,359.0,50.0,27.5,0.5,2.5,36.4,7.8,-13.7,194.5,203.5,386.5,330.0,53.0,33.0,1.0,3.0,50.0,5.7,-8.4,0
185.4,158.1,268.5,223.4,26.4,25.1,2.1,1.9,80.0,-1.7,-3.3,116.1,151.0,247.9,188.4,27.0,23.1,2.6,2.1,40.0,1.6,-0.9,1
79.0,187.5,203.0,224.0,17.0,28.5,3.0,0.5,50.0,-7.4,-8.7,103.3,123.3,297.0,340.7,31.7,26.7,2.3,2.0,9.1,3.2,1.0,1
140.0,163.0,146.3,210.7,15.7,29.3,2.6,1.4,60.0,-15.4,-11.7,104.5,232.5,177.1,171.4,12.8,29.5,2.0,1.6,40.0,-14.5,-5.9,0
224.1,144.6,203.8,177.7,37.7,20.5,0.7,1.5,44.4,7.9,-3.7,146.3,165.0,315.5,289.5,35.0,35.5,1.5,1.5,60.0,-8.1,-10.4,1
150.7,127.1,312.7,261.7,28.6,27.7,2.3,1.6,60.0,-2.6,-5.3,155.3,124.2,203.3,270.5,23.0,33.8,2.3,2.0,30.0,-5.4,-3.7,0
273.1,118.0,258.3,321.6,42.3,21.6,2.0,2.4,45.5,20.1,9.6,225.1,152.7,200.4,216.1,34.3,28.3,1.7,1.3,20.0,13.4,10.0,1
243.8,136.5,218.3,250.3,36.7,23.8,1.9,2.3,90.0,15.2,5.5,198.4,119.2,227.6,213.7,36.5,21.4,2.4,3.5,70.0,14.1,4.6,0
153.6,291.3,221.0,175.7,21.3,30.4,1.1,1.2,11.1,-16.6,-12.9,125.4,207.7,238.2,194.2,21.7,31.1,1.2,0.7,55.6,-7.7,-5.7,0
165.8,78.5,183.4,232.5,25.5,24.5,2.7,2.5,18.2,9.4,7.1,140.6,148.1,202.7,223.2,24.4,22.3,1.1,1.9,40.0,3.0,1.9,0
84.3,194.6,378.5,215.6,33.5,30.5,2.3,2.5,18.2,8.0,6.0,200.2,162.5,270.5,251.9,36.5,24.6,1.9,1.8,60.0,8.6,0.7,0
226.0,81.0,323.0,451.0,52.0,42.0,2.0,2.0,70.0,13.7,-4.8,224.0,124.0,264.0,297.0,19.0,35.0,2.0,2.0,20.0,-4.8,-7.1,0
154.4,134.0,316.8,236.6,36.8,18.6,1.2,0.6,66.7,10.8,-3.1,175.0,204.4,198.4,220.6,20.4,30.2,1.6,1.2,22.2,-11.3,-9.5,1
139.7,137.1,332.7,244.7,38.4,23.0,1.4,1.9,40.0,16.0,5.6,143.9,151.9,236.1,201.9,23.0,25.8,2.4,0.8,66.7,7.3,5.9,1
110.8,174.9,246.1,201.4,25.8,32.4,1.8,0.9,100.0,1.3,4.5,116.1,205.8,186.9,194.7,16.7,28.9,2.1,1.8,66.7,-10.9,-2.8,1
97.9,175.9,163.8,174.5,12.6,28.0,2.4,1.4,40.0,-10.7,-1.4,102.5,171.1,177.5,235.5,13.5,34.8,2.7,1.9,50.0,-16.4,-3.4,1
118.0,97.4,289.6,316.8,23.2,21.8,2.4,2.0,50.0,0.7,-1.9,67.4,93.8,206.4,194.8,24.8,23.2,2.6,1.6,40.0,-6.3,-6.9,0
174.7,142.9,219.4,265.9,30.4,26.3,1.8,1.9,72.7,6.0,2.4,157.4,144.0,185.7,210.9,21.2,24.2,2.1,1.9,70.0,1.3,-1.1,0
252.0,120.7,291.3,132.7,44.7,6.3,1.3,2.0,80.0,22.4,-2.6,76.0,129.5,390.0,162.5,31.0,15.5,1.5,1.5,20.0,13.4,1.8,1
246.3,106.5,267.0,188.8,39.5,9.8,1.5,2.3,80.0,21.0,5.1,187.5,94.0,185.5,201.5,37.8,14.3,1.3,3.5,30.0,20.1,0.1,1
269.8,156.0,218.8,202.4,31.2,16.4,1.4,1.0,40.0,13.1,7.5,221.0,110.8,212.8,245.5,28.5,23.3,0.8,1.5,50.0,4.6,-1.5,1
92.7,140.7,275.7,192.7,31.3,22.0,2.3,2.3,70.0,4.3,-6.2,78.0,156.7,240.3,191.7,30.0,35.7,2.0,2.0,60.0,-2.9,-5.4,0
199.5,172.3,204.8,210.9,29.2,29.3,1.3,1.6,55.6,1.8,1.8,167.3,252.0,190.5,198.5,20.6,36.0,1.3,1.5,60.0,-18.4,-18.4,1
188.2,82.2,192.6,259.9,30.6,22.2,1.4,2.2,10.0,11.4,4.0,90.8,155.8,220.8,218.1,21.9,28.7,2.8,1.9,30.0,-5.3,-1.9,1
149.0,238.0,293.7,204.0,32.3,26.0,1.7,1.7,66.7,-9.0,-13.4,107.7,233.0,101.7,287.7,9.7,38.0,1.3,0.0,55.6,-19.0,-3.4,1
281.0,194.0,370.0,165.0,55.0,23.0,3.0,0.0,80.0,7.4,-18.2,162.5,277.5,462.0,195.0,39.0,43.0,1.0,2.0,30.0,-5.1,2.0,1
204.7,89.3,279.7,185.4,34.7,13.9,1.6,1.3,80.0,27.7,14.3,255.0,123.6,267.4,311.1,39.1,20.1,2.1,2.3,45.5,17.2,7.1,1
51.9,199.6,359.4,282.8,27.5,35.5,3.3,2.3,50.0,-0.3,3.8,267.0,180.0,200.1,218.6,34.8,24.8,1.3,1.5,70.0,10.0,2.9,1
179.8,117.4,204.1,217.8,23.4,26.1,1.3,1.9,88.9,3.3,3.6,299.8,125.9,194.3,230.4,34.8,16.0,1.1,1.3,40.0,18.8,8.4,1
150.7,113.7,355.8,255.8,40.3,22.0,1.7,2.2,80.0,1.7,-7.5,246.6,152.0,197.2,184.0,29.6,20.8,1.4,1.8,30.0,3.1,-8.1,0
214.0,128.5,190.3,209.3,28.0,22.0,1.0,1.3,30.0,6.9,-4.3,157.8,210.3,237.3,188.5,24.0,28.0,1.0,2.0,60.0,-8.7,-7.3,0
209.1,106.7,237.1,193.9,34.6,14.4,1.6,1.3,40.0,12.5,0.1,153.2,89.0,216.7,158.5,23.2,9.0,1.1,1.7,80.0,8.9,-1.4,1
219.8,215.2,188.2,183.4,32.6,16.0,1.0,2.4,50.0,6.7,-4.0,181.0,98.0,230.2,214.6,29.0,24.4,2.4,2.4,81.8,2.0,0.3,0
109.9,113.3,195.1,252.3,24.3,25.0,1.9,1.8,70.0,-4.3,-6.4,168.8,141.3,215.9,164.0,26.7,21.4,1.8,1.2,30.0,3.3,-1.9,0
159.0,232.0,310.0,322.0,38.0,34.0,1.0,1.0,80.0,1.4,0.8,97.0,208.0,204.0,193.0,16.0,41.0,1.0,2.0,90.0,-19.2,-0.4,1
224.0,113.0,223.0,325.0,31.0,24.0,1.0,2.0,20.0,11.2,7.6,79.0,200.0,227.0,111.0,35.0,14.0,2.0,1.0,30.0,9.8,-2.7,1
113.7,224.7,226.0,142.7,32.3,16.0,1.7,4.3,50.0,5.6,-8.9,133.8,221.4,287.6,289.6,23.4,42.4,2.6,0.8,30.0,-16.8,-9.2,0
193.3,101.6,190.6,136.6,37.7,9.0,1.0,1.7,30.0,18.5,0.1,159.3,77.7,264.1,196.7,28.3,14.0,1.7,1.1,9.1,7.5,-1.4,1
215.7,108.0,262.6,180.3,39.4,18.7,1.7,2.1,44.4,23.3,7.6,180.1,139.4,260.8,184.1,32.8,16.8,0.3,1.4,44.4,14.3,1.6,1
361.1,101.4,127.0,167.6,37.9,17.4,1.7,1.4,30.0,18.4,2.1,233.6,160.2,132.6,189.3,28.6,22.7,1.5,2.4,60.0,4.8,0.8,1
105.0,218.8,182.5,193.8,16.5,37.5,4.0,1.5,70.0,-8.6,-3.9,120.3,120.0,165.7,333.7,8.3,27.0,1.7,2.0,50.0,-12.9,-7.4,1
184.9,147.4,321.1,288.8,43.5,32.9,1.3,1.6,70.0,5.9,-0.3,247.7,172.8,198.0,226.0,32.2,28.6,1.5,1.0,77.8,4.4,1.4,1
80.0,134.3,380.2,169.5,37.7,23.2,1.5,0.5,44.4,7.2,-1.9,84.0,170.0,271.3,251.2,24.0,22.5,1.0,1.3,30.0,9.3,5.7,1
169.5,170.2,240.3,213.0,43.5,24.5,1.3,2.3,55.6,9.9,-2.7,170.0,156.7,196.2,264.3,29.0,32.3,2.0,1.7,66.7,-8.8,-10.0,1
248.7,148.3,180.3,188.0,30.3,31.7,2.0,0.3,44.4,-2.9,-5.8,116.0,166.3,353.0,257.3,21.7,34.7,2.3,0.3,66.7,-2.5,-1.1,1
175.2,158.0,277.8,235.6,47.4,26.2,1.4,2.4,55.6,11.2,-1.3,147.0,115.0,130.3,273.5,15.2,27.7,0.7,0.8,44.4,-11.7,-6.3,0
196.6,168.3,251.5,217.6,36.9,23.2,1.2,2.0,30.0,16.7,16.7,138.4,182.5,210.8,250.6,17.1,36.3,2.2,1.7,81.8,-5.0,-5.0,0
144.4,232.2,323.8,244.7,33.4,37.9,2.3,0.9,70.0,1.7,4.3,125.5,177.5,273.3,237.7,24.7,30.3,2.5,1.7,60.0,-8.6,-8.9,1
118.3,176.6,170.3,195.8,22.4,21.8,1.5,1.5,40.0,0.5,-0.4,98.0,58.5,199.8,187.8,18.3,15.8,1.8,2.0,80.0,1.4,-2.2,0
84.8,212.0,279.3,275.8,29.3,30.5,1.0,1.3,40.0,-8.8,-10.8,114.8,260.3,171.8,156.5,17.3,30.0,0.5,1.3,50.0,-9.1,-4.4,1
109.0,236.5,224.5,260.3,14.8,35.8,2.3,1.3,50.0,-11.5,3.9,34.3,217.8,231.0,279.3,17.5,38.3,1.0,1.8,30.0,-11.5,3.7,1
150.9,155.9,324.4,213.9,36.6,20.4,1.1,2.0,80.0,17.4,4.7,191.6,139.5,363.5,258.0,45.3,26.0,1.7,2.5,10.0,14.1,1.1,1
284.3,113.4,243.6,164.4,50.1,14.3,1.5,1.8,70.0,28.4,7.2,230.2,141.0,205.0,312.4,31.0,30.2,1.7,2.0,100.0,1.3,0.8,0
201.8,167.2,236.0,237.6,26.4,26.2,1.0,1.4,45.5,5.8,3.4,150.8,213.3,201.5,224.0,20.3,29.3,1.0,1.2,50.0,-4.0,2.5,1
214.6,91.3,273.6,223.8,44.3,15.1,1.4,3.4,50.0,18.0,0.3,240.0,150.5,248.8,309.5,34.0,30.3,1.5,1.9,10.0,7.3,3.4,1
140.0,149.7,216.0,228.3,25.1,20.5,0.8,1.4,40.0,13.7,9.1,141.2,164.6,317.8,280.8,31.9,27.3,1.4,1.2,20.0,9.0,6.0,1
138.8,205.6,218.0,231.8,16.6,29.6,1.2,1.4,90.0,-9.3,-5.6,202.3,124.5,225.3,329.3,37.5,30.5,1.0,2.3,40.0,-3.5,-9.0,0
293.0,128.0,86.0,170.0,12.0,9.0,2.0,2.0,72.7,3.4,-9.6,32.0,215.0,155.0,340.0,7.0,52.0,4.0,2.0,81.8,-8.0,-7.7,1
164.2,178.5,228.6,211.2,31.5,19.5,1.9,2.4,44.4,1.5,-8.3,126.4,170.0,193.1,186.7,17.5,20.2,1.3,2.0,70.0,-7.3,-4.1,0
150.9,114.9,213.6,247.4,25.8,21.1,1.8,2.8,70.0,0.7,-2.4,228.1,144.4,178.3,323.6,28.5,31.7,1.0,2.0,30.0,-8.6,-6.3,0
134.7,110.6,198.7,198.5,19.6,21.0,2.4,1.6,70.0,2.7,2.6,136.9,71.9,178.6,197.5,22.9,19.3,1.7,2.6,60.0,-1.7,-4.4,0
126.0,87.0,194.0,184.4,33.2,11.6,0.8,3.2,60.0,19.4,6.0,145.5,124.0,250.3,197.8,28.0,10.8,0.5,2.0,40.0,15.5,4.2,0
147.5,197.5,113.5,331.0,19.5,42.5,2.5,3.0,22.2,-16.8,-2.0,76.0,218.0,100.0,205.0,7.0,35.0,3.0,4.0,33.3,-22.2,-20.5,1
131.6,205.3,272.2,202.0,24.4,33.0,1.4,1.4,22.2,-4.0,4.2,212.1,155.1,321.0,224.5,44.4,25.3,1.4,1.6,44.4,15.8,1.2,0
209.3,122.7,299.0,221.7,42.0,28.3,2.0,2.3,88.9,10.8,-3.8,127.3,135.0,300.7,269.0,27.3,25.3,3.3,2.7,60.0,-0.5,-0.8,0
330.8,248.0,105.7,178.8,29.8,28.0,1.7,1.2,30.0,-7.3,-11.8,251.1,145.6,273.7,240.7,40.0,29.3,1.4,1.3,20.0,-0.9,-9.7,0
124.5,142.2,269.1,201.9,25.3,23.5,1.6,1.7,40.0,3.7,1.9,100.5,164.5,253.8,242.3,24.9,26.9,1.7,2.2,70.0,3.4,2.8,1
123.5,107.3,251.8,250.1,21.9,32.0,1.4,1.8,30.0,-10.6,-7.1,163.0,205.9,270.4,230.8,26.1,33.0,2.4,1.9,10.0,-15.4,-11.7,0
162.0,165.0,289.5,146.0,36.0,26.0,1.0,2.5,30.0,6.7,1.2,318.5,210.5,238.5,197.5,38.0,30.5,0.0,1.5,88.9,7.9,-0.4,1
278.7,150.7,271.1,187.9,47.0,17.3,1.2,1.7,50.0,12.5,-13.1,197.6,186.1,225.3,218.7,32.7,33.1,2.1,1.4,30.0,-8.4,-8.2,0
219.8,105.0,221.3,238.5,41.3,19.5,1.3,1.5,30.0,19.3,3.2,261.7,168.7,277.0,161.7,34.3,14.3,1.3,1.3,70.0,16.5,2.0,1
79.6,202.8,431.1,229.8,38.0,30.9,1.6,2.0,44.4,3.4,1.2,197.0,198.1,294.4,199.4,36.1,24.6,1.3,1.7,33.3,13.4,3.4,1
197.5,182.3,221.1,234.3,25.5,27.0,1.3,1.5,66.7,1.7,-0.3,158.3,157.9,274.0,220.6,30.1,25.3,0.6,1.4,30.0,1.3,-2.2,1
180.4,165.9,210.3,246.1,39.5,24.5,1.4,2.3,30.0,10.2,2.1,148.9,226.1,207.7,228.3,19.6,39.9,1.6,0.7,70.0,-13.0,-0.8,1
170.8,180.1,386.3,265.6,49.3,25.8,1.8,3.5,10.0,25.3,9.0,207.9,90.0,274.3,241.1,43.6,20.3,1.3,1.8,30.0,23.9,7.3,1
170.3,111.9,281.2,319.1,33.9,29.1,1.9,1.0,70.0,6.2,1.9,152.4,176.3,202.3,314.9,22.0,38.5,1.8,1.1,50.0,-7.5,-1.0,0
107.2,150.0,224.7,290.2,21.7,35.2,1.8,1.3,50.0,-17.0,-5.8,160.8,221.0,282.5,198.5,33.3,31.3,2.8,1.8,80.0,0.0,-7.4,0
106.7,179.3,326.0,295.0,27.3,40.0,2.3,1.3,50.0,-7.8,-3.4,235.0,145.0,217.0,257.5,40.0,31.5,2.5,2.5,11.1,-3.6,-4.3,1
38.3,134.3,420.3,233.3,39.3,30.7,1.0,2.0,18.2,4.9,-3.2,109.0,94.0,400.0,201.0,41.0,27.0,0.0,2.0,30.0,-8.3,-16.9,0
163.5,153.4,224.5,194.3,27.8,19.5,1.3,1.9,80.0,11.2,7.6,213.9,188.9,315.4,315.6,37.1,32.6,1.6,2.9,50.0,6.6,5.4,1
204.5,89.5,293.5,197.0,38.9,12.2,1.4,1.1,90.0,31.2,11.5,132.3,188.7,199.1,213.5,15.7,28.7,1.1,1.9,90.0,-6.5,1.0,0
236.0,177.0,149.4,237.2,25.6,28.2,1.2,1.6,44.4,-0.5,-4.7,123.2,245.3,308.8,274.8,27.0,44.8,1.8,1.5,33.3,-28.2,-15.8,0
220.3,177.8,242.3,310.3,33.0,36.5,2.0,1.8,10.0,-4.6,-4.0,57.0,235.5,242.5,251.3,14.0,40.5,2.0,1.8,70.0,-21.2,-13.3,0
137.6,101.0,171.1,265.9,17.1,26.7,1.3,1.6,36.4,-8.9,-6.9,115.6,225.3,308.0,272.8,22.6,37.1,1.5,1.4,0.0,-14.6,-4.6,1
178.5,82.3,174.2,217.2,20.3,16.7,1.0,1.7,90.0,7.5,1.3,84.7,171.2,202.5,223.0,20.2,27.5,2.8,2.2,55.6,-15.3,-12.4,0
219.9,159.8,143.9,277.2,28.0,30.2,1.3,1.3,9.1,-2.5,-2.5,130.7,212.6,152.4,213.3,11.5,33.8,2.2,1.5,0.0,-22.9,-22.9,1
176.0,161.5,212.0,326.5,30.5,39.5,2.0,2.0,60.0,-6.5,-5.7,128.8,256.0,219.5,242.5,26.8,45.8,2.3,1.0,0.0,-14.3,-11.3,0
179.3,141.4,107.5,193.5,11.1,32.5,3.5,0.6,40.0,-19.7,-10.5,104.7,105.9,167.8,171.2,17.0,18.7,1.4,1.8,70.0,3.2,3.7,0
212.8,97.1,207.6,122.9,36.0,14.4,0.9,1.1,77.8,23.4,8.2,225.3,161.4,234.3,225.4,41.0,22.3,1.4,1.6,33.3,19.9,6.3,1
191.4,184.2,282.4,234.0,34.2,30.4,0.4,1.4,60.0,0.9,-6.1,101.7,199.8,201.0,258.5,18.3,25.7,1.8,1.7,36.4,-6.1,-5.4,0
131.4,201.9,278.0,180.9,29.1,26.9,1.3,1.0,44.4,8.5,4.8,231.0,164.1,147.1,220.6,27.1,25.4,1.1,1.3,88.9,4.1,0.9,0
77.3,152.0,446.0,202.0,47.3,26.0,3.0,2.0,70.0,12.9,-9.6,121.4,189.4,117.6,240.4,15.0,33.2,2.0,1.8,50.0,-16.3,-5.4,0
155.5,145.2,221.5,209.2,26.3,16.8,1.7,1.0,100.0,12.9,5.6,158.2,287.0,267.2,237.0,33.6,39.4,1.0,1.6,70.0,-2.3,-3.8,1
186.0,183.5,335.5,177.0,53.5,21.0,0.0,4.0,80.0,18.8,0.9,132.0,179.0,360.0,219.0,32.0,35.0,0.0,0.0,70.0,1.7,-4.7,0
212.0,101.0,208.8,139.3,41.8,14.3,1.0,1.3,77.8,22.1,5.7,117.0,129.7,307.3,250.3,24.0,29.0,1.7,1.0,55.6,2.7,2.8,0
264.0,134.0,143.0,215.0,32.0,34.7,1.3,0.7,50.0,-5.6,-7.0,133.0,205.0,217.5,297.0,21.0,32.5,1.0,3.5,40.0,-12.7,-15.2,0
136.2,125.3,249.0,238.4,28.7,24.7,1.9,2.0,60.0,-0.7,-4.5,147.2,73.4,182.0,210.8,25.7,19.2,1.6,2.9,60.0,-1.3,-6.7,0
259.3,125.8,210.0,188.0,29.5,16.8,2.0,2.0,44.4,4.4,-7.9,145.0,184.8,217.8,299.8,27.0,35.8,1.5,1.4,33.3,-14.7,-7.0,1
106.6,192.1,205.6,271.8,14.1,39.3,2.8,1.3,50.0,-23.6,-11.0,184.9,333.7,229.9,196.2,27.4,46.0,2.2,0.8,30.0,-24.2,-12.6,1
160.8,106.0,166.8,181.3,25.3,20.0,2.0,2.8,80.0,4.0,-1.0,60.0,191.0,243.3,273.3,22.5,32.3,1.8,1.5,50.0,-11.1,-1.7,1
203.0,81.0,264.0,321.0,38.0,31.0,2.0,1.0,60.0,8.3,0.8,117.0,171.0,82.0,196.0,13.0,39.0,1.0,1.0,50.0,-5.1,10.4,1
212.8,145.2,203.4,238.2,32.0,26.6,2.6,1.0,50.0,7.0,4.8,150.2,212.2,248.2,265.5,24.5,31.8,2.5,2.7,36.4,-3.1,-0.1,1
99.1,118.8,135.3,208.7,14.2,23.3,1.9,2.3,40.0,-13.7,-10.5,203.9,161.8,139.1,236.8,20.8,28.8,1.3,1.0,36.4,-15.9,-14.3,0
192.3,73.4,207.4,193.1,28.0,10.1,0.6,1.0,88.9,24.5,10.6,154.9,204.8,144.9,218.1,16.9,31.0,1.9,1.2,88.9,-10.5,-2.8,0
167.4,93.5,258.9,222.8,41.2,17.8,1.1,2.8,50.0,17.9,3.9,37.8,48.5,50.8,79.6,15.1,39.1,1.7,1.2,50.0,-26.6,-11.2,1
163.5,140.0,184.0,277.5,30.5,30.5,2.0,3.0,60.0,2.3,1.8,154.7,297.0,229.3,218.3,32.0,43.7,0.7,2.0,33.3,-25.3,-15.1,1
220.0,76.8,273.4,347.6,39.0,26.6,1.6,0.6,100.0,14.1,7.0,232.5,190.5,334.8,225.3,47.5,35.3,2.0,1.5,50.0,6.0,-3.3,1
181.2,147.2,277.8,241.4,35.0,25.8,2.0,2.4,77.8,16.4,7.6,124.3,180.0,180.5,304.0,17.8,50.0,3.0,1.0,20.0,-13.9,-3.1,0
95.0,159.0,205.0,165.3,17.3,20.7,2.0,0.3,30.0,6.0,-1.4,72.7,151.7,256.0,264.3,20.3,31.0,3.0,1.0,40.0,-10.2,-7.9,1
112.4,103.9,232.9,244.2,27.9,19.0,1.7,3.0,60.0,7.5,1.8,217.5,131.2,233.8,186.9,33.4,22.5,1.5,1.5,60.0,4.5,-4.6,0
97.0,149.8,281.6,360.2,18.2,37.2,2.8,1.2,20.0,-2.4,2.0,113.7,187.0,215.5,209.0,20.5,30.2,1.8,1.2,50.0,-4.4,2.7,1
106.3,227.8,227.0,190.0,20.8,34.8,1.8,0.8,70.0,-5.9,-4.8,131.8,133.8,272.0,127.5,30.8,13.3,0.3,1.3,30.0,-0.7,-7.8,1
216.0,77.5,206.8,217.5,29.0,17.8,1.8,1.8,50.0,10.2,0.4,131.0,159.0,228.3,162.0,28.3,20.0,2.7,3.0,80.0,14.1,9.2,0
145.3,77.0,252.3,173.3,20.3,13.3,2.0,1.7,30.0,7.1,3.6,174.5,360.5,165.0,225.5,21.0,45.5,2.0,1.5,36.4,-18.7,-11.1,0
199.4,86.6,205.6,239.6,31.8,16.6,1.2,2.4,66.7,5.8,-1.8,187.6,143.6,137.8,152.2,17.2,14.6,1.2,1.6,55.6,6.4,4.7,0
148.7,268.0,210.9,259.4,19.6,38.1,2.3,2.3,30.0,-19.1,-8.6,127.9,224.7,100.4,211.0,6.0,33.1,1.6,1.9,40.0,-21.1,-8.4,1
117.6,104.3,242.8,331.8,25.6,32.3,2.4,1.3,50.0,-1.4,-1.4,53.3,196.8,364.5,281.2,29.6,34.4,2.8,2.3,50.0,4.9,4.9,0
157.8,150.6,142.4,198.8,19.0,22.6,2.4,1.8,80.0,-17.8,-12.8,125.0,123.3,222.3,247.3,31.3,27.5,1.7,2.2,40.0,-9.7,-13.2,1
216.5,142.5,369.6,239.6,42.9,25.3,1.3,1.0,77.8,20.5,9.7,203.5,125.4,370.6,232.8,44.5,24.4,2.0,2.1,11.1,21.2,8.0,1
25.5,22.0,58.9,82.0,19.4,28.3,1.4,1.4,30.0,-3.4,-3.4,2.5,12.4,14.4,34.5,17.3,31.4,1.1,0.6,36.4,-12.2,-12.2,1
143.0,125.2,318.6,152.4,35.8,10.2,2.0,2.6,90.9,22.1,7.1,180.6,194.8,393.2,244.8,42.8,24.0,1.2,0.8,100.0,21.6,9.6,1
117.5,143.7,223.7,236.6,27.8,24.1,0.9,1.8,40.0,3.8,0.7,128.3,222.4,319.3,258.0,38.2,43.4,2.1,1.5,70.0,-7.1,-4.0,1
200.2,142.8,315.2,259.6,37.6,24.8,2.0,1.0,70.0,4.2,-6.8,109.4,228.8,252.2,295.8,25.6,44.2,2.6,1.0,80.0,-4.0,0.7,1
211.5,123.4,311.4,270.1,45.9,22.7,1.4,3.2,60.0,23.1,9.6,130.3,245.6,267.8,266.3,26.1,37.7,1.2,1.4,60.0,-6.8,0.6,1
229.5,135.6,177.0,209.4,31.6,18.9,1.1,2.0,30.0,0.4,-7.8,149.0,117.3,184.9,240.4,25.1,25.2,1.9,2.8,60.0,-7.9,-8.2,1
230.7,141.3,315.7,161.3,50.3,18.0,0.7,1.7,50.0,20.3,-2.9,198.3,79.3,270.7,163.7,37.3,10.3,2.3,3.3,40.0,6.9,-10.4,1
183.6,142.8,182.0,151.1,27.0,21.5,1.7,1.9,77.8,12.3,4.0,248.5,175.1,154.1,239.2,30.0,30.2,1.0,1.4,77.8,5.3,4.9,0
0.0,239.0,188.0,180.0,10.0,34.0,2.0,0.0,50.0,3.2,-1.9,89.0,171.0,49.0,198.0,0.0,34.0,4.0,4.0,50.0,-12.5,-11.6,1
186.7,148.3,198.7,120.3,27.7,15.7,1.3,1.0,80.0,4.1,-4.3,145.3,148.3,248.3,295.0,32.8,35.8,1.5,1.5,80.0,2.5,1.8,0
150.7,114.7,260.0,218.7,29.4,17.8,1.5,1.8,60.0,-0.8,-10.0,158.1,158.7,328.9,243.9,39.0,26.6,2.1,1.7,50.0,-1.6,-11.5,1
82.6,108.8,170.8,218.8,16.6,25.6,2.2,2.2,40.0,-13.5,-11.9,69.1,234.7,251.0,229.1,27.1,37.3,2.4,2.7,30.0,-12.9,-5.6,0
162.3,76.0,274.7,121.3,31.3,20.3,2.0,0.7,60.0,10.2,2.3,171.0,267.0,206.0,280.7,20.7,48.7,1.0,1.7,50.0,-23.3,-12.6,0
192.1,147.6,276.0,247.1,32.8,28.7,1.1,1.7,44.4,15.0,9.9,117.1,214.8,309.1,293.2,22.2,37.2,1.8,1.4,30.0,-5.7,0.8,0
144.2,248.8,273.0,249.8,30.1,40.3,2.2,1.4,44.4,-14.8,-9.6,105.6,275.3,247.3,202.0,23.0,42.6,2.2,1.4,33.3,-24.8,-14.5,0
134.5,196.7,208.8,234.2,18.7,26.2,2.1,1.5,70.0,-11.4,-5.4,121.2,293.0,263.7,239.0,21.0,40.2,1.7,1.2,80.0,-20.2,-9.1,1
180.0,268.7,210.3,95.7,29.3,27.0,1.7,0.0,30.0,-4.3,-11.7,91.5,194.0,228.0,268.5,19.5,36.0,1.5,1.0,60.0,-12.8,-9.7,1
199.9,147.7,255.3,273.8,35.4,29.6,1.4,1.6,20.0,-2.2,-7.0,59.1,195.5,360.4,271.8,28.2,33.2,2.8,2.2,50.0,2.6,6.7,1
209.0,160.4,219.8,210.6,26.4,23.4,1.8,1.8,70.0,5.8,3.6,135.0,153.3,201.0,209.3,14.0,24.5,2.5,2.3,81.8,-3.9,-2.4,0
148.1,98.2,229.3,168.9,27.1,13.1,1.5,1.7,30.0,11.6,1.7,176.2,147.2,273.5,253.8,34.9,25.9,0.8,1.8,77.8,15.8,9.4,0
224.0,67.0,225.0,337.0,41.0,13.0,1.0,2.0,30.0,11.0,-7.4,184.0,16.0,193.0,114.0,55.0,7.0,1.0,3.0,90.0,14.8,-16.4,1
215.2,144.3,246.0,209.3,38.4,20.3,1.4,2.2,30.0,17.2,6.5,154.2,139.3,169.9,187.4,25.7,22.7,1.4,1.6,60.0,9.0,5.8,0
170.7,136.0,177.5,186.8,27.8,19.3,1.3,2.2,66.7,4.1,-3.0,118.3,197.2,199.8,224.0,18.8,30.5,2.2,1.8,66.7,-13.0,-6.5,1
201.3,192.8,219.8,250.8,31.8,31.3,1.6,2.0,50.0,-8.7,-8.7,314.6,210.0,104.0,188.9,26.6,29.4,2.4,1.1,30.0,-10.0,-10.6,1
158.9,158.1,215.3,158.7,26.1,13.6,1.6,3.1,60.0,6.8,-3.4,135.2,195.0,259.2,268.2,26.2,35.5,1.7,1.7,40.0,-12.8,-8.4,1
189.3,177.8,259.3,181.8,36.5,19.8,1.7,2.0,80.0,10.9,-2.8,111.6,195.1,267.3,189.7,21.9,31.0,1.7,1.3,22.2,-5.5,2.2,1
128.5,222.5,175.0,129.5,24.0,27.5,3.0,2.0,40.0,-2.8,-4.8,102.7,125.3,177.7,166.3,18.0,20.3,2.3,2.0,50.0,-1.6,-0.7,1
148.6,195.6,334.3,277.4,38.6,31.9,1.1,1.0,40.0,8.1,1.6,112.3,151.4,310.4,242.4,36.0,29.5,2.0,1.5,70.0,8.6,3.8,0
152.1,132.6,346.7,295.8,43.3,33.4,1.0,1.4,55.6,0.9,-5.3,301.3,189.1,126.0,237.2,36.2,30.8,1.3,1.3,77.8,4.9,-0.3,0
162.8,127.4,278.4,145.4,36.2,9.8,1.0,2.6,88.9,20.7,6.4,175.7,160.7,223.5,217.8,34.7,20.5,1.2,2.2,66.7,15.7,2.7,0
246.4,142.9,228.7,265.0,38.3,28.4,2.0,1.9,60.0,-2.0,-8.6,205.8,185.0,252.0,237.8,30.9,34.8,1.3,1.5,60.0,-3.6,-5.9,1
140.8,138.5,335.0,300.3,33.0,30.8,1.0,2.0,90.0,3.7,0.7,170.4,189.8,386.0,264.4,43.2,26.8,2.0,2.6,70.0,9.5,2.5,0
193.0,72.0,106.0,175.0,21.0,3.0,0.0,0.0,50.0,-5.1,-10.8,134.0,211.5,219.5,276.0,20.0,45.0,1.0,1.0,36.4,-8.1,6.1,1
105.3,220.3,265.3,120.3,22.0,26.3,1.7,0.7,40.0,-3.4,-2.0,270.3,128.0,128.0,227.3,22.3,29.7,1.7,0.7,70.0,-5.0,-2.2,0
252.4,144.4,83.6,193.4,27.4,26.8,1.1,2.4,55.6,-8.2,-8.7,142.4,142.2,273.8,221.8,26.6,26.4,1.8,1.2,70.0,-4.5,-4.8,0
138.5,182.8,376.3,261.0,39.0,28.8,1.6,2.5,70.0,7.7,2.7,215.6,186.7,269.9,290.7,34.1,36.6,2.3,1.6,50.0,0.5,-0.7,1
203.0,125.0,239.0,343.0,31.0,24.0,2.0,3.0,100.0,14.9,0.8,274.5,108.5,209.5,254.0,32.0,16.5,2.0,1.0,40.0,11.2,4.3,1
194.4,93.9,203.9,195.3,30.3,18.3,0.9,1.3,10.0,11.2,5.0,117.7,137.6,268.4,265.7,24.4,26.1,1.6,0.9,36.4,8.0,5.6,0
237.0,70.0,252.8,223.3,44.8,15.8,1.3,2.2,88.9,27.9,8.8,192.5,183.0,239.5,216.3,33.8,26.7,2.7,2.2,66.7,14.5,8.9,0
148.6,235.0,323.0,214.8,39.6,26.4,2.0,1.4,50.0,-0.7,-9.9,113.1,193.4,358.9,195.0,30.9,31.4,2.3,1.9,33.3,-10.6,-6.7,0
101.9,129.1,217.7,233.0,19.0,26.3,2.0,1.7,40.0,-1.1,4.5,120.2,227.4,116.9,210.8,12.9,41.1,2.2,1.4,50.0,-18.1,-5.2,0
163.9,211.9,214.1,231.9,23.6,25.1,0.9,1.6,30.0,-0.3,-0.6,89.7,180.4,264.3,233.3,27.7,29.6,2.1,2.6,60.0,0.4,2.1,1
121.9,189.9,273.0,252.3,25.6,33.0,2.7,1.8,60.0,-8.4,-7.6,89.5,164.9,218.1,191.7,17.6,27.2,2.3,2.3,50.0,-19.0,-11.3,1
104.0,210.0,196.3,184.3,21.7,27.0,2.3,2.0,100.0,-2.3,-1.7,185.5,118.5,68.5,185.0,5.0,28.5,4.0,1.5,55.6,-28.4,-18.3,0
294.9,186.5,133.5,255.4,33.3,31.6,1.0,1.1,77.8,3.2,0.0,121.8,206.4,353.6,249.2,25.7,35.9,2.3,0.8,66.7,-6.5,-2.8,1
120.4,193.8,268.6,157.4,24.8,26.0,2.4,1.8,80.0,4.3,3.1,103.5,255.3,328.5,306.5,32.8,37.3,1.0,1.3,70.0,-2.9,-2.5,0
92.7,212.3,285.0,239.0,25.3,41.0,1.7,1.0,50.0,-3.5,-3.7,108.0,182.8,247.0,280.8,20.5,39.3,2.0,1.8,60.0,-12.9,-7.2,1
83.5,185.0,219.0,290.0,18.0,34.5,2.0,2.5,50.0,-15.4,-8.9,179.0,157.0,238.0,246.0,25.5,35.0,3.0,0.5,36.4,-10.9,-8.5,1
98.5,198.0,341.5,199.5,36.5,33.5,2.0,2.0,80.0,10.2,2.3,138.0,101.0,344.0,192.0,39.5,10.5,0.5,1.0,18.2,7.7,-6.7,0
137.3,234.4,244.8,285.6,20.5,47.5,2.9,1.1,30.0,-20.7,-9.9,129.2,251.3,256.7,258.0,27.9,36.9,1.6,1.2,36.4,-12.7,-8.7,1
149.0,203.0,227.3,290.1,22.8,33.2,1.4,1.7,40.0,-12.7,-7.0,191.2,181.3,113.8,245.5,17.5,30.0,1.7,1.2,36.4,-15.9,-12.9,0
144.2,181.7,256.0,258.3,25.3,32.2,1.2,1.7,50.0,-4.3,-1.5,128.0,233.4,208.7,214.0,19.0,35.1,1.7,1.7,100.0,-14.4,-7.8,0
148.5,222.7,284.9,231.4,27.4,34.9,1.4,1.5,40.0,-14.1,-9.5,96.5,237.1,214.0,262.3,23.1,36.0,1.9,1.5,50.0,-14.0,-7.3,1
165.0,96.3,232.7,234.0,30.7,25.3,1.3,1.3,33.3,7.3,6.6,129.7,155.3,199.0,265.7,21.7,22.7,0.3,1.0,40.0,12.9,11.5,0
124.4,170.8,345.0,323.1,29.3,40.8,1.6,1.0,50.0,-12.0,-6.7,73.0,268.0,230.8,182.4,16.4,41.3,2.1,1.0,33.3,-27.9,-12.2,0
119.0,86.5,322.5,236.0,34.7,21.0,1.7,1.7,70.0,0.6,-6.6,74.7,175.8,143.3,237.8,10.8,37.7,1.8,1.5,50.0,-28.1,-16.9,0
188.2,153.7,251.4,254.3,30.4,25.4,0.8,1.7,90.0,6.3,1.4,192.4,168.0,155.7,285.0,21.4,32.3,1.6,0.8,50.0,-15.7,-10.4,1
181.6,124.8,230.3,225.6,24.9,23.7,2.4,2.0,81.8,-2.3,-4.6,114.6,93.4,261.1,209.1,31.6,16.8,1.7,1.8,50.0,14.3,2.6,0
123.3,171.5,227.8,243.0,18.3,36.0,2.5,1.0,66.7,-2.1,-2.1,206.2,158.4,191.8,243.4,30.2,28.6,1.8,2.8,50.0,8.1,4.2,0
169.2,139.0,169.4,243.8,26.2,37.0,3.0,2.4,50.0,-5.8,-6.5,199.0,177.3,206.3,240.8,27.5,36.3,2.8,1.0,40.0,-10.8,-11.1,1
220.8,221.5,216.5,245.5,32.4,36.3,1.2,1.1,40.0,-10.2,-10.7,165.7,188.0,242.3,238.7,25.7,31.9,1.9,0.9,33.3,-12.5,-9.6,1
164.1,202.0,264.1,164.2,35.3,27.0,2.0,2.3,50.0,3.8,-0.1,199.2,352.9,172.8,281.5,20.3,49.9,2.1,0.8,70.0,-26.8,-11.5,1
241.0,6.0,211.0,362.0,44.0,24.0,2.0,1.0,60.0,-3.9,-19.1,87.5,58.5,195.0,279.0,19.5,27.0,1.0,3.0,50.0,-7.8,0.0,1
170.0,215.0,106.0,198.0,23.0,28.0,2.0,3.0,70.0,-1.8,-1.7,58.0,97.0,226.0,128.0,17.0,10.0,2.0,4.0,60.0,2.3,1.2,0
164.8,120.8,219.5,261.5,20.8,22.0,2.0,2.8,88.9,5.8,5.8,251.5,96.5,336.0,163.5,41.5,13.5,1.0,0.0,60.0,8.4,-16.3,0
204.5,168.1,295.2,215.1,41.2,24.7,1.7,1.5,50.0,0.6,0.6,101.6,223.3,124.3,260.9,9.8,35.7,1.8,1.6,50.0,-21.8,-21.8,1
78.0,78.5,180.0,218.0,20.5,14.0,2.5,2.0,70.0,-6.0,-11.9,111.3,236.7,263.0,175.0,23.3,25.0,1.3,1.7,40.0,4.8,7.9,1
225.8,107.5,143.3,135.3,30.8,8.0,1.5,2.0,88.9,19.8,7.4,56.8,247.3,200.8,168.0,16.5,27.5,0.8,0.8,80.0,1.4,2.3,1
194.7,181.7,304.0,195.0,37.7,30.0,1.3,2.0,30.0,8.5,5.1,92.5,212.0,209.5,184.0,23.5,34.0,1.5,1.5,20.0,-4.5,-4.2,0
265.8,128.5,76.3,185.5,25.5,21.5,0.8,2.5,30.0,4.1,3.0,65.8,103.3,212.8,171.0,21.8,17.0,1.5,1.3,20.0,-0.7,-6.6,1
258.3,196.3,198.0,220.6,38.1,22.0,1.0,2.1,30.0,17.5,5.2,149.8,185.0,201.3,287.2,19.0,45.7,2.7,1.2,20.0,-13.8,-2.5,1
192.3,137.0,260.3,267.3,37.8,18.8,1.0,3.0,70.0,9.6,-2.3,206.8,145.3,127.5,176.8,22.5,20.0,1.0,1.0,30.0,-1.9,-5.3,0
97.0,131.3,276.3,248.3,28.0,29.3,2.5,2.8,50.0,-3.1,-7.4,80.8,173.6,253.4,224.4,11.6,40.8,3.6,0.8,50.0,-22.8,-3.8,1
146.3,152.2,227.3,288.0,15.5,26.8,1.7,1.0,60.0,-16.0,-12.8,135.6,134.6,238.8,263.6,20.2,20.8,1.4,2.6,36.4,-7.7,-8.8,1
175.5,91.5,118.5,185.5,21.0,16.5,4.5,2.0,50.0,9.6,-4.6,118.3,70.3,164.0,265.0,22.7,25.7,1.0,0.7,80.0,2.5,0.1,1
169.3,108.4,276.9,315.9,33.3,28.1,1.9,1.0,70.0,5.9,1.1,156.3,115.5,257.5,241.0,33.4,22.1,0.5,1.8,33.3,12.6,1.9,0
119.6,118.9,293.0,160.0,32.4,18.4,1.7,1.4,70.0,10.4,1.8,134.8,122.8,211.8,160.8,22.0,13.0,1.8,2.0,30.0,1.5,-4.0,1
137.6,147.3,217.3,289.4,29.3,31.0,1.2,2.6,70.0,-4.4,-3.6,132.4,203.0,277.1,230.3,24.1,31.1,1.3,2.6,72.7,-14.4,-13.0,0
142.6,229.8,389.0,195.8,35.2,31.8,2.4,1.8,80.0,2.6,-2.4,49.2,225.7,280.3,276.5,19.3,41.5,3.3,1.5,70.0,-18.7,-8.4,0
47.8,33.4,75.8,49.6,19.2,20.9,1.0,1.1,30.0,7.4,7.4,0.0,0.0,0.0,0.0,31.3,28.0,0.8,1.2,70.0,-0.2,-0.2,0
129.3,104.9,242.9,219.5,26.9,21.3,1.1,1.5,60.0,12.0,9.5,145.4,186.6,280.6,247.1,28.3,34.9,1.5,0.8,55.6,-0.5,0.8,0
118.6,109.8,226.3,195.8,22.9,19.6,2.0,2.3,18.2,3.8,1.1,192.1,159.7,245.8,149.5,29.2,26.5,2.8,1.5,90.0,5.3,2.0,0
122.6,303.2,327.7,186.3,34.2,38.8,1.9,1.0,33.3,2.6,5.1,151.2,178.6,261.3,263.7,29.3,30.8,0.8,1.2,66.7,3.7,5.3,0
157.0,109.3,244.3,233.6,24.4,19.1,2.1,2.6,50.0,5.0,2.6,126.9,78.1,193.7,187.1,24.4,16.0,1.7,2.4,30.0,4.3,-0.7,0
134.6,69.8,207.2,223.4,24.2,15.8,0.4,2.4,77.8,-2.4,-8.6,77.2,239.2,346.4,256.6,28.2,32.2,1.0,3.2,33.3,-14.8,-13.7,1
159.0,148.5,124.8,200.5,24.3,22.8,1.0,2.8,30.0,4.8,0.9,82.3,264.7,116.7,203.7,7.7,37.7,1.3,1.3,80.0,-13.0,-10.5,1
169.5,108.0,290.0,194.5,34.5,21.8,2.3,1.5,50.0,1.2,-6.3,153.8,188.5,214.2,167.8,22.2,26.3,2.3,1.5,40.0,-9.1,-4.8,0
150.0,165.6,228.4,208.8,24.0,27.2,3.0,2.2,70.0,-4.1,-6.1,124.2,226.2,237.2,236.0,18.4,36.2,1.8,0.4,50.0,-12.7,-4.2,0
106.8,134.8,273.5,212.8,30.3,23.7,1.2,1.5,80.0,4.2,0.8,143.7,84.3,189.8,167.7,25.7,15.3,1.7,2.7,30.0,4.5,-2.0,0
178.5,107.5,300.0,315.0,39.5,25.0,2.0,3.5,80.0,-5.0,-13.4,62.0,26.0,251.0,226.0,12.0,41.0,2.0,2.0,50.0,-30.3,-24.4,1
144.9,159.3,242.3,241.1,30.2,27.8,0.9,1.9,50.0,-4.3,-5.8,196.6,150.5,256.3,203.9,36.7,16.9,0.9,1.9,40.0,7.6,-8.9,1
191.1,193.9,195.9,224.6,27.8,27.6,1.7,2.8,10.0,-6.5,-6.9,185.1,242.7,167.0,211.0,22.2,38.5,1.5,1.0,20.0,-23.4,-15.0,1
225.3,161.7,290.1,304.7,44.2,26.3,0.7,2.3,90.0,24.4,9.1,161.8,206.4,299.3,243.1,29.8,38.6,2.0,1.1,30.0,-5.1,1.9,0
227.3,205.5,115.3,287.8,16.0,40.5,1.5,1.3,30.0,-16.2,1.6,171.8,144.5,248.0,256.8,30.0,32.0,1.8,1.5,50.0,-9.5,-6.1,0
166.0,102.0,220.0,213.0,29.7,17.3,1.7,2.7,66.7,10.4,4.0,238.7,238.3,200.7,241.7,36.3,36.0,1.3,0.7,66.7,6.0,2.0,1
72.0,141.5,244.0,175.5,14.0,25.5,2.0,0.0,44.4,14.3,16.2,205.7,102.0,208.0,253.3,33.3,13.0,0.0,1.7,66.7,10.6,-3.0,1
184.8,117.8,261.0,275.8,32.6,27.7,0.9,1.2,22.2,12.7,9.2,161.5,168.4,179.8,290.2,30.2,33.1,1.5,1.2,44.4,3.6,4.0,1
130.4,145.0,256.6,220.0,25.6,21.3,0.6,1.4,70.0,1.8,-2.4,173.1,163.5,223.3,271.0,21.0,28.9,2.2,0.9,70.0,-4.3,-1.4,1
291.2,108.7,187.4,257.3,39.7,25.2,1.3,1.6,40.0,16.3,6.6,157.6,99.9,243.5,242.9,32.8,20.3,1.5,1.9,30.0,14.5,6.9,1
119.3,145.3,284.4,227.0,28.9,22.8,1.5,1.9,88.9,7.9,2.0,167.3,175.0,208.2,176.9,31.6,26.4,1.8,2.0,55.6,1.1,-1.9,0
132.8,211.3,246.4,248.9,20.4,35.3,2.0,0.5,50.0,-14.7,-7.1,172.9,140.3,210.6,302.1,32.0,31.9,1.1,2.5,70.0,-3.4,-3.7,0
208.3,94.2,326.2,172.8,43.2,10.7,1.0,1.3,90.0,30.2,6.9,201.8,199.2,187.8,242.0,28.0,30.0,1.7,1.7,30.0,6.9,5.4,1
266.0,60.0,167.0,286.0,28.0,10.0,3.0,2.0,90.9,14.0,-9.4,73.0,119.0,164.0,259.0,10.0,41.0,1.0,1.0,90.0,-7.8,-7.0,1
150.9,182.2,214.1,244.3,20.4,27.1,2.2,1.5,70.0,-10.2,-10.2,157.1,204.8,284.6,256.2,28.5,39.0,1.8,0.9,30.0,-2.5,-2.5,1
163.1,111.0,344.2,270.7,41.8,26.0,1.5,1.4,77.8,7.8,-3.4,99.4,215.2,244.6,263.6,24.9,36.3,1.3,1.6,44.4,-12.8,-12.0,1
118.7,84.7,209.7,286.3,22.8,21.9,1.4,2.2,40.0,-2.9,-3.8,106.0,195.7,218.7,210.1,14.4,37.0,2.0,0.8,80.0,-23.5,-11.7,0
175.5,116.7,270.1,224.5,35.9,16.9,0.9,1.8,88.9,19.3,6.4,213.8,58.3,231.6,194.9,36.0,12.3,0.9,1.8,77.8,21.8,4.3,0
32.5,294.5,245.5,274.0,11.0,47.5,1.5,1.0,50.0,-13.1,-7.2,64.3,258.0,129.7,259.7,6.3,48.3,0.7,1.7,0.0,-28.7,-5.1,1
151.7,121.9,342.0,223.6,36.0,22.1,2.6,2.1,90.0,17.1,8.9,183.2,206.3,173.7,223.0,28.7,31.3,1.0,1.5,40.0,5.4,4.7,0
145.6,216.9,232.0,305.1,18.6,38.0,1.6,1.6,40.0,-18.9,-10.2,106.0,325.6,272.6,195.3,23.3,49.6,2.1,1.0,30.0,-21.9,-7.8,0
199.7,55.3,203.7,157.0,23.7,14.7,3.0,2.7,30.0,13.3,4.5,213.3,185.7,276.7,181.3,26.7,23.0,1.7,1.0,50.0,-3.1,-5.4,1
151.0,216.0,344.5,208.5,39.0,20.5,1.0,2.0,30.0,0.8,-11.9,130.7,176.3,189.0,228.7,17.3,37.7,1.7,1.3,33.3,-5.1,5.6,0
147.2,132.4,324.5,248.6,38.2,22.9,1.2,2.2,80.0,14.6,5.3,105.8,152.8,222.0,273.6,24.6,31.0,1.4,1.8,30.0,-2.6,1.9,1
105.5,115.3,159.4,116.6,26.3,21.3,1.4,0.9,30.0,2.5,-2.3,130.3,131.1,163.7,163.9,21.6,23.7,1.5,2.4,30.0,-6.1,-6.5,1
65.9,39.2,62.8,48.4,30.8,27.3,1.1,1.3,40.0,8.7,8.7,13.7,12.4,11.9,32.5,19.2,25.4,1.0,0.8,50.0,-10.2,-10.2,1
166.0,82.8,274.2,158.2,36.0,9.4,2.4,2.6,80.0,26.2,7.7,67.8,293.5,146.3,174.8,10.5,51.2,2.8,1.0,50.0,-20.9,-7.8,0
107.6,143.2,256.4,233.2,22.2,26.4,1.6,0.8,36.4,5.5,5.4,152.8,258.2,180.6,256.9,20.4,45.8,1.1,1.4,50.0,-19.4,-4.6,1
239.1,103.4,295.8,140.3,45.5,10.3,1.2,2.2,44.4,32.9,4.1,272.8,99.8,258.8,148.1,48.7,12.5,1.1,1.9,100.0,39.9,16.3,0
108.4,204.1,302.0,218.9,25.3,26.6,1.4,1.6,40.0,2.3,3.2,132.3,198.8,212.4,261.4,17.8,36.6,2.1,1.8,81.8,-8.3,0.1,0
158.6,149.0,179.9,181.6,22.0,26.7,2.0,1.0,70.0,-1.6,-1.1,73.5,214.3,211.4,262.3,16.5,34.4,1.5,1.5,30.0,-13.7,-1.6,0
99.3,213.8,258.0,181.0,15.8,32.5,1.5,0.8,30.0,-11.6,-7.1,136.8,232.8,206.0,232.0,21.8,29.5,2.0,0.5,60.0,-7.0,-5.5,1
173.1,141.3,216.9,163.4,30.4,14.9,1.3,2.8,60.0,7.4,-4.6,130.6,171.5,209.4,189.9,21.3,24.8,2.2,2.7,70.0,1.1,2.0,1
152.2,120.2,291.3,211.2,38.0,14.8,1.0,2.3,33.3,25.6,11.8,147.6,193.4,123.9,231.6,17.3,28.0,1.6,1.3,50.0,-3.8,0.3,1
141.2,196.9,249.5,194.4,25.6,29.0,1.9,1.3,50.0,-5.7,-4.7,167.6,183.4,230.4,247.5,28.5,30.2,1.5,1.5,44.4,-12.4,-12.3,1
230.9,114.7,179.2,186.8,24.8,14.2,1.6,1.6,55.6,16.2,8.6,214.5,194.5,232.8,255.8,31.9,23.2,1.6,2.3,100.0,13.0,5.7,1
103.6,84.8,221.9,185.0,19.8,17.7,2.0,1.8,40.0,2.0,-0.2,237.2,102.0,131.6,226.6,24.6,21.5,1.1,1.1,9.1,3.3,1.0,0
211.2,111.5,120.5,201.2,26.0,22.2,2.0,1.7,36.4,4.3,1.5,191.5,156.8,135.2,152.0,27.5,17.0,1.7,2.0,72.7,5.1,-5.4,0
219.0,143.0,323.4,231.0,44.4,24.7,1.4,1.7,44.4,16.2,2.0,204.4,186.4,209.6,293.4,30.0,33.1,1.6,1.0,80.0,1.9,2.0,1
192.0,186.3,186.5,200.8,27.7,31.0,1.7,2.0,40.0,4.0,0.5,110.8,238.8,203.2,173.8,18.8,38.3,1.5,1.0,50.0,-18.7,-12.3,0
111.6,139.3,189.4,203.6,24.0,21.9,2.0,3.0,60.0,-6.0,-8.9,151.0,149.6,247.8,221.5,21.8,29.0,2.3,1.5,50.0,-8.5,-6.7,1
162.7,228.9,220.7,257.9,27.4,39.7,2.4,1.7,66.7,-10.5,-2.2,140.3,199.2,226.8,231.5,22.7,38.7,1.8,1.7,50.0,-12.2,-2.8,0
190.3,140.3,227.3,284.0,32.7,32.9,2.1,2.0,10.0,-7.3,-6.1,128.2,169.0,167.2,178.1,19.4,25.5,1.0,0.9,80.0,-10.5,-8.5,0
145.2,134.6,152.2,234.2,24.4,25.8,2.6,1.4,60.0,-8.2,-12.5,94.6,178.0,130.4,260.6,12.8,37.8,1.4,0.8,36.4,-23.6,-11.6,1
159.0,217.5,269.5,141.0,25.5,32.0,2.5,2.5,55.6,-3.3,-6.5,169.7,84.0,309.0,228.0,45.7,15.7,0.3,2.7,88.9,9.2,-9.1,0
83.6,153.2,93.8,191.8,9.4,31.6,2.4,1.4,90.0,-13.8,-1.5,81.2,143.0,186.2,153.0,14.0,21.2,2.4,1.6,50.0,-7.4,-4.4,1
219.2,44.8,199.8,178.0,32.8,7.4,2.2,2.2,100.0,18.8,2.3,236.4,149.2,174.8,211.8,21.8,28.4,2.8,1.8,40.0,-10.2,-10.2,1
70.0,206.3,215.7,317.7,10.3,38.3,2.3,0.7,36.4,-12.7,-7.8,54.7,253.7,228.0,305.0,10.0,36.0,0.7,2.7,30.0,-19.5,-9.9,0
276.0,230.0,182.0,296.0,56.0,41.0,0.0,2.0,44.4,2.1,-20.5,159.7,176.3,242.0,221.7,23.3,23.0,0.7,1.0,44.4,5.1,8.7,0
173.5,82.8,209.3,262.8,29.0,20.8,2.0,1.7,88.9,22.1,16.0,21.5,127.2,303.2,232.7,16.3,27.5,3.2,2.0,50.0,-0.5,5.7,0
100.0,135.0,222.0,228.0,18.0,34.5,2.5,2.0,80.0,-19.4,-13.1,93.0,135.0,126.5,204.0,16.0,15.5,2.0,4.0,50.0,0.7,-7.0,1
204.0,180.8,278.5,269.5,41.0,30.4,1.0,2.3,30.0,8.9,0.7,103.4,290.4,240.4,203.9,20.4,45.0,2.1,1.0,77.8,-11.2,-4.4,0
241.0,170.0,220.4,217.5,32.5,23.7,1.8,2.8,40.0,13.3,7.1,179.5,110.1,289.1,346.7,33.9,33.7,1.5,1.7,66.7,6.4,5.6,1
154.6,103.7,251.0,168.6,26.3,10.9,1.0,1.3,30.0,11.5,2.9,135.6,163.2,237.2,207.6,25.4,23.6,0.8,1.6,66.7,2.2,0.4,1
211.4,155.2,189.5,202.9,30.2,25.8,2.4,1.2,70.0,3.9,-1.3,180.5,159.1,302.2,233.8,37.5,31.5,1.5,1.1,90.0,14.1,9.0,0
191.9,204.7,212.8,234.6,28.6,30.8,1.3,0.6,60.0,-6.3,-6.6,149.2,230.1,140.3,252.2,12.8,38.3,1.7,1.4,30.0,-26.8,-17.0,1
135.4,211.6,295.1,274.6,23.9,40.6,1.8,1.1,30.0,-15.4,-7.0,65.9,240.0,183.3,313.6,7.0,48.0,2.6,0.7,70.0,-26.2,-0.9,0
154.0,152.3,228.8,161.0,23.3,18.5,2.3,1.5,50.0,-0.7,-8.6,223.8,182.0,208.8,160.3,36.0,18.0,1.5,1.8,80.0,8.8,-7.8,1
123.0,74.0,350.0,24.0,55.0,3.0,0.0,2.0,55.6,25.7,-5.5,153.0,73.0,301.0,340.0,45.0,14.0,1.0,3.0,77.8,14.9,-11.6,1
31.1,16.3,41.6,54.8,20.3,28.9,1.8,1.2,80.0,2.6,2.6,31.8,33.4,64.1,81.3,27.6,26.4,1.3,0.8,60.0,-5.1,-5.1,1
142.6,201.0,299.6,249.3,32.4,33.6,2.1,2.5,50.0,5.2,5.5,121.8,179.9,262.9,202.6,23.1,25.9,1.8,1.4,70.0,1.9,2.5,1
259.0,95.0,373.0,202.0,52.0,3.0,2.0,0.0,20.0,14.1,-17.1,165.0,197.0,258.0,271.0,19.0,43.0,3.0,1.0,60.0,-6.9,7.5,1
175.0,153.6,243.0,244.0,29.0,26.2,1.8,1.2,40.0,4.8,-0.6,261.8,112.2,279.2,180.0,48.2,15.2,0.6,0.4,60.0,9.2,-13.5,1
179.2,82.0,209.4,212.8,22.8,17.0,1.8,1.2,30.0,6.0,-4.1,103.3,122.0,303.5,249.0,31.3,28.0,0.8,2.3,70.0,2.0,-3.6,0
157.2,126.5,257.6,247.9,32.1,22.5,1.5,2.2,60.0,-0.5,-8.3,172.2,98.8,210.3,265.8,25.7,22.3,1.6,1.9,60.0,-7.5,-10.3,0
157.0,411.0,137.0,221.0,14.0,52.0,4.0,3.0,88.9,-3.1,28.1,26.0,234.0,131.0,199.0,0.0,49.0,3.0,1.0,77.8,-9.3,19.0,0
279.8,137.4,71.7,178.1,29.4,21.4,1.0,1.3,80.0,2.9,-1.9,147.9,123.9,309.8,260.1,31.3,22.9,0.8,2.1,80.0,7.7,1.3,1
161.0,106.0,203.0,370.0,31.0,37.0,2.0,2.0,10.0,7.6,4.3,131.5,101.0,174.5,232.5,25.0,16.5,1.0,2.5,50.0,4.2,7.3,1
173.0,107.2,252.4,256.4,36.0,23.8,1.0,1.6,50.0,14.7,7.2,144.4,183.0,225.7,163.9,23.7,24.6,1.9,2.0,70.0,4.9,4.3,0
220.4,157.4,270.2,257.4,33.7,27.7,1.3,1.2,30.0,14.4,8.4,164.1,138.9,179.4,250.4,27.3,21.0,1.1,2.3,70.0,5.4,0.7,1
86.3,234.8,219.8,274.5,13.3,35.5,1.5,2.8,30.0,-20.1,-11.3,123.3,162.0,249.5,207.0,22.8,29.5,1.3,1.5,50.0,-8.4,-7.8,0
177.4,148.9,258.9,201.7,33.6,20.9,2.2,1.1,80.0,13.7,3.9,127.2,156.9,163.3,247.0,15.0,25.8,2.0,0.8,9.1,-6.7,-2.8,1
162.0,152.4,234.9,246.7,26.7,25.2,1.4,2.8,40.0,-0.6,-2.2,227.8,212.2,90.2,249.0,21.7,42.3,2.2,1.0,50.0,-14.9,-2.7,1
300.0,125.4,140.7,233.2,34.1,26.8,1.3,1.8,33.3,-2.0,-8.7,125.8,244.9,220.1,202.8,19.2,36.2,1.7,1.1,33.3,-15.0,-9.1,1
166.2,71.4,255.6,144.2,35.0,10.0,1.8,1.7,60.0,18.1,4.1,130.2,107.8,205.6,169.4,23.8,16.6,1.1,2.4,80.0,3.4,-0.9,0
198.7,101.0,181.2,191.5,26.2,12.7,1.4,1.8,30.0,17.5,11.2,86.9,257.0,315.7,217.7,22.9,40.0,2.9,0.8,20.0,-14.5,-6.3,0
198.0,52.7,197.3,184.0,27.7,12.7,1.3,1.3,60.0,12.0,-0.7,246.3,127.0,76.5,160.3,22.3,15.8,1.0,3.3,30.0,4.9,-4.4,1
190.2,167.9,266.8,186.1,36.6,19.2,1.3,2.1,90.0,16.7,5.8,243.6,208.5,209.7,145.7,31.9,27.8,2.4,1.5,70.0,9.2,4.1,1
152.7,146.7,289.0,305.4,31.4,31.9,1.0,1.2,60.0,-5.8,-8.1,133.1,170.6,208.0,235.2,25.0,28.6,0.9,1.3,40.0,-7.0,-6.3,1
146.0,103.0,286.5,273.3,32.4,26.8,1.8,1.8,80.0,11.8,8.1,90.0,185.7,245.1,248.9,18.8,38.3,1.3,0.9,30.0,-9.8,1.5,1
277.3,162.9,217.1,290.9,34.9,31.9,2.1,1.1,11.1,7.8,4.1,233.2,107.2,200.2,215.5,33.5,28.0,1.3,1.2,66.7,8.4,3.6,1
146.5,210.0,260.0,98.5,21.5,15.5,1.5,0.0,80.0,16.9,1.8,191.3,109.7,371.3,85.7,43.7,12.3,1.3,2.0,90.9,13.6,-4.7,1
116.5,176.0,189.9,280.5,17.1,38.8,2.1,1.3,50.0,-26.4,-14.8,115.3,225.0,308.2,274.8,28.0,39.0,1.7,1.0,70.0,-15.0,-10.2,0
287.5,173.3,224.0,279.8,42.0,27.5,1.5,3.3,30.0,2.8,-8.3,105.6,160.8,209.6,263.0,15.6,35.0,1.6,1.2,36.4,-19.2,-8.0,1
0.0,0.0,0.0,0.0,30.9,32.8,0.9,0.8,50.0,-0.9,-0.2,0.0,0.0,0.0,0.0,39.9,12.4,0.5,0.5,60.0,23.3,3.3,1
131.0,185.8,221.5,235.0,18.5,33.0,2.2,1.0,70.0,-4.9,2.3,121.2,110.0,194.0,273.6,18.8,23.6,2.2,1.6,50.0,-1.3,-2.3,0
106.0,161.0,370.0,203.0,37.0,31.0,2.0,2.0,50.0,19.3,5.1,88.0,328.0,203.0,131.0,21.0,45.0,1.0,1.0,50.0,12.6,8.9,1
150.0,57.7,187.3,228.7,27.7,15.0,1.7,2.0,100.0,5.9,-0.3,207.0,110.0,187.0,123.5,29.5,11.5,3.5,1.0,60.0,1.3,-10.8,1
99.3,183.0,251.0,259.2,26.2,31.0,1.2,2.7,10.0,-9.3,-7.5,59.0,151.5,168.8,236.3,10.3,33.2,2.3,1.0,70.0,-20.0,-14.5,0
66.9,292.5,129.5,189.5,9.1,52.4,3.1,0.8,50.0,-25.2,-7.9,85.6,227.7,178.1,225.0,13.9,39.9,2.2,1.1,70.0,-12.8,3.0,1
107.5,196.0,305.0,212.2,25.7,32.8,1.2,0.3,0.0,-18.3,-14.4,209.3,197.8,93.5,271.0,19.0,42.8,2.0,2.5,44.4,-17.7,-9.3,1
146.2,188.8,324.0,265.2,31.5,41.2,2.0,2.2,60.0,-11.0,-5.3,190.8,144.8,166.8,229.3,29.3,21.5,0.8,2.5,30.0,0.7,-5.2,1
183.0,248.0,213.0,110.0,25.0,24.0,0.0,1.0,50.0,-0.5,-3.0,210.0,246.0,217.0,97.0,23.0,20.0,2.0,1.0,40.0,0.6,-0.6,1
133.8,208.2,258.4,221.6,25.6,28.6,0.4,1.2,30.0,2.2,4.0,220.5,136.3,229.8,248.5,33.5,27.8,2.0,1.3,30.0,8.0,6.1,0
129.5,198.8,382.5,263.5,32.0,31.8,2.3,1.3,70.0,6.1,4.4,243.8,105.3,103.8,280.5,24.8,22.8,1.3,2.0,80.0,-5.1,-4.3,0
177.4,156.4,245.6,229.8,28.8,22.8,0.8,1.0,66.7,5.9,3.1,196.0,88.0,213.1,233.4,30.3,17.7,1.3,1.9,77.8,14.1,4.6,0
113.0,224.0,325.0,223.0,24.0,31.0,2.0,1.0,70.0,12.0,5.2,111.0,50.0,179.0,303.0,13.0,37.0,1.0,1.0,50.0,-7.2,-6.6,0
254.0,102.0,333.0,344.0,52.0,30.0,1.0,1.0,77.8,8.5,-9.5,240.3,79.3,230.3,230.3,34.0,18.0,1.3,2.7,55.6,11.7,-1.4,1
84.8,146.6,362.0,287.6,27.8,43.0,2.4,1.4,70.0,-8.8,-2.2,129.5,202.7,214.5,278.5,17.2,26.3,1.5,1.2,50.0,-10.0,-7.1,0
133.8,188.0,228.2,223.2,21.0,36.0,2.6,1.4,30.0,-9.3,-4.1,201.4,255.6,218.6,208.4,33.4,38.4,0.8,1.6,20.0,-18.0,-17.2,1
170.5,121.8,130.0,174.5,22.8,20.0,1.5,2.8,100.0,10.8,2.2,218.5,109.3,195.0,196.8,31.8,17.0,2.0,2.8,30.0,11.0,0.1,1
197.4,134.4,392.7,225.3,43.7,22.3,1.7,1.7,11.1,21.2,7.3,171.5,205.0,369.0,281.5,40.7,31.2,0.8,1.0,40.0,8.7,2.2,0
216.0,162.3,282.8,367.5,52.0,37.0,1.0,3.3,50.0,4.6,-6.1,146.0,196.0,226.3,290.3,26.3,33.8,1.5,1.8,80.0,-18.6,-14.1,1
16.0,352.0,76.0,166.0,7.0,34.0,1.0,1.0,36.4,-8.8,-8.2,81.5,237.0,190.5,298.0,17.5,48.0,2.0,2.0,0.0,-28.9,-0.8,1
214.4,56.3,225.1,130.7,35.7,7.1,1.1,1.7,80.0,26.9,9.0,174.4,147.8,204.6,188.5,24.5,18.9,1.6,1.8,45.5,6.9,2.1,0
211.0,144.7,285.9,266.4,37.7,24.7,2.1,2.5,30.0,8.5,0.0,159.3,148.3,303.6,242.5,36.9,23.5,2.6,2.8,80.0,13.8,5.3,1
142.1,136.0,141.3,241.9,17.7,25.0,1.7,1.9,80.0,-8.4,-8.0,136.1,186.1,185.6,217.1,24.6,31.0,1.3,1.9,80.0,-11.1,-8.6,0
191.3,162.6,176.1,221.6,20.7,26.8,1.2,1.0,90.0,-16.0,-11.8,158.1,193.6,192.0,203.0,22.4,29.6,3.4,1.0,10.0,-14.2,-14.5,1
207.0,160.1,212.3,258.1,32.6,26.0,1.3,1.1,66.7,15.9,10.4,177.0,240.0,187.4,285.0,18.9,43.0,2.4,1.3,88.9,-27.3,-10.0,0
141.0,102.4,232.2,206.5,32.6,18.5,1.6,1.7,30.0,11.8,3.4,206.1,168.7,333.3,245.2,45.0,26.5,1.6,1.9,50.0,13.2,-0.5,0
76.5,215.5,131.5,237.5,17.0,36.5,2.0,4.0,70.0,-14.4,-11.1,59.5,128.5,263.0,274.0,15.5,36.5,2.5,1.5,72.7,-11.2,-6.3,0
79.0,281.3,140.3,220.3,9.0,35.0,1.3,0.7,40.0,-12.8,-4.3,116.8,96.5,148.8,275.8,22.5,24.5,2.0,3.5,60.0,-8.1,-3.9,0
129.0,137.0,261.0,236.0,35.0,21.0,1.0,1.0,60.0,21.4,8.8,46.0,112.0,292.0,189.0,22.0,27.0,1.0,1.0,60.0,-1.0,-3.2,1
159.2,141.6,175.2,185.4,23.8,20.4,1.1,1.3,30.0,-2.1,-5.5,234.8,186.2,179.8,215.3,27.3,34.9,2.1,2.2,40.0,-11.8,-7.8,0
110.0,102.3,270.7,222.8,22.5,23.8,1.3,1.5,77.8,4.5,-1.1,112.0,98.3,270.2,226.7,23.2,23.5,1.3,1.3,77.8,2.8,2.8,1
188.0,138.0,273.0,207.5,27.0,19.5,0.5,0.5,66.7,-11.4,-10.7,120.5,229.0,296.3,284.3,26.0,35.8,1.0,1.0,70.0,-15.2,-8.2,1
80.0,9.0,345.0,623.0,34.0,44.0,2.0,4.0,55.6,12.7,7.7,105.0,183.0,150.0,189.0,12.0,17.0,2.0,3.0,80.0,-6.4,9.6,0
165.9,147.9,288.3,291.9,32.0,30.4,1.1,1.2,60.0,-4.2,-7.1,118.2,202.2,275.3,248.4,32.7,28.8,1.0,1.3,36.4,-6.6,-10.5,0
138.0,93.0,192.0,181.0,21.5,20.0,2.0,1.5,80.0,3.9,7.5,175.5,50.0,258.0,233.5,35.0,14.0,2.0,0.5,30.0,4.9,-8.8,1
152.9,124.5,249.8,251.7,30.9,20.5,1.6,2.3,60.0,9.9,2.9,212.9,123.7,190.1,192.2,28.8,19.9,0.7,1.8,100.0,6.6,1.1,1
161.1,96.6,222.8,282.5,29.5,20.3,1.6,2.2,70.0,8.1,-0.3,119.8,90.6,185.6,300.6,22.9,25.4,1.9,2.7,72.7,-3.0,-3.0,0
148.6,123.0,223.2,216.6,25.8,20.2,2.0,2.2,50.0,0.7,-6.1,210.4,140.6,123.0,128.4,28.2,15.2,1.8,2.0,72.7,6.1,-6.1,0
192.2,107.9,207.8,221.2,33.2,18.6,1.6,3.3,60.0,10.7,0.3,109.4,172.2,205.0,213.0,18.8,27.7,2.3,2.6,50.0,-3.1,0.7,1
57.0,159.5,164.5,193.5,7.0,23.0,1.5,0.0,50.0,-17.6,-13.3,202.5,215.0,32.5,175.0,10.0,48.5,2.0,0.5,0.0,-27.6,-17.8,0
199.4,146.4,382.3,227.9,42.0,25.0,1.3,1.0,77.8,20.3,10.3,159.7,143.8,335.7,303.2,37.7,34.3,1.5,2.2,90.0,6.1,3.3,0
126.3,170.3,220.7,138.3,22.0,19.0,2.7,2.0,50.0,-0.9,-8.6,77.3,198.7,189.3,223.3,13.3,32.3,2.3,1.3,66.7,-15.6,-15.6,0
176.0,175.0,226.5,323.5,17.5,35.0,0.5,2.0,30.0,-5.4,3.4,136.5,218.0,163.0,158.5,24.5,25.5,1.0,1.5,50.0,-4.0,-7.6,0
136.0,162.0,235.1,261.7,24.9,26.6,1.6,1.6,50.0,-8.7,-9.3,138.4,140.3,136.3,245.4,11.6,29.7,1.4,1.9,40.0,-17.8,-10.8,1
187.6,242.4,168.1,203.4,20.4,30.0,1.9,1.6,10.0,-2.1,5.1,135.4,140.0,283.6,189.4,29.0,22.0,0.8,1.8,80.0,1.0,-2.9,0
167.3,164.0,440.7,329.3,42.3,40.0,2.3,2.0,70.0,8.7,-3.3,65.3,259.0,256.7,167.7,20.0,34.7,4.0,0.3,50.0,-6.5,-3.7,0
203.5,153.0,230.5,267.0,36.3,26.5,2.0,2.8,10.0,-9.4,-11.9,153.3,150.2,211.0,267.7,24.7,37.8,1.7,1.5,50.0,-13.2,-5.3,0
241.9,154.0,327.5,202.0,45.8,26.4,1.3,0.4,77.8,21.1,3.9,178.3,128.1,274.0,216.9,32.8,19.3,1.4,2.1,55.6,10.0,1.8,0
136.5,21.5,271.0,156.5,28.0,14.0,1.0,0.5,80.0,3.4,-5.9,37.5,160.5,283.0,185.0,19.5,16.0,2.5,1.5,30.0,2.6,2.5,1
213.0,59.0,252.0,186.0,38.0,14.0,1.0,1.0,66.7,12.4,-12.3,200.0,186.0,348.0,121.0,48.0,21.0,3.0,2.0,50.0,-8.6,-30.1,1
211.0,202.0,130.6,233.4,24.8,34.8,1.4,0.8,30.0,-9.6,-5.6,45.0,200.2,237.0,172.6,15.8,26.4,2.2,1.6,30.0,-20.4,-14.7,0
131.7,115.2,242.2,191.3,23.5,12.2,0.9,1.5,66.7,15.1,9.0,206.9,185.4,222.7,210.0,28.4,27.8,1.7,1.7,70.0,5.7,4.2,0
202.7,84.0,204.3,326.0,29.0,22.3,1.0,2.0,50.0,-0.6,-7.4,234.0,142.0,343.0,210.0,42.0,23.5,0.5,0.0,100.0,-7.4,-18.8,0
161.5,137.1,197.8,205.4,26.5,21.7,1.2,1.6,70.0,10.6,7.1,228.5,166.8,129.2,191.6,28.2,23.7,1.5,2.3,60.0,5.2,2.4,1
45.6,9.0,37.8,31.0,36.7,14.8,0.9,1.1,40.0,15.2,15.2,15.8,49.6,43.8,31.3,30.0,31.3,0.8,1.6,36.4,-3.9,-3.9,0
145.5,161.5,241.2,171.3,26.3,21.7,1.5,1.7,60.0,1.6,-5.1,121.2,170.7,241.7,204.0,20.3,22.7,1.0,1.5,50.0,1.2,1.0,1
116.0,232.8,267.4,179.8,29.8,32.2,1.4,1.0,44.4,5.9,3.8,154.8,151.8,257.8,154.0,34.3,15.3,1.0,1.5,77.8,16.4,3.9,1
207.0,137.0,242.0,197.0,31.0,7.0,0.0,3.0,30.0,6.4,0.0,245.0,261.0,119.0,281.0,20.0,31.0,3.0,2.0,72.7,-19.6,-19.4,1
98.7,224.7,263.8,192.2,20.0,30.0,2.0,1.8,60.0,-14.7,-10.0,132.8,152.4,216.8,225.2,19.8,34.8,2.0,1.0,44.4,-16.6,-11.5,1
95.0,195.2,441.6,295.2,37.2,38.2,1.0,1.2,80.0,-2.9,-2.8,75.8,205.0,326.0,315.2,23.8,42.2,1.6,0.6,50.0,-21.4,-15.7,0
251.0,86.5,244.5,166.3,45.8,13.5,1.5,2.3,40.0,21.2,-3.6,129.0,218.7,275.7,254.3,26.3,31.7,2.0,2.0,18.2,-0.4,-2.6,0
251.0,94.3,166.0,355.3,29.7,23.0,1.3,2.7,30.0,-9.3,-14.4,358.4,201.8,90.6,247.0,26.8,29.2,1.6,1.2,80.0,1.5,2.1,1
269.0,37.0,357.0,125.0,45.0,17.0,2.0,1.0,30.0,8.4,-16.9,148.0,81.0,354.0,267.0,38.0,24.0,1.0,1.0,30.0,-3.1,-11.6,0
146.0,265.0,328.0,302.5,30.0,55.0,2.0,1.0,50.0,-13.1,-15.1,78.3,182.0,248.3,238.7,20.3,35.7,1.7,2.0,50.0,-18.3,-8.1,1
171.0,120.0,284.0,80.0,30.0,7.0,1.0,2.0,66.7,-1.1,-26.1,179.5,-3.0,263.0,219.0,39.5,12.0,1.0,3.0,33.3,17.5,-7.0,1
224.9,122.5,226.3,196.3,37.3,17.2,0.8,1.3,80.0,22.0,9.8,121.3,105.8,177.9,210.0,25.7,17.3,1.3,2.3,60.0,12.3,6.1,0
80.8,115.5,351.0,205.8,37.3,21.3,1.8,1.5,45.5,13.9,4.0,135.3,200.0,129.3,174.0,18.0,15.7,0.7,0.7,100.0,11.5,3.4,1
191.5,143.8,210.3,241.6,22.5,24.9,0.9,1.0,44.4,-5.7,-7.2,189.1,130.8,301.1,256.8,40.4,24.0,1.8,2.1,55.6,-3.5,-13.2,0
177.6,146.2,173.2,213.6,28.2,24.8,1.6,2.0,60.0,9.0,4.8,163.8,157.3,272.3,243.8,25.5,26.8,2.8,0.8,70.0,4.6,3.8,1
141.3,163.9,196.8,202.9,25.1,29.8,1.8,1.0,36.4,-13.5,-11.4,70.3,186.4,290.1,254.4,17.1,38.8,2.1,0.8,36.4,-22.5,-10.8,0
312.9,98.7,64.0,143.1,25.8,12.9,1.0,1.3,30.0,1.5,-9.5,188.4,142.2,227.9,240.3,30.4,28.1,1.5,1.6,50.0,13.0,9.5,0
259.5,196.5,213.5,251.5,37.5,31.0,1.5,3.0,30.0,0.0,-7.8,49.3,233.3,184.0,223.7,13.7,38.0,2.0,1.7,18.2,-13.0,-5.3,1
211.6,163.4,180.8,196.8,29.4,21.8,1.2,1.4,30.0,-2.3,-7.3,160.3,127.5,205.3,212.5,16.3,32.3,3.5,2.5,50.0,-11.2,-6.8,0
204.2,127.8,182.0,183.3,27.0,17.5,1.5,1.5,60.0,10.2,3.6,139.0,98.8,149.2,208.2,15.8,23.7,1.5,1.5,50.0,-2.8,-4.4,0
104.5,132.0,257.5,165.5,24.0,6.5,0.5,1.5,30.0,12.7,-2.9,173.0,92.0,300.5,260.0,46.5,23.0,2.5,2.5,88.9,6.7,-24.5,1
23.0,211.0,362.0,267.0,24.0,49.0,2.0,1.0,36.4,-4.6,8.1,111.0,142.5,159.0,167.0,7.0,20.0,1.5,0.5,10.0,-4.5,2.1,1
180.8,140.5,177.8,229.0,23.5,22.5,1.5,1.8,66.7,-1.3,-6.5,263.8,194.8,140.3,194.3,33.8,20.8,1.0,1.8,44.4,4.4,-4.4,0
92.6,200.0,239.0,229.3,24.8,36.4,0.9,1.9,70.0,-4.9,0.4,192.0,349.8,166.3,286.8,16.5,47.8,2.1,1.0,70.0,-25.6,-11.0,1
201.9,207.0,177.7,224.1,26.7,32.3,2.6,1.3,44.4,-5.2,-2.9,189.2,248.0,283.7,264.0,27.5,34.7,2.3,1.7,66.7,4.1,3.3,0
278.0,154.8,250.8,253.0,43.6,23.4,1.8,2.4,90.0,16.5,3.1,116.2,153.8,307.7,276.5,27.5,34.2,1.5,2.0,50.0,-2.4,0.9,0
104.2,158.8,201.8,222.4,26.6,26.2,2.0,3.2,60.0,-4.2,-5.4,88.3,166.0,240.5,218.8,10.7,36.7,3.7,0.8,50.0,-20.6,-1.8,0
144.7,243.1,320.5,224.8,31.8,36.4,1.5,0.7,90.0,-1.6,-1.7,242.0,139.8,156.2,183.8,30.8,21.4,1.4,1.5,50.0,13.5,7.4,0
150.3,224.1,226.3,201.6,25.9,40.9,2.1,1.4,22.2,-19.3,-11.8,189.3,167.0,192.7,238.4,27.1,32.4,2.0,1.1,40.0,-11.8,-12.4,0
139.0,136.0,347.0,170.0,52.0,21.0,2.0,4.0,70.0,2.2,-15.5,75.0,15.0,71.0,233.0,10.0,14.0,0.0,1.0,30.0,-8.6,-12.0,0
209.5,177.3,205.8,260.9,26.7,33.6,1.2,1.6,50.0,-0.8,0.9,141.6,226.7,321.7,239.8,33.3,34.0,1.6,1.4,90.0,9.5,8.5,1
163.5,165.0,298.6,195.4,31.2,33.0,2.6,1.3,77.8,-7.7,-9.9,177.2,129.0,186.5,239.8,23.3,25.4,1.5,1.4,40.0,-12.4,-11.6,0
202.4,202.8,270.8,262.4,33.7,33.3,1.4,1.2,40.0,-5.2,-5.3,210.0,189.9,251.3,279.3,33.9,26.5,1.3,2.3,60.0,-2.5,-8.6,0
133.4,199.4,139.6,226.2,13.4,30.4,2.2,0.8,50.0,-8.8,-4.2,145.1,130.9,166.6,197.9,19.0,21.7,1.7,2.1,30.0,-4.9,-4.7,0
142.2,166.6,318.5,274.9,32.3,27.8,1.5,1.2,20.0,8.9,6.3,158.7,188.0,249.9,234.3,26.9,30.1,1.8,2.3,100.0,1.8,4.2,0
127.4,125.8,245.4,228.2,29.4,17.6,1.4,2.8,60.0,2.7,-3.4,163.5,155.8,272.8,238.5,32.8,31.8,1.3,1.8,70.0,5.1,3.9,1
99.6,189.0,212.7,187.9,17.3,28.0,2.4,2.1,30.0,-3.6,-1.3,242.9,147.4,240.6,193.0,31.0,22.8,2.0,1.1,30.0,15.1,10.2,1
128.6,176.2,254.0,272.4,29.8,36.8,2.0,1.6,60.0,-12.5,-13.9,135.0,218.7,333.2,169.5,39.5,27.2,1.3,2.2,30.0,2.4,-5.5,1
159.2,220.8,197.2,316.0,19.7,37.7,1.8,0.9,50.0,-22.1,-14.3,162.3,226.9,185.9,219.4,22.0,37.9,1.6,1.0,22.2,-23.1,-16.4,1
120.7,229.0,249.3,211.0,23.3,31.0,0.3,1.7,30.0,0.4,4.0,196.0,151.3,217.3,162.7,31.7,23.0,1.0,2.3,66.7,7.0,-1.4,0
143.6,156.6,257.1,219.9,27.0,25.6,1.6,2.5,10.0,-5.9,-7.1,86.1,225.1,244.4,251.0,24.4,32.3,2.0,1.5,50.0,-11.0,-6.3,0
257.6,102.1,134.1,220.6,24.9,20.0,1.0,1.0,9.1,2.1,-1.9,137.7,164.4,223.6,199.1,24.4,23.0,2.1,1.7,30.0,4.0,1.8,0
137.8,208.6,229.9,208.1,27.0,23.4,1.1,1.4,55.6,9.0,4.6,169.9,225.0,235.6,207.0,23.6,34.8,2.4,1.4,44.4,-5.3,2.1,0
147.3,138.1,253.0,259.6,28.4,21.3,2.0,2.9,90.0,-2.3,-6.3,83.2,187.8,208.7,208.0,12.5,40.2,3.5,1.2,70.0,-24.4,-11.8,0
153.6,142.5,189.9,167.1,19.8,21.6,2.5,1.6,70.0,1.5,-0.3,190.7,191.5,198.1,232.6,23.8,32.2,1.8,1.5,30.0,0.1,5.1,0
67.6,126.3,288.3,238.9,22.6,26.6,2.4,2.0,70.0,0.1,2.0,158.7,241.7,180.0,223.6,27.0,32.1,1.9,1.7,70.0,3.8,9.6,0
224.4,119.8,118.0,186.6,25.6,14.6,1.6,1.8,44.4,12.5,7.7,134.3,196.5,228.3,235.8,24.5,25.7,1.3,2.0,80.0,-0.1,1.5,0
108.9,131.9,271.5,293.3,26.8,30.3,1.6,1.9,10.0,-8.7,-8.4,110.5,181.2,190.1,249.4,15.8,37.7,1.6,1.4,50.0,-30.8,-16.9,0
214.9,109.3,232.0,162.6,39.9,19.9,1.1,1.7,66.7,10.8,-4.1,149.7,78.1,239.1,221.7,32.7,10.0,0.9,1.9,33.3,26.5,9.7,1
198.0,116.4,141.8,136.0,26.6,21.6,1.6,1.2,60.0,-0.6,-8.4,330.5,130.8,75.7,134.2,30.8,16.3,1.2,1.5,30.0,2.2,-10.8,1
288.8,112.0,170.2,223.0,45.0,21.6,0.8,1.6,90.0,19.7,6.2,168.8,150.5,233.0,234.0,33.8,21.3,1.0,1.5,70.0,10.7,0.3,0
86.0,117.3,270.0,174.1,18.7,17.6,1.9,1.3,60.0,9.3,7.7,151.4,140.4,256.0,310.4,30.0,38.6,1.7,1.0,36.4,4.8,6.3,1
218.8,140.9,261.8,192.3,40.6,20.5,0.7,0.9,60.0,5.1,-10.0,110.9,142.2,256.3,206.0,25.0,26.9,1.3,2.1,30.0,-13.1,-12.7,0
125.0,150.7,249.5,221.9,23.2,26.7,2.5,1.8,40.0,-3.3,-4.4,161.3,197.3,243.4,207.2,23.0,30.0,1.7,1.8,50.0,-6.8,-3.9,0
208.3,150.5,214.4,228.9,30.1,21.5,0.9,1.9,50.0,16.3,10.1,204.5,132.1,232.0,237.6,34.5,26.4,1.6,1.9,50.0,15.3,7.2,1
151.1,164.7,190.4,192.3,19.4,22.1,1.7,1.6,55.6,2.7,1.7,338.3,126.0,86.9,216.1,30.6,25.1,1.6,0.9,88.9,10.1,5.5,0
262.7,163.7,184.0,299.7,38.0,29.3,1.3,2.3,70.0,7.8,-3.1,211.7,192.0,271.7,248.3,39.7,21.7,1.0,1.0,70.0,1.3,-4.2,0
135.1,176.1,207.4,235.0,20.9,33.4,1.4,1.0,66.7,0.5,6.3,131.9,103.4,187.3,219.3,21.1,28.4,1.4,1.9,11.1,-16.6,-13.8,0
223.7,135.2,150.5,191.3,22.7,19.7,1.3,1.3,72.7,2.9,-2.5,128.6,103.8,239.8,250.8,26.8,21.4,1.6,1.4,70.0,4.8,-3.1,0
202.4,135.8,203.8,227.4,32.7,21.0,1.4,2.3,77.8,10.8,2.5,160.9,206.5,170.9,171.1,20.1,28.5,1.9,1.6,77.8,-6.5,-4.9,1
106.3,136.3,232.7,201.0,25.3,24.0,2.0,1.3,18.2,3.4,-2.4,163.0,170.2,322.8,243.4,31.8,35.6,1.4,1.2,30.0,-7.6,-5.3,1
128.0,139.7,180.7,279.3,17.3,37.7,1.7,1.7,40.0,-18.6,-9.0,168.8,184.5,204.3,185.0,15.5,27.0,2.3,1.0,90.0,-15.3,-7.2,1
245.5,117.4,189.3,280.0,37.1,28.1,1.8,1.4,60.0,0.3,-7.4,184.0,181.9,175.3,192.5,28.8,25.9,1.3,1.6,33.3,-12.6,-15.7,0
168.0,152.3,219.5,235.8,28.0,19.3,0.5,2.0,90.0,3.4,-3.5,212.3,244.7,291.7,226.7,26.0,31.7,2.0,1.3,50.0,-11.7,-8.4,1
141.2,269.4,313.8,246.0,27.1,42.3,2.2,1.4,90.9,-5.8,1.2,112.9,237.4,262.4,256.3,25.8,38.3,1.1,1.3,60.0,-6.4,1.1,0
184.3,111.7,293.7,207.0,34.7,25.7,2.7,1.0,50.0,-0.4,-6.7,140.6,159.6,290.4,244.0,25.8,35.8,2.0,0.2,50.0,-9.4,-3.2,1
131.2,164.8,307.8,189.8,38.4,22.8,1.8,2.8,11.1,13.0,3.1,102.0,266.8,236.2,312.4,15.4,43.2,1.6,2.2,50.0,-18.9,-6.4,0
239.8,120.3,127.8,239.0,27.0,19.5,1.3,1.3,44.4,-8.4,-12.7,136.6,136.8,270.2,273.2,26.8,24.8,1.2,0.8,22.2,-12.6,-13.0,0
120.7,88.0,321.7,254.3,28.3,23.3,1.7,2.0,90.0,2.6,0.0,74.7,220.3,84.0,219.0,2.3,35.3,2.3,1.7,50.0,-16.5,1.7,0
175.0,188.0,175.5,195.5,32.0,18.5,1.5,2.5,33.3,8.3,-7.3,237.0,106.5,169.5,234.0,19.0,20.0,1.0,0.5,66.7,-3.0,-10.0,0
163.5,196.5,210.0,162.0,32.0,22.0,2.0,2.5,50.0,9.3,2.0,126.0,60.0,223.0,119.0,34.0,7.0,1.0,3.0,9.1,10.0,-17.5,1
104.8,122.3,168.5,162.3,18.8,18.8,1.4,1.6,81.8,-1.4,-1.8,122.8,158.3,186.7,180.8,19.7,23.8,1.8,0.7,50.0,-4.3,-3.0,1
319.3,60.3,50.3,178.0,29.7,10.3,1.0,2.7,55.6,-2.0,-13.4,171.5,178.5,212.3,302.0,30.3,32.8,0.8,2.3,44.4,-10.4,-10.1,0
274.3,128.3,236.2,160.2,49.2,15.6,1.6,1.9,70.0,27.6,6.8,121.2,79.5,243.6,255.7,26.5,19.8,1.5,1.4,30.0,6.2,1.8,0
178.5,99.7,211.4,230.6,29.1,20.3,1.8,1.9,90.9,7.8,2.6,106.6,155.9,181.9,176.4,14.9,24.1,1.6,1.3,45.5,-7.2,-3.1,1
94.3,181.3,150.2,209.8,11.8,30.7,1.8,0.8,70.0,-22.9,-15.5,162.6,169.2,168.0,150.4,26.6,23.6,2.0,1.6,40.0,-6.2,-8.9,1
173.3,105.6,187.7,158.6,25.1,18.6,1.9,1.4,77.8,12.4,6.3,141.3,174.3,130.5,249.7,15.5,27.5,1.8,1.3,50.0,-4.9,-2.1,0
215.3,237.5,192.3,209.0,29.0,35.8,1.5,0.8,66.7,2.1,2.6,63.7,150.7,305.3,257.3,25.0,23.7,1.7,2.3,20.0,3.5,5.3,1
116.1,232.1,218.2,258.2,16.1,43.0,3.2,1.3,50.0,-18.2,-5.4,245.5,186.2,264.1,270.4,35.3,32.3,1.6,1.7,77.8,6.3,4.9,1
158.6,103.2,244.7,255.4,29.2,21.3,1.8,1.6,30.0,12.0,7.2,155.7,177.0,295.8,259.9,33.2,31.3,2.4,2.3,60.0,-7.4,-10.9,1
174.2,165.4,230.2,213.7,24.4,25.8,1.2,1.7,60.0,-8.6,-8.8,147.4,214.9,208.9,283.6,20.9,33.1,1.1,1.6,44.4,-14.2,-9.2,1
144.3,42.8,328.7,283.7,36.3,18.3,1.7,3.5,9.1,8.7,-4.2,117.2,113.5,183.7,195.3,25.5,18.2,1.5,1.5,30.0,8.9,0.5,0
185.0,156.0,221.6,246.1,31.4,28.7,1.7,1.4,40.0,-4.6,-9.8,125.4,120.4,178.5,232.5,24.3,22.5,1.9,2.5,80.0,-8.2,-8.7,0
260.3,80.3,266.3,311.7,43.7,12.3,1.7,2.7,45.5,13.5,-12.0,172.5,142.0,196.0,63.5,29.5,12.0,1.0,1.5,60.0,17.4,3.1,1
102.4,148.0,258.0,291.4,24.4,33.5,1.6,1.9,10.0,-11.2,-8.3,111.8,214.2,273.2,296.7,25.4,43.0,2.1,1.0,10.0,-22.4,-11.8,0
164.5,200.9,200.3,202.4,22.1,31.2,1.4,1.4,70.0,-0.9,5.4,266.3,146.2,155.8,165.3,34.0,18.4,1.4,1.7,70.0,14.1,4.1,1
128.8,115.0,123.6,216.2,17.0,23.2,3.0,2.8,80.0,-0.1,0.9,361.3,166.3,58.2,226.5,26.8,29.2,2.0,1.2,55.6,-9.9,-8.0,0
151.9,125.0,226.3,218.3,25.6,19.8,1.4,1.5,50.0,-6.4,-11.0,138.7,110.0,245.2,254.7,24.1,30.0,1.3,1.9,30.0,-9.0,-7.5,1
179.0,130.8,255.5,252.6,32.3,30.0,2.1,1.8,20.0,-5.3,-8.5,173.9,146.4,245.3,182.7,38.8,18.4,1.7,1.9,70.0,12.8,1.4,1
189.6,122.4,285.3,227.9,33.3,18.7,1.3,2.0,55.6,9.0,-0.3,223.1,134.9,212.6,207.3,32.6,28.9,1.7,1.1,66.7,8.1,4.8,1
213.2,150.3,395.0,262.8,45.0,28.2,1.3,1.2,77.8,21.2,11.4,186.9,75.4,234.6,236.1,32.4,15.6,1.3,1.4,66.7,19.4,7.8,1
137.9,149.8,266.0,251.5,25.8,23.5,1.3,1.5,55.6,5.7,4.7,134.2,236.2,149.0,193.5,16.3,33.8,1.6,1.4,66.7,-8.9,-1.9,0
86.7,128.0,207.7,240.3,17.0,29.7,1.3,2.3,50.0,-7.3,-2.5,84.5,159.8,354.8,240.3,24.0,37.3,1.5,1.3,70.0,-3.6,4.0,0
146.3,193.1,163.2,211.6,23.1,32.0,2.5,1.4,55.6,-2.6,0.5,111.5,112.6,259.2,214.3,25.4,22.2,1.3,1.7,77.8,6.8,0.7,0
118.3,99.5,204.5,312.3,25.5,29.0,2.0,1.8,30.0,-4.8,-4.0,125.3,179.5,197.8,198.5,21.3,33.5,2.0,2.3,80.0,-18.4,-12.9,0
