f0,f1,f2,f3,f4,f5,f6,f7,f8,f9,f10,f11,f12,f13,f14,f15,f16,f17,f18,f19,f20,f21,label
116.0,164.0,267.3,251.7,31.3,28.7,1.7,2.3,40.0,12.9,3.6,142.0,221.3,317.3,266.7,29.0,41.0,1.3,1.3,55.6,1.5,-0.4,0
67.3,104.3,174.3,244.0,11.3,25.7,3.0,2.0,40.0,-11.3,-8.4,118.7,201.7,136.0,296.0,14.7,44.0,0.7,0.3,36.4,-24.5,-12.7,1
241.7,105.0,158.7,316.7,30.7,28.3,0.3,2.3,40.0,-6.4,-9.5,286.0,261.7,149.0,204.3,35.7,37.3,2.0,2.0,20.0,-1.7,-4.0,0
272.7,63.0,191.0,193.7,35.7,9.7,1.7,2.7,60.0,10.3,-1.1,104.3,71.3,234.0,253.0,32.0,19.0,1.0,3.0,60.0,7.4,0.8,1
246.7,163.3,193.3,290.7,27.3,27.0,2.0,1.7,77.8,-4.8,-3.1,298.0,242.0,20.7,198.3,20.3,35.3,1.0,1.0,77.8,-7.4,-2.3,1
76.3,184.7,166.7,192.0,12.0,29.3,2.3,1.0,70.0,-1.5,-2.8,110.0,193.7,221.7,159.3,21.3,33.7,1.7,1.3,80.0,-10.3,-2.1,0
224.0,103.3,324.3,402.7,43.3,31.7,1.3,1.7,70.0,22.6,10.9,156.0,129.0,212.3,197.7,20.0,21.0,2.0,1.3,50.0,9.8,3.7,0
84.7,97.0,264.3,177.0,21.3,17.0,2.0,2.0,30.0,4.2,-1.9,117.7,150.7,225.7,158.7,25.0,11.3,1.3,2.0,50.0,9.5,0.0,0
0.0,0.0,0.0,0.0,45.7,24.0,0.3,1.3,30.0,15.7,4.1,0.0,0.0,0.0,0.0,18.3,47.3,0.0,1.0,80.0,-17.8,-4.8,0
111.0,147.3,440.0,275.7,61.7,25.7,0.7,2.7,70.0,10.8,-0.4,142.3,210.3,171.3,211.0,20.7,27.0,1.0,1.7,50.0,-17.8,-5.8,0
146.0,208.0,134.0,330.0,14.0,66.0,4.0,0.0,50.0,-15.4,-14.1,144.0,43.0,310.0,323.0,49.0,21.0,0.0,5.0,40.0,-0.5,-17.9,0
96.0,164.0,229.0,216.0,20.0,27.0,1.0,2.0,80.0,5.5,-3.6,123.0,-5.0,303.0,229.0,30.0,6.0,0.0,2.0,90.0,5.1,-19.0,0
191.5,113.0,237.0,158.0,23.5,13.0,2.5,1.5,55.6,7.4,-5.5,327.5,143.0,126.5,209.5,43.5,20.0,1.0,2.0,88.9,20.3,9.0,1
247.3,67.0,230.7,201.0,49.0,13.7,0.7,2.7,50.0,11.3,-0.5,158.0,162.3,173.0,166.7,32.3,17.0,0.3,2.3,70.0,3.4,-2.1,0
272.3,142.0,153.7,193.3,35.0,24.7,3.3,3.0,90.0,12.6,4.5,198.7,118.3,175.7,215.0,37.0,24.0,1.7,2.7,70.0,12.3,1.9,1
198.7,159.3,346.0,119.0,31.0,17.7,2.3,1.7,44.4,20.9,6.0,142.0,207.3,201.7,244.7,22.0,28.7,1.7,1.7,33.3,-1.2,2.5,1
173.0,122.0,242.7,222.3,29.0,21.7,2.0,2.0,50.0,3.6,0.8,119.7,336.0,242.3,143.0,17.7,40.0,2.3,1.3,30.0,-10.9,0.6,1
231.0,240.5,224.5,156.0,30.5,15.5,2.0,0.5,44.4,8.3,-5.5,276.0,150.3,132.0,177.7,35.7,24.7,1.3,2.3,88.9,16.8,8.4,0
106.7,103.0,263.0,258.0,23.7,25.0,1.0,2.0,40.0,0.8,1.9,111.3,154.3,240.7,197.0,22.7,27.0,2.0,2.3,50.0,-4.5,-0.2,1
141.0,148.7,289.3,380.3,23.7,34.3,2.3,1.7,90.9,1.5,0.1,125.3,165.7,289.3,250.3,27.7,22.3,1.0,1.0,70.0,14.5,5.2,0
182.7,106.3,235.0,252.3,27.3,20.3,0.3,1.3,44.4,-5.7,-7.2,189.0,104.0,313.7,273.0,46.3,22.7,1.7,3.3,55.6,-3.5,-13.2,0
348.0,91.7,211.3,149.3,50.3,13.3,1.3,2.7,60.0,20.9,4.4,121.0,180.0,170.0,241.0,13.3,33.7,1.7,0.3,40.0,-12.2,-6.8,0
140.3,207.0,228.3,204.0,32.7,34.7,1.7,2.0,70.0,-5.4,-0.4,268.0,208.0,116.3,217.7,24.0,32.7,1.7,2.3,77.8,-10.1,-8.2,0
111.0,108.7,346.3,336.7,28.3,34.7,1.0,0.3,77.8,-5.8,-5.9,168.3,187.3,260.3,127.0,29.0,24.0,0.7,1.3,88.9,-4.8,-5.2,1
172.7,109.0,207.3,329.7,33.3,25.0,2.3,1.7,40.0,0.6,-5.3,83.0,187.5,225.0,166.0,18.5,21.5,2.0,1.0,50.0,6.9,-3.9,0
145.5,171.0,299.5,234.5,30.5,16.5,3.0,3.0,90.0,-6.0,-15.5,115.0,363.0,325.0,76.0,40.0,14.0,1.0,3.0,40.0,-3.4,-21.7,0
82.0,150.0,230.7,227.0,17.0,17.0,1.0,2.0,33.3,11.2,8.8,263.0,209.0,137.7,118.3,32.3,21.0,1.0,2.3,44.4,4.8,1.5,0
105.0,232.0,214.0,239.0,28.0,32.0,1.0,0.0,60.0,-6.2,-6.7,113.0,90.0,342.0,129.0,17.0,13.0,2.0,1.0,60.0,0.6,-15.3,1
97.0,127.5,218.0,326.0,26.5,33.5,1.0,1.0,30.0,-5.1,-5.0,72.0,128.5,271.5,327.0,18.5,33.5,1.5,1.0,60.0,-2.5,0.6,1
250.7,284.3,260.0,190.3,41.7,25.7,1.0,2.0,44.4,14.3,-2.7,122.3,225.7,212.0,173.0,18.3,34.3,2.7,1.7,77.8,-6.3,-7.2,1
220.0,78.3,188.3,158.7,45.0,9.3,2.3,4.0,20.0,5.3,-4.1,106.0,258.7,237.3,300.3,20.3,45.3,1.3,2.3,50.0,-19.0,-9.9,0
369.0,131.7,169.3,336.7,46.7,24.3,1.0,0.7,90.0,26.3,10.7,94.3,178.3,195.3,345.0,19.3,43.7,1.0,1.3,30.0,-7.8,0.3,1
0.0,0.0,0.0,0.0,29.7,28.3,0.3,1.0,50.0,-1.8,-1.8,0.0,0.0,0.0,0.0,10.7,27.3,0.0,0.0,80.0,-3.7,-3.7,1
138.0,230.0,211.3,176.3,27.0,27.0,2.0,1.7,20.0,-1.6,3.7,187.3,256.7,267.0,267.3,25.7,41.7,1.7,0.7,88.9,2.2,5.9,1
119.0,123.7,307.7,316.7,29.3,28.3,1.0,1.3,80.0,9.0,4.8,175.3,128.3,172.0,287.0,31.3,29.7,1.7,1.7,9.1,6.3,0.9,1
98.0,180.0,326.0,276.3,34.0,46.3,1.0,1.0,90.9,11.4,6.7,221.7,201.0,86.3,267.3,12.7,38.0,2.0,1.0,50.0,-8.3,1.0,1
136.7,110.7,174.0,211.0,35.3,20.3,0.3,2.3,40.0,2.1,-1.3,198.0,239.3,287.7,197.3,40.0,31.7,1.7,2.3,81.8,-4.6,-4.6,0
52.0,25.0,247.0,219.0,28.0,14.0,1.0,1.0,70.0,4.6,1.0,80.0,199.0,341.0,217.0,24.0,31.0,3.0,2.0,50.0,-5.0,-5.2,0
103.7,176.7,176.7,200.0,16.0,23.7,1.0,1.3,50.0,12.1,7.3,101.0,197.7,210.0,296.0,17.7,35.3,1.3,0.3,30.0,-6.6,-3.2,0
68.3,191.3,284.0,141.0,15.7,32.3,5.7,1.7,50.0,-16.7,-11.4,163.3,216.7,200.3,189.3,24.3,24.7,0.7,2.3,30.0,-12.5,-8.6,0
207.0,189.7,163.7,126.0,23.7,24.0,0.7,2.0,50.0,-1.3,-6.8,218.0,202.3,189.7,280.0,35.0,37.7,0.7,0.7,60.0,-1.0,-3.6,0
144.7,145.0,210.0,237.3,27.7,28.0,2.0,0.7,50.0,10.2,2.7,126.0,157.7,185.7,144.3,17.0,14.0,2.0,1.3,50.0,7.1,1.9,0
179.7,126.0,224.0,146.7,37.7,19.7,0.0,2.0,50.0,-5.0,-8.3,105.0,133.0,132.3,163.0,12.0,24.7,3.0,2.0,50.0,-10.4,-5.7,1
259.3,105.0,266.3,207.3,37.7,11.3,2.0,3.0,70.0,0.7,-3.4,192.3,80.7,304.0,213.3,23.0,19.3,2.3,0.7,70.0,2.1,-4.0,0
272.7,181.0,37.0,173.0,22.7,27.0,2.3,0.3,55.6,-1.5,-9.2,183.3,152.7,118.0,224.3,16.7,26.7,1.3,1.0,77.8,-8.1,-0.5,1
139.7,144.3,230.7,190.0,21.0,21.0,0.3,1.7,70.0,-7.0,-6.3,118.7,179.7,205.0,237.3,11.3,35.7,3.7,1.3,50.0,-15.2,-8.7,0
119.7,105.0,245.3,202.7,26.0,20.7,1.7,1.7,66.7,10.4,2.1,92.0,127.7,294.0,289.0,23.7,33.7,2.0,2.7,100.0,2.0,-0.1,1
216.5,29.0,299.5,87.0,55.0,0.0,1.0,2.0,30.0,26.3,-4.9,170.5,133.5,226.0,138.5,32.0,21.0,2.5,2.5,77.8,15.6,-5.6,1
225.0,174.7,287.3,364.0,47.0,37.7,1.0,2.0,10.0,17.4,8.2,201.0,137.0,281.0,232.7,34.3,25.3,1.3,2.3,18.2,-2.1,-2.3,1
232.3,132.0,224.3,164.7,43.3,16.0,0.3,2.0,88.9,24.2,5.9,128.0,184.0,262.7,204.0,24.0,23.0,2.3,2.3,80.0,-0.3,-3.4,1
132.3,120.7,235.7,282.0,21.3,27.3,2.3,2.3,30.0,3.6,1.1,161.7,91.3,220.0,198.3,27.7,27.0,1.3,1.3,70.0,2.7,1.5,0
135.0,200.3,228.3,232.7,19.3,34.3,1.7,2.0,90.0,-7.9,0.0,128.3,162.3,376.3,262.7,36.3,28.7,0.0,1.0,40.0,8.1,2.3,0
266.7,265.0,264.0,163.3,42.0,29.0,1.3,0.7,30.0,-2.5,-13.3,162.3,169.0,307.7,343.3,38.3,37.0,0.3,1.0,40.0,-6.8,-5.3,1
198.7,123.3,246.7,205.7,42.0,15.0,1.0,3.3,50.0,3.2,-4.4,157.7,190.0,258.7,202.7,31.3,24.0,1.3,1.7,90.0,-5.1,-7.2,1
110.0,146.0,299.7,334.0,17.7,43.3,1.3,0.7,40.0,-2.3,2.8,126.7,179.7,102.3,236.3,13.7,27.7,1.7,2.3,50.0,-0.2,2.7,1
86.0,221.3,219.0,240.0,19.3,30.3,2.3,1.3,70.0,-13.2,-7.5,162.3,228.3,168.0,302.0,13.7,42.3,3.0,0.7,70.0,-25.1,-2.8,0
198.0,242.3,195.0,156.0,26.7,22.7,2.3,2.3,66.7,17.7,8.7,236.7,205.3,326.0,247.0,46.0,35.3,1.0,1.7,88.9,10.9,6.7,0
59.3,175.3,131.7,171.3,13.3,26.7,2.0,1.0,70.0,-1.9,1.3,60.7,128.7,278.3,259.0,22.7,29.7,2.0,2.3,50.0,2.4,1.8,1
220.7,201.0,218.3,194.7,22.3,30.3,1.3,0.7,33.3,0.2,3.5,148.7,206.0,220.7,222.7,22.0,30.3,3.0,2.3,50.0,-11.2,-3.6,0
201.3,75.7,187.0,258.0,37.7,22.3,3.0,3.0,90.0,11.3,4.2,187.0,111.7,214.7,233.7,23.7,25.3,4.0,1.0,90.0,4.6,-0.7,0
173.7,208.3,234.7,177.0,17.3,32.0,2.7,0.3,50.0,5.4,0.6,83.0,302.0,198.3,191.3,14.3,37.0,3.3,1.3,55.6,-15.6,-10.4,0
121.0,161.0,369.0,328.3,32.0,34.3,2.3,1.7,11.1,8.3,1.9,238.3,150.7,262.0,235.7,44.7,34.7,1.3,0.3,77.8,5.1,-0.5,1
54.0,217.3,186.7,152.0,17.3,25.0,1.3,1.0,80.0,6.2,1.9,222.3,80.7,304.0,271.0,51.7,21.0,1.3,1.3,30.0,19.5,6.2,1
199.7,219.3,215.7,192.0,32.3,36.7,1.7,1.3,80.0,-6.3,-8.4,103.7,141.3,120.0,220.3,6.3,20.3,1.3,1.0,50.0,-11.5,-7.3,1
214.7,199.3,266.7,186.7,34.7,31.7,1.7,0.7,77.8,4.9,0.9,159.3,241.7,268.7,171.0,23.7,37.0,1.7,1.7,22.2,-4.1,3.4,0
216.3,326.0,337.0,221.7,38.3,44.0,2.3,1.0,30.0,7.6,5.6,255.7,107.7,130.0,188.0,28.3,24.0,2.3,2.3,30.0,12.6,9.3,0
209.0,47.0,179.0,278.0,31.0,24.0,0.0,3.0,70.0,1.3,-2.2,83.0,149.0,279.0,233.0,30.0,27.0,2.0,2.0,18.2,-2.6,-15.8,0
115.0,256.0,233.0,283.0,16.0,34.0,1.0,0.0,33.3,-19.1,-20.4,138.0,228.5,302.5,225.5,36.0,32.5,1.0,2.0,22.2,-6.4,-12.6,1
224.3,108.3,186.3,264.3,36.3,19.0,1.0,2.7,30.0,10.9,4.1,141.0,178.0,298.7,230.7,31.3,25.0,2.7,1.7,60.0,-1.5,-8.6,1
232.7,147.3,371.0,154.3,53.3,18.3,0.3,2.7,88.9,33.4,4.6,99.0,192.7,226.3,232.7,21.0,36.3,2.3,1.3,66.7,-0.6,2.5,0
74.7,284.7,291.3,239.7,14.0,45.7,1.7,0.7,90.0,-4.1,-2.6,50.0,379.0,158.0,185.3,12.7,47.3,0.7,0.3,80.0,-0.6,3.3,1
178.0,88.7,198.7,228.0,38.3,12.7,0.3,2.7,40.0,3.7,-7.6,122.7,319.0,285.7,156.0,34.7,39.0,2.0,2.0,90.0,11.1,5.1,0
132.7,231.7,238.7,170.0,26.0,23.0,1.3,1.7,80.0,-0.5,-7.0,73.3,234.3,114.0,201.7,8.7,33.3,0.3,1.7,40.0,-11.2,-0.8,1
290.0,102.3,257.7,331.3,39.0,21.0,2.0,2.7,45.5,18.4,8.0,226.7,94.3,239.3,201.0,35.3,12.7,0.7,1.7,40.0,27.7,9.8,1
127.7,173.3,207.3,139.7,20.3,22.7,1.3,0.7,80.0,9.0,9.0,167.0,87.7,207.0,256.3,23.0,16.7,2.7,3.0,40.0,-7.2,-9.8,0
184.7,93.3,269.3,204.7,38.0,20.3,1.7,3.3,50.0,-0.6,-8.8,61.3,214.7,322.0,214.7,28.3,28.7,3.0,1.3,60.0,-15.1,-11.1,0
218.0,119.0,234.0,224.3,26.3,18.0,0.7,1.3,50.0,1.6,-3.3,245.3,224.0,95.3,157.7,26.7,25.7,1.3,1.3,72.7,-15.2,-10.4,1
150.7,123.7,412.3,272.7,38.3,28.0,1.7,1.7,70.0,14.0,2.8,260.3,223.0,237.0,297.3,45.7,47.0,1.0,1.7,40.0,9.0,3.6,1
317.3,141.3,253.3,292.3,55.7,29.7,1.3,3.0,10.0,13.0,-7.0,161.3,103.3,406.3,235.7,54.3,18.3,1.0,1.7,70.0,22.5,0.5,1
95.0,141.0,346.3,289.3,38.7,29.7,2.7,1.7,50.0,18.7,6.0,17.7,205.3,205.7,185.0,19.3,25.7,2.3,2.7,70.0,-10.2,-10.2,1
158.7,67.7,259.7,147.3,36.3,7.7,2.3,3.0,60.0,14.1,-1.4,140.7,193.0,226.0,243.0,25.0,29.3,1.0,2.0,50.0,-17.6,-7.4,0
122.7,169.0,245.0,256.7,28.7,33.3,1.3,2.0,50.0,-11.3,-7.8,131.3,98.0,119.0,300.3,15.7,29.7,0.7,2.0,50.0,-7.8,-4.4,1
159.7,257.0,181.0,162.3,13.3,38.7,2.7,2.0,80.0,-16.4,-9.4,79.3,83.7,168.0,194.7,15.0,30.3,2.3,1.0,72.7,-14.3,-7.3,1
163.3,201.0,249.7,228.3,40.7,28.0,1.3,2.0,40.0,-2.4,-8.3,182.3,155.3,276.7,250.0,32.3,26.7,2.0,2.3,60.0,-7.6,-7.0,1
159.0,162.7,176.7,213.7,25.0,28.3,1.7,2.7,80.0,16.1,6.3,122.7,161.3,217.7,218.7,18.3,35.0,0.7,1.0,90.0,8.9,4.3,0
194.0,89.0,222.0,220.0,29.0,22.0,1.5,2.0,50.0,-6.2,-7.9,106.0,252.0,168.0,80.0,22.0,9.5,2.0,2.5,50.0,-6.4,-10.2,0
120.7,77.0,118.0,178.7,21.0,18.7,1.7,2.3,80.0,5.7,3.5,114.3,114.7,361.7,292.0,35.3,30.3,3.0,2.3,70.0,5.4,8.5,1
143.7,158.0,384.3,245.0,40.0,25.0,0.7,1.3,66.7,7.8,-1.4,64.3,202.3,216.3,301.3,15.7,45.0,3.7,1.0,50.0,-17.6,-11.9,1
101.3,270.7,195.7,223.7,17.0,47.0,2.7,1.3,22.2,-0.5,3.8,162.7,302.3,297.0,221.3,34.7,39.7,1.0,0.7,90.0,-1.8,-0.2,1
151.7,125.0,153.7,233.7,21.3,22.7,2.0,2.3,70.0,-2.2,-6.9,98.7,171.3,195.3,276.7,15.3,41.0,2.0,1.3,80.0,-10.0,3.1,1
161.7,94.0,237.0,223.0,24.7,15.0,1.7,1.0,80.0,12.7,3.5,187.0,195.7,152.7,205.0,18.3,33.3,3.7,2.0,70.0,-1.3,-1.6,0
186.3,96.3,258.3,224.7,35.3,17.0,1.3,2.0,60.0,13.7,7.3,135.7,118.0,276.7,176.3,24.7,11.0,0.3,1.7,40.0,7.6,2.6,1
123.3,115.7,139.3,218.7,14.7,25.3,3.0,1.7,70.0,-4.4,-2.2,79.7,153.3,269.7,193.0,23.0,24.7,1.7,2.0,36.4,-4.3,-2.4,1
274.0,118.0,197.0,242.3,34.3,10.0,1.0,1.7,70.0,18.2,5.2,133.3,250.0,333.3,173.7,39.3,27.3,2.0,1.7,100.0,15.5,6.6,1
99.0,110.7,238.7,233.0,20.3,29.3,2.3,1.7,20.0,-19.9,-20.8,46.0,126.0,203.0,285.7,14.0,36.0,2.3,1.0,70.0,-15.8,-12.8,0
256.3,169.3,330.0,252.7,47.0,34.0,2.3,0.0,100.0,20.4,6.1,140.0,174.3,244.0,185.7,31.0,24.0,1.3,1.7,45.5,7.8,-1.8,0
132.7,150.3,286.3,309.7,31.3,30.0,1.3,2.3,18.2,9.5,10.5,163.3,98.0,172.0,228.7,33.0,24.0,1.3,2.0,60.0,11.5,5.0,0
126.0,208.7,268.0,256.7,30.7,41.7,1.3,1.0,90.0,-4.5,-0.2,142.7,97.3,271.3,154.3,26.0,21.7,2.3,1.7,40.0,6.3,1.3,0
165.0,156.3,318.0,286.0,40.0,25.3,2.0,1.3,100.0,10.2,3.5,269.7,124.7,124.0,139.0,27.3,16.7,1.3,1.7,70.0,13.4,1.1,0
169.7,95.7,302.7,177.0,32.3,13.7,1.0,1.7,50.0,18.4,-2.0,116.3,290.7,334.0,288.3,20.3,32.0,1.0,2.3,80.0,-2.1,1.4,0
0.0,0.0,0.0,0.0,35.7,25.0,0.7,1.0,30.0,7.4,7.4,0.0,0.0,0.0,0.0,12.3,47.3,1.0,0.3,80.0,-15.0,-15.0,1
177.3,79.3,182.0,90.7,24.0,10.0,1.3,1.3,80.0,25.7,8.1,286.0,91.3,114.3,157.3,45.0,10.0,0.7,3.0,60.0,28.4,12.3,0
217.3,134.7,288.7,173.3,58.0,23.3,0.7,2.0,70.0,10.9,-0.7,134.0,161.7,191.0,244.0,21.3,33.0,1.0,2.0,70.0,-6.3,-2.0,1
174.0,193.0,205.0,189.0,23.7,22.7,0.7,1.3,40.0,3.7,0.4,122.0,176.3,167.7,314.3,17.0,39.7,1.0,0.3,33.3,-15.9,-8.8,0
183.0,98.7,151.0,202.7,24.3,14.7,0.3,1.0,55.6,11.1,4.9,108.3,183.3,323.7,160.3,37.7,26.7,0.3,1.0,100.0,5.7,2.6,0
96.7,135.7,292.7,246.0,30.3,17.0,0.0,1.0,50.0,11.2,3.2,222.7,176.3,180.7,173.7,38.0,19.3,1.0,2.3,50.0,3.2,3.3,0
354.0,14.0,331.0,301.0,49.0,14.0,3.0,1.0,30.0,6.8,-10.3,60.0,177.0,377.0,341.0,17.0,63.0,3.0,1.0,70.0,-10.7,7.2,0
217.0,116.7,220.7,174.7,46.0,16.3,1.7,3.3,40.0,7.0,-2.0,108.0,190.0,258.7,215.7,26.7,31.3,1.7,1.0,60.0,-7.6,-9.9,1
6.0,241.0,362.0,211.0,24.0,44.0,1.0,2.0,30.0,-22.6,-8.4,110.0,67.0,192.0,304.0,17.0,19.0,1.0,1.0,60.0,-3.0,11.7,1
146.3,144.3,166.3,172.0,15.3,15.7,1.3,2.3,60.0,-14.1,-10.0,216.7,171.3,175.7,200.7,28.0,27.7,3.0,1.0,60.0,-7.5,-7.3,1
108.7,93.7,342.7,231.0,25.7,27.3,2.0,1.0,77.8,6.4,0.2,64.3,112.3,268.0,201.7,26.3,25.3,2.3,0.7,80.0,6.0,1.0,1
127.3,279.0,283.3,164.0,22.0,20.7,0.7,1.3,44.4,-11.0,-12.1,96.3,257.7,281.3,202.7,26.3,38.7,2.7,1.0,33.3,-22.0,-5.9,0
200.7,122.3,191.3,209.7,22.3,26.7,1.7,1.3,30.0,5.0,4.0,161.7,160.3,210.7,306.7,22.7,37.0,1.3,2.3,100.0,-10.2,-5.1,1
151.0,125.5,237.0,193.0,26.0,24.0,2.0,1.5,50.0,3.9,-0.1,84.0,147.5,186.5,249.0,22.5,30.5,2.5,2.0,30.0,-0.7,4.7,0
136.7,170.7,360.3,310.3,42.7,40.7,1.7,2.0,30.0,8.4,0.8,220.7,258.3,186.0,308.7,25.3,45.3,0.7,1.0,66.7,-3.5,-2.0,0
126.5,90.0,220.5,283.5,32.5,16.5,1.0,1.5,50.0,-2.7,-11.4,235.0,57.0,187.0,84.0,30.0,3.0,0.0,2.0,40.0,11.3,-11.1,1
190.7,77.0,343.7,373.3,41.0,25.3,0.7,1.7,50.0,0.5,-4.0,196.0,165.0,175.7,251.0,26.0,20.7,0.7,3.7,10.0,-7.9,-8.6,0
112.5,168.5,100.5,230.0,4.5,30.5,3.0,3.0,50.0,-12.4,-7.0,119.0,119.7,238.0,149.0,26.3,16.3,2.0,2.0,70.0,4.2,0.4,0
167.0,203.3,209.3,235.7,24.0,21.0,1.3,2.7,70.0,11.6,5.2,124.7,232.7,184.7,182.7,21.0,29.0,1.3,1.3,80.0,12.3,8.8,1
396.0,180.3,83.0,274.7,51.7,43.3,0.7,1.3,80.0,-7.1,-8.6,92.3,346.0,182.3,190.7,18.3,40.0,2.0,1.3,55.6,-16.6,-9.2,1
28.0,118.0,329.0,147.0,14.0,13.0,4.0,2.0,90.0,11.4,20.8,39.0,201.0,325.0,211.0,13.0,37.0,2.0,1.0,80.0,-16.1,5.0,0
149.3,189.7,206.7,173.7,25.7,27.7,1.3,1.7,50.0,-8.6,-9.4,117.7,291.0,316.0,240.0,26.0,35.7,1.7,0.3,50.0,-5.1,-4.0,0
369.7,94.0,183.7,377.0,45.3,32.7,1.0,1.7,20.0,-2.1,-6.5,87.0,238.7,218.0,213.7,17.7,38.3,2.0,2.0,30.0,-14.7,-4.7,1
191.7,171.7,335.3,373.0,35.7,34.7,0.3,0.7,55.6,-4.0,-4.5,121.3,106.3,258.3,323.0,23.7,31.0,2.7,1.0,77.8,2.7,-4.4,0
137.0,246.7,269.3,173.7,36.0,31.3,0.7,0.3,66.7,6.8,2.0,118.0,114.0,239.0,334.5,25.5,31.0,0.5,1.5,22.2,-8.3,-7.1,1
52.5,164.5,447.0,224.5,42.0,31.0,0.5,2.0,18.2,6.2,-2.2,64.0,263.0,216.0,182.0,7.0,42.0,4.0,1.0,80.0,-10.8,-7.7,1
142.7,107.0,281.3,223.7,32.0,23.7,1.0,1.0,30.0,5.4,0.0,135.7,220.3,204.7,156.3,20.7,29.0,1.7,1.0,18.2,-0.4,1.3,1
111.0,176.7,268.0,224.0,26.0,22.7,2.0,2.7,33.3,7.0,7.0,188.3,281.3,238.7,170.7,24.3,31.7,2.3,1.0,44.4,7.6,7.6,1
190.0,96.0,98.0,183.0,34.0,10.0,0.0,1.0,80.0,8.6,-9.1,117.0,126.0,391.0,128.0,20.0,23.0,5.0,0.0,80.0,6.3,3.3,1
219.0,100.0,305.0,200.0,22.0,13.0,2.0,3.0,80.0,-0.5,-12.7,249.0,151.0,190.5,227.0,27.0,33.0,2.0,1.5,50.0,-4.5,-0.1,1
188.0,21.7,302.3,187.7,37.0,5.7,1.3,1.3,33.3,26.3,2.6,154.7,98.3,251.3,203.3,23.0,10.0,1.3,1.0,66.7,14.6,5.5,0
144.0,102.7,164.3,207.7,18.0,27.7,2.3,2.0,60.0,-3.1,-5.1,120.7,160.7,249.7,130.3,24.3,20.3,2.0,1.7,36.4,-5.4,-5.0,1
210.7,138.7,173.7,168.0,28.7,21.3,1.0,1.3,60.0,3.9,-7.4,126.3,261.3,182.0,267.7,21.0,52.7,0.7,1.7,40.0,-18.2,0.2,1
199.0,139.3,347.3,204.7,54.7,12.3,1.0,2.0,88.9,36.1,7.4,151.5,321.0,194.0,231.0,19.0,43.0,0.5,1.0,40.0,-17.6,-15.4,1
146.0,125.0,293.0,356.0,30.7,35.7,1.3,1.3,20.0,-10.3,-11.0,199.3,286.3,304.0,167.3,38.3,32.0,1.0,1.7,40.0,-3.9,-10.5,1
-12.0,140.3,237.7,233.0,6.7,22.7,1.3,1.0,70.0,-7.2,0.0,49.7,203.3,146.0,227.7,6.7,32.7,2.7,2.0,30.0,-13.3,3.8,1
260.3,81.3,275.7,265.0,38.7,19.0,2.0,1.3,77.8,15.0,9.5,78.0,193.0,310.0,190.3,31.0,32.0,3.0,3.0,33.3,7.7,6.3,0
128.3,98.3,427.0,321.0,39.3,30.0,1.7,1.3,70.0,13.4,2.7,179.3,301.3,321.3,274.3,33.3,44.7,1.7,1.0,81.8,5.3,3.7,1
137.7,150.0,184.0,113.0,29.0,10.0,1.0,2.0,55.6,9.9,-3.5,123.0,140.7,150.0,173.0,20.3,20.0,2.3,0.7,33.3,7.9,3.7,1
361.0,169.3,182.7,246.0,43.7,29.3,2.3,1.7,40.0,-7.1,-7.1,101.7,142.3,242.0,212.0,32.0,21.3,2.0,2.3,50.0,-9.8,-4.3,0
95.7,252.0,405.0,281.7,23.0,40.0,2.3,0.3,66.7,-16.0,-7.2,290.0,344.3,154.0,214.7,28.7,44.3,1.7,1.0,70.0,-25.2,-10.7,0
161.7,81.0,202.0,227.3,20.7,19.7,1.7,2.0,90.0,7.5,0.8,140.3,114.0,274.0,200.3,28.3,21.3,3.0,2.0,80.0,1.1,-4.0,1
80.0,337.0,205.0,155.0,14.0,31.0,0.0,1.0,33.3,-4.9,-5.7,117.5,150.5,342.0,252.5,28.0,24.0,1.5,0.5,22.2,-9.0,-6.3,1
142.7,117.7,360.3,273.0,36.3,28.3,2.7,2.3,90.0,9.5,3.1,195.0,180.7,226.7,216.0,20.3,19.3,1.7,2.3,80.0,-7.7,-1.5,1
179.0,161.0,291.0,172.3,30.7,22.7,2.7,1.7,66.7,11.0,6.9,67.3,167.0,405.7,278.0,32.0,18.0,1.0,2.0,44.4,5.8,2.8,1
159.0,150.0,186.7,217.3,25.7,23.7,2.0,1.0,50.0,14.9,8.7,140.7,169.3,232.0,270.3,18.0,33.7,2.7,0.7,72.7,-31.5,-20.7,1
99.7,111.0,249.0,197.7,18.7,20.0,1.7,2.0,33.3,8.3,6.3,183.0,158.3,248.7,257.3,24.0,39.3,2.3,2.3,66.7,0.9,-2.0,0
148.3,144.7,217.7,171.7,21.3,16.0,1.3,1.3,66.7,16.6,8.0,155.0,172.3,175.0,200.3,23.3,21.7,0.7,1.3,88.9,3.0,1.7,1
225.7,141.3,301.3,314.3,38.3,27.3,0.7,2.3,77.8,13.6,6.0,180.0,148.0,190.7,211.0,28.3,18.7,0.3,1.7,30.0,15.8,7.4,0
134.0,80.3,208.3,249.3,12.0,18.0,1.7,0.7,60.0,0.4,-1.0,125.7,138.7,151.7,236.3,16.0,29.7,3.0,0.0,55.6,-5.0,-5.0,1
287.5,151.0,148.0,131.0,31.0,37.5,1.0,1.0,30.0,-4.5,-4.0,60.5,107.5,194.0,128.5,13.0,14.0,1.5,2.0,50.0,0.2,1.5,1
159.3,158.7,254.0,155.0,33.3,23.7,1.3,2.0,50.0,-7.0,-9.1,134.3,40.7,219.3,316.7,26.0,19.0,0.3,1.7,80.0,0.3,-5.3,0
332.0,134.0,150.3,148.7,34.7,18.3,1.3,0.7,30.0,15.5,0.9,122.0,258.0,267.7,200.7,22.3,40.7,1.3,1.3,50.0,-1.7,-0.1,1
99.7,100.3,307.7,298.0,34.3,27.0,2.7,3.0,50.0,-6.4,-5.1,38.0,162.0,341.0,225.0,29.0,28.0,1.0,2.0,20.0,-3.1,-3.9,0
109.7,315.0,214.3,158.3,14.7,34.7,2.0,1.3,22.2,3.8,6.4,246.7,199.0,156.7,318.0,25.3,39.7,1.3,2.0,50.0,1.3,2.4,1
271.7,100.7,218.7,190.7,33.7,9.0,1.7,2.0,80.0,14.1,-10.9,88.3,107.7,255.0,228.3,26.0,26.0,1.0,1.0,80.0,6.3,-1.5,0
153.3,77.7,190.0,232.7,17.7,25.0,2.3,0.3,70.0,5.3,2.3,153.7,121.7,231.7,188.0,18.7,18.0,1.7,0.7,81.8,-2.6,0.1,0
123.7,243.3,353.0,318.7,33.3,46.3,1.3,1.3,44.4,-11.4,-7.7,253.0,153.7,243.7,244.7,39.0,22.7,1.0,1.7,60.0,-1.7,-9.5,1
88.3,89.7,318.3,262.3,23.7,21.7,1.7,1.0,70.0,11.4,2.9,77.0,321.3,270.7,253.3,22.3,45.0,1.7,2.7,50.0,-17.3,-4.8,1
195.3,181.3,266.7,247.0,26.0,29.0,1.3,1.3,100.0,0.9,0.2,129.0,317.3,136.3,122.3,13.0,45.3,3.0,1.3,50.0,-12.0,-4.1,0
212.3,228.7,239.3,209.7,22.3,34.7,3.3,0.7,70.0,-7.1,-3.7,198.7,180.3,252.7,235.7,31.0,23.3,2.3,2.7,30.0,-1.3,-5.3,0
410.0,153.0,124.3,280.3,43.0,26.7,0.3,0.7,77.8,4.1,5.3,221.7,161.7,265.0,296.3,35.7,33.0,1.3,0.7,66.7,-2.8,-0.1,0
104.0,135.3,146.7,144.7,14.3,17.0,1.7,1.7,70.0,-5.1,-3.5,55.0,174.7,194.3,252.3,7.7,33.7,2.0,1.7,80.0,-9.6,-5.9,1
197.7,282.3,211.3,214.7,23.0,42.3,1.7,0.3,70.0,-16.6,-10.1,120.7,278.0,239.3,205.3,22.7,42.0,2.7,1.3,33.3,-14.4,-8.5,0
232.0,192.0,168.3,281.0,20.3,30.7,1.7,2.3,66.7,-6.4,2.2,193.3,202.7,176.7,233.7,20.0,32.0,1.7,1.7,70.0,6.0,13.6,0
169.3,114.7,274.0,275.3,37.7,26.3,1.7,1.0,20.0,-3.4,-6.3,180.7,48.0,218.3,255.3,31.3,20.7,0.0,2.7,50.0,-3.1,-3.5,0
169.0,183.3,261.7,272.3,46.3,47.3,2.3,2.3,77.8,12.6,3.5,115.0,151.5,189.0,185.0,34.0,20.5,1.0,2.0,55.6,9.3,1.1,1
0.0,0.0,0.0,0.0,38.0,25.0,1.7,1.3,45.5,9.1,5.4,0.0,0.0,0.0,0.0,15.0,32.0,1.3,0.7,72.7,-26.3,-6.4,1
159.0,84.3,115.7,204.0,27.7,17.0,1.0,1.3,80.0,-1.8,-11.6,308.7,79.7,67.3,193.7,28.7,13.7,0.7,2.3,30.0,1.1,-7.8,1
110.0,155.0,221.3,243.7,26.7,20.3,1.7,2.7,80.0,2.0,-1.8,173.0,142.3,167.7,182.3,24.0,23.0,2.0,1.0,30.0,-1.8,1.5,0
188.3,82.7,277.7,173.7,30.7,13.3,1.3,1.0,60.0,16.3,5.1,137.0,144.0,199.7,228.7,17.7,23.7,2.0,0.7,40.0,1.7,-3.0,0
146.0,124.3,260.3,199.0,34.0,18.3,1.3,3.0,60.0,-7.8,-8.1,88.3,145.7,165.7,196.0,16.7,14.0,0.7,1.7,50.0,-9.6,-9.0,1
79.3,172.3,185.7,207.0,20.7,32.0,1.3,3.7,50.0,-18.3,-15.9,159.7,135.7,248.0,234.0,36.7,26.0,1.7,2.0,40.0,-8.4,-3.5,1
246.3,59.0,128.3,244.0,35.7,19.3,1.7,2.7,80.0,14.6,2.9,153.0,111.0,204.0,239.0,24.0,28.0,3.3,2.0,90.9,1.9,0.7,1
141.7,301.7,213.7,266.3,17.7,36.3,2.3,1.7,33.3,-20.6,-15.2,114.0,149.3,209.0,251.3,19.7,46.7,4.3,0.3,33.3,-21.4,-10.2,1
111.0,261.7,292.7,179.3,27.3,35.7,0.7,1.0,30.0,-13.7,-8.3,42.0,206.3,105.0,85.3,2.0,35.0,3.7,1.0,36.4,-35.1,-19.5,1
247.7,135.0,230.3,133.7,37.0,14.7,1.7,2.3,44.4,27.9,4.0,313.3,163.0,229.3,327.0,36.0,30.7,1.7,0.7,10.0,-2.6,-8.4,1
177.0,98.0,414.0,259.3,51.0,27.3,1.7,1.7,55.6,25.7,5.8,132.7,117.3,293.0,187.7,29.0,12.3,3.0,4.0,33.3,17.6,4.6,1
85.0,221.0,243.0,305.0,21.0,43.5,1.0,1.5,60.0,-9.1,-5.1,62.3,253.0,168.0,228.3,11.0,56.7,1.7,1.3,50.0,-18.8,8.5,1
290.0,232.7,313.7,216.3,48.7,34.7,2.0,4.0,60.0,-13.2,-11.7,177.0,149.7,222.3,258.7,25.0,25.3,1.7,4.0,36.4,-14.1,-9.3,0
125.3,124.3,248.3,260.3,26.0,27.7,1.3,2.0,70.0,9.4,2.3,193.3,67.0,139.3,290.7,23.0,21.7,0.3,0.7,9.1,2.9,-0.5,0
137.3,163.0,173.3,177.0,19.7,21.0,2.3,2.7,90.0,4.2,-3.4,264.0,44.7,225.7,217.0,33.7,20.7,1.3,1.7,10.0,-5.2,-5.2,1
135.3,4.7,171.7,200.3,18.0,6.3,1.0,2.3,80.0,12.8,1.3,63.3,157.3,206.0,229.3,18.0,25.3,3.3,2.0,40.0,-6.1,-7.4,0
211.5,127.0,297.0,220.5,45.0,21.0,0.5,1.5,100.0,32.4,16.7,113.5,92.0,148.0,278.5,29.5,32.0,3.0,3.5,50.0,-3.3,3.7,1
227.5,70.5,279.5,180.0,50.0,13.5,1.5,2.0,40.0,20.5,-5.3,105.3,201.7,207.0,169.3,24.0,16.3,1.7,2.3,50.0,-5.5,-6.5,1
114.0,241.0,222.7,242.0,19.7,35.0,1.3,1.3,44.4,-13.7,-12.2,154.7,247.7,186.7,277.3,27.3,47.7,1.0,1.3,0.0,-35.7,-22.3,1
226.5,60.5,166.5,202.0,30.5,6.5,2.5,2.5,40.0,13.8,-6.5,102.0,95.0,257.0,176.0,14.0,22.0,5.0,3.0,45.5,-5.4,-14.3,1
159.7,192.3,456.7,229.3,64.0,21.7,1.0,2.3,80.0,11.6,-7.8,108.3,150.7,288.3,289.0,20.0,40.0,3.0,2.3,30.0,-19.8,-7.2,0
154.7,159.0,179.3,189.0,28.0,15.7,0.0,4.0,30.0,16.2,6.6,290.3,110.0,196.0,181.3,31.7,13.7,1.3,1.7,30.0,17.9,6.2,1
185.0,37.0,376.0,293.0,37.0,13.0,1.0,0.0,44.4,27.0,4.4,188.0,56.0,262.0,286.0,38.0,20.0,3.0,7.0,80.0,6.0,-3.6,0
0.0,0.0,0.0,0.0,23.7,22.7,1.0,0.3,80.0,15.3,15.3,0.0,0.0,0.0,0.0,32.3,36.7,1.0,0.7,50.0,-9.1,-9.1,1
138.7,103.0,209.7,288.3,25.0,28.3,2.3,2.0,90.9,2.6,2.3,188.3,140.7,180.7,219.0,17.3,27.0,3.0,2.7,20.0,-5.2,1.3,0
420.3,147.7,90.7,328.3,49.7,30.3,1.3,2.0,80.0,2.2,-4.3,205.3,209.7,89.7,187.7,23.3,32.3,1.3,1.7,55.6,-7.7,-9.3,0
43.7,69.3,135.3,122.3,12.7,16.7,1.3,2.0,36.4,-6.9,-5.7,97.0,250.7,119.7,91.0,10.0,36.7,3.7,1.3,55.6,-11.9,-6.1,0
162.7,98.0,239.3,204.0,22.0,23.0,2.3,1.0,60.0,-3.2,-8.9,163.3,199.3,210.3,157.3,23.0,36.0,2.3,1.0,40.0,-4.7,-7.3,0
120.0,130.0,114.0,117.0,31.0,3.0,1.0,4.0,70.0,1.6,-15.0,125.5,184.5,170.0,170.5,15.5,29.0,2.5,0.5,70.0,-5.3,1.1,1
225.0,57.5,396.5,173.0,54.0,10.5,1.0,2.0,50.0,25.5,-5.7,93.5,180.5,234.5,192.5,24.0,24.5,1.0,1.0,60.0,-3.5,-2.1,1
174.0,168.3,210.3,184.0,26.7,26.3,1.7,1.0,18.2,-3.4,-2.8,123.0,215.0,438.0,277.7,51.7,35.3,2.7,4.3,60.0,-1.0,-5.2,1
139.0,171.7,308.0,209.3,32.0,17.0,3.0,1.3,20.0,4.5,-4.9,217.0,194.3,88.7,208.7,19.3,41.0,2.0,0.3,50.0,-15.6,0.8,0
164.0,281.0,412.3,337.0,40.7,47.3,2.0,1.0,90.0,7.4,6.2,171.0,156.3,263.3,201.0,26.0,24.7,1.3,1.0,60.0,-2.2,-5.8,0
115.3,208.3,255.7,247.7,19.3,19.7,1.7,1.3,55.6,-1.1,-1.6,201.0,159.0,197.0,207.0,33.7,10.3,0.0,1.7,66.7,5.8,-10.3,1
210.0,101.0,237.7,328.0,45.3,35.7,1.3,1.7,66.7,7.5,-3.3,224.7,123.3,138.7,222.0,25.3,13.0,1.0,1.0,44.4,-3.9,-10.5,1
172.0,121.7,233.3,267.0,29.3,26.3,0.3,1.0,60.0,12.8,5.0,122.7,264.3,282.3,232.3,32.0,39.3,1.7,1.7,70.0,14.2,7.9,0
73.0,140.7,124.0,187.0,5.7,29.7,3.0,1.3,10.0,-9.3,-7.1,123.3,114.0,106.3,202.3,13.3,22.3,2.3,1.7,90.0,-9.0,2.1,0
110.0,141.0,202.0,314.3,21.3,31.3,0.7,0.3,30.0,3.8,8.7,191.0,144.0,243.3,231.3,41.7,17.7,1.0,3.0,66.7,16.0,-0.1,0
196.0,76.7,306.7,178.7,51.3,11.3,1.3,2.7,60.0,25.0,2.9,145.3,82.7,343.0,198.0,39.0,12.7,1.3,3.7,70.0,6.6,-2.7,1
153.7,169.7,300.7,189.7,32.7,22.3,3.0,2.3,44.4,21.7,11.5,113.0,75.3,176.3,146.3,20.3,19.7,1.7,1.7,10.0,-1.4,-6.0,1
145.0,187.3,230.3,188.3,26.0,25.3,0.7,1.0,70.0,9.0,1.1,265.7,101.7,87.7,288.3,27.0,32.7,1.7,2.0,80.0,-5.8,-3.7,0
130.3,163.3,158.0,257.0,17.0,27.3,2.0,2.0,50.0,-6.9,-3.0,65.3,200.3,215.0,259.3,21.0,40.7,0.0,1.0,30.0,-13.9,-11.1,1
89.0,70.0,321.0,323.0,33.0,23.0,1.0,2.0,80.0,12.4,6.0,262.0,103.0,250.0,401.0,38.0,20.0,0.0,5.0,77.8,3.1,-11.5,1
142.7,174.3,296.0,204.3,40.3,26.7,2.3,2.3,36.4,7.4,7.4,110.3,86.3,239.0,228.7,25.7,19.7,3.0,1.7,50.0,-7.4,-7.4,1
156.3,192.3,223.0,189.3,24.7,25.7,1.3,1.7,80.0,10.8,6.9,230.0,134.0,174.7,180.7,31.7,17.7,1.3,2.0,40.0,12.6,2.2,0
239.0,131.3,271.7,237.7,47.0,20.7,1.7,1.7,70.0,23.1,6.4,78.3,166.0,211.3,233.7,14.7,29.3,3.3,2.3,50.0,-0.3,0.0,0
151.3,72.7,248.0,246.0,24.3,17.0,2.3,0.3,30.0,2.1,-2.0,159.5,164.5,123.0,106.5,21.5,6.5,2.0,3.5,10.0,-0.2,-9.1,0
84.0,180.7,156.3,176.7,12.3,31.7,2.0,1.3,72.7,0.1,-3.6,256.7,123.7,126.3,190.3,34.3,15.7,0.3,3.7,70.0,8.3,3.9,1
261.7,221.3,296.3,266.0,41.0,36.3,1.7,2.0,70.0,7.3,-2.0,125.3,212.7,237.7,154.0,26.3,19.0,0.0,1.7,80.0,17.1,6.1,1
181.7,81.3,180.0,194.7,26.3,15.0,0.7,2.0,70.0,7.8,-4.6,104.7,224.3,151.3,187.3,14.3,35.3,1.3,0.7,30.0,-14.3,-6.3,0
81.3,193.7,260.3,144.3,22.3,30.0,3.0,1.7,30.0,5.7,1.0,177.0,159.0,227.7,198.3,26.7,35.7,3.3,1.7,18.2,-2.0,0.9,0
158.0,115.0,226.5,201.5,24.5,22.0,2.5,0.5,30.0,-3.6,-14.0,202.3,137.0,99.3,178.0,23.0,17.7,2.0,1.3,70.0,2.5,-5.9,1
185.7,102.3,226.7,278.3,33.0,21.3,1.0,1.7,66.7,0.3,1.4,336.7,171.0,205.7,315.0,40.3,35.0,1.7,2.3,80.0,4.7,-2.2,1
162.7,117.3,201.7,385.0,24.3,25.0,0.7,2.7,66.7,-0.8,-3.2,129.0,188.7,373.3,322.3,28.0,39.7,1.0,0.7,30.0,-4.8,-0.7,1
208.3,178.3,264.3,293.3,29.7,35.7,1.7,0.7,80.0,9.0,5.0,151.0,209.7,226.3,210.7,26.0,30.0,3.0,2.0,80.0,10.8,9.3,0
170.7,79.3,388.3,183.3,40.0,19.3,2.3,2.0,90.0,8.2,3.5,70.3,196.3,170.3,220.3,12.3,30.0,3.0,1.3,70.0,-5.7,-2.3,0
183.7,95.3,183.3,273.3,20.0,17.3,1.3,2.0,90.9,3.4,1.8,184.0,135.3,199.0,255.3,26.7,27.7,1.3,2.0,30.0,-13.9,-11.4,1
241.3,127.3,169.0,265.7,39.0,25.7,1.3,1.3,30.0,17.2,6.8,186.0,210.3,263.7,262.0,26.3,28.7,1.0,1.7,30.0,-3.5,-4.5,1
155.7,211.7,230.7,247.3,27.3,34.7,2.3,1.0,60.0,-8.3,-7.5,222.7,199.7,196.0,193.3,29.3,23.7,0.3,1.3,40.0,-12.9,-11.3,0
182.0,67.3,134.7,249.3,28.3,14.7,1.0,4.0,50.0,-8.0,-11.6,201.3,162.3,67.7,161.7,14.0,20.3,1.0,1.3,55.6,-13.5,-12.0,0
156.0,180.0,158.7,309.0,20.7,41.3,1.0,0.7,22.2,-21.1,-11.1,91.3,286.7,128.7,147.0,13.3,36.0,1.3,1.3,66.7,-14.9,-9.0,1
299.0,212.0,210.0,176.7,42.7,28.3,1.0,0.7,60.0,-0.9,-4.1,224.3,85.7,207.0,195.3,34.3,9.0,0.3,2.0,50.0,-2.1,-8.8,1
184.0,87.3,153.3,182.0,17.0,20.7,1.7,1.7,50.0,-0.2,1.9,110.3,182.7,252.0,161.3,28.7,18.0,1.0,1.0,10.0,-5.4,-9.4,0
198.3,115.0,345.7,196.0,47.7,13.7,2.0,1.7,60.0,25.9,1.7,247.3,116.3,197.0,239.0,35.7,29.0,1.0,1.7,70.0,-2.3,-6.6,0
128.0,194.3,408.0,235.0,40.3,30.3,2.0,2.3,80.0,4.3,-7.9,103.3,178.3,214.7,229.3,19.0,30.0,2.3,1.7,20.0,-13.6,-10.3,1
168.3,168.7,324.0,265.0,34.0,30.3,1.0,1.7,70.0,0.8,-4.4,207.0,234.3,220.0,265.0,29.0,33.0,1.3,1.0,22.2,-5.4,-3.5,1
147.0,153.7,215.0,188.7,26.0,25.7,1.7,1.0,40.0,7.5,4.9,114.0,125.3,259.3,204.3,23.7,19.0,0.7,2.7,50.0,-3.2,-3.9,1
64.3,159.3,242.0,281.7,28.7,31.3,0.7,2.0,30.0,-5.9,-10.0,186.7,173.3,237.3,284.3,26.0,40.3,2.3,0.3,70.0,-23.5,-14.3,0
181.7,140.3,113.0,201.0,24.3,18.7,0.3,0.3,30.0,-27.0,-19.9,141.7,204.7,94.3,219.3,14.7,32.0,0.7,2.0,0.0,-27.9,-14.7,0
247.3,150.7,216.3,300.0,39.3,32.3,0.7,1.7,44.4,-14.6,-13.2,153.0,165.7,209.0,215.7,28.7,23.0,1.0,3.0,88.9,-11.0,-8.8,0
167.3,173.0,230.0,219.7,26.3,31.7,1.3,1.7,30.0,6.6,3.2,124.7,229.7,154.3,264.0,23.0,37.3,0.3,0.7,30.0,-4.5,0.0,0
163.3,113.3,303.7,123.3,31.3,19.3,2.7,2.7,40.0,1.7,-3.5,152.3,204.0,171.7,283.0,17.0,33.3,1.7,1.3,70.0,-24.8,-5.8,0
216.3,134.7,197.3,200.3,25.0,22.7,1.7,2.0,40.0,-0.6,-2.2,326.7,122.3,148.3,137.3,32.7,9.0,1.0,2.0,30.0,20.3,8.0,0
274.3,95.0,151.7,163.0,29.7,14.3,0.3,1.3,30.0,6.0,-0.5,120.3,183.0,273.7,173.7,28.3,23.0,1.7,1.3,100.0,-4.1,-5.3,1
325.7,49.0,60.0,221.7,40.0,18.3,0.0,1.7,55.6,7.6,0.9,256.7,114.7,173.7,294.3,32.0,34.7,1.0,0.7,33.3,-1.2,-3.6,1
91.0,127.3,382.3,294.0,30.0,37.7,2.3,1.3,77.8,9.7,7.5,109.3,118.3,155.0,274.3,16.7,25.3,0.7,0.7,60.0,1.4,3.0,0
129.0,164.3,240.0,235.3,23.3,32.7,1.0,1.0,60.0,-12.2,-4.2,121.7,238.7,222.0,237.3,18.0,40.7,3.0,0.7,50.0,-14.8,-6.0,1
288.3,164.0,137.7,285.0,37.3,33.7,1.0,2.0,77.8,0.4,4.7,175.0,91.0,169.0,241.0,25.0,16.0,1.3,2.0,80.0,4.2,0.6,0
166.3,207.7,158.0,175.7,22.3,28.7,1.3,2.0,40.0,-8.1,-3.6,57.3,281.3,277.0,263.3,13.3,50.7,3.7,2.3,70.0,-29.1,-12.9,0
83.7,124.7,293.0,259.0,25.3,28.0,2.7,2.0,80.0,2.5,2.5,170.0,105.0,152.3,251.3,23.7,25.0,2.0,2.0,70.0,2.5,-0.4,0
154.3,146.7,220.0,333.7,18.3,35.7,1.3,1.0,30.0,-3.5,2.5,135.3,191.0,249.3,223.7,26.7,26.0,0.3,1.3,30.0,3.0,5.4,0
254.0,150.7,35.0,137.3,14.0,15.0,1.3,1.0,44.4,3.2,3.1,104.7,169.3,106.0,261.7,9.3,31.3,2.0,1.3,80.0,-10.4,0.3,1
140.3,146.3,193.3,204.0,23.0,17.7,1.0,2.0,66.7,14.9,8.6,84.7,113.0,466.0,267.7,41.3,26.0,1.3,2.0,77.8,11.4,7.1,1
319.0,146.0,97.0,279.0,37.0,29.0,2.0,4.0,80.0,2.7,-13.6,97.5,331.5,432.0,161.5,50.5,33.5,1.5,0.5,33.3,8.3,-5.2,1
100.7,161.0,198.7,176.7,14.3,30.0,1.7,1.3,50.0,-13.4,-6.5,123.3,181.7,276.0,182.7,34.3,24.3,1.0,2.0,30.0,-3.3,-3.4,0
63.0,153.3,292.0,252.7,32.0,35.0,2.3,1.7,80.0,4.7,3.6,50.3,258.0,184.7,176.3,6.3,34.7,3.3,2.3,30.0,-13.3,2.8,0
150.0,270.5,223.5,127.0,30.5,19.0,2.0,5.0,50.0,4.3,-7.4,58.7,138.3,204.7,220.3,15.0,30.0,2.0,1.3,72.7,-11.7,-7.5,0
108.7,149.0,193.7,268.0,13.7,31.0,1.7,2.7,60.0,8.2,5.1,111.3,154.7,178.3,159.7,16.3,19.0,1.7,1.3,30.0,2.9,2.5,0
93.0,154.3,342.3,285.7,25.3,38.0,4.0,0.3,70.0,8.5,4.1,60.3,212.3,136.7,160.7,12.0,32.7,1.0,1.3,30.0,6.5,4.8,1
106.0,161.7,213.0,251.7,16.7,31.7,2.7,2.7,50.0,-8.1,-7.8,141.3,141.3,268.3,260.0,24.3,29.0,1.3,1.0,60.0,-0.9,-0.9,1
198.0,106.3,351.0,302.7,41.3,22.0,1.3,0.7,40.0,11.5,-0.6,199.3,113.3,186.3,189.0,29.3,24.0,1.0,1.0,70.0,8.7,-1.4,0
160.3,34.3,206.7,220.0,26.7,19.3,1.0,0.7,70.0,6.9,2.1,199.0,75.7,185.3,262.0,35.7,19.7,1.0,3.0,50.0,2.2,-3.4,1
143.7,301.3,264.7,76.0,19.0,27.7,1.7,1.3,50.0,-4.4,-3.0,160.7,252.0,245.3,196.0,27.0,28.3,2.0,1.7,11.1,-17.9,-10.4,0
115.3,224.0,166.7,203.7,14.0,23.7,2.7,1.0,20.0,-14.0,-18.1,144.0,229.0,310.0,146.0,24.0,30.0,3.0,1.0,70.0,-4.0,-4.5,0
207.0,120.0,179.7,249.0,25.0,26.7,2.3,1.7,70.0,-18.9,-12.2,180.7,167.0,204.0,168.0,26.0,15.7,1.7,2.3,44.4,-13.0,-12.1,0
98.3,220.3,271.7,193.7,17.7,20.0,1.0,0.3,50.0,12.8,7.5,107.0,203.3,168.0,202.0,14.0,33.7,2.0,0.7,60.0,-16.9,-13.8,1
140.3,88.7,222.0,209.0,30.7,25.3,1.0,3.0,60.0,11.5,0.1,229.0,108.3,151.3,319.0,31.7,29.3,1.7,2.0,90.0,13.9,3.6,1
145.7,230.7,275.3,166.7,34.7,28.7,1.0,1.7,70.0,9.2,3.9,206.7,208.7,115.7,187.7,27.3,23.7,1.7,2.3,50.0,3.8,1.3,1
0.0,0.0,0.0,0.0,35.7,17.0,1.0,1.0,60.0,26.3,4.1,0.0,0.0,0.0,0.0,26.3,31.0,0.7,1.0,90.0,10.6,5.1,0
106.0,36.3,212.3,194.3,20.0,9.0,0.7,2.7,50.0,-0.6,-1.7,152.7,208.7,224.7,307.7,14.7,35.7,2.3,1.0,40.0,-7.6,-0.3,1
199.7,142.0,160.3,182.3,19.7,16.0,2.7,2.3,80.0,2.7,-1.4,114.0,148.7,238.3,262.7,19.0,36.3,1.7,1.7,50.0,-11.0,-11.8,1
211.7,149.0,161.7,280.0,21.7,28.3,2.0,3.0,45.5,6.8,5.4,243.3,137.0,154.3,240.0,31.0,38.7,3.0,1.7,90.9,-3.1,-1.7,0
191.7,134.7,153.3,348.3,28.3,33.0,1.3,2.7,50.0,-2.8,-3.6,192.7,102.3,88.7,207.3,21.3,21.3,2.3,3.0,30.0,-4.7,-0.9,1
0.0,0.0,0.0,0.0,29.3,54.3,1.7,0.3,50.0,-5.9,-4.1,0.0,0.0,0.0,0.0,15.3,13.3,0.0,0.7,9.1,-0.5,0.1,0
169.7,93.7,245.0,297.0,31.0,13.3,1.0,1.3,50.0,4.3,-3.6,111.3,155.3,238.3,247.0,24.3,33.3,2.0,2.7,50.0,-13.3,-18.9,0
251.3,96.3,225.0,211.3,40.3,15.0,0.7,2.0,30.0,17.2,5.9,97.0,109.7,278.0,237.0,30.7,28.0,2.0,2.0,70.0,5.1,4.3,0
183.3,130.0,308.3,116.3,28.7,17.0,3.7,2.0,77.8,-3.4,-8.3,117.7,144.3,201.3,261.7,15.0,31.3,2.3,1.3,22.2,-24.0,-17.4,0
146.7,178.0,312.0,306.0,24.3,31.7,1.0,1.7,30.0,-3.0,2.0,113.7,158.0,144.7,190.7,15.0,36.0,2.0,1.0,10.0,-5.1,-5.5,1
174.7,108.0,373.0,243.0,41.3,23.7,2.0,2.0,70.0,11.3,2.7,69.7,233.0,510.3,188.0,40.7,24.3,2.0,1.3,90.9,14.0,-3.7,0
140.3,225.3,288.3,261.0,32.0,40.0,2.0,1.3,80.0,0.6,2.3,100.0,92.3,249.7,266.7,20.7,16.3,1.7,2.7,50.0,0.0,-6.1,1
171.3,193.3,294.3,229.7,26.0,19.7,2.3,2.0,40.0,7.3,1.7,110.7,179.3,515.7,221.7,50.7,36.0,1.0,0.7,90.0,7.0,-1.1,0
286.0,296.0,149.0,167.0,24.0,47.0,1.0,0.0,33.3,-11.9,-19.1,153.0,170.0,283.0,378.0,17.0,23.0,1.0,3.0,77.8,-4.4,-9.8,1
65.0,189.3,232.7,180.7,16.0,25.7,1.0,0.3,22.2,-25.4,-14.4,90.0,196.3,151.7,278.7,11.3,39.7,1.7,1.0,50.0,-26.5,-13.6,1
60.0,202.0,290.0,271.0,15.0,33.0,3.0,1.0,50.0,-7.1,9.7,164.0,309.0,174.0,336.0,14.0,59.0,2.0,1.0,72.7,-22.8,8.4,0
299.0,89.0,186.0,238.0,38.0,14.0,1.0,2.0,30.0,5.0,-14.0,93.0,345.0,254.0,79.0,32.0,31.0,1.0,1.0,40.0,-7.9,-5.7,0
146.0,184.0,332.7,263.7,29.3,29.7,1.3,2.3,30.0,-8.6,-8.1,215.3,241.0,201.7,236.0,26.7,26.3,2.0,2.3,40.0,-12.0,-6.6,1
177.3,124.7,284.7,242.7,43.3,13.7,0.7,3.3,90.0,11.2,-0.8,269.3,191.3,89.3,141.0,17.7,21.3,1.7,1.7,30.0,1.1,-0.5,1
239.3,39.0,242.3,142.7,42.0,3.3,1.7,2.0,100.0,21.7,3.8,178.0,87.7,171.0,158.3,17.7,25.3,3.7,1.7,70.0,-5.9,-1.6,1
196.3,57.7,278.7,249.3,48.7,11.0,1.3,1.0,70.0,22.6,-7.4,155.0,210.3,182.3,116.3,25.3,23.3,2.0,1.7,30.0,-1.0,-4.1,1
161.0,101.0,417.7,173.7,43.0,19.3,2.3,2.3,90.9,11.8,-5.0,101.3,236.7,219.3,309.3,24.0,43.7,3.0,3.0,36.4,-3.6,-1.2,0
213.0,69.3,206.3,234.3,33.0,16.3,1.0,3.3,36.4,-6.9,-9.3,160.3,197.3,238.7,203.3,29.0,37.7,2.0,0.7,55.6,-0.1,-1.7,0
119.7,63.0,222.0,263.0,28.0,14.7,1.7,2.7,30.0,11.3,1.0,137.3,202.7,322.0,378.7,31.3,41.7,2.3,2.7,70.0,2.4,2.5,0
185.3,138.7,109.7,213.0,26.0,21.0,1.0,2.0,70.0,-5.2,-2.1,146.7,171.0,233.0,309.7,17.0,44.7,2.7,3.0,50.0,-20.7,-10.4,1
88.7,76.3,322.7,204.3,27.0,12.0,2.3,2.7,80.0,24.6,11.7,184.0,77.3,146.7,350.7,32.0,28.7,1.0,3.3,50.0,-2.5,-5.3,1
117.3,200.7,279.7,224.3,32.0,32.3,1.7,2.0,11.1,-10.6,-5.5,192.0,292.7,272.3,143.0,30.0,29.7,1.0,0.3,77.8,-11.0,-10.1,1
180.5,177.5,242.5,198.0,30.5,25.5,2.0,1.5,80.0,-1.3,-6.6,115.5,195.0,170.0,278.5,17.0,34.0,1.5,1.0,77.8,-1.0,-5.6,1
197.0,46.7,211.3,230.7,32.3,24.0,0.3,2.7,70.0,-2.6,-8.2,103.3,218.7,136.7,220.0,6.7,40.0,2.3,0.3,72.7,-24.3,-6.4,0
192.3,92.7,281.3,280.0,39.0,26.7,0.7,2.0,30.0,9.5,-3.2,180.3,96.7,227.7,189.0,37.0,12.0,0.7,3.0,80.0,19.1,2.6,1
298.0,147.0,241.0,217.3,39.0,32.0,1.3,1.3,11.1,-11.3,-8.8,223.3,200.0,86.3,183.3,24.0,24.0,1.0,1.7,55.6,-2.4,-6.8,0
143.0,95.3,212.3,137.0,22.3,11.0,2.0,2.0,50.0,6.5,1.7,141.0,179.7,179.7,190.7,15.3,34.3,2.0,0.3,40.0,-18.5,-9.3,0
270.3,150.7,391.0,311.7,51.7,33.7,1.0,3.0,50.0,5.2,-6.1,85.3,173.3,231.3,286.3,18.3,44.7,2.7,2.0,50.0,-14.5,-16.6,1
180.5,156.5,190.0,201.5,33.0,25.5,1.0,2.5,66.7,1.4,-5.3,201.0,168.5,284.0,207.0,41.5,25.5,3.0,4.5,11.1,6.4,0.3,1
210.7,98.0,205.3,235.3,33.0,28.7,1.7,1.7,20.0,-16.3,-13.1,170.3,184.0,217.0,181.3,23.7,29.0,1.7,2.3,40.0,-6.1,-7.0,0
291.7,107.7,191.3,231.7,33.3,22.0,3.0,2.0,20.0,8.6,-3.0,141.3,187.7,129.3,269.3,14.7,28.3,1.3,1.7,50.0,-13.6,-6.4,1
91.3,221.0,207.7,349.0,15.7,43.3,3.3,1.7,50.0,-15.0,-8.9,66.7,166.0,217.3,142.0,19.3,20.7,2.7,2.0,45.5,-1.1,1.4,1
144.0,158.7,197.3,196.0,25.3,27.3,0.7,1.3,90.0,9.7,4.6,212.0,74.3,239.7,182.7,35.3,7.7,3.7,2.7,60.0,0.4,-4.5,0
208.0,68.3,212.3,156.7,36.0,15.0,0.7,1.7,77.8,25.7,4.3,151.0,298.7,132.0,196.7,14.7,33.3,0.7,1.0,50.0,-6.8,-3.8,0
74.0,118.0,250.3,222.0,18.3,14.7,0.7,1.3,77.8,12.9,10.3,55.0,171.0,209.0,252.3,9.7,37.0,1.3,0.3,50.0,-20.8,-7.7,0
191.5,152.5,158.5,265.5,31.0,35.5,1.0,1.5,60.0,4.9,4.7,173.0,103.0,89.0,191.0,7.0,10.0,1.0,1.0,30.0,3.4,0.8,1
53.7,146.0,172.7,224.0,17.3,28.7,2.0,1.3,70.0,-0.9,2.2,54.3,23.3,47.7,65.3,12.3,26.3,1.3,1.7,30.0,-3.5,1.7,0
315.0,339.0,230.0,134.0,27.0,48.0,4.0,0.0,80.0,0.3,18.0,44.0,266.0,199.0,223.0,17.0,38.0,3.0,2.0,80.0,-18.0,-9.6,0
76.0,156.5,262.5,263.0,23.5,30.5,1.5,2.5,30.0,-10.1,-4.4,170.0,37.0,210.5,201.5,36.5,13.0,1.5,2.5,66.7,-2.8,-22.0,1
141.0,177.0,192.0,259.7,27.7,32.3,1.3,1.7,33.3,-4.7,-8.4,167.7,145.3,281.0,200.3,29.7,25.7,1.3,1.3,44.4,6.1,6.0,1
240.3,168.3,99.0,205.7,29.3,22.0,1.0,2.7,77.8,5.1,-3.1,270.3,122.7,180.7,276.7,37.0,19.3,1.3,2.7,77.8,-2.4,-4.2,1
119.7,120.3,152.0,258.0,16.0,27.3,2.3,0.3,80.0,1.4,-0.1,114.0,69.3,253.7,237.7,22.3,15.3,1.0,2.3,40.0,3.6,-3.0,1
226.7,158.3,352.3,247.0,51.3,23.7,1.7,2.3,30.0,-1.3,-6.3,122.3,212.0,370.7,242.0,43.3,45.0,3.0,2.0,50.0,-18.6,-11.8,1
219.3,88.7,231.0,178.3,29.7,17.3,1.7,2.0,70.0,11.2,-0.4,135.7,84.7,145.7,248.0,16.0,25.3,2.0,1.0,30.0,-8.8,-4.6,0
129.5,51.0,230.0,252.5,19.0,13.5,1.5,3.5,80.0,0.2,-5.1,51.0,161.0,377.0,190.0,19.0,21.0,0.0,2.0,30.0,-2.6,-8.5,0
232.3,82.0,128.3,297.0,21.7,24.7,3.3,0.7,30.0,-0.7,2.6,55.0,263.0,86.3,237.3,5.3,54.3,2.0,1.3,50.0,-23.0,-8.4,1
57.0,84.7,220.7,299.7,17.3,35.7,1.7,1.0,77.8,1.8,1.8,219.7,276.0,194.7,284.3,24.3,39.3,1.0,1.3,44.4,-5.1,0.2,0
204.3,104.0,164.3,152.3,32.0,8.3,1.0,1.7,60.0,25.5,12.6,181.0,179.7,179.3,207.7,14.3,32.7,2.3,1.3,90.9,-8.0,-0.9,0
140.0,167.0,373.0,315.0,34.7,38.0,1.3,0.7,77.8,0.8,-0.1,131.7,169.7,265.3,268.7,24.3,23.7,1.0,3.0,70.0,-8.8,-6.7,0
94.3,204.7,202.7,199.0,19.3,26.3,1.0,2.0,88.9,8.9,14.7,109.3,189.3,215.0,103.3,15.3,18.0,1.3,1.0,70.0,-12.9,-11.3,1
154.7,167.7,227.0,275.7,32.0,32.0,1.0,2.3,50.0,-9.1,-9.4,104.0,298.0,194.0,177.3,12.3,46.0,3.3,1.3,60.0,-22.5,-11.8,1
160.0,142.0,152.7,119.0,29.7,14.3,2.3,4.7,80.0,3.1,-3.0,139.7,52.3,210.0,270.3,15.3,13.7,1.0,1.0,60.0,2.2,-1.1,0
222.3,171.0,260.7,214.7,39.0,27.0,2.0,2.0,30.0,8.5,-1.5,232.0,149.0,201.0,291.7,29.7,25.0,1.3,2.3,30.0,1.9,-4.3,0
142.7,178.3,208.0,254.7,29.0,28.3,1.3,0.7,33.3,8.9,7.1,218.7,232.7,409.3,229.7,41.0,28.3,0.3,1.0,90.0,3.4,2.3,1
368.0,164.0,178.0,102.0,63.0,14.0,0.0,1.0,55.6,9.2,-22.0,111.7,201.0,165.0,234.3,13.7,34.3,0.3,0.3,50.0,-18.2,4.1,1
256.7,154.0,268.0,254.3,45.0,24.0,1.3,1.7,55.6,-6.0,-13.2,121.0,141.3,315.3,254.0,27.7,29.7,1.0,1.0,77.8,-4.3,-5.9,1
172.5,104.5,239.5,271.0,29.0,24.5,1.0,1.0,80.0,7.3,-1.2,149.0,222.0,211.0,219.0,23.0,26.0,1.0,2.0,50.0,-4.9,-18.3,1
114.7,155.3,284.7,261.3,24.0,25.3,0.7,0.7,40.0,14.3,8.7,289.7,216.3,240.7,273.3,38.0,31.3,0.3,2.0,90.9,16.1,9.1,0
136.0,226.5,242.0,215.0,22.0,25.5,1.0,1.0,50.0,-2.2,-6.2,94.0,156.3,222.3,258.3,20.7,31.7,2.3,1.7,50.0,-13.1,-4.4,1
238.7,202.0,59.7,314.7,23.3,31.7,1.3,1.7,70.0,-12.7,-8.0,148.3,191.3,174.3,300.7,20.3,35.0,1.3,1.3,40.0,-16.6,-10.0,1
146.3,340.7,108.0,179.0,17.3,34.0,1.0,1.3,80.0,-11.0,-5.6,101.3,233.7,198.0,229.0,15.3,41.0,2.3,0.3,80.0,-12.9,-8.7,1
138.0,63.0,201.0,277.0,37.7,20.3,0.7,4.3,70.0,16.1,3.9,72.0,145.3,330.3,157.0,23.0,31.3,4.0,1.7,90.9,3.2,-0.8,0
141.7,146.0,248.3,243.3,30.7,26.0,2.3,1.0,60.0,-9.0,-8.4,187.7,139.7,108.0,268.0,26.7,25.3,0.7,2.0,10.0,-4.0,-5.0,1
202.0,105.7,218.0,152.0,30.3,16.0,0.3,1.0,80.0,6.0,-4.4,168.7,81.3,251.0,142.0,35.3,12.7,0.7,2.0,30.0,10.1,-3.6,1
213.7,123.0,187.7,210.7,36.7,20.3,1.3,1.3,30.0,14.4,-0.1,66.0,171.0,301.7,109.0,25.3,12.7,3.3,1.7,50.0,4.3,0.3,1
103.7,178.7,295.7,157.7,30.3,18.3,0.7,1.3,50.0,15.8,7.8,201.7,214.7,216.0,177.3,26.7,24.7,2.3,1.7,36.4,11.0,9.0,1
48.0,174.3,289.3,214.3,23.0,34.3,2.0,2.3,45.5,-8.0,-2.7,129.3,72.0,160.3,201.7,25.7,14.0,0.0,1.7,80.0,5.2,0.4,0
343.7,80.7,156.7,230.3,47.0,20.3,1.3,2.3,36.4,16.4,-5.7,101.0,86.0,242.7,275.3,20.7,25.3,0.7,2.7,70.0,-6.9,-3.7,0
147.3,109.0,141.0,189.3,15.3,22.7,1.7,1.7,30.0,-3.4,-5.5,214.7,122.0,337.3,239.7,36.7,22.7,1.3,0.0,70.0,5.3,0.8,1
191.7,91.7,193.7,155.3,21.7,15.3,3.7,1.7,30.0,17.1,3.5,171.0,106.0,167.0,155.0,27.7,9.0,1.3,1.7,81.8,3.5,-1.8,1
140.7,106.0,311.0,276.0,27.7,23.0,0.3,0.7,80.0,3.3,-1.2,192.3,133.3,268.3,159.0,33.3,26.0,1.7,0.0,30.0,3.4,-2.5,0
49.5,161.0,149.5,244.5,13.5,34.5,2.0,1.5,50.0,-14.9,1.2,204.0,192.0,227.0,337.0,36.0,31.0,0.0,2.0,50.0,-4.2,-17.4,1
82.3,172.7,344.3,150.7,31.0,16.3,1.0,1.3,77.8,-6.8,-17.7,131.0,306.3,121.3,194.7,10.3,43.7,2.3,1.0,70.0,-20.8,-12.0,0
207.0,67.0,266.7,278.7,46.3,15.7,1.0,2.7,70.0,15.1,-7.4,175.7,187.7,301.3,139.7,34.3,20.3,1.7,1.0,50.0,7.8,-10.1,0
135.3,143.3,296.7,196.3,28.7,19.3,2.7,2.7,33.3,17.4,8.8,135.0,160.7,183.3,206.3,19.3,19.3,1.3,2.7,33.3,11.6,11.5,1
305.3,148.3,108.7,193.0,34.3,19.0,2.3,2.3,36.4,21.0,5.2,193.0,115.3,230.3,247.7,38.0,22.7,1.0,1.7,80.0,22.7,6.1,0
67.5,211.0,290.5,234.5,13.0,38.0,1.0,0.5,20.0,-16.2,-5.4,61.5,238.0,135.5,133.0,6.0,30.5,3.0,0.0,30.0,-26.4,-10.1,1
230.0,114.3,302.3,405.7,35.3,38.7,1.3,2.0,66.7,5.1,4.8,115.0,218.0,285.7,243.0,23.3,39.0,2.3,1.0,66.7,3.7,2.4,1
242.7,110.7,175.3,252.3,36.3,20.7,1.3,2.0,40.0,-0.5,-7.2,161.3,97.7,352.7,374.3,34.7,34.3,2.0,1.0,60.0,-11.3,-11.0,0
154.3,131.7,185.7,227.7,24.0,20.3,0.7,0.7,50.0,-8.4,-2.0,125.0,187.0,192.0,147.3,29.3,16.0,1.0,2.3,40.0,8.1,0.9,1
37.3,105.7,187.0,142.3,18.7,23.0,2.3,1.7,40.0,2.4,-1.0,232.0,240.3,50.3,257.0,18.7,45.0,2.0,0.7,100.0,-5.7,-1.9,0
243.3,146.3,200.7,233.3,35.0,30.0,1.3,3.3,30.0,0.3,0.3,151.7,341.0,266.0,200.3,28.3,42.7,2.0,2.0,77.8,-20.8,-20.8,0
104.7,169.0,177.0,215.3,16.0,29.7,2.0,2.0,100.0,-8.8,-7.4,161.0,146.0,206.7,178.0,17.0,25.0,2.3,1.0,70.0,-7.0,-3.4,0
134.3,123.7,283.7,261.7,31.7,24.3,1.3,2.3,60.0,14.4,6.6,114.7,137.7,260.7,267.7,17.7,32.7,3.3,1.0,20.0,-0.8,2.2,1
93.3,211.3,246.7,271.7,26.7,33.7,1.7,1.3,70.0,-6.1,-9.1,123.3,180.3,173.7,294.7,16.0,45.7,1.7,0.3,80.0,-24.4,-13.6,0
164.7,142.3,291.0,203.0,33.3,25.3,1.3,1.7,11.1,-3.4,-5.3,209.7,113.7,254.0,162.7,32.7,22.3,2.3,1.3,33.3,-0.6,-9.9,0
134.7,151.3,282.7,257.7,36.7,31.7,1.3,2.0,66.7,14.0,5.3,133.3,170.3,223.7,266.7,28.0,35.7,0.3,0.7,20.0,-1.9,0.6,0
114.3,144.0,229.3,271.0,25.0,30.7,0.7,2.0,10.0,3.6,4.0,216.3,180.0,263.3,143.7,27.3,24.3,3.0,1.7,77.8,4.1,2.3,1
234.7,104.0,159.0,192.3,36.0,19.7,1.0,1.0,100.0,11.0,0.8,162.3,168.0,278.0,170.3,38.3,20.3,1.3,0.7,80.0,11.7,4.2,1
119.0,118.3,165.3,179.0,13.0,17.7,1.0,1.7,70.0,-5.8,-5.9,163.3,63.7,201.3,330.0,34.0,25.3,1.7,2.7,30.0,-1.3,-2.8,0
173.0,123.0,318.0,343.0,46.0,27.0,0.0,2.0,90.0,24.7,4.2,51.0,151.0,282.0,226.0,17.0,13.0,0.0,2.0,40.0,-15.2,-22.2,0
224.0,83.3,172.3,254.7,37.0,25.0,0.7,3.0,30.0,16.4,9.3,181.3,130.7,310.3,194.3,40.7,19.3,1.0,2.3,60.0,11.4,-5.9,1
289.3,194.3,137.7,109.3,37.7,24.3,2.0,1.7,30.0,5.0,0.0,96.0,207.7,143.0,232.3,18.3,39.7,1.3,1.3,80.0,-17.2,-6.7,0
239.3,58.0,198.0,127.7,44.3,3.3,0.3,1.3,90.0,34.7,13.0,232.3,125.3,111.3,210.0,26.0,14.7,1.3,0.7,50.0,6.7,-0.3,0
181.7,264.7,164.7,188.3,16.0,25.7,2.0,2.0,100.0,9.1,4.8,140.3,156.0,80.0,171.0,9.3,20.0,2.0,3.0,80.0,0.8,3.6,0
194.0,140.0,137.7,153.7,15.0,21.7,1.0,0.0,77.8,2.9,-1.3,123.7,250.7,225.3,215.0,18.7,35.0,3.7,1.0,33.3,-25.7,-11.7,1
136.0,28.0,379.0,158.0,31.0,7.0,2.0,1.0,40.0,15.5,-7.7,90.0,112.0,167.0,248.0,20.0,23.0,2.0,2.0,30.0,-7.8,-2.9,0
253.7,209.3,262.7,287.3,32.0,29.3,0.7,1.3,11.1,10.3,3.4,149.3,193.7,232.0,201.0,25.0,29.0,2.0,2.0,30.0,13.8,8.2,1
147.3,179.0,283.7,304.0,22.3,24.7,1.3,2.3,11.1,-11.3,-4.3,271.0,140.0,191.0,113.7,41.3,13.3,0.3,1.7,44.4,-9.8,-15.1,1
146.3,167.0,193.3,227.7,12.3,34.3,2.7,1.7,50.0,-12.8,-7.9,64.3,281.0,268.3,267.3,28.3,42.0,2.3,2.7,30.0,-11.3,-3.3,0
286.3,183.3,224.3,294.7,39.3,36.7,1.3,1.7,80.0,2.2,-4.9,69.0,215.3,300.0,219.0,12.0,42.7,3.0,0.3,66.7,-16.6,-9.1,0
173.3,102.0,186.7,398.3,31.7,27.7,1.3,2.3,44.4,6.1,2.3,201.7,118.0,346.7,423.0,50.3,47.7,2.3,2.7,11.1,19.7,9.2,1
130.0,82.3,302.3,356.0,31.0,22.7,1.0,1.7,55.6,8.0,4.9,213.7,188.3,106.0,185.7,24.7,23.7,0.7,0.7,66.7,4.5,-0.1,1
106.0,133.0,321.7,179.0,25.7,20.3,0.7,1.3,40.0,6.6,2.5,197.3,106.0,162.3,256.3,27.0,24.7,0.7,0.7,66.7,7.4,7.8,1
118.0,132.3,191.3,233.7,28.3,24.0,1.7,2.0,60.0,-5.6,-8.4,252.3,76.3,137.3,272.3,45.7,20.7,1.3,2.3,50.0,-1.9,-9.9,1
193.3,117.0,211.7,158.0,27.3,23.7,1.3,1.3,44.4,-10.4,-10.3,156.3,164.0,145.7,253.7,16.0,32.0,1.3,0.7,77.8,-17.1,-12.5,1
207.3,38.0,211.3,154.7,35.3,8.3,1.3,2.3,60.0,24.2,-0.7,204.0,72.0,253.7,266.0,35.3,21.3,1.0,1.7,30.0,16.3,-1.1,1
192.0,107.0,208.0,200.3,29.7,15.3,1.7,2.7,80.0,7.4,-2.2,226.3,156.0,39.0,102.7,13.3,12.0,0.7,2.0,30.0,4.5,-2.5,1
119.0,84.3,188.0,270.7,24.7,20.3,1.0,2.0,44.4,1.5,-4.1,124.0,213.3,198.0,226.0,10.0,39.0,3.3,0.3,66.7,-9.4,-5.8,0
383.3,85.3,121.3,134.0,40.0,8.0,0.3,1.7,33.3,1.8,-6.4,172.7,246.0,202.3,93.3,28.3,29.7,2.3,0.3,55.6,2.1,-1.5,1
141.3,231.3,138.7,171.3,17.7,35.7,2.0,1.0,50.0,1.7,3.6,240.0,172.7,224.7,215.7,34.3,32.0,1.7,1.3,40.0,8.0,0.9,1
251.7,55.0,201.3,202.0,33.0,13.7,0.7,0.3,80.0,22.8,4.7,68.7,188.0,235.3,274.0,22.3,34.7,0.7,1.0,30.0,6.2,5.7,1
233.7,92.7,189.3,137.3,35.3,16.0,2.3,3.3,36.4,19.5,1.4,165.3,125.7,291.3,220.7,30.3,23.0,2.7,2.0,50.0,8.8,-2.1,0
91.0,121.0,333.3,326.0,30.7,34.0,2.0,1.3,20.0,-2.4,-3.3,145.0,68.0,217.0,245.3,31.3,20.3,2.0,2.3,70.0,-2.4,-7.1,1
101.7,70.3,247.7,240.0,19.0,27.7,2.3,2.3,50.0,-4.9,-7.0,240.0,94.7,189.3,272.7,38.3,21.7,1.7,2.0,90.0,16.0,2.5,0
118.7,140.0,312.7,329.7,28.7,45.7,2.3,1.0,11.1,-2.5,-2.8,225.0,168.7,285.7,157.3,32.3,13.3,0.3,1.3,44.4,-1.2,-14.4,1
144.7,48.0,283.7,225.3,35.7,16.0,1.0,1.7,90.0,5.5,5.5,57.3,129.7,394.3,271.3,28.3,31.7,2.7,1.0,50.0,-7.7,-7.7,1
176.0,127.0,277.0,185.7,34.0,32.0,2.3,1.3,70.0,0.9,-1.8,141.3,102.7,312.3,160.3,28.3,19.0,2.0,1.3,80.0,2.8,-2.2,1
122.0,152.7,124.0,128.7,7.0,27.0,2.7,1.3,40.0,-6.2,-6.9,107.7,259.7,182.3,115.7,15.3,27.7,2.0,1.3,36.4,-12.6,-4.2,1
153.7,108.3,165.0,399.7,25.7,31.0,0.3,1.3,44.4,7.6,4.8,239.3,181.0,260.0,321.3,32.7,33.3,1.7,1.7,77.8,4.8,2.6,0
248.7,109.3,126.7,242.3,26.0,21.7,2.0,2.0,45.5,7.9,3.0,118.0,143.3,215.3,193.3,27.7,26.0,2.3,1.3,30.0,15.3,6.5,1
250.0,100.0,309.0,235.0,54.0,10.5,1.0,1.5,88.9,31.5,0.3,210.0,154.0,336.0,322.0,47.0,27.0,1.0,0.0,90.0,8.7,-1.0,0
152.3,88.7,321.7,300.3,41.0,28.3,2.0,2.3,60.0,20.9,2.4,118.3,244.3,174.7,181.3,12.7,26.7,1.7,0.7,70.0,-31.7,-16.8,0
230.3,153.0,192.7,201.0,28.0,16.7,1.3,2.7,30.0,4.4,-5.4,235.7,153.0,219.7,170.0,42.3,19.3,1.7,1.7,40.0,5.0,-6.2,0
209.0,204.0,241.0,195.7,26.0,27.3,2.0,1.0,70.0,-3.5,-4.8,144.0,141.3,118.3,211.0,14.7,27.0,2.0,1.7,72.7,-20.7,-5.9,0
67.0,251.0,285.0,331.0,17.0,51.0,3.0,2.0,60.0,-3.9,-4.2,213.0,93.0,139.0,311.0,38.0,30.0,1.0,3.0,11.1,-10.2,-11.5,1
288.7,89.7,219.0,257.3,44.7,20.3,1.3,2.3,100.0,17.3,-9.1,337.3,87.0,191.0,199.7,38.7,14.0,1.0,1.7,30.0,15.2,1.0,0
344.3,143.0,290.7,397.3,60.3,40.7,1.3,4.0,50.0,3.5,3.5,91.3,81.7,219.0,241.0,20.7,22.3,2.7,1.0,70.0,-2.9,-2.9,0
369.7,136.3,174.3,326.7,44.7,28.7,1.0,3.0,90.0,8.5,0.4,97.3,171.3,194.3,203.7,18.7,25.7,1.3,1.3,50.0,-1.9,-0.8,1
0.0,0.0,0.0,0.0,28.0,7.7,1.3,1.3,40.0,4.7,1.0,24.3,171.7,120.7,45.7,6.7,24.7,1.0,1.0,50.0,-18.3,-8.2,1
261.0,-24.0,313.0,91.0,45.0,0.0,2.0,3.0,50.0,22.7,-8.5,153.0,341.0,401.0,125.0,39.0,47.0,3.0,2.0,50.0,-12.8,-17.3,0
127.3,195.3,386.3,326.0,35.3,29.7,1.7,2.7,70.0,7.0,3.5,150.3,212.0,258.0,278.7,31.7,26.3,2.0,3.0,70.0,-2.1,0.4,0
128.0,163.0,282.3,264.3,28.0,31.0,2.3,2.0,70.0,0.4,3.7,233.7,205.3,232.0,211.7,32.7,36.7,1.3,2.0,90.9,-1.6,-3.1,0
150.3,192.3,221.0,269.0,25.3,35.0,1.3,0.3,70.0,-16.9,-10.4,259.7,223.3,244.0,258.3,44.0,43.0,2.0,1.3,11.1,-5.3,-9.3,1
163.5,203.5,239.5,145.0,36.5,22.0,0.5,0.5,50.0,5.1,-8.9,70.5,218.5,311.5,117.5,20.0,31.0,4.5,0.5,50.0,-4.8,-6.2,1
218.0,139.0,305.5,313.5,47.0,20.5,0.0,2.5,90.0,23.2,1.2,22.0,214.5,460.5,195.5,25.5,32.5,2.0,0.5,50.0,0.5,-6.8,0
218.3,151.7,148.0,220.3,24.7,23.7,0.7,1.7,81.8,11.7,4.0,72.7,271.0,268.7,278.0,14.0,41.7,1.7,1.7,60.0,-18.9,-10.0,0
176.0,114.7,405.7,177.3,54.3,10.3,1.0,2.7,50.0,28.1,4.6,220.3,166.3,279.0,254.3,32.0,24.7,2.7,2.0,80.0,11.2,-0.2,0
95.0,192.7,202.3,246.7,9.7,38.7,2.3,1.0,100.0,-10.5,-4.6,157.7,151.7,275.7,238.3,30.0,26.7,2.3,3.3,50.0,0.3,-5.2,1
177.3,149.3,184.0,158.0,29.7,20.3,1.0,1.0,55.6,5.9,-5.4,96.0,178.3,173.7,200.7,11.0,24.7,1.7,2.0,66.7,-6.0,-2.8,1
110.3,253.0,267.7,233.7,29.3,36.3,1.0,1.3,40.0,-0.3,2.5,137.0,207.3,204.0,163.0,31.3,25.0,1.3,1.0,50.0,8.1,-0.1,1
153.7,32.7,238.7,131.3,25.3,6.7,1.3,0.7,66.7,19.1,7.8,117.3,117.0,262.0,281.3,24.0,16.3,0.7,1.7,77.8,13.7,9.0,0
168.7,238.7,206.7,221.7,22.0,32.0,2.3,1.7,66.7,-8.1,-2.6,200.0,159.3,285.0,258.3,40.7,29.3,0.7,1.0,70.0,3.5,-2.4,0
143.0,175.7,190.7,227.7,23.3,24.3,2.3,2.3,30.0,1.1,1.2,145.3,153.3,86.3,135.3,15.0,25.0,2.7,3.0,45.5,-9.0,-2.9,0
224.7,149.0,255.0,216.7,30.7,25.3,1.3,1.0,30.0,13.7,7.6,180.3,119.3,277.3,173.3,36.7,12.7,0.3,1.3,40.0,9.2,-2.3,1
161.0,132.3,264.0,163.0,36.3,14.0,0.7,1.0,80.0,21.1,7.7,186.3,90.0,405.0,265.3,47.0,18.3,1.0,1.3,100.0,29.9,8.4,1
309.0,179.0,134.3,206.3,24.3,40.7,2.3,0.3,40.0,-21.0,-12.1,141.0,195.3,143.7,211.3,16.0,37.7,3.3,1.0,50.0,-26.2,-3.9,0
123.0,88.3,258.7,233.3,23.7,17.0,1.3,0.7,40.0,2.2,1.6,224.0,118.3,180.3,177.0,24.0,24.7,2.3,1.0,70.0,-7.3,-4.6,0
121.7,59.7,216.3,306.0,22.7,27.3,1.0,2.0,80.0,-2.2,-6.2,187.0,183.7,245.3,315.7,35.3,39.0,1.0,2.3,50.0,2.7,-5.8,1
204.3,141.0,263.7,157.0,44.0,12.7,0.7,3.3,90.0,12.3,0.4,61.7,187.7,251.0,149.7,13.3,22.7,2.0,1.0,20.0,-3.2,-4.5,0
171.7,152.3,194.7,151.0,18.3,18.3,1.7,1.7,70.0,6.4,1.9,182.7,172.7,256.3,221.0,23.0,22.7,2.3,1.3,50.0,2.6,1.4,1
114.7,73.0,246.7,150.3,18.0,19.3,1.0,2.0,80.0,-6.3,-2.5,21.3,219.7,252.3,332.7,13.7,49.0,4.3,1.0,70.0,-21.7,-12.2,0
175.7,104.0,152.7,182.3,24.7,17.0,0.7,2.7,70.0,3.6,-1.4,167.7,60.0,122.7,188.0,22.7,12.0,2.3,2.3,90.0,3.4,-1.5,0
252.7,103.0,238.3,88.7,39.0,5.3,1.0,1.3,60.0,23.2,0.1,196.0,101.7,272.7,167.3,39.0,11.7,1.7,2.3,80.0,16.8,-2.4,0
195.7,113.0,298.3,215.7,34.7,27.7,1.3,0.0,30.0,1.6,-1.5,81.7,277.0,307.7,186.3,27.7,32.0,3.7,2.3,40.0,-8.1,-4.6,0
177.3,145.7,143.0,159.7,27.0,15.7,0.7,1.3,77.8,1.6,-9.3,173.3,345.7,184.7,356.3,15.0,56.3,2.3,0.3,70.0,-22.5,-11.5,0
171.7,225.7,242.3,62.3,16.7,18.3,3.0,1.3,30.0,-8.4,-7.8,124.0,252.7,190.0,194.7,20.7,37.7,2.0,2.0,40.0,-15.4,-10.2,1
255.0,67.0,325.3,135.0,49.0,10.0,0.7,1.7,60.0,23.1,3.5,153.3,111.0,188.7,242.0,27.7,21.3,1.7,3.7,60.0,-9.8,-6.6,1
38.0,305.0,128.0,124.0,0.0,34.0,1.0,1.0,30.0,-5.6,-6.0,55.0,191.0,191.0,123.0,10.0,24.0,3.0,1.0,70.0,-10.5,-14.5,0
0.0,0.0,0.0,0.0,20.7,23.7,1.0,0.3,50.0,1.9,1.7,0.0,0.0,0.0,0.0,25.3,30.0,0.7,1.0,80.0,-17.8,-11.0,0
211.3,70.3,294.0,167.0,40.3,20.0,1.3,0.7,60.0,20.7,4.6,109.7,246.0,190.0,276.3,15.7,41.7,0.7,0.0,30.0,-24.5,-4.3,1
166.0,244.7,208.0,225.0,26.7,30.3,2.0,1.7,50.0,4.6,5.1,189.7,142.3,156.0,184.3,21.3,20.3,0.7,2.0,36.4,5.4,1.0,0
160.5,195.5,263.0,226.0,29.5,27.0,1.5,2.5,50.0,9.7,4.7,16.5,178.0,217.0,125.0,15.5,24.5,2.0,0.5,9.1,-4.8,-7.5,0
131.3,152.0,266.3,299.7,26.3,28.3,3.0,3.0,70.0,12.7,1.5,196.7,170.7,154.7,253.3,27.0,17.0,1.0,2.0,72.7,7.8,-1.7,0
111.0,83.0,230.5,137.5,22.0,22.0,1.0,2.0,30.0,5.4,8.5,122.0,259.0,234.0,231.0,3.0,49.0,3.0,1.0,40.0,-15.3,15.9,1
145.3,169.3,218.7,214.7,23.0,26.3,1.3,1.0,44.4,5.7,8.2,157.0,234.0,129.0,172.3,10.0,28.7,3.0,2.0,88.9,-11.1,-7.8,1
133.7,102.0,165.3,216.7,22.7,16.7,2.3,3.0,30.0,12.4,5.0,128.0,93.3,226.3,230.7,27.3,33.0,3.3,1.7,90.0,1.3,-5.2,0
203.7,91.0,235.3,219.3,35.0,11.3,1.7,3.7,90.0,2.0,-0.5,156.3,217.7,193.0,277.0,25.7,34.3,1.0,0.3,20.0,-12.4,-13.8,1
163.7,134.3,209.0,286.3,16.7,29.0,0.7,1.7,40.0,-7.7,-4.5,166.3,199.7,162.7,245.0,25.7,28.7,0.3,1.3,50.0,-2.8,-3.5,0
238.0,79.0,169.0,138.3,35.0,12.3,0.3,1.0,80.0,24.0,5.8,235.7,146.7,213.0,172.0,40.0,17.0,0.3,0.3,100.0,32.0,10.2,0
137.7,124.7,118.3,208.3,23.0,17.7,1.7,2.0,70.0,1.0,-4.3,108.0,190.7,129.0,179.7,9.0,29.0,2.7,0.7,40.0,-13.2,-3.0,1
140.7,203.7,236.3,189.0,24.0,29.7,2.3,3.0,80.0,-3.5,-4.2,306.0,192.0,146.0,241.7,29.3,33.3,3.3,1.3,50.0,-14.4,-2.8,1
271.0,181.0,216.0,133.7,37.7,16.3,1.3,2.7,50.0,-0.6,-5.8,243.7,306.0,147.7,264.3,16.3,47.7,2.0,1.0,30.0,-21.2,-11.7,0
168.7,161.7,200.0,192.3,24.7,20.3,0.7,1.3,50.0,-8.3,-4.1,154.7,227.3,140.7,181.7,21.7,31.0,2.0,2.0,30.0,-25.1,-16.9,1
276.3,79.0,78.7,134.0,20.7,9.7,1.0,0.7,30.0,2.0,-9.4,86.3,144.0,250.3,224.3,13.0,30.3,1.7,1.0,20.0,-20.8,-12.4,0
152.0,146.3,235.0,292.3,20.3,26.3,0.7,1.0,30.0,-3.4,1.9,147.3,111.3,260.0,217.3,26.0,25.0,1.7,1.0,66.7,14.0,5.1,0
261.3,156.0,348.0,189.7,56.3,20.7,0.7,2.3,100.0,25.5,6.5,164.0,219.5,231.5,279.0,20.5,27.0,2.0,2.5,77.8,-5.8,-8.9,0
63.0,125.5,186.5,271.5,20.5,31.5,1.5,2.0,10.0,-8.5,-11.5,176.0,74.5,242.5,173.5,19.5,12.0,1.0,1.5,80.0,14.3,3.5,0
201.0,150.0,267.0,372.0,39.0,32.7,1.7,2.7,66.7,10.9,8.0,79.0,190.7,332.7,188.0,35.7,27.7,1.7,1.3,100.0,4.4,3.1,1
186.0,192.0,162.0,111.0,19.0,20.0,2.0,0.0,66.7,8.9,-8.7,113.0,220.5,428.5,265.0,38.0,33.0,4.0,1.0,70.0,-5.7,-8.3,0
77.0,143.3,264.7,271.7,14.7,28.0,3.7,2.7,60.0,4.0,3.2,106.0,286.7,150.3,240.7,13.7,56.7,3.0,0.7,60.0,-7.2,1.5,0
190.7,174.3,163.3,280.3,33.0,20.0,2.7,3.0,50.0,3.7,-2.5,62.3,157.3,179.3,189.0,8.0,32.0,3.0,0.7,70.0,-7.5,-4.1,0
178.7,108.7,203.0,143.0,20.7,12.3,1.3,0.3,88.9,23.6,6.6,170.3,217.0,211.0,154.7,19.7,25.7,1.7,1.3,66.7,7.9,-2.5,0
147.3,132.0,211.3,169.0,25.3,13.7,0.3,2.7,33.3,17.1,8.9,154.7,127.3,119.0,200.3,6.7,18.7,3.3,1.7,80.0,-0.5,3.1,1
212.3,164.0,271.7,232.0,36.3,24.7,1.3,1.3,90.9,16.1,-1.1,92.0,203.3,212.3,157.3,14.7,25.7,1.7,1.3,40.0,2.8,4.0,0
184.7,87.0,262.0,283.7,35.0,16.0,1.0,1.7,80.0,25.7,10.3,136.0,245.0,84.0,359.0,7.0,41.0,1.0,1.0,10.0,-29.2,-23.4,0
183.3,266.0,210.0,268.3,35.7,36.7,0.7,0.7,40.0,6.6,3.7,26.0,192.5,66.5,258.5,1.5,42.5,0.5,1.5,40.0,-22.2,9.0,0
194.7,119.0,208.3,231.3,26.3,18.0,2.7,1.3,30.0,14.3,6.5,106.0,153.3,252.0,319.3,33.0,33.0,2.0,2.3,30.0,8.2,1.9,0
175.5,70.0,288.0,98.0,34.5,7.0,0.5,2.0,33.3,9.0,-16.9,83.0,272.0,311.0,300.0,21.0,34.0,3.0,1.0,88.9,-19.1,-21.5,0
162.7,83.3,204.3,162.3,31.3,15.7,1.0,1.3,36.4,8.6,-2.1,152.7,112.7,112.0,163.7,21.3,9.3,1.0,1.7,70.0,0.4,-7.2,1
120.3,253.0,169.3,186.3,16.3,24.7,1.0,0.7,44.4,3.5,0.7,247.0,93.7,291.7,210.3,43.7,20.3,1.0,0.0,77.8,24.5,2.0,1
154.7,82.3,233.7,219.7,29.3,11.3,1.0,2.0,50.0,9.6,0.2,168.7,200.0,282.7,382.7,25.3,50.7,3.0,1.7,40.0,-13.4,-11.5,1
93.0,164.0,299.0,244.0,20.0,23.0,3.0,4.0,11.1,-20.5,-21.5,72.0,224.0,128.0,382.0,13.0,61.0,1.0,1.0,33.3,-23.4,7.8,1
132.5,137.5,190.0,185.5,12.0,20.0,2.0,2.5,50.0,-5.9,-11.5,208.3,141.3,152.7,206.7,22.7,19.7,3.3,2.7,60.0,-5.3,-10.5,0
139.0,282.7,438.7,260.0,45.0,43.0,2.3,1.7,33.3,5.3,3.0,118.7,166.0,244.0,198.7,21.3,14.3,1.7,2.0,30.0,3.3,-1.9,1
105.0,143.7,210.7,174.7,25.0,21.0,0.7,1.3,66.7,3.8,-1.0,205.3,162.0,162.7,159.7,34.3,20.7,0.7,1.7,77.8,7.5,0.3,0
266.0,204.3,178.7,160.0,37.3,24.7,0.7,0.7,70.0,16.7,2.6,118.3,73.3,298.3,291.7,30.7,12.0,1.3,1.3,70.0,15.1,2.0,1
190.0,179.3,295.7,189.3,53.0,27.3,1.3,2.3,70.0,12.2,-0.6,150.0,122.7,193.0,170.0,34.3,18.0,2.3,3.3,70.0,1.5,-1.9,0
65.7,151.7,316.0,345.0,25.7,40.7,0.3,0.7,18.2,-0.9,-0.8,177.3,125.3,203.0,214.0,32.7,19.0,1.3,2.7,70.0,14.6,6.9,0
90.5,168.5,308.5,295.5,23.0,42.5,2.5,1.5,88.9,-11.4,-7.9,252.5,197.5,136.5,158.5,30.5,37.0,1.5,1.5,33.3,-14.4,-17.4,1
229.3,139.3,351.3,272.3,42.7,20.7,1.3,1.3,100.0,20.3,5.1,155.3,97.3,148.7,167.3,30.3,13.7,0.3,2.3,50.0,7.0,0.6,1
229.3,67.7,313.0,257.3,39.3,16.0,1.0,0.3,44.4,30.9,6.9,238.3,188.0,203.0,166.0,29.7,19.7,0.7,1.3,77.8,4.5,5.4,1
156.0,175.7,198.0,278.7,19.7,28.7,1.0,0.7,18.2,-4.3,-9.0,163.3,192.0,168.3,276.7,16.7,36.3,1.3,1.0,60.0,-17.1,-13.2,1
178.3,297.7,243.0,185.3,35.0,46.3,1.7,1.0,20.0,-4.0,-8.7,350.7,160.0,81.0,359.7,20.7,37.3,1.3,1.3,70.0,-15.0,-11.6,1
76.0,147.0,139.0,210.0,13.0,24.0,3.0,2.0,60.0,-2.7,-5.5,125.0,127.5,399.5,287.5,30.5,32.5,2.0,2.0,33.3,-14.3,-3.6,1
266.3,140.3,263.0,222.7,39.0,19.7,0.7,2.3,70.0,0.8,-3.4,165.7,133.7,188.3,249.7,36.3,23.0,2.0,2.3,72.7,2.4,-4.8,1
114.7,144.7,340.0,251.7,25.7,25.0,1.7,0.7,70.0,2.1,-2.9,161.7,83.7,206.0,327.3,33.3,23.3,1.0,2.3,72.7,2.4,-2.2,0
151.0,141.0,284.0,222.7,37.3,26.3,1.0,2.0,80.0,2.5,-5.2,175.7,80.3,172.3,175.0,32.0,14.7,1.7,1.7,30.0,5.0,-3.0,0
221.7,58.3,196.7,130.0,37.0,7.7,2.3,2.7,100.0,16.6,-2.0,224.3,147.3,281.0,406.3,37.0,40.7,4.3,1.3,60.0,-3.1,-6.6,1
204.7,150.7,244.3,160.0,38.0,23.7,1.3,1.3,88.9,-9.1,-9.6,288.7,133.7,61.0,182.7,24.3,14.7,0.7,0.7,55.6,0.6,-6.3,1
287.0,214.7,100.0,224.3,32.3,23.3,0.3,1.7,50.0,3.6,-7.5,175.7,112.7,189.7,188.3,29.0,15.3,0.3,2.3,40.0,-14.1,-11.7,1
300.0,109.3,111.7,188.7,29.3,15.7,1.3,1.3,72.7,4.7,-10.1,178.0,46.5,213.0,230.0,20.0,28.0,2.5,2.0,70.0,2.0,-2.5,0
163.7,69.3,157.3,168.3,27.7,19.3,1.3,0.7,90.0,-1.4,-1.1,130.0,158.3,235.7,246.3,21.0,32.3,1.0,2.0,20.0,-14.3,-6.9,0
166.7,162.3,242.7,197.3,28.0,33.0,3.3,0.7,50.0,-12.0,-7.2,68.0,125.3,182.0,267.3,14.3,28.7,3.0,2.0,20.0,-20.7,-10.1,1
214.0,114.0,238.7,170.3,36.7,17.0,1.3,2.3,50.0,-1.7,-8.7,171.0,202.7,321.0,256.7,34.7,32.3,1.3,1.3,40.0,-9.9,-13.1,0
218.0,7.0,253.0,103.0,23.0,3.0,2.0,2.0,40.0,5.6,-2.7,97.0,173.0,137.0,141.0,16.0,23.0,2.0,1.0,50.0,-17.6,-13.1,1
149.3,96.0,319.0,248.3,34.3,24.3,1.7,1.3,40.0,7.5,-1.7,80.3,106.7,264.7,229.7,18.0,20.3,1.7,2.0,70.0,-8.4,-4.9,1
175.7,98.7,280.0,295.7,36.0,30.7,1.3,1.0,80.0,19.7,7.7,244.3,279.0,187.3,243.7,37.7,35.0,1.3,1.7,60.0,9.4,2.1,0
144.0,166.0,249.7,224.7,27.7,40.0,2.3,1.3,60.0,6.8,3.0,168.0,225.7,257.0,169.0,17.0,36.7,2.3,0.7,80.0,-15.5,-11.3,1
161.0,313.0,244.7,193.7,25.0,35.0,0.3,2.0,70.0,6.5,2.2,119.0,152.0,257.5,224.0,29.5,24.0,1.5,2.5,60.0,-2.6,-7.0,1
133.0,116.0,211.0,267.0,21.0,20.0,2.0,2.0,50.0,13.3,0.3,119.0,89.0,351.0,266.0,33.0,30.0,3.0,2.0,90.9,9.8,-0.9,1
288.0,222.7,174.0,209.3,29.7,24.0,1.3,1.0,50.0,3.1,-1.9,172.0,205.5,195.5,239.0,17.0,36.5,1.5,1.5,40.0,-11.4,-13.6,1
188.0,66.3,262.7,185.3,35.7,13.7,0.3,2.3,60.0,10.1,-1.4,169.0,134.0,199.7,148.3,16.3,12.3,2.7,2.3,40.0,5.7,-1.2,0
196.0,133.7,273.3,198.7,35.7,14.7,0.7,2.0,30.0,19.3,7.5,125.3,185.3,160.7,139.7,21.3,18.3,1.0,1.7,18.2,9.4,6.9,0
201.3,235.7,401.0,293.3,39.3,35.7,1.7,2.3,50.0,5.4,4.9,91.0,313.3,288.3,260.7,17.7,49.7,1.3,1.0,90.9,-1.9,0.6,0
184.5,137.5,256.0,236.5,29.5,26.0,2.0,2.0,70.0,4.8,-7.5,86.5,283.0,94.0,350.0,10.5,46.5,0.5,1.0,50.0,-25.9,-0.2,0
303.3,56.7,400.3,303.7,59.7,20.0,1.3,3.3,55.6,13.4,-3.2,70.0,227.3,297.3,280.7,19.7,46.3,2.3,0.7,22.2,-19.7,-11.0,0
143.3,268.0,229.0,270.3,24.3,40.0,1.0,1.0,90.0,2.8,2.6,213.3,92.3,213.0,132.3,36.0,14.7,1.0,1.3,60.0,2.4,-6.4,1
259.3,159.3,220.3,125.0,58.7,15.3,1.7,3.0,70.0,30.7,7.4,308.7,135.3,231.7,198.3,50.3,23.7,1.3,4.7,80.0,26.3,6.7,1
115.7,198.7,170.7,171.7,23.0,25.0,2.3,2.7,50.0,8.8,2.0,279.3,85.7,183.7,210.0,38.0,25.7,2.7,1.7,30.0,3.6,0.3,1
64.7,110.3,358.0,250.7,33.0,28.0,1.3,1.7,44.4,10.6,2.8,166.0,255.7,202.0,201.0,15.7,39.3,3.3,0.3,66.7,-3.5,1.9,1
91.7,215.0,288.7,149.0,21.7,18.0,2.0,2.0,50.0,-3.0,-3.3,68.0,236.3,293.0,204.0,21.7,29.0,1.0,0.7,30.0,2.3,4.3,1
195.0,155.3,240.3,298.3,25.3,25.3,1.3,1.7,33.3,20.5,5.8,163.0,73.7,240.0,181.3,37.7,15.7,1.3,2.7,66.7,13.9,2.6,0
122.0,238.3,289.3,339.3,37.7,45.7,1.7,1.7,36.4,-8.4,-5.0,116.0,215.0,106.5,213.0,6.5,40.5,2.0,0.5,40.0,-15.5,-14.3,1
73.0,278.0,182.0,175.0,21.0,30.0,0.0,2.0,18.2,9.6,18.9,190.0,232.0,127.0,236.0,16.0,23.0,2.0,0.0,70.0,-5.7,-9.2,0
205.3,175.7,216.7,185.0,35.3,25.7,0.3,1.7,66.7,9.3,0.2,115.0,236.3,245.0,250.7,27.7,38.0,1.0,2.7,20.0,-7.1,0.9,1
81.3,271.3,205.7,174.3,10.3,46.3,2.7,1.0,20.0,-10.0,-4.3,92.3,136.0,159.0,148.0,16.0,17.3,1.3,1.0,40.0,7.3,-0.4,0
101.0,99.3,209.0,261.0,32.7,22.7,1.7,2.0,70.0,4.2,0.5,230.0,133.0,154.0,206.7,31.0,20.0,1.0,3.3,36.4,6.6,-2.5,0
277.5,235.5,164.5,173.5,27.5,35.5,1.5,1.5,33.3,-9.7,-14.4,115.7,134.7,197.7,233.0,22.7,39.7,1.3,1.7,11.1,-20.2,-16.9,1
179.5,150.5,326.0,254.5,43.0,28.5,1.0,2.0,70.0,3.5,-2.3,29.0,218.0,302.5,167.5,10.5,32.0,3.5,1.5,33.3,-13.8,0.1,0
157.0,97.0,217.3,229.3,25.0,14.0,1.7,2.0,9.1,8.9,2.2,220.0,114.3,176.7,281.3,35.7,25.0,2.3,2.0,60.0,5.0,-3.3,1
214.7,113.0,292.0,402.0,44.0,36.3,1.0,2.7,80.0,6.5,-5.2,249.3,174.7,29.3,202.7,18.0,30.0,1.3,1.0,77.8,-6.6,-5.9,0
132.7,183.3,335.3,308.0,37.3,40.0,3.3,1.3,50.0,-17.4,-9.9,117.0,242.3,299.0,261.3,28.3,36.0,2.3,2.3,70.0,-15.4,-8.6,1
392.3,34.0,127.3,247.0,40.7,12.3,1.0,1.7,77.8,3.8,-3.6,289.0,171.7,33.0,274.7,19.7,39.0,2.0,0.7,66.7,-14.0,-7.4,1
216.0,65.5,110.5,191.5,29.5,12.0,0.5,2.5,60.0,7.7,-4.2,118.0,82.0,359.5,242.5,29.5,19.0,3.5,0.5,70.0,5.1,2.0,1
158.3,237.7,375.0,219.3,41.7,33.7,1.3,1.7,11.1,9.1,0.8,251.7,143.3,217.0,239.7,32.0,27.7,1.3,1.0,66.7,7.7,1.7,1
206.7,140.3,187.0,207.0,24.3,28.7,1.3,1.0,50.0,-3.2,-6.2,61.0,195.0,331.0,234.0,28.3,32.3,4.0,3.7,30.0,-11.2,-5.9,0
212.0,104.0,145.7,260.0,19.7,22.7,2.3,2.0,77.8,11.8,6.0,92.7,159.0,296.7,225.7,39.7,19.3,1.3,2.3,88.9,8.9,2.1,1
134.0,294.0,239.0,224.3,21.3,40.0,0.3,1.0,30.0,-5.6,-3.1,109.0,215.7,149.7,187.0,12.7,35.3,3.3,2.3,55.6,1.7,2.3,0
180.3,140.0,157.0,385.3,19.7,40.3,2.3,1.7,30.0,-15.7,-8.1,85.3,228.3,271.0,327.0,22.3,47.3,3.3,2.7,30.0,-19.4,-3.4,1
234.3,90.7,246.0,251.0,43.3,14.7,0.7,2.3,30.0,3.5,-10.3,74.0,196.0,126.0,229.3,7.0,41.7,3.3,1.3,0.0,-29.0,-6.6,0
137.3,122.7,300.3,229.0,26.7,28.0,2.7,1.7,80.0,-1.7,-3.1,265.0,194.3,130.7,204.7,25.7,30.7,2.3,1.7,50.0,-14.3,-2.9,0
142.7,100.7,299.7,357.3,37.7,36.7,2.7,0.7,77.8,1.6,-4.6,179.0,142.3,309.7,312.0,36.3,22.7,1.0,1.7,11.1,-1.4,-9.9,0
124.0,134.3,301.0,135.3,39.7,13.0,0.7,2.3,88.9,19.7,8.5,104.7,162.3,214.0,244.0,22.7,20.3,0.7,1.0,60.0,1.3,-0.8,1
125.3,96.3,243.7,319.0,21.3,29.3,3.3,1.7,44.4,-6.5,-8.9,92.0,254.3,378.3,311.3,39.0,41.3,1.0,1.0,70.0,-15.2,-7.6,1
208.0,102.0,89.7,105.3,20.7,21.7,2.0,2.3,72.7,2.9,-0.1,104.7,201.0,247.7,235.0,34.3,27.3,1.3,2.3,50.0,-2.6,-4.6,0
149.0,149.5,293.5,169.0,41.5,27.0,1.5,1.0,44.4,12.7,6.1,100.3,197.7,254.0,319.7,29.7,46.0,2.0,2.0,22.2,-15.4,-7.7,1
81.7,163.7,227.0,266.3,11.3,32.3,2.3,0.7,33.3,-6.5,4.3,84.0,120.7,206.7,237.0,21.7,13.3,1.3,2.7,55.6,14.5,10.3,0
138.0,181.3,297.3,294.3,37.0,35.7,1.7,2.3,40.0,-10.2,-8.5,179.7,137.3,304.0,326.3,36.3,39.0,1.3,1.0,60.0,-5.8,-5.6,1
33.0,48.0,205.0,234.5,8.5,22.0,1.5,1.0,80.0,0.2,0.2,178.7,117.0,307.7,200.7,36.7,20.7,1.0,2.0,80.0,2.9,-8.3,0
107.7,194.0,181.0,166.0,14.7,23.0,1.3,1.0,70.0,-12.8,-8.3,168.3,206.3,252.3,273.3,25.0,38.0,1.3,1.3,30.0,-15.1,-6.6,0
156.7,167.3,347.7,177.7,43.7,24.0,2.7,1.7,50.0,16.4,5.7,325.7,136.0,131.3,358.3,36.0,29.7,1.7,0.7,100.0,20.4,2.9,1
107.0,172.0,231.7,222.3,22.3,25.7,1.0,1.3,50.0,-4.0,-4.0,132.7,166.3,241.7,230.7,16.7,33.3,2.3,0.7,30.0,-4.4,-4.4,0
69.0,230.7,197.7,249.0,18.3,32.3,0.7,1.7,88.9,-18.7,-14.3,122.0,223.3,248.3,358.7,31.0,55.7,2.3,1.3,44.4,-4.5,-3.6,0
160.3,30.0,212.0,193.7,29.0,19.0,2.3,3.0,80.0,4.4,3.5,194.7,133.0,162.7,387.0,20.3,42.0,2.3,1.3,100.0,0.8,-0.7,0
252.3,120.7,226.0,196.0,50.7,11.0,1.0,2.0,30.0,26.6,1.7,191.0,101.0,251.0,216.0,34.0,22.0,1.3,1.7,90.0,14.0,3.2,1
358.7,89.7,347.0,280.0,66.3,19.7,1.0,3.0,55.6,26.0,0.7,251.7,138.0,219.3,233.7,31.7,27.7,3.7,3.7,40.0,13.3,4.3,0
219.7,243.7,168.0,177.0,21.7,25.0,0.7,1.0,30.0,1.9,2.0,137.7,217.3,203.7,397.0,12.0,49.0,2.3,1.3,50.0,-13.2,-7.5,1
246.0,129.0,245.0,142.0,24.0,20.0,1.0,2.0,44.4,3.4,6.8,94.0,52.0,214.0,254.0,20.0,24.0,1.0,4.0,77.8,12.7,18.6,1
247.3,99.7,172.7,189.7,37.7,16.3,1.0,2.7,90.0,22.8,7.6,195.3,108.7,220.0,242.3,31.0,21.0,1.3,1.0,20.0,14.0,10.6,1
170.7,115.3,284.3,189.0,33.7,21.0,2.0,1.7,44.4,18.0,6.3,88.3,191.7,327.3,257.0,25.7,27.7,0.0,1.7,77.8,9.0,3.0,1
277.3,91.3,281.7,109.0,48.3,3.3,0.7,1.3,80.0,28.1,7.0,204.3,197.0,199.3,206.3,28.3,26.3,1.3,1.7,70.0,4.2,3.8,1
204.0,199.5,241.5,99.5,25.5,8.5,3.0,1.5,100.0,17.7,2.1,194.0,109.0,381.0,236.0,34.0,25.0,0.0,2.0,70.0,-20.6,-31.6,1
103.3,185.0,334.0,223.3,25.3,36.0,2.0,1.0,70.0,-9.6,-4.1,108.7,170.7,323.0,174.3,19.3,38.0,3.0,1.3,80.0,-22.9,-15.5,0
172.3,133.3,174.3,156.3,27.0,21.7,1.3,1.0,70.0,1.7,-1.5,256.7,158.7,59.3,195.0,26.7,21.7,1.3,3.3,80.0,0.2,0.1,1
213.0,152.0,151.0,81.0,35.0,0.0,0.0,4.0,30.0,10.3,-8.6,235.0,155.0,271.0,358.0,54.0,48.0,2.0,3.0,70.0,1.8,-15.1,1
140.3,71.0,231.0,286.3,28.7,19.7,1.7,2.3,80.0,21.5,3.1,222.0,155.0,159.0,293.3,18.0,22.7,0.7,1.3,100.0,4.2,0.0,1
171.3,194.7,272.0,184.3,28.3,39.3,4.0,1.0,77.8,-9.4,-11.3,235.7,122.0,326.7,179.3,56.3,25.0,0.7,1.3,55.6,2.1,-7.2,0
48.7,165.0,293.7,322.7,23.0,40.3,1.3,1.3,60.0,-3.4,0.3,79.3,303.0,182.0,214.0,11.3,44.0,1.7,0.7,30.0,-3.9,4.7,0
105.7,239.3,161.7,172.3,17.7,21.7,2.7,1.3,40.0,4.2,-0.6,97.7,162.0,140.7,230.3,9.0,24.0,2.0,1.7,50.0,-5.9,-2.0,1
102.0,156.3,271.7,118.0,28.3,23.0,2.0,2.0,50.0,4.5,-0.8,75.0,165.3,263.0,161.3,19.3,23.0,2.7,2.3,81.8,-3.5,0.1,0
178.0,201.7,207.0,175.3,30.0,30.0,2.0,1.7,70.0,-10.3,-7.5,166.3,115.7,324.3,222.3,25.0,37.7,2.3,0.3,81.8,-10.6,-4.2,1
154.5,162.5,214.5,205.5,36.0,22.5,2.0,3.5,40.0,6.3,3.7,198.5,108.5,278.5,307.0,33.5,42.0,2.0,1.5,50.0,-12.9,-14.5,1
130.0,133.5,212.5,192.0,30.5,16.0,2.0,3.0,40.0,1.5,-6.2,110.0,88.0,159.0,265.5,22.0,24.5,0.5,1.0,80.0,5.3,3.5,0
129.3,146.7,222.0,217.3,17.0,20.0,1.0,2.0,50.0,-3.8,-5.0,263.0,64.7,183.0,199.3,37.7,17.3,1.3,2.0,30.0,5.7,0.0,1
336.3,97.3,216.7,229.7,35.3,21.7,1.7,1.0,30.0,16.9,9.2,231.0,64.0,191.5,244.0,36.0,23.5,2.5,0.0,70.0,3.2,-8.7,1
149.7,102.3,318.7,242.3,41.7,22.7,1.3,1.3,10.0,9.1,-1.1,125.3,155.7,160.7,232.7,12.7,22.0,1.7,2.3,50.0,-14.6,-8.7,0
228.3,153.0,233.7,317.0,46.0,33.0,0.3,1.3,50.0,6.5,0.4,119.3,68.3,256.0,179.7,25.7,16.0,2.0,2.0,60.0,9.3,2.0,1
125.0,221.7,232.0,252.0,23.3,33.0,1.7,2.0,20.0,-2.7,5.1,195.0,184.0,133.0,263.7,13.7,50.7,2.3,0.7,66.7,-7.3,2.0,0
190.0,110.0,178.5,222.5,22.0,25.5,2.0,2.0,70.0,1.3,-3.4,80.5,152.0,175.5,383.0,8.5,33.0,1.0,2.5,40.0,-9.3,-7.9,0
153.0,155.7,270.3,210.7,32.0,30.0,2.0,1.7,60.0,-7.1,-10.4,146.3,115.0,137.3,168.3,23.7,22.7,2.7,2.0,60.0,-7.7,-13.4,0
175.0,113.0,225.0,155.0,27.0,17.0,0.0,1.0,30.0,1.4,-4.9,226.0,159.0,209.0,230.0,20.0,38.0,1.0,0.0,36.4,-3.1,6.6,0
137.3,127.7,345.0,299.7,22.3,28.7,2.7,0.7,11.1,-2.2,-3.3,147.0,247.0,148.3,238.7,14.3,34.3,1.7,1.7,88.9,-25.4,-9.4,1
129.7,176.7,188.7,236.7,16.7,26.3,1.3,1.7,44.4,-13.7,-9.5,144.7,187.7,297.7,259.3,32.7,36.0,1.0,1.7,70.0,-21.5,-15.1,0
325.3,179.3,163.0,255.3,32.0,32.0,1.3,1.0,90.0,4.5,-0.4,151.7,140.0,178.7,199.7,16.7,20.3,1.7,1.0,70.0,3.3,-2.5,0
153.0,162.3,283.0,178.7,32.0,27.3,0.3,0.7,90.0,11.8,9.5,168.3,164.0,149.3,259.3,21.0,29.7,1.3,0.7,40.0,-9.5,-7.3,1
174.0,213.3,239.7,216.7,27.0,29.7,0.7,1.0,60.0,-4.7,-0.2,137.7,265.3,310.7,295.0,36.0,38.0,1.7,1.3,90.0,4.2,3.4,0
166.7,56.7,144.3,210.0,28.7,13.3,1.0,1.7,30.0,7.2,-0.1,78.0,201.3,320.0,234.0,31.0,37.0,2.0,1.3,50.0,-8.9,0.6,1
158.3,180.0,167.7,183.0,13.7,25.0,2.3,1.0,90.9,-5.6,0.7,153.7,98.0,213.7,202.7,35.7,35.0,0.3,1.3,72.7,-14.1,-12.6,0
288.0,120.0,332.5,240.0,42.0,18.0,0.0,1.0,70.0,13.5,0.9,214.0,38.0,110.0,389.0,24.0,13.0,0.0,2.0,20.0,-3.4,-12.8,1
141.0,47.0,405.3,208.0,41.7,20.0,1.3,0.7,80.0,26.3,10.1,217.0,91.3,268.3,184.0,43.0,7.7,0.3,0.7,90.0,33.7,9.6,0
250.7,100.0,187.3,138.7,39.3,8.7,0.7,1.7,80.0,29.3,9.1,112.3,171.7,209.0,96.7,16.7,20.7,3.3,1.0,80.0,0.0,-2.4,0
59.0,108.0,74.0,148.0,3.0,7.0,1.0,1.0,50.0,2.8,-10.2,167.5,98.0,207.5,261.0,40.5,20.5,0.5,2.0,70.0,10.3,-4.6,0
184.0,150.3,199.7,242.3,27.0,25.0,1.0,1.7,70.0,-17.4,-11.3,245.7,202.7,180.3,255.0,27.7,45.7,2.3,0.0,50.0,-24.4,-10.6,1
98.7,402.7,282.0,155.0,23.0,40.3,2.0,0.7,70.0,-8.5,-5.8,204.0,168.3,161.7,170.0,31.0,23.0,0.7,1.7,60.0,1.4,-3.5,0
126.7,161.0,349.0,266.7,32.0,30.7,2.3,2.3,33.3,-13.7,-11.1,37.7,228.7,263.3,212.0,12.7,30.0,2.0,2.0,22.2,-16.9,-12.3,0
71.3,287.0,320.3,203.3,24.0,44.7,2.0,0.3,70.0,-15.0,-11.4,104.7,141.0,245.7,181.7,23.0,24.3,1.7,1.0,77.8,-1.7,-3.0,0
141.7,133.0,316.3,288.0,27.3,28.7,1.7,1.3,100.0,19.1,6.1,270.0,210.7,181.3,197.0,32.7,30.3,2.0,1.3,44.4,3.7,2.3,1
293.3,150.7,50.7,285.0,22.7,32.7,2.0,1.7,55.6,-14.5,-11.0,132.5,215.5,152.5,247.0,18.0,25.5,0.5,2.0,40.0,-11.7,-12.8,0
284.0,127.7,243.7,245.3,47.3,18.3,0.0,2.0,60.0,-0.4,-3.8,139.3,113.3,226.7,329.0,20.0,21.3,1.3,1.3,44.4,-11.5,-9.1,0
103.3,252.0,187.7,211.3,5.3,40.3,2.3,1.3,50.0,-4.3,0.6,225.3,181.3,149.7,258.0,20.7,33.7,2.7,2.0,10.0,-7.1,-2.0,1
250.0,109.7,264.3,314.0,39.0,30.7,1.7,3.0,20.0,-6.2,-7.6,171.0,238.7,257.0,324.0,20.7,34.0,1.0,1.0,20.0,-9.1,-6.3,0
213.5,276.5,139.5,221.5,31.0,36.5,0.5,0.5,66.7,-9.1,-10.4,65.0,331.0,245.0,276.0,10.0,56.0,1.0,1.0,40.0,-17.2,-16.4,1
197.0,160.0,299.3,325.0,28.7,25.3,1.7,3.0,66.7,1.8,-4.8,110.7,192.0,310.7,263.3,30.3,30.7,1.3,2.3,30.0,1.9,-0.6,0
129.0,58.0,184.0,92.0,10.0,7.0,3.0,2.0,60.0,7.4,-2.2,117.0,174.0,254.5,351.0,25.5,42.0,0.0,1.0,60.0,-10.7,-0.6,0
103.7,130.3,184.0,174.0,19.3,17.0,2.0,2.3,30.0,-1.4,-5.3,108.7,243.3,167.0,128.3,12.3,26.3,3.0,1.0,36.4,-12.4,-4.1,0
174.0,206.7,254.3,247.7,29.3,25.0,1.3,2.7,77.8,5.2,3.8,283.7,166.7,257.3,224.7,43.0,24.3,1.0,3.0,55.6,13.9,-5.4,1
116.3,86.7,162.3,155.3,18.7,15.0,2.0,2.0,50.0,7.4,1.7,109.3,112.0,358.3,270.0,32.0,27.7,2.0,1.7,70.0,1.6,-3.7,1
238.7,75.0,199.3,235.0,25.3,17.7,1.3,1.0,80.0,17.8,7.1,17.3,201.3,306.7,235.0,17.0,27.3,2.7,1.3,9.1,-8.7,-4.2,1
240.3,146.7,236.7,179.3,31.7,14.0,2.0,1.3,33.3,14.5,0.0,232.0,180.5,249.0,245.5,43.0,26.0,1.0,1.5,66.7,11.0,-12.2,1
133.0,212.0,266.0,234.3,31.7,35.7,1.0,1.0,30.0,5.4,-1.0,109.0,167.3,409.0,257.0,35.3,29.7,1.0,2.0,70.0,7.4,2.7,0
73.5,194.0,353.5,219.0,24.5,29.5,2.5,3.0,30.0,-4.3,5.1,75.7,247.0,173.0,163.3,14.3,31.3,2.3,2.0,50.0,-21.7,-7.4,0
160.0,160.0,198.0,281.0,23.0,38.0,3.0,1.0,30.0,1.2,6.9,8.0,151.0,254.0,158.0,12.0,24.0,1.0,1.0,80.0,-16.6,-1.9,0
236.0,163.0,216.3,140.7,44.0,19.3,0.7,1.0,50.0,16.5,6.5,207.0,156.3,303.7,340.0,32.0,29.0,1.0,2.7,80.0,12.1,8.8,1
222.3,163.7,237.7,112.7,39.7,26.3,0.7,0.7,77.8,-7.5,-12.7,104.0,103.7,210.7,255.0,20.7,20.7,2.3,1.0,44.4,-3.8,-9.5,1
193.7,225.0,216.3,253.7,27.3,32.7,1.3,0.3,50.0,-6.1,-7.1,98.0,250.0,258.0,182.0,24.3,29.3,1.3,2.3,36.4,-24.4,-16.3,1
183.7,179.0,179.0,199.7,37.0,19.3,1.3,3.7,33.3,11.0,-3.2,257.0,135.7,191.7,138.7,31.3,16.0,1.0,1.0,50.0,15.3,1.7,0
326.7,141.0,294.0,290.0,47.3,26.3,1.3,2.3,20.0,1.4,-2.5,140.7,163.7,280.3,202.7,30.7,27.7,1.7,1.7,70.0,-4.6,-9.6,1
192.0,153.3,319.3,369.0,37.7,42.0,1.0,1.7,60.0,-7.1,-7.2,338.3,145.0,98.0,214.3,37.0,25.0,0.7,1.7,80.0,-3.8,-5.6,1
224.7,93.3,149.0,275.3,32.0,22.3,1.0,1.3,44.4,-3.0,-6.5,239.3,114.7,129.7,379.3,17.3,28.0,3.7,1.3,66.7,-21.4,-17.0,0
132.3,211.7,228.3,258.3,19.3,27.3,2.7,3.3,70.0,-1.1,4.0,176.0,67.0,192.0,240.3,35.0,18.0,2.0,1.7,80.0,6.2,4.5,1
177.7,42.3,309.0,307.3,46.3,26.7,0.7,1.7,70.0,26.2,9.6,207.0,96.7,213.0,256.7,39.3,19.0,1.7,3.0,10.0,14.9,1.0,0
155.3,239.7,222.3,234.3,24.3,36.0,1.0,0.7,77.8,14.6,14.6,72.3,120.0,187.3,183.7,15.0,28.7,2.7,1.3,77.8,9.6,9.6,1
89.5,199.0,196.5,238.5,21.5,26.5,3.0,2.5,33.3,8.1,9.6,131.0,54.5,172.5,306.5,23.5,15.0,1.5,2.5,44.4,4.3,-1.5,0
152.0,285.0,296.3,173.0,38.0,41.3,1.0,1.7,33.3,12.2,5.6,115.0,128.7,357.3,237.0,29.3,27.3,3.3,4.0,60.0,11.8,5.3,1
237.5,62.5,301.0,214.5,37.5,15.5,2.5,2.0,40.0,2.7,-15.1,207.0,226.0,288.5,101.5,24.0,11.5,2.5,2.5,36.4,-1.2,-7.0,0
184.7,155.0,168.0,180.3,17.7,23.0,1.7,1.0,50.0,-15.6,-8.4,150.0,161.0,342.7,286.7,33.3,40.0,2.7,1.0,60.0,-8.6,-9.0,1
189.7,137.3,196.7,208.7,30.0,16.0,1.3,1.3,30.0,7.1,-0.1,109.0,115.0,192.0,251.5,28.0,15.0,3.0,4.0,80.0,0.4,-9.3,0
138.5,114.0,223.5,269.0,17.0,29.5,2.5,1.5,80.0,-3.8,-3.2,130.3,361.0,265.0,284.7,20.3,51.0,1.7,1.0,80.0,-20.1,-10.2,1
140.0,132.0,173.0,439.0,3.0,49.0,2.0,0.0,90.0,9.2,7.9,199.0,137.5,272.0,154.5,38.0,20.5,0.5,0.5,90.0,15.1,7.4,0
68.0,123.0,242.0,266.0,17.3,22.7,1.7,2.3,40.0,-1.8,1.5,127.0,287.0,197.0,220.5,6.5,45.5,2.5,1.5,40.0,-12.4,-8.2,0
98.0,152.3,178.7,178.7,18.0,16.3,0.7,1.7,77.8,4.6,-0.4,171.0,209.3,225.3,230.3,23.0,28.0,2.0,0.7,44.4,4.1,2.0,1
291.0,56.5,199.0,223.5,35.0,5.0,2.0,1.0,90.9,18.0,-6.4,84.0,134.5,391.0,257.5,37.5,37.5,2.0,1.0,30.0,-4.2,-12.6,0
167.3,98.7,111.0,279.3,23.3,18.0,0.7,2.3,70.0,1.2,-4.2,105.7,70.0,279.3,172.7,25.3,17.0,1.3,1.3,50.0,6.9,-0.6,0
198.7,85.0,267.0,269.0,35.3,18.7,1.3,3.7,50.0,-0.1,-2.8,288.3,97.7,309.0,350.0,45.0,33.3,1.0,3.0,20.0,1.7,-3.2,1
181.0,122.7,298.0,306.0,30.7,24.3,2.0,1.7,90.0,11.8,6.4,107.7,207.7,200.7,300.3,19.0,37.3,1.3,1.7,50.0,-5.4,-4.8,0
293.7,133.3,134.3,168.3,39.7,19.7,2.3,2.3,60.0,-1.9,-10.7,192.3,170.3,241.7,197.7,22.3,22.7,1.3,1.0,50.0,-10.1,-11.0,0
239.0,204.7,242.0,219.0,36.7,25.0,1.3,1.0,70.0,-14.2,-10.5,191.0,206.3,241.7,167.7,31.3,31.3,1.7,1.3,33.3,-0.6,-7.8,1
206.3,150.7,297.0,253.0,33.7,25.3,0.7,0.3,22.2,5.9,-0.7,125.0,165.0,218.7,348.7,21.0,35.7,2.3,2.3,11.1,-14.8,-8.7,0
73.3,228.3,361.3,202.0,29.0,42.7,1.7,0.7,30.0,-6.3,-2.2,91.7,139.0,195.0,304.7,26.3,38.3,2.7,2.0,40.0,-14.3,-12.3,1
150.3,146.0,197.3,218.0,23.3,19.3,1.7,2.3,70.0,-4.6,1.7,224.0,112.0,136.0,290.3,20.0,24.3,0.7,2.0,30.0,-14.7,-10.2,0
174.3,103.0,249.7,254.7,25.0,18.0,0.3,2.0,30.0,9.3,3.3,157.3,81.7,203.7,258.0,35.7,24.0,1.0,3.3,30.0,-0.1,-4.6,1
252.3,145.7,60.0,215.0,16.7,26.0,2.0,0.7,55.6,-1.0,-9.3,320.7,42.7,77.0,223.3,28.0,22.7,1.3,2.0,44.4,-7.6,-12.0,0
126.0,110.7,234.0,204.7,30.0,23.7,1.3,1.7,80.0,11.5,6.9,75.3,217.3,357.0,179.0,37.7,40.3,2.3,1.3,80.0,-3.3,-1.5,0
171.7,53.0,262.0,262.3,38.0,9.7,1.7,2.3,30.0,14.0,-0.4,114.0,113.0,230.5,212.5,22.0,30.5,2.0,3.0,70.0,6.6,1.6,1
43.0,208.0,190.0,481.0,3.0,59.0,1.0,0.0,22.2,-29.5,-25.9,52.0,289.0,270.0,142.5,12.0,37.5,2.0,1.0,33.3,-19.7,-10.1,1
138.5,106.5,194.5,228.5,27.5,19.0,0.0,2.0,55.6,15.9,13.5,231.0,217.0,209.0,91.0,30.0,26.0,3.0,4.0,55.6,-4.4,-18.6,0
188.3,274.7,218.3,197.3,23.3,40.3,1.7,1.3,33.3,-0.2,1.2,139.7,92.3,247.0,145.3,27.0,12.7,1.0,1.3,44.4,-1.7,-8.0,1
104.0,195.0,282.0,265.0,24.0,20.0,2.0,2.0,20.0,1.3,1.8,131.0,182.0,87.0,248.0,7.0,45.0,2.0,1.0,66.7,-4.4,19.3,0
339.0,120.7,67.3,194.7,39.0,16.3,1.0,2.0,80.0,6.2,1.0,30.7,147.3,310.0,203.0,23.0,30.0,3.0,2.7,70.0,-10.7,-9.6,1
87.0,177.5,353.5,193.0,27.5,13.5,0.5,1.5,33.3,-7.4,-10.6,347.0,91.5,150.0,109.0,36.0,6.5,0.5,2.0,77.8,4.4,-12.6,1
123.3,72.7,188.7,295.0,26.3,26.3,2.0,3.0,70.0,3.6,-0.2,136.7,265.3,194.7,167.7,18.0,33.3,1.3,1.3,72.7,5.3,1.4,1
226.0,159.3,196.0,292.0,38.7,32.3,2.3,3.0,80.0,-6.4,-7.9,80.3,277.3,183.3,252.7,11.3,55.0,3.0,0.7,70.0,-18.1,-10.2,0
231.0,93.3,263.3,248.7,26.7,24.0,1.7,0.3,44.4,-6.3,-6.7,137.3,92.7,208.0,125.3,22.3,8.3,0.7,0.7,77.8,-8.9,-11.9,0
144.0,66.7,153.7,174.7,19.0,19.7,1.0,0.7,30.0,3.6,1.5,107.3,137.0,211.0,258.7,18.0,30.3,2.0,0.3,50.0,-6.4,-3.2,0
104.0,137.7,309.0,192.3,29.3,18.7,1.7,1.3,70.0,2.6,-3.9,110.0,187.7,281.0,192.7,26.7,30.0,1.7,0.3,20.0,-14.6,-13.5,1
311.0,121.3,173.0,162.7,40.3,10.0,0.7,1.3,44.4,-0.9,-9.9,266.0,96.7,285.0,257.3,49.3,25.0,2.0,1.7,60.0,4.9,-5.2,1
169.3,178.7,195.7,261.7,20.3,39.3,3.7,1.0,40.0,-11.5,-8.1,170.7,304.0,260.0,342.0,26.7,58.0,1.7,0.7,33.3,-16.7,-10.1,1
114.0,151.0,134.3,229.0,13.3,27.3,1.3,1.3,60.0,-3.4,-7.3,238.0,145.7,191.0,218.3,34.7,22.3,1.7,1.7,70.0,9.2,-5.1,1
262.0,68.5,190.5,200.5,41.0,13.5,1.5,2.5,100.0,13.3,-16.0,93.0,209.0,455.0,299.0,30.0,44.0,3.0,3.0,60.0,-5.9,-8.1,1
129.0,193.7,210.0,125.3,30.7,20.7,1.3,1.7,60.0,-8.6,-7.5,280.0,108.3,217.7,344.0,34.7,33.0,1.7,2.0,60.0,0.3,-5.0,1
172.5,264.0,100.5,107.5,11.0,33.0,3.0,0.0,30.0,-7.2,3.5,310.0,100.0,348.0,340.0,54.0,24.0,2.0,1.0,80.0,7.8,-19.3,0
136.5,70.5,207.5,191.0,29.0,15.5,2.0,3.0,80.0,5.5,-4.4,61.0,162.5,188.5,145.0,13.5,24.0,2.0,2.5,80.0,-3.4,2.2,1
204.3,165.3,346.7,218.3,47.0,26.7,0.7,1.7,66.7,7.1,-1.5,237.0,219.3,111.3,132.7,19.7,25.7,1.3,1.3,33.3,-4.8,-4.3,0
290.0,144.0,98.7,281.3,30.3,36.0,0.7,1.3,80.0,-2.7,-3.1,124.3,140.3,225.0,251.3,18.3,29.7,2.7,2.0,70.0,-0.2,-2.2,1
205.0,196.0,422.0,166.3,54.7,21.3,1.0,1.3,55.6,28.5,13.1,152.3,60.7,184.7,186.7,30.7,11.3,1.0,1.0,88.9,25.3,10.2,0
146.0,160.3,161.0,151.3,20.0,25.0,2.0,1.0,40.0,9.5,5.5,225.7,147.0,174.7,295.7,26.0,22.7,1.3,2.0,30.0,-11.7,-9.6,1
117.3,169.7,233.3,276.7,17.3,37.0,2.0,1.3,30.0,-16.5,-9.9,230.7,102.0,120.0,250.3,21.3,20.7,0.7,1.7,50.0,-8.1,-5.4,0
129.0,154.3,162.7,149.3,8.7,24.0,2.3,0.7,90.9,-9.3,-1.4,199.7,142.0,149.3,193.0,24.0,16.0,1.7,2.3,80.0,-0.9,-4.2,1
20.0,255.0,263.0,318.0,31.0,36.0,1.0,2.0,60.0,6.6,11.3,203.0,101.0,249.0,89.0,30.0,3.0,2.0,1.0,20.0,-20.1,-30.2,0
192.3,130.0,359.3,247.0,41.0,11.0,0.0,1.3,100.0,20.5,3.4,184.7,163.0,171.0,217.0,28.0,33.0,3.0,1.7,90.9,0.4,-2.3,0
287.0,92.0,206.7,84.0,40.0,8.7,2.0,2.3,30.0,29.3,1.4,117.3,100.3,203.7,205.0,27.0,14.0,0.7,2.7,60.0,10.6,1.3,0
159.3,117.0,236.3,252.7,27.7,17.7,1.3,1.0,80.0,27.0,7.8,164.0,241.3,185.3,249.7,21.0,36.0,1.0,0.7,40.0,-3.9,0.9,1
212.3,93.7,191.7,181.0,30.0,9.0,1.0,1.0,11.1,17.1,3.5,187.0,95.0,265.0,303.7,35.0,26.3,1.0,1.0,60.0,7.3,4.4,1
104.7,369.3,209.0,233.0,18.3,40.7,1.3,1.3,9.1,-8.5,-3.7,85.7,93.0,228.0,231.7,21.3,18.0,2.0,1.3,40.0,-7.1,-7.4,1
142.0,188.0,158.7,183.0,25.7,24.3,1.3,2.0,40.0,-1.9,-3.7,93.7,87.3,298.7,235.7,30.0,24.0,2.7,1.3,50.0,5.9,-0.3,1
294.0,46.7,160.0,310.0,35.3,25.0,1.3,2.0,36.4,13.8,1.6,136.7,116.7,191.0,169.7,25.7,20.7,1.7,2.0,50.0,10.5,1.0,1
278.3,244.3,273.3,168.7,45.3,31.0,1.3,3.3,50.0,-3.3,-6.7,227.7,150.0,167.3,224.0,22.0,19.7,0.3,0.7,30.0,-9.7,-10.8,1
154.0,71.3,239.0,280.0,31.0,22.7,2.3,2.7,77.8,10.8,7.4,290.7,110.0,303.0,266.7,47.7,26.3,1.0,2.7,66.7,5.8,0.4,1
316.3,136.7,183.3,265.3,51.0,25.3,1.0,1.0,30.0,18.2,7.1,140.7,166.3,173.7,256.7,20.3,22.7,2.3,1.7,66.7,8.9,7.5,0
158.0,100.3,183.0,110.7,27.0,12.7,2.0,3.0,60.0,13.5,1.2,191.3,114.7,187.3,126.0,34.7,11.3,1.0,1.3,30.0,19.3,2.3,0
148.0,240.0,436.0,323.0,58.0,34.0,0.0,1.0,70.0,5.6,-8.3,66.5,223.5,241.5,222.5,18.5,38.0,1.0,2.0,50.0,-21.7,-13.0,1
70.0,119.0,359.0,316.0,40.0,34.0,2.0,5.0,70.0,5.2,-3.4,74.0,124.0,201.0,343.0,23.0,21.0,3.0,5.0,90.9,-2.3,-3.7,1
68.3,150.3,202.0,168.7,13.3,26.3,3.0,1.3,50.0,-19.1,-9.7,187.0,180.7,152.7,236.7,23.7,33.0,0.3,1.3,40.0,-12.8,-13.1,0
211.0,223.7,289.7,294.3,49.3,41.7,2.0,1.7,44.4,-3.8,-6.1,390.0,69.7,85.7,208.0,47.0,9.7,0.7,3.0,77.8,7.4,-10.1,0
152.7,96.3,230.3,392.0,27.3,27.7,0.0,2.0,20.0,10.8,8.9,166.7,106.0,165.7,265.7,20.3,31.3,1.0,1.3,70.0,-1.7,-0.4,0
31.0,126.0,269.0,133.0,31.0,7.0,1.0,4.0,30.0,-10.4,-17.6,32.0,326.0,187.0,145.0,6.0,38.0,0.0,2.0,30.0,-31.2,-4.6,0
211.0,65.5,198.5,178.0,32.5,10.5,1.0,2.0,66.7,6.7,-11.5,84.0,101.0,217.5,239.0,18.0,25.5,2.0,1.0,11.1,-5.2,3.5,0
161.0,322.0,303.7,241.3,32.3,46.3,2.3,2.3,66.7,-2.0,0.5,108.0,100.7,329.3,354.3,33.3,26.3,1.7,1.0,20.0,12.6,7.0,0
299.0,57.7,188.3,240.0,43.0,11.0,1.3,1.3,77.8,15.8,-0.9,143.0,246.7,261.7,166.3,24.7,33.0,2.0,2.0,66.7,-9.8,-3.9,0
168.7,195.0,282.3,278.0,33.3,29.0,0.7,1.7,60.0,-15.4,-10.4,79.0,258.7,336.0,195.3,26.3,31.7,1.3,1.3,50.0,-16.5,-10.9,0
196.0,43.7,163.3,168.7,24.0,10.0,1.3,2.3,80.0,9.6,-5.1,195.0,155.0,337.0,205.0,39.0,25.0,1.5,1.0,50.0,12.5,1.3,0
297.0,118.3,225.3,231.0,44.0,16.7,0.3,1.0,60.0,10.4,-7.6,56.5,232.5,285.0,180.0,24.0,29.0,2.5,0.5,70.0,-2.1,-3.1,0
239.0,92.0,215.0,250.0,45.0,14.0,1.0,2.0,40.0,17.5,-8.1,170.5,241.5,119.0,237.5,19.0,36.0,1.5,1.5,30.0,-14.2,-5.3,0
181.7,166.0,281.3,146.7,36.3,16.3,1.0,1.3,88.9,17.7,0.7,101.7,114.3,130.0,190.0,20.0,21.0,0.7,1.3,77.8,-1.0,-8.4,0
124.0,127.0,108.0,311.0,20.0,16.0,0.0,3.0,30.0,1.6,1.9,162.0,103.0,139.0,235.0,21.0,24.0,4.0,2.0,50.0,0.1,3.4,0
288.0,28.0,250.0,365.0,33.0,23.0,1.0,0.0,80.0,21.1,8.0,105.0,498.0,95.0,286.0,7.0,55.0,0.0,0.0,40.0,-18.2,13.0,0
61.0,259.0,186.0,127.0,16.0,23.0,2.0,4.0,60.0,-7.5,-1.8,296.0,169.0,216.0,141.0,20.0,10.0,2.0,2.0,90.0,-14.5,-4.1,1
210.3,211.0,354.7,292.7,45.3,31.0,1.3,2.0,100.0,15.4,3.3,217.0,86.0,160.3,223.3,27.3,15.0,0.7,2.3,20.0,2.2,-7.9,0
131.3,183.7,224.3,130.0,21.0,22.0,1.7,0.3,11.1,-10.5,-8.3,202.0,143.7,103.3,288.7,13.0,25.0,1.3,1.0,11.1,-24.7,-13.6,0
314.7,189.0,224.7,176.7,49.7,18.3,0.3,2.3,66.7,22.6,0.9,265.7,279.7,95.0,160.7,22.3,36.7,2.0,1.0,20.0,-5.7,-0.6,0
159.7,61.0,235.0,200.0,25.3,11.7,1.3,1.3,80.0,13.5,3.8,110.3,97.7,214.7,194.3,23.7,16.3,1.7,1.3,70.0,1.6,0.0,0
67.0,224.0,337.0,225.0,13.0,41.0,2.0,1.0,70.0,-3.8,-4.6,143.0,292.0,179.0,116.0,28.0,25.0,1.0,1.0,50.0,-2.4,-7.9,1
232.3,58.7,181.0,227.3,32.7,13.0,1.3,0.7,90.0,30.4,11.3,217.0,151.7,194.0,160.7,25.7,19.3,1.7,0.7,60.0,16.0,10.8,1
192.7,166.0,221.0,194.7,37.7,22.7,0.7,2.0,40.0,1.8,-7.2,179.7,208.7,398.7,166.3,46.0,40.0,2.7,1.7,50.0,-6.0,-5.7,0
239.7,106.3,164.7,410.7,40.3,43.7,1.0,2.7,50.0,5.7,3.9,192.7,186.0,319.7,211.0,29.7,32.0,2.7,1.0,100.0,13.8,7.8,1
108.3,221.7,187.7,245.7,16.3,26.0,2.3,1.3,60.0,-3.0,-1.1,62.3,97.0,263.3,197.0,24.7,27.0,2.3,2.0,60.0,-1.4,0.8,0
207.3,129.3,197.7,212.3,37.7,21.7,0.3,2.7,50.0,-3.4,-5.8,103.0,125.0,235.3,302.0,25.3,35.7,2.3,1.3,30.0,-14.9,-9.8,0
296.7,138.3,156.3,189.3,42.0,20.3,0.7,3.0,40.0,-0.9,-4.5,195.7,182.3,236.0,329.3,31.0,36.7,2.3,2.7,70.0,-16.1,-10.3,1
203.0,153.0,153.3,135.3,36.3,9.0,1.3,4.0,20.0,10.6,-0.2,102.3,120.0,252.7,208.0,17.0,19.7,3.3,2.0,30.0,6.1,1.7,0
120.3,116.3,253.3,270.0,25.7,31.0,1.3,0.7,77.8,5.7,4.9,139.7,208.3,315.7,198.7,33.0,21.7,0.0,1.0,30.0,4.3,-6.2,0
132.3,176.0,146.0,257.7,22.3,28.3,0.3,1.0,40.0,-9.3,-6.3,218.7,161.0,180.3,179.3,25.7,26.0,2.0,1.0,50.0,-12.6,-9.2,1
89.0,207.3,221.0,261.0,20.7,35.7,0.7,1.7,70.0,-9.1,-1.6,223.0,179.7,260.3,196.3,33.0,28.3,3.0,1.3,80.0,3.0,0.1,1
166.3,151.3,347.3,320.3,38.3,27.0,1.0,1.7,55.6,11.2,-2.4,186.3,128.0,287.7,288.0,32.0,31.0,1.7,1.3,88.9,-1.1,-11.6,1
274.7,171.7,193.7,231.3,33.3,25.0,1.0,1.7,30.0,-4.7,-5.2,152.3,284.7,140.0,168.0,18.3,34.3,1.0,2.7,40.0,-13.9,-11.2,0
128.0,360.0,192.0,212.0,24.0,42.0,2.0,3.0,33.3,8.6,6.3,184.0,163.0,270.0,234.0,31.0,41.0,4.0,3.0,20.0,-4.7,-8.5,1
158.3,208.3,305.3,225.3,32.3,32.3,0.7,1.7,40.0,-13.6,-6.1,168.3,178.3,148.7,216.7,22.7,37.0,1.7,2.3,40.0,-13.1,-12.1,1
295.3,174.3,237.7,234.7,44.0,30.0,1.0,1.7,90.0,17.2,7.2,97.3,146.7,224.7,233.0,14.7,23.3,2.7,1.0,70.0,4.1,1.1,0
179.3,84.3,197.7,166.3,31.7,10.0,0.3,3.3,80.0,21.7,8.0,160.0,146.7,227.3,158.3,27.3,17.3,1.3,1.3,30.0,3.5,-1.5,1
146.0,118.0,211.0,284.0,14.0,24.0,3.0,1.0,40.0,-5.9,-12.9,297.0,69.0,189.0,215.5,52.0,17.0,1.5,2.5,60.0,18.9,1.4,0
171.0,268.0,175.0,324.0,6.0,38.0,1.0,1.0,60.0,4.4,1.7,162.0,217.0,108.0,360.0,20.0,52.0,1.0,2.0,30.0,-8.1,-9.6,0
200.7,140.3,198.7,182.7,34.0,16.3,1.3,2.0,33.3,6.2,-3.5,56.7,99.0,478.0,385.3,38.7,35.3,3.0,1.3,44.4,8.6,4.0,0
213.7,194.3,326.3,222.7,34.3,31.0,2.3,0.7,36.4,7.2,4.7,264.7,152.0,326.0,234.0,46.0,31.0,1.3,1.3,50.0,24.2,5.3,1
318.0,139.0,79.0,260.0,47.0,45.0,1.0,3.0,100.0,1.8,-12.7,252.5,205.5,107.0,313.0,21.5,42.0,0.5,1.0,30.0,-11.7,2.9,1
83.0,305.3,301.0,235.0,32.0,46.3,1.3,0.7,70.0,5.6,0.6,83.7,230.7,153.7,200.0,9.0,30.0,3.0,2.3,36.4,-13.9,-4.5,0
166.0,114.7,252.7,150.0,28.7,14.7,2.7,2.3,90.0,8.5,-0.1,212.7,309.7,171.3,173.0,24.0,31.7,2.0,2.7,20.0,-4.9,1.8,1
82.0,246.0,302.3,253.7,17.0,47.3,2.3,0.7,100.0,15.1,12.0,97.7,217.7,237.7,213.7,15.3,32.7,2.0,1.3,30.0,-16.6,-12.9,0
271.7,161.3,185.3,260.7,34.7,24.0,0.0,1.3,70.0,-5.5,-5.0,196.3,136.0,250.7,326.7,34.7,33.0,0.7,1.3,80.0,-16.0,-12.7,1
212.3,140.3,139.0,348.0,19.7,35.7,2.0,2.7,60.0,-10.6,0.3,133.3,208.3,165.0,287.3,24.7,43.0,1.3,2.3,40.0,-18.0,0.7,1
213.3,88.3,199.7,193.0,33.0,9.3,1.0,1.7,33.3,-0.9,-10.3,110.0,131.3,246.7,212.3,23.0,29.3,1.7,0.3,22.2,-25.5,-15.3,0
205.7,140.3,187.3,177.7,21.3,22.3,3.0,1.0,50.0,-12.1,-7.2,211.3,267.7,200.3,183.3,29.3,42.3,2.7,2.0,33.3,-23.2,-16.7,1
190.7,182.3,172.7,138.3,19.0,28.3,3.0,0.3,66.7,-3.2,-1.3,92.3,181.0,197.7,141.7,22.3,13.0,1.0,2.0,40.0,14.7,6.9,0
164.3,227.7,328.7,246.0,36.7,37.0,1.7,1.0,33.3,11.4,3.9,176.0,157.7,193.0,249.0,18.7,32.0,1.0,1.0,20.0,-8.2,-1.5,0
177.7,152.7,206.3,154.7,34.7,14.0,1.0,2.3,66.7,14.2,4.3,213.3,82.7,141.3,155.0,29.0,11.0,0.7,2.7,50.0,20.1,10.5,1
125.7,115.7,249.0,168.0,28.3,22.3,2.7,2.0,70.0,14.0,3.9,144.3,186.7,227.0,237.7,17.3,26.3,3.0,1.7,60.0,1.0,-1.0,0
225.0,85.0,105.0,155.0,16.0,6.0,0.0,2.0,55.6,4.9,-2.0,206.0,25.0,324.0,246.0,37.0,7.0,2.0,1.0,55.6,9.3,-19.2,0
178.7,227.0,315.0,317.0,41.0,45.3,2.0,2.0,40.0,5.2,-4.2,130.0,119.0,279.7,164.0,28.0,20.7,1.7,2.0,81.8,-7.8,-4.3,1
144.0,114.7,353.0,257.3,35.7,24.3,1.3,2.3,70.0,6.3,-2.1,125.7,245.0,190.0,196.3,25.3,33.0,0.3,1.7,80.0,-16.9,-4.9,0
170.7,160.3,236.7,284.7,27.7,33.3,3.0,1.7,30.0,5.4,0.6,207.3,168.7,372.0,369.7,46.3,35.7,1.3,3.0,70.0,7.1,5.7,1
191.7,129.3,120.7,224.0,20.3,12.7,0.7,2.7,72.7,-16.2,-12.1,195.0,120.0,243.3,186.3,34.7,19.0,1.3,1.0,40.0,0.9,-3.6,1
303.7,195.7,292.3,298.7,48.0,32.0,0.7,1.3,22.2,4.6,-0.8,114.0,181.7,151.7,176.0,28.3,13.3,2.0,4.0,44.4,2.8,-2.8,1
190.7,107.7,318.3,90.0,40.3,7.0,2.0,2.3,90.9,21.1,-0.8,244.3,73.3,359.7,129.3,45.0,11.0,2.0,1.3,80.0,24.4,4.8,1
199.0,173.3,199.0,124.3,44.3,22.3,1.3,3.3,60.0,-6.1,-5.9,136.0,293.0,107.7,136.3,13.0,46.7,3.3,0.7,40.0,-23.2,-9.8,1
140.7,128.3,313.3,235.0,44.0,17.7,0.3,2.0,50.0,14.7,4.3,69.0,139.0,134.0,174.0,4.0,13.3,1.3,0.7,66.7,3.4,0.4,0
165.0,246.5,121.0,125.0,7.0,30.5,4.0,1.5,40.0,-10.1,-0.1,84.5,182.0,280.5,163.0,17.0,29.5,1.0,1.5,50.0,-7.0,-3.9,1
118.0,102.3,213.7,264.7,24.0,27.3,1.3,2.7,50.0,-11.3,-8.8,33.5,126.5,185.5,219.0,6.5,25.0,3.5,2.5,40.0,-10.1,-7.1,0
113.0,202.7,245.3,328.0,18.7,30.3,3.0,1.3,50.0,-13.2,-7.5,188.3,145.7,142.7,260.3,20.7,32.7,0.7,2.0,50.0,-8.6,-4.7,0
231.0,163.3,124.0,117.0,21.3,19.3,2.7,0.7,44.4,9.3,-2.3,173.7,201.0,184.3,207.7,27.0,23.7,0.3,2.0,33.3,-21.0,-17.6,0
192.3,181.7,186.0,187.3,29.0,27.7,1.7,1.3,60.0,0.3,-4.3,181.3,211.0,266.0,132.3,41.3,24.7,1.3,2.0,60.0,4.8,-4.6,1
196.7,184.0,219.0,314.7,32.0,37.0,0.3,2.0,30.0,8.9,8.7,119.3,166.0,207.7,240.3,26.0,24.7,1.7,2.0,30.0,5.6,2.0,1
189.0,121.3,195.0,182.7,36.7,14.7,1.0,3.0,40.0,10.7,2.7,361.7,144.3,191.0,260.3,44.3,30.0,2.7,2.7,20.0,6.2,-2.5,0
221.7,171.7,383.7,368.3,46.0,39.7,2.3,1.0,90.9,7.6,7.4,106.7,168.7,245.3,247.7,25.3,19.7,2.0,2.7,100.0,15.1,9.4,0
199.0,248.0,185.7,304.7,18.3,44.7,1.3,0.3,88.9,-27.6,-7.6,116.3,121.7,163.7,303.3,22.0,24.0,1.7,3.7,44.4,-15.3,-4.0,0
217.7,155.0,175.3,215.0,31.3,13.3,0.7,2.3,44.4,-1.8,-14.3,223.0,177.7,159.3,250.3,15.7,39.3,2.3,1.7,11.1,-27.6,-18.6,0
107.7,132.3,150.7,217.7,28.7,14.3,0.3,3.0,50.0,-11.4,-4.6,42.3,135.0,298.0,251.3,14.0,21.3,1.7,1.7,10.0,-7.4,-2.8,1
201.3,143.3,167.3,224.7,32.0,25.0,0.3,1.3,30.0,8.8,-0.7,173.3,99.7,260.3,212.7,35.7,10.3,0.3,2.3,60.0,11.0,-0.5,0
131.3,213.7,243.0,197.7,26.7,39.3,3.3,0.7,11.1,-5.2,-8.1,241.0,201.0,257.7,271.7,33.7,32.7,1.0,1.3,44.4,-21.4,-15.3,1
293.0,145.7,296.3,212.7,52.3,18.7,1.7,3.0,90.0,33.2,8.2,71.0,139.7,371.0,441.3,28.3,43.0,3.0,2.7,50.0,-0.3,0.2,1
137.0,188.7,330.3,236.3,29.3,25.3,1.0,1.3,44.4,-11.5,-10.8,131.7,211.7,170.7,138.7,20.0,29.7,2.7,1.0,60.0,-11.5,-5.0,0
113.7,100.7,343.3,250.0,34.0,20.7,1.0,1.7,70.0,14.2,4.0,229.0,130.7,162.3,268.0,32.7,23.0,1.7,2.0,70.0,-3.8,-8.5,1
216.3,74.0,288.0,263.0,42.0,14.3,0.3,1.0,30.0,25.5,0.2,127.3,124.0,209.3,220.7,24.0,27.3,1.3,0.7,30.0,-4.8,-0.7,1
225.7,126.0,201.7,202.3,31.7,30.3,1.3,1.7,60.0,21.6,5.4,150.0,127.3,261.7,268.0,32.7,21.7,1.0,2.7,80.0,8.9,1.9,0
162.7,146.7,196.3,157.3,26.0,19.7,2.0,0.7,70.0,-2.1,-4.0,112.3,165.7,170.3,174.0,17.3,18.7,0.7,1.3,80.0,-9.2,-9.7,1
160.3,75.7,343.7,312.0,24.3,26.3,2.0,0.7,60.0,-1.9,-2.4,113.7,105.7,178.3,258.0,26.7,19.7,1.3,1.7,40.0,-12.8,-1.1,1
266.3,120.7,185.3,172.0,32.0,12.7,1.0,1.3,90.0,0.7,-8.1,203.7,156.3,221.0,199.0,36.7,22.7,0.7,1.7,80.0,-8.6,-7.8,1
234.0,82.0,206.0,137.0,51.0,7.0,0.0,2.0,80.0,22.1,-7.8,101.5,272.5,258.0,234.0,13.5,56.0,4.0,1.0,70.0,-32.4,-11.8,1
145.5,150.5,243.5,247.5,39.0,25.5,1.0,1.5,70.0,6.7,-1.6,121.0,265.7,226.3,231.3,16.0,37.7,2.7,0.0,30.0,-14.1,1.2,1
221.3,115.0,116.3,294.3,23.0,29.7,1.3,1.0,9.1,2.5,1.3,87.7,158.3,187.0,178.7,11.3,27.0,2.7,0.7,30.0,-4.5,-0.4,0
227.0,126.0,148.0,220.5,18.5,23.5,2.5,1.0,72.7,-0.2,-5.5,113.7,105.0,253.7,271.3,33.0,23.7,1.7,3.3,20.0,1.4,-6.4,0
109.3,209.0,274.0,171.3,20.0,25.0,1.0,0.7,77.8,6.1,6.6,99.5,74.0,369.5,83.5,36.0,9.5,2.5,1.0,44.4,5.1,-15.5,0
144.3,107.0,182.3,231.3,29.0,15.3,2.3,3.0,100.0,14.5,1.3,153.7,254.0,64.7,205.7,10.0,32.0,1.7,1.7,30.0,-24.8,-14.4,1
140.3,98.7,227.7,303.0,27.7,14.0,0.7,2.3,60.0,4.9,-1.8,233.0,227.7,164.3,228.3,23.3,32.3,1.0,2.0,44.4,-7.8,-6.8,1
114.3,113.3,226.7,243.0,21.0,32.3,2.7,2.0,60.0,9.6,4.7,198.7,163.3,260.7,167.0,28.3,15.3,0.7,1.0,70.0,13.5,6.2,0
296.7,125.0,184.0,214.0,35.0,12.3,1.7,1.0,90.9,16.2,-4.6,87.3,125.0,269.3,173.7,31.3,17.3,1.0,1.0,50.0,10.2,-2.2,0
126.0,200.7,285.0,227.7,29.0,37.7,2.3,0.7,80.0,8.2,7.1,148.3,113.3,246.7,215.3,31.3,18.3,0.0,1.7,50.0,10.7,1.5,0
168.0,79.7,333.3,269.0,30.0,26.7,2.3,1.7,70.0,2.5,-3.5,167.3,237.7,205.3,242.7,24.3,32.3,2.3,1.7,30.0,-15.4,-7.5,1
195.7,119.7,183.0,211.0,34.7,18.3,2.3,3.3,10.0,-3.0,-5.4,124.3,162.0,124.7,148.3,9.7,22.0,2.7,2.3,50.0,-11.1,-8.0,0
8.0,138.0,342.0,345.0,24.0,47.0,2.0,2.0,60.0,-8.5,7.4,72.0,127.0,326.0,298.0,27.0,31.0,1.0,1.0,30.0,-5.8,0.4,1
170.3,160.3,290.0,254.3,38.0,33.3,2.0,2.0,80.0,10.7,4.8,228.7,131.3,266.7,237.7,30.0,25.7,1.3,1.0,70.0,10.5,2.9,1
230.7,171.3,48.7,236.3,26.0,28.7,2.0,3.7,80.0,-2.9,-1.6,74.7,202.0,344.7,270.3,28.7,37.3,2.7,2.0,70.0,-17.0,-6.7,0
106.7,287.3,189.7,186.0,16.3,41.3,2.3,0.7,100.0,-7.3,-0.9,139.7,172.3,222.3,339.3,27.3,34.0,1.3,2.3,60.0,-5.8,-7.4,1
461.0,94.0,96.0,230.7,52.7,21.7,1.0,1.7,50.0,2.7,-9.0,203.3,222.3,153.3,298.0,23.0,27.0,0.7,1.3,40.0,-13.1,-14.5,0
159.3,166.0,180.3,147.0,24.0,24.0,2.0,1.3,80.0,4.6,-2.5,114.0,167.0,343.3,185.0,36.3,24.3,2.7,2.7,80.0,8.4,-0.7,1
121.0,168.0,140.7,202.7,18.0,20.3,0.7,2.7,30.0,-1.4,-0.3,99.7,168.7,242.7,190.0,16.0,25.0,1.3,1.7,50.0,-7.7,-5.9,0
245.0,136.0,163.3,234.0,28.3,29.3,2.0,0.7,33.3,1.4,-1.8,167.3,142.0,230.3,238.7,29.3,28.7,2.0,3.3,66.7,-2.2,-5.7,0
100.0,144.3,237.7,233.7,22.0,33.7,2.0,2.0,80.0,-11.2,-2.4,151.3,153.0,268.7,242.3,22.3,32.7,2.0,1.0,40.0,-12.6,-5.2,0
90.3,223.7,270.3,174.7,24.7,40.0,1.3,1.3,50.0,-11.4,-6.2,111.7,164.3,228.0,290.3,17.7,35.7,2.3,1.3,10.0,-15.9,-13.3,0
187.3,148.3,179.7,283.0,39.3,29.3,0.7,1.7,72.7,5.7,2.1,112.3,88.0,226.0,246.7,21.3,24.7,2.0,1.0,30.0,5.0,5.4,0
162.7,132.7,196.0,317.0,32.0,17.3,1.7,2.7,50.0,5.5,-4.2,88.7,203.3,216.0,282.7,20.7,44.3,1.3,2.7,77.8,-15.3,-10.6,1
77.3,262.3,208.7,191.3,13.3,29.0,1.7,0.3,60.0,-9.6,-10.2,111.7,215.3,247.7,303.3,20.7,33.3,1.3,2.0,22.2,-12.7,-8.5,1
151.7,108.7,184.3,202.0,31.3,13.7,1.3,3.3,72.7,5.9,-6.1,123.3,160.3,356.0,298.3,30.7,26.0,0.3,3.3,70.0,9.1,1.0,1
125.0,130.7,292.3,307.7,25.3,38.0,2.0,0.3,66.7,1.6,11.4,226.3,111.3,110.3,235.7,33.0,17.0,1.0,3.3,44.4,12.0,7.3,1
111.7,205.3,215.3,272.0,17.0,33.7,1.3,0.3,100.0,3.7,3.0,318.0,102.0,243.7,403.7,41.7,34.3,1.7,1.0,70.0,12.3,2.5,1
105.5,209.0,205.0,184.5,15.0,39.5,2.0,1.5,70.0,3.7,6.5,204.0,164.7,202.7,281.3,24.0,31.0,2.3,1.3,30.0,-10.5,-6.1,0
179.3,105.3,319.3,257.7,37.7,25.0,2.0,1.7,88.9,8.9,4.7,155.7,208.0,207.7,163.7,23.7,26.0,1.3,1.3,33.3,-9.0,-8.5,1
238.3,109.3,255.3,128.7,47.0,7.3,0.7,2.0,100.0,30.8,11.2,198.7,102.0,183.0,182.0,30.7,9.0,0.7,1.0,77.8,28.4,6.4,0
180.7,130.0,210.0,200.3,34.7,22.0,1.7,2.7,60.0,0.8,-5.8,180.0,207.0,297.3,257.7,25.7,30.0,1.3,1.3,40.0,-5.3,-2.5,1
215.0,170.0,198.0,106.0,28.0,23.0,3.0,2.0,50.0,2.1,-5.5,96.0,175.0,154.0,289.0,7.0,44.0,3.0,0.0,55.6,-6.5,13.3,1
174.0,150.7,177.7,168.0,40.7,29.3,2.0,3.7,55.6,2.4,0.7,165.7,208.0,176.0,192.7,19.7,28.7,1.7,1.0,44.4,-18.2,-11.4,0
75.0,146.7,434.0,211.7,34.7,24.0,2.3,3.0,90.9,14.5,2.6,256.7,112.3,217.0,312.0,35.3,31.0,2.0,3.3,100.0,2.9,-1.9,1
165.0,78.3,147.3,260.7,20.0,16.7,1.7,1.3,60.0,7.6,4.5,98.3,153.7,279.0,341.0,22.7,44.3,3.7,0.3,40.0,1.1,0.8,0
150.7,169.0,208.0,183.0,14.3,23.3,1.3,0.7,50.0,-32.3,-19.9,96.0,275.3,258.0,218.0,25.0,43.7,3.0,1.3,10.0,-20.6,-8.9,1
210.0,70.7,229.3,258.3,26.7,15.0,1.7,1.0,80.0,17.0,5.8,61.0,94.3,233.7,353.3,15.7,31.0,1.3,2.0,70.0,-11.1,-6.4,0
334.3,60.7,55.3,225.0,28.7,13.7,1.7,0.7,33.3,6.3,-2.5,144.3,178.0,235.0,307.3,16.7,36.0,1.3,1.0,66.7,-21.0,-13.1,0
294.3,142.7,245.7,331.0,39.0,27.7,0.7,1.7,10.0,7.3,1.9,132.3,157.0,233.7,235.7,37.3,23.7,1.0,3.7,50.0,11.6,6.2,0
163.7,170.3,249.3,125.0,23.0,14.3,1.0,0.3,66.7,5.3,3.5,124.3,153.3,310.7,317.7,28.3,38.0,1.3,1.3,100.0,8.5,5.1,1
216.3,95.0,181.3,269.3,25.0,18.0,1.7,1.7,50.0,12.5,5.3,112.0,116.3,224.7,354.7,20.7,37.7,1.7,0.7,90.9,-1.4,0.9,1
50.3,267.7,246.0,245.7,22.0,33.0,0.7,2.7,50.0,-1.5,-1.0,107.0,167.0,208.7,222.0,21.7,26.3,2.0,1.0,60.0,-2.7,-0.3,0
162.7,124.0,332.7,398.7,36.7,35.0,0.7,0.7,70.0,8.0,3.7,193.3,173.7,240.0,262.3,32.7,35.7,0.7,1.3,70.0,3.6,4.3,0
108.3,157.7,225.0,153.0,32.0,28.0,1.0,3.3,30.0,-0.9,-0.6,92.3,134.7,177.3,243.3,12.7,28.3,1.7,1.7,80.0,-4.5,-3.9,1
305.0,101.7,297.7,243.0,46.3,29.7,2.0,2.3,80.0,3.2,-2.1,137.3,224.0,245.7,234.0,21.3,32.7,2.3,2.3,70.0,-16.5,-9.8,0
164.0,133.7,101.3,162.7,10.7,22.7,1.0,1.0,44.4,-10.2,-4.4,149.0,110.7,285.3,241.3,30.0,34.7,1.7,1.0,22.2,-16.1,-9.9,0
116.7,161.7,292.7,241.0,23.3,32.3,2.7,1.7,50.0,-8.0,-4.9,50.0,177.0,132.0,149.7,16.0,41.0,2.7,0.7,30.0,-13.2,0.5,0
96.7,152.3,391.7,188.0,39.7,24.0,1.0,1.3,80.0,24.9,9.1,109.7,101.0,318.7,251.0,33.0,28.0,1.7,1.3,50.0,9.5,-3.7,1
207.5,221.0,272.0,250.0,35.0,28.5,0.5,1.0,50.0,-3.1,-8.6,83.0,116.0,174.0,201.0,17.0,24.0,1.0,6.0,70.0,-9.6,-12.0,0
122.0,229.3,152.0,296.7,9.7,41.3,2.3,1.7,40.0,-12.4,-5.7,152.0,243.0,327.7,230.0,33.3,38.0,2.0,1.0,60.0,-14.7,-9.1,0
101.0,112.7,241.3,162.7,19.7,14.3,2.3,2.0,40.0,7.7,2.4,100.3,199.3,265.7,190.7,24.0,28.3,1.7,2.3,100.0,-12.4,-14.4,0
211.7,61.7,316.0,199.3,47.7,8.0,2.3,3.3,60.0,14.1,-2.9,371.0,41.7,164.3,283.3,37.7,27.7,0.7,2.3,20.0,-1.6,-6.3,0
204.5,231.5,220.0,208.5,34.5,43.5,1.5,0.5,55.6,-2.1,4.5,141.5,83.5,217.5,113.5,22.0,15.0,2.0,2.5,77.8,7.1,-3.5,0
235.7,88.7,159.0,138.7,34.7,7.7,1.3,3.3,80.0,8.6,0.2,101.3,209.3,157.0,171.3,20.0,30.3,1.7,2.0,70.0,-0.9,-3.7,1
432.7,142.0,187.3,203.3,50.0,24.3,1.0,1.7,90.0,11.0,-8.1,41.5,170.5,331.5,300.0,20.5,39.0,2.0,1.0,50.0,-4.0,-6.8,0
53.3,210.3,338.7,200.7,22.3,32.0,2.0,0.7,10.0,0.4,1.3,196.7,192.0,172.3,307.7,24.3,45.7,2.7,2.0,88.9,-8.8,1.0,1
221.7,52.3,222.3,113.3,43.3,8.0,1.0,2.3,40.0,21.0,10.1,183.7,211.3,245.3,185.0,27.0,25.0,0.7,0.3,30.0,5.0,5.3,0
197.0,222.0,270.0,323.0,38.0,35.0,1.0,2.0,50.0,10.8,2.5,237.0,143.0,305.0,178.0,40.0,14.0,1.0,4.0,50.0,-5.2,-22.1,1
225.3,52.7,292.7,179.3,45.0,16.0,1.7,2.7,60.0,23.5,1.9,164.0,341.0,156.3,156.0,21.3,39.7,2.0,1.7,70.0,-26.9,-10.8,1
119.7,273.3,169.0,165.0,20.3,35.0,1.7,2.0,36.4,-8.5,-1.4,141.0,239.0,274.3,242.0,31.0,39.0,3.3,1.7,60.0,-7.2,-4.4,0
70.0,157.0,274.3,246.0,17.7,35.7,1.7,2.3,30.0,-12.5,-5.4,127.0,148.0,340.3,292.0,26.3,29.7,2.3,1.3,60.0,-9.2,-6.5,0
207.3,156.0,241.0,204.3,31.0,27.7,1.7,0.3,80.0,7.8,2.4,286.7,167.7,119.3,189.0,36.3,19.0,1.3,2.0,70.0,10.1,-0.1,0
308.0,289.7,98.0,284.0,28.3,42.7,1.3,1.7,70.0,-20.2,-13.8,111.3,166.3,211.0,280.3,24.3,36.7,1.3,0.7,50.0,-1.2,4.6,0
157.3,206.0,298.3,265.3,21.7,34.3,1.3,1.7,18.2,-3.6,-3.9,149.7,232.0,124.3,237.3,12.3,35.0,2.3,2.0,50.0,-9.7,-5.5,1
94.0,177.0,252.0,276.3,17.0,33.0,1.7,0.7,55.6,7.4,7.5,98.7,113.3,386.7,207.0,34.3,15.3,1.0,1.3,33.3,20.7,9.3,1
219.3,178.3,233.0,158.0,35.3,14.7,2.3,2.0,90.0,12.8,4.5,117.7,143.0,293.0,292.0,38.3,23.0,0.7,3.7,80.0,3.0,-8.8,1
244.7,141.0,213.3,181.0,32.3,16.7,1.7,1.3,40.0,-0.7,-10.2,287.7,123.3,196.3,265.3,37.7,23.0,0.7,2.0,60.0,7.7,-2.9,1
151.7,252.3,241.3,341.7,20.7,50.3,2.3,0.3,33.3,-20.3,-10.2,250.7,268.7,175.0,159.0,32.7,32.3,1.0,1.0,66.7,-10.2,-7.8,0
217.0,82.0,306.7,144.3,49.3,6.7,0.7,1.7,70.0,15.8,-7.5,131.7,191.7,225.7,323.3,14.3,25.3,1.3,0.7,50.0,-11.0,-10.3,0
261.7,102.7,373.3,232.7,52.7,19.0,1.3,2.0,77.8,25.7,9.4,241.7,123.0,347.0,246.0,30.7,25.3,1.7,0.7,66.7,16.4,4.5,1
165.3,142.0,309.7,121.7,38.0,12.0,2.3,3.0,50.0,4.0,-0.2,138.0,199.3,227.7,208.7,16.0,34.7,4.0,1.0,70.0,-4.1,-4.0,0
288.7,181.0,359.0,163.3,50.7,20.3,1.0,1.0,77.8,25.7,0.6,182.0,246.3,199.0,242.3,28.7,34.7,1.0,0.0,50.0,-12.0,-9.2,1
197.7,152.0,200.7,244.0,29.0,23.7,1.7,2.7,44.4,-0.4,-5.7,150.3,174.3,266.3,221.7,27.0,43.0,1.3,0.3,66.7,-23.3,-14.7,1
212.0,237.7,358.7,282.3,42.3,38.7,1.3,1.3,100.0,14.5,5.9,151.7,169.3,296.7,199.3,37.0,34.0,1.3,1.7,80.0,3.2,1.0,0
134.7,218.3,137.7,249.0,15.7,41.3,1.7,0.7,80.0,-19.6,-9.9,116.7,262.3,126.3,210.3,14.3,41.7,1.0,0.7,72.7,-29.8,-14.3,0
277.3,73.7,271.0,300.0,47.7,24.7,1.7,3.3,100.0,28.4,8.5,166.0,162.0,181.0,168.0,21.7,15.3,2.0,2.0,50.0,10.8,5.3,0
239.0,66.7,251.7,187.3,42.3,11.0,2.3,3.3,90.0,12.8,2.7,330.0,154.3,114.0,254.3,31.7,28.3,1.3,2.0,90.0,5.2,-2.1,1
131.3,214.7,114.3,195.0,16.3,29.3,2.0,2.0,66.7,-6.6,-2.5,179.3,216.0,254.7,241.7,26.7,38.0,1.7,1.0,33.3,0.9,4.7,1
274.0,264.3,208.0,283.0,37.7,40.3,0.7,1.0,44.4,-7.5,-7.6,184.7,143.7,168.0,140.0,29.3,13.7,1.3,1.7,50.0,-9.3,-8.2,1
130.7,225.7,400.3,313.7,34.3,40.0,1.3,1.0,70.0,9.6,3.3,142.0,61.3,206.7,210.3,22.7,15.7,2.0,1.0,30.0,15.3,5.9,1
233.5,93.5,260.0,196.0,36.0,15.0,0.0,0.5,77.8,18.5,2.9,439.0,71.0,132.0,177.0,65.0,10.0,1.0,2.0,88.9,21.0,-10.2,0
70.0,184.5,164.5,355.5,10.0,43.5,2.5,2.0,60.0,-6.3,9.7,258.5,120.0,223.5,294.0,38.5,29.5,3.5,3.0,30.0,-7.1,-15.0,0
118.3,305.3,311.7,254.7,32.7,43.3,1.0,1.0,11.1,-12.5,-4.5,98.7,364.7,248.7,201.0,17.7,43.3,3.3,1.3,33.3,-27.1,-11.7,0
279.3,233.7,96.7,213.3,31.0,30.7,1.3,2.3,66.7,-11.5,-13.4,50.0,274.3,175.3,215.0,4.7,37.0,2.3,0.3,70.0,-14.6,-6.5,1
129.0,64.0,264.0,190.0,17.0,27.0,4.0,1.0,70.0,-2.1,-3.1,263.0,67.0,221.0,199.0,42.0,17.0,2.0,3.0,50.0,-4.9,-17.0,0
186.3,208.7,286.3,130.7,34.3,25.3,2.0,1.3,70.0,10.4,6.8,185.0,268.3,260.3,112.3,28.3,20.3,0.3,1.7,40.0,-3.5,-7.4,0
163.3,139.3,264.0,217.7,29.7,21.7,1.3,0.7,80.0,7.2,1.9,181.0,73.0,274.3,307.0,29.3,24.7,2.3,1.7,70.0,6.4,0.6,1
190.3,253.7,244.7,162.0,34.0,26.0,1.3,2.0,30.0,-9.5,-8.9,190.3,177.3,206.3,261.0,20.3,26.7,2.3,3.0,36.4,-15.8,-9.8,1
122.0,136.3,213.7,186.0,13.3,25.0,3.3,1.3,70.0,4.2,-1.0,269.0,52.0,140.7,203.0,32.3,20.0,1.0,1.3,72.7,-8.0,-9.7,1
222.7,83.7,236.7,92.0,29.7,3.3,1.0,1.0,50.0,7.3,-2.1,455.3,159.7,109.3,312.7,61.0,34.0,0.3,1.3,77.8,8.0,0.5,1
178.0,150.3,217.3,355.0,30.0,53.0,2.3,0.7,50.0,-18.2,-5.9,132.3,306.3,362.3,217.3,41.3,55.7,1.7,1.0,70.0,-4.4,-2.0,1
199.0,77.3,250.3,262.0,31.7,23.7,1.7,1.7,50.0,2.1,-5.3,93.3,185.7,147.3,287.3,14.3,41.0,0.7,1.0,80.0,-24.1,-11.8,1
95.7,200.0,321.3,228.3,15.7,34.7,1.7,1.7,60.0,3.1,0.6,87.3,109.7,210.3,200.3,18.0,26.7,3.3,1.3,80.0,6.5,3.2,1
205.0,41.0,228.7,257.3,32.3,11.3,2.0,2.3,77.8,11.2,4.9,243.3,86.3,128.0,184.7,31.7,13.7,1.0,2.0,44.4,9.0,-5.6,0
162.0,184.7,167.7,127.3,27.3,23.0,0.3,2.7,77.8,5.0,0.6,292.7,153.3,161.3,350.0,35.3,27.7,1.0,2.3,77.8,-6.8,-11.2,1
157.7,24.7,230.7,245.7,25.0,18.7,1.7,2.7,60.0,-0.2,-5.5,94.3,119.7,218.7,156.3,22.7,25.0,1.7,2.7,50.0,-9.8,-5.3,1
105.7,271.7,228.0,324.7,19.7,55.3,1.7,1.0,70.0,-7.9,-0.3,349.7,309.0,88.0,215.7,28.3,41.3,2.3,1.0,70.0,-18.5,-13.0,1
160.0,137.0,165.3,73.7,15.0,11.0,2.0,2.0,30.0,2.8,-0.3,149.3,44.7,153.7,232.7,26.3,19.7,2.0,2.3,9.1,5.2,-0.7,1
279.5,80.0,199.5,226.0,34.5,20.0,2.0,1.0,40.0,9.8,1.4,246.0,193.0,177.0,269.0,35.0,10.0,1.0,2.0,50.0,7.6,-20.7,1
104.3,128.0,264.0,246.0,27.3,17.3,1.0,2.7,50.0,0.2,-1.9,120.0,237.0,264.7,261.3,19.0,31.3,1.7,1.7,80.0,-19.8,-9.1,1
226.3,133.3,314.3,296.7,38.3,28.0,0.7,1.7,70.0,1.4,-3.7,115.3,162.0,222.3,265.7,15.7,40.7,2.0,0.3,77.8,-11.2,-3.2,0
130.7,274.0,447.0,228.7,38.7,32.7,1.3,1.7,80.0,6.1,0.8,62.7,245.3,235.3,146.0,25.7,32.7,1.3,2.0,70.0,-9.3,-7.5,0
239.0,94.0,143.0,285.0,20.0,21.0,0.0,0.0,50.0,2.0,-15.1,121.0,169.0,187.0,73.0,13.0,10.0,2.0,0.0,33.3,5.4,6.1,1
162.0,114.0,293.7,158.7,37.7,15.7,0.3,1.7,50.0,-3.8,-8.5,126.3,194.3,204.0,183.3,18.0,27.0,3.0,0.7,33.3,-20.1,-15.2,1
129.0,132.5,202.5,151.0,26.0,8.5,3.0,3.5,77.8,5.8,-10.1,194.3,204.0,419.0,264.3,44.0,32.0,1.0,2.3,70.0,4.9,-4.9,0
178.0,158.3,245.3,191.7,37.7,26.7,2.7,1.7,30.0,-4.5,-3.9,144.3,236.3,259.0,264.7,36.3,40.0,1.3,2.0,30.0,-16.9,-8.1,1
176.3,89.3,202.3,169.7,22.0,16.7,3.0,1.7,30.0,-2.4,-5.9,228.3,259.0,205.7,220.7,30.0,37.0,3.0,2.3,30.0,-17.6,-8.9,0
191.0,150.3,217.0,169.3,32.0,11.3,1.7,1.7,50.0,-6.8,-9.9,215.7,134.7,213.0,232.7,47.3,26.7,0.7,2.7,60.0,2.1,-5.2,1
81.3,174.0,177.3,308.3,14.7,42.3,1.7,1.0,44.4,-20.0,1.9,117.0,167.0,157.0,235.5,19.0,38.0,3.0,3.5,33.3,-23.5,-19.5,0
94.3,159.7,257.0,166.7,18.0,23.7,1.7,2.0,50.0,-9.3,-4.8,185.0,156.7,179.0,207.3,18.7,31.3,1.3,2.0,30.0,-10.6,-6.6,1
231.3,72.3,173.7,207.3,37.7,21.3,0.7,2.3,50.0,-5.9,-9.2,290.7,187.0,210.7,255.0,33.3,32.7,2.0,0.7,60.0,-10.4,-11.1,0
151.3,184.3,238.3,232.0,26.3,28.7,1.0,1.7,80.0,-2.2,5.1,207.3,184.7,237.3,329.7,23.7,42.3,2.3,1.0,55.6,4.9,0.5,1
182.7,261.7,162.3,244.7,16.7,31.3,2.0,1.3,30.0,-27.3,-15.4,64.0,232.0,148.7,95.0,1.0,32.0,2.7,0.7,36.4,-33.7,-18.1,1
275.0,274.7,211.7,80.0,37.0,15.7,1.0,1.7,44.4,15.0,-2.3,302.0,91.7,212.3,245.7,42.3,23.3,1.7,1.7,80.0,4.8,-3.9,1
128.7,177.3,268.0,221.3,22.3,32.0,2.0,0.3,66.7,8.1,7.1,249.0,236.7,129.0,286.7,26.3,33.3,1.3,1.3,44.4,-0.2,2.9,0
94.0,183.7,139.3,228.3,12.7,32.7,1.7,1.0,88.9,-10.5,-1.7,124.7,148.7,186.0,282.3,13.3,44.3,3.3,0.0,55.6,-6.9,-4.0,0
131.3,96.3,218.3,196.7,22.0,14.3,1.3,2.0,80.0,6.6,4.8,224.7,137.7,134.7,229.0,29.7,17.0,1.3,2.3,70.0,6.6,-1.4,1
160.3,46.0,218.0,134.0,27.7,9.3,2.0,2.0,30.0,10.0,3.1,276.3,148.7,267.3,137.7,52.0,10.3,0.7,2.0,30.0,21.6,-3.6,1
106.7,183.3,176.3,192.0,15.7,21.3,1.3,1.3,40.0,-0.4,0.2,78.7,75.0,330.3,228.3,19.3,17.0,2.3,1.3,9.1,8.1,-1.0,1
165.0,185.3,273.0,315.0,26.0,23.3,0.7,2.3,60.0,-4.5,-8.6,78.7,129.0,242.3,227.7,20.0,25.3,1.7,1.7,60.0,-4.9,-6.7,0
308.7,100.7,230.0,75.7,54.3,8.0,0.3,2.0,100.0,41.1,11.6,199.0,177.7,108.7,215.7,20.3,38.0,2.0,0.3,50.0,-19.7,-8.1,1
237.7,158.7,214.0,151.0,32.7,20.3,2.3,2.3,70.0,11.9,3.9,99.3,159.0,206.7,333.0,20.7,31.0,0.7,2.0,60.0,-3.3,-1.8,0
235.7,181.0,287.3,284.0,36.0,36.0,4.3,0.7,100.0,18.4,6.9,81.3,175.0,167.3,226.7,13.3,27.3,2.3,1.7,40.0,-1.3,5.5,0
0.0,0.0,0.0,0.0,19.3,33.0,1.0,0.3,60.0,-9.3,-13.3,0.0,0.0,0.0,0.0,16.7,50.7,0.7,0.7,30.0,-27.3,-12.2,0
88.0,219.0,400.3,283.0,33.0,47.0,2.0,1.0,70.0,2.2,8.1,174.0,148.0,183.0,254.0,24.7,29.7,1.0,1.0,30.0,0.8,2.9,1
241.0,87.7,218.7,90.0,38.0,3.3,2.3,2.7,80.0,29.2,10.0,63.3,246.0,185.0,197.0,11.3,38.3,2.0,0.3,70.0,-9.4,5.8,1
154.7,55.3,186.3,156.0,25.3,6.7,1.0,2.3,80.0,3.0,-3.0,77.3,132.3,150.0,229.3,12.7,39.3,3.3,2.0,50.0,-16.3,-5.2,1
115.7,75.7,367.7,308.3,34.7,25.3,0.3,1.7,70.0,7.1,2.7,68.7,205.3,244.3,219.3,15.7,33.0,1.7,0.3,50.0,4.4,3.1,0
187.7,115.7,258.7,206.0,40.3,19.7,1.3,1.7,60.0,10.7,-5.4,122.3,281.7,180.0,177.0,25.3,33.3,1.3,1.7,50.0,-15.5,-6.0,0
227.0,119.7,291.7,154.3,38.0,17.7,1.3,1.0,50.0,13.6,6.6,70.0,233.3,170.7,149.7,18.0,29.0,1.0,2.3,30.0,9.0,4.8,1
70.0,135.7,223.3,221.7,22.7,21.0,3.0,2.0,66.7,6.5,2.4,171.7,149.3,368.0,263.7,44.0,21.3,0.7,1.3,77.8,22.5,7.0,0
178.3,196.3,199.0,143.3,21.7,21.0,1.7,0.7,55.6,7.6,2.2,141.0,293.0,287.3,237.3,27.7,48.3,0.7,0.7,90.0,-0.9,-0.5,1
74.7,216.3,251.0,151.7,14.3,28.3,3.3,1.7,20.0,-19.0,-14.7,137.0,101.5,177.5,195.0,24.0,24.0,3.0,1.5,60.0,2.0,-4.3,1
121.0,178.7,248.0,180.0,25.3,23.0,1.3,1.0,50.0,6.1,4.3,136.7,252.7,139.3,205.0,13.3,43.7,1.7,1.0,50.0,-24.3,-8.9,1
156.7,78.0,230.0,238.7,22.3,25.3,2.0,0.3,100.0,12.8,8.5,178.0,199.7,234.3,176.0,28.0,24.3,2.7,1.7,33.3,10.1,8.0,1
112.7,199.7,240.0,219.7,16.7,26.3,1.7,2.0,10.0,-8.9,-6.2,196.0,269.7,178.3,194.7,21.3,35.0,2.3,1.0,80.0,-23.4,-8.9,1
160.0,256.5,288.0,268.0,36.0,41.0,2.0,1.5,33.3,-18.8,-12.0,37.0,436.0,163.0,29.0,7.0,37.0,2.0,1.0,33.3,-14.3,3.8,1
133.0,146.0,234.7,211.3,20.3,22.3,1.3,1.0,60.0,3.1,-1.8,77.3,236.7,258.0,189.0,17.7,31.7,2.0,2.0,50.0,0.5,-3.5,0
157.0,328.7,134.3,132.3,27.7,33.7,3.3,2.0,70.0,10.8,2.3,163.0,215.0,238.3,141.3,22.7,30.3,1.7,0.0,60.0,3.2,-1.7,0
205.0,137.7,269.3,230.3,41.3,38.0,2.3,1.7,30.0,25.5,7.9,240.7,130.0,150.0,163.3,22.3,14.7,2.3,1.7,60.0,6.0,1.4,0
116.7,110.3,438.7,233.7,54.3,17.3,0.7,3.7,77.8,9.4,-1.2,181.0,215.7,225.7,325.3,18.0,49.7,2.3,0.7,88.9,-30.6,-10.0,1
190.3,202.3,308.3,269.0,26.3,40.3,3.3,1.0,70.0,-12.7,-7.3,117.3,271.3,45.0,231.7,3.3,41.3,2.3,1.7,30.0,-25.2,-13.7,1
235.0,185.3,310.3,268.3,51.7,26.3,1.0,2.7,44.4,15.8,2.3,164.7,121.3,221.7,230.7,27.7,23.7,1.7,3.7,55.6,7.9,1.5,1
94.0,143.3,152.3,229.3,13.3,23.7,1.7,0.7,50.0,-18.4,-6.2,292.0,156.7,140.0,265.7,33.3,28.0,1.0,2.3,11.1,-9.4,-6.0,1
125.0,283.3,237.7,84.0,19.3,33.3,3.0,1.0,44.4,-21.9,-14.0,260.3,150.3,152.7,203.3,25.3,20.3,1.0,2.0,11.1,-8.1,-7.3,1
85.3,99.7,278.0,316.7,20.7,29.7,2.0,1.3,70.0,3.2,2.2,75.7,125.3,257.0,230.0,23.7,27.3,1.3,2.3,50.0,-11.3,-9.8,0
258.3,216.3,330.0,185.3,52.3,22.3,0.0,2.3,44.4,13.2,-11.8,133.0,264.3,162.0,136.0,21.0,39.0,1.0,2.0,70.0,-7.3,-1.6,0
82.0,222.3,137.3,201.0,4.7,46.0,2.0,0.3,40.0,-21.7,5.1,87.0,190.0,225.0,207.5,13.0,31.0,1.0,1.5,30.0,-7.2,-5.6,1
153.0,248.0,181.3,218.3,24.0,34.3,3.0,1.7,50.0,-18.7,-10.1,117.0,165.3,137.0,178.7,13.7,21.7,1.7,1.3,90.0,-14.3,-4.9,0
333.7,65.7,169.0,196.3,37.7,12.7,0.0,1.7,33.3,2.1,-5.7,191.3,135.0,395.7,242.7,37.7,24.0,2.0,1.7,66.7,9.8,-1.9,1
217.7,91.3,242.7,203.3,43.7,14.7,0.7,3.0,60.0,18.6,3.4,64.3,262.3,242.3,174.0,21.0,37.3,2.0,3.0,30.0,-14.1,-5.8,0
135.7,61.3,255.7,237.3,37.7,14.3,1.7,3.7,50.0,-0.8,-4.6,160.3,247.0,341.7,370.7,47.7,46.0,1.3,2.3,80.0,-3.6,-7.3,0
138.3,139.3,198.7,193.0,21.7,28.0,1.0,1.0,70.0,-4.9,-6.4,221.7,93.0,209.7,208.3,26.3,15.7,1.7,2.0,30.0,4.2,-4.9,1
274.0,196.0,167.3,202.3,39.0,25.0,1.3,1.7,80.0,9.3,1.3,84.0,128.3,266.7,177.0,23.3,12.7,0.3,1.3,70.0,7.8,-0.8,1
162.7,129.3,160.7,288.0,25.0,17.3,1.0,2.7,88.9,7.3,2.7,105.7,197.0,277.0,326.3,29.0,47.3,2.7,2.3,0.0,-18.3,-10.1,0
160.3,154.7,401.3,380.0,49.3,46.7,2.0,0.3,80.0,2.2,0.4,182.7,146.7,262.7,228.0,28.7,21.3,0.0,1.7,70.0,5.1,1.1,1
133.3,232.3,237.0,140.7,28.0,31.0,1.7,2.0,50.0,1.7,-7.2,116.3,91.7,443.7,285.0,49.0,19.7,2.3,3.3,80.0,3.7,-5.1,1
105.7,134.3,253.0,216.3,23.3,27.3,1.7,2.0,66.7,12.7,5.8,348.7,308.3,201.0,277.0,41.0,49.3,3.0,1.3,66.7,-11.1,-5.0,0
317.7,217.3,328.3,405.3,54.0,47.7,1.3,1.0,77.8,21.0,7.1,159.7,113.3,230.7,253.7,29.7,20.3,1.0,2.0,77.8,11.7,6.1,1
134.3,167.7,248.0,282.0,32.3,38.7,1.7,1.3,80.0,4.1,5.7,146.0,134.5,218.5,222.0,23.5,43.5,3.5,0.5,50.0,-10.9,-9.0,0
41.5,146.0,187.0,230.0,8.5,37.5,2.0,0.5,50.0,-8.8,7.3,92.0,286.0,198.0,226.0,11.3,39.3,1.0,0.7,30.0,-12.9,3.3,1
172.0,138.0,165.7,127.0,21.7,18.3,3.0,1.7,70.0,0.2,-4.1,53.7,275.7,189.3,171.0,11.0,28.7,1.0,2.7,30.0,-1.6,2.1,1
171.0,59.7,167.7,244.0,19.0,18.0,1.0,1.0,20.0,-9.4,-7.7,109.3,120.0,162.3,247.3,19.0,22.3,2.0,0.7,30.0,-8.4,-9.6,0
182.0,266.0,197.0,208.0,22.3,37.0,1.3,1.0,70.0,0.2,4.0,109.7,146.7,270.7,312.3,28.0,30.7,0.3,1.7,18.2,10.2,12.0,1
145.3,240.0,190.0,241.0,16.7,39.0,0.3,0.7,70.0,-28.5,-17.8,98.3,267.3,152.0,111.0,11.3,30.7,1.0,1.0,20.0,-17.9,-15.3,1
172.7,105.7,250.0,294.3,32.7,21.3,0.7,0.3,50.0,0.7,-1.4,96.0,117.7,273.7,260.3,26.0,26.7,1.7,1.7,36.4,-4.9,-4.2,1
144.7,214.3,317.7,286.3,32.3,32.7,2.0,1.0,50.0,-4.2,-5.4,193.0,63.0,285.0,207.3,38.0,20.3,1.7,2.3,90.0,8.8,-4.6,1
207.7,157.0,182.3,265.3,31.7,19.7,1.3,2.0,100.0,9.4,-6.1,164.0,80.0,222.7,162.7,22.3,11.3,1.0,1.3,30.0,5.5,-0.5,1
263.7,272.0,33.0,239.7,15.3,40.3,1.3,1.0,77.8,-7.8,-1.2,239.0,288.0,162.7,175.3,29.0,30.0,1.0,1.7,22.2,-9.8,-5.7,1
115.7,148.7,288.3,295.3,25.7,30.0,2.3,0.7,50.0,-10.5,-7.0,136.7,119.0,114.3,249.0,20.3,22.7,2.0,2.0,72.7,-6.1,-4.0,0
150.3,95.0,404.7,313.0,51.7,34.7,1.3,1.7,55.6,-1.5,-5.7,183.0,150.3,213.0,341.3,25.3,33.3,1.3,1.7,50.0,-17.6,-10.7,1
181.3,135.0,327.7,243.7,30.7,16.0,2.3,1.7,11.1,-2.0,-4.7,200.3,155.0,201.7,326.7,31.7,29.0,1.3,2.0,44.4,-17.4,-12.1,1
200.0,180.3,215.7,194.7,27.3,26.7,1.3,0.7,66.7,2.5,2.5,156.3,137.3,208.3,244.0,26.7,31.3,2.3,0.3,70.0,3.8,8.5,0
127.3,200.7,285.3,321.3,21.7,43.3,3.0,1.0,11.1,-25.6,-18.8,105.7,281.0,269.0,261.0,23.3,35.7,1.0,2.0,44.4,-8.5,-3.9,1
115.3,129.0,424.3,331.3,33.0,30.7,1.7,2.7,70.0,7.2,-3.7,210.0,81.0,253.3,301.0,40.0,20.0,2.0,2.7,70.0,15.7,-1.0,1
115.7,96.0,311.3,214.0,36.3,11.3,2.0,3.0,30.0,0.9,-5.6,232.0,242.0,365.7,311.7,51.3,43.3,1.0,0.0,50.0,3.4,-7.0,1
277.3,155.7,136.3,339.3,30.7,30.0,1.3,1.3,44.4,6.7,4.1,247.7,313.7,266.7,282.7,26.7,47.3,2.0,1.0,55.6,7.4,0.4,1
106.7,255.3,282.7,232.7,29.7,39.7,2.0,0.0,30.0,-15.5,-7.5,278.0,154.3,133.7,162.7,30.0,24.3,2.0,1.7,10.0,-3.3,-3.1,0
152.0,58.3,214.3,346.3,23.0,26.3,1.0,1.3,60.0,1.4,3.5,80.7,244.0,219.7,204.7,19.0,27.3,2.3,2.0,66.7,0.3,1.1,1
106.0,162.3,271.0,194.7,16.7,17.7,1.0,0.3,50.0,-6.8,-4.1,101.7,247.3,212.0,234.0,19.7,37.7,1.7,2.3,36.4,-25.8,-18.6,0
124.3,87.7,261.3,254.7,26.3,21.3,1.0,1.7,80.0,21.2,5.5,177.0,67.0,157.0,281.3,27.3,18.3,1.0,1.0,50.0,3.8,-1.0,1
186.7,164.3,170.0,273.7,25.7,33.3,1.0,0.7,44.4,-6.4,-7.3,132.0,161.3,224.3,164.7,23.7,22.0,2.0,1.3,60.0,-0.3,-9.2,1
170.0,139.5,253.0,231.5,31.0,25.5,1.5,2.0,30.0,2.7,-6.0,103.0,99.5,284.5,328.0,28.5,31.0,1.0,1.0,30.0,5.7,0.1,1
265.0,91.5,221.5,155.0,42.5,12.5,2.5,1.0,70.0,10.9,0.0,192.0,253.0,63.0,325.0,21.0,63.0,2.0,0.0,50.0,-7.5,14.8,1
147.0,198.0,215.7,254.3,28.7,39.7,2.0,3.0,70.0,7.5,4.0,15.7,132.7,372.3,215.0,19.7,39.0,2.0,1.3,50.0,-10.7,-3.7,0
195.7,75.7,217.3,204.0,28.3,14.7,2.0,1.7,77.8,8.0,-3.8,217.3,316.7,283.3,204.3,29.7,42.7,2.7,1.3,77.8,-6.6,-9.8,1
277.7,104.0,198.0,133.7,37.7,8.0,0.7,1.3,60.0,21.4,0.3,143.0,178.7,213.7,202.7,17.7,26.3,1.3,1.3,90.0,-2.4,2.2,1
197.7,125.7,268.7,256.3,32.3,31.7,1.3,1.0,80.0,-6.6,-7.2,103.0,259.0,297.3,202.0,22.0,41.3,3.0,1.0,70.0,-12.6,-1.8,0
203.0,210.7,173.7,219.0,24.3,26.3,1.3,2.0,80.0,-7.5,-7.5,123.0,192.3,160.7,200.0,9.0,36.7,1.0,1.7,50.0,-2.6,-2.6,0
61.3,144.7,200.7,232.7,9.0,22.0,2.3,0.7,30.0,-6.6,-6.3,92.7,213.7,280.7,257.7,18.7,34.3,2.7,1.7,30.0,-32.2,-22.1,0
74.7,119.3,344.0,314.0,37.7,32.3,0.7,1.3,20.0,1.5,-2.8,191.3,98.0,211.7,301.0,27.0,20.7,1.3,3.7,70.0,-11.7,-10.0,0
300.3,205.7,204.7,219.3,49.7,25.0,1.0,1.3,70.0,18.2,5.0,220.5,241.5,255.0,277.0,34.0,37.0,1.0,1.5,60.0,7.1,-3.6,0
149.7,200.7,288.0,184.0,36.3,23.3,2.0,1.0,60.0,-11.1,-9.4,97.3,235.0,214.0,233.0,17.0,38.7,1.3,1.3,33.3,-17.0,-8.5,0
291.7,236.0,170.0,246.3,32.0,30.7,0.7,0.7,30.0,-7.0,-13.1,129.7,171.3,249.7,245.0,35.0,30.7,0.3,4.0,40.0,-10.8,-11.6,1
175.3,189.7,355.0,253.0,39.0,37.7,1.7,0.3,30.0,0.8,-0.7,113.3,191.0,262.7,195.3,17.7,23.3,1.0,0.7,36.4,-7.9,-4.1,1
119.0,138.0,140.0,246.0,10.0,14.0,0.0,0.0,90.0,-0.7,-7.6,24.0,45.0,271.0,336.0,17.0,24.0,3.0,4.0,60.0,0.5,-5.2,0
155.7,154.0,309.7,203.7,29.7,21.3,2.7,2.3,66.7,9.2,7.7,142.3,255.0,176.3,347.0,12.0,40.7,1.3,0.3,20.0,-10.5,-0.4,0
127.7,82.7,378.3,264.0,38.0,21.0,2.0,1.3,70.0,2.3,-11.0,101.7,123.3,215.0,241.3,20.7,20.7,1.3,2.0,80.0,6.6,0.1,1
236.7,112.7,81.7,106.0,25.0,8.0,0.7,0.3,60.0,-1.1,-4.3,157.7,149.7,237.7,160.3,28.7,26.3,1.7,1.0,36.4,-5.0,-5.3,0
218.7,93.0,236.0,296.3,29.3,23.7,1.7,2.3,30.0,12.6,5.1,16.0,239.3,333.7,209.3,16.3,33.7,3.0,2.3,50.0,-11.2,-7.2,1
127.0,156.3,214.3,205.0,25.0,19.7,1.3,2.0,40.0,5.0,1.3,206.7,183.3,179.7,169.3,31.0,21.3,2.3,1.3,50.0,11.3,3.3,0
163.3,105.7,200.7,276.3,33.3,26.3,2.0,2.3,10.0,7.3,-4.4,200.0,193.0,325.0,226.3,37.7,32.0,1.0,1.7,100.0,1.8,-7.8,0
137.7,75.7,226.0,257.3,35.0,26.3,1.0,2.7,30.0,8.3,1.7,206.0,87.7,292.3,303.3,33.0,22.0,1.0,1.3,60.0,9.0,3.6,1
193.3,75.7,213.3,193.3,23.3,8.3,2.0,1.7,80.0,20.9,8.0,136.0,118.3,314.0,308.0,31.3,27.0,1.3,1.7,80.0,8.5,1.5,0
75.3,129.0,406.3,199.0,40.0,17.0,1.7,3.3,90.9,12.9,-5.2,120.7,142.7,242.0,113.3,29.0,17.7,1.7,1.0,50.0,1.6,-5.4,1
222.0,91.7,235.7,299.3,47.3,20.7,0.7,2.3,50.0,4.5,-6.8,163.3,79.3,247.3,191.3,23.3,14.7,2.3,1.7,20.0,-14.3,-15.6,1
215.0,32.0,340.0,155.0,52.0,7.0,2.0,4.0,80.0,22.3,-4.5,162.0,145.0,110.0,109.0,26.0,14.0,1.0,5.0,100.0,13.9,-12.5,0
225.7,199.3,283.3,176.0,40.3,22.3,1.7,1.0,100.0,17.4,-0.1,111.3,147.0,250.0,109.3,28.7,14.0,0.7,2.3,33.3,4.5,-5.3,0
243.0,94.3,302.3,113.0,45.0,13.7,2.0,1.3,44.4,23.6,7.8,150.0,184.0,174.3,127.7,20.3,21.7,1.0,0.3,55.6,7.2,-4.5,0
224.3,188.7,213.7,195.3,30.3,20.3,0.7,1.0,33.3,7.7,6.3,101.3,279.3,331.7,197.0,27.7,35.7,1.7,0.7,20.0,-11.3,-7.2,0
337.7,131.3,47.3,116.3,30.3,17.0,1.3,1.7,44.4,-7.9,-8.6,270.3,107.0,183.0,95.0,33.0,5.7,0.7,1.3,44.4,8.3,-4.6,0
333.3,113.3,346.0,188.7,65.0,20.7,2.3,1.7,77.8,25.6,3.2,114.0,145.0,446.0,379.0,38.0,65.0,4.0,1.0,44.4,-2.9,-18.1,0
140.3,187.3,232.7,236.3,30.0,33.7,1.7,1.3,10.0,4.4,4.0,108.7,224.3,176.0,246.7,18.7,41.0,2.7,1.0,30.0,-7.0,1.0,1
232.0,263.0,289.0,94.0,49.0,31.0,2.0,1.0,77.8,17.0,-1.2,287.0,146.0,369.0,95.0,62.0,7.0,0.0,2.0,30.0,22.1,-9.1,0
110.7,89.0,237.0,148.0,25.0,13.3,0.7,2.3,70.0,11.0,-6.2,149.0,63.0,402.3,299.0,34.7,19.7,2.7,1.3,70.0,3.2,-8.7,0
155.0,83.3,362.7,231.3,45.7,14.3,2.3,3.0,60.0,24.5,9.2,139.7,191.7,307.0,229.3,20.7,27.3,3.0,0.7,90.9,20.8,11.8,1
166.3,118.3,188.3,291.7,23.7,23.7,1.3,3.0,30.0,1.9,-0.7,51.3,202.0,230.3,243.0,15.3,37.7,2.3,0.7,70.0,-18.5,-15.4,0
186.3,148.3,163.0,212.7,21.3,17.7,1.3,2.3,66.7,2.4,-3.1,106.7,373.0,73.3,156.7,2.3,53.3,2.0,1.0,50.0,-13.5,-6.5,0
160.3,157.0,255.0,252.3,21.3,34.0,1.7,0.0,18.2,-3.1,-1.5,123.7,227.3,149.0,162.0,14.0,33.3,1.7,1.0,70.0,-12.4,-4.5,0
128.3,186.0,252.7,150.0,21.7,29.3,1.0,0.0,77.8,-9.3,-12.2,152.0,170.7,169.0,205.0,15.3,21.7,1.3,0.7,11.1,-25.1,-13.7,1
139.7,39.0,275.0,222.3,28.7,19.0,2.7,1.3,50.0,-2.0,-11.5,142.3,214.7,328.3,311.3,29.7,39.3,2.0,1.0,33.3,-12.6,-11.6,1
247.0,190.0,157.0,216.0,26.3,31.0,1.0,3.0,36.4,-16.2,-10.2,148.7,194.7,270.0,291.0,29.7,44.3,2.3,0.7,60.0,-8.5,-6.8,1
197.7,177.3,186.0,185.7,26.0,21.3,1.3,1.3,44.4,3.1,-6.3,64.7,206.7,306.7,188.7,22.7,16.7,1.3,0.7,60.0,-7.4,-10.9,0
126.7,200.3,238.3,114.7,24.7,14.0,2.7,1.0,90.9,10.9,1.4,172.3,163.7,256.3,244.3,37.0,21.7,1.3,3.0,20.0,9.6,7.4,1
190.3,134.0,190.3,272.0,27.0,19.7,1.3,1.0,100.0,9.5,-2.6,288.7,182.7,180.0,228.7,34.0,25.3,2.7,1.3,70.0,13.3,-1.5,1
210.7,193.3,314.0,340.0,46.7,35.3,1.0,2.7,10.0,17.4,17.4,139.7,175.3,237.0,241.0,29.7,29.7,2.3,3.7,45.5,5.3,5.3,0
173.0,176.3,317.7,275.7,24.7,31.7,4.0,1.7,80.0,21.6,9.5,103.3,159.3,239.0,210.7,19.7,26.0,2.3,1.3,60.0,2.5,-0.7,0
326.0,117.0,185.0,283.0,38.0,21.0,1.0,0.0,30.0,4.0,-7.1,139.5,150.0,189.0,276.5,19.0,33.5,1.5,1.0,80.0,10.4,15.3,1
330.0,114.7,67.3,219.0,25.3,24.3,0.7,1.0,33.3,-2.4,-2.1,189.7,81.3,241.7,410.3,24.7,34.7,1.0,1.3,66.7,-15.5,-7.8,0
89.0,229.0,252.0,283.3,27.0,37.3,2.3,1.3,50.0,-9.5,1.1,130.7,335.3,136.3,195.0,14.0,45.3,2.0,2.0,80.0,-23.5,-7.1,0
224.0,227.3,201.0,261.3,21.3,37.3,1.3,0.3,20.0,7.1,8.7,155.0,187.7,245.7,201.3,32.0,26.0,0.3,1.3,90.0,7.9,3.9,0
185.3,202.3,397.0,266.3,46.0,35.7,3.0,1.7,100.0,16.4,6.2,224.3,274.0,173.0,198.3,20.7,39.0,2.0,1.0,20.0,-20.3,-14.6,1
238.7,144.0,248.3,165.7,40.3,19.3,0.3,1.3,60.0,13.9,3.7,192.0,102.3,234.7,183.3,29.0,19.3,1.3,1.3,10.0,9.1,4.1,1
145.7,171.7,247.7,152.3,35.3,23.3,1.3,2.0,80.0,13.3,6.1,83.7,254.3,335.3,198.3,33.3,35.3,1.7,1.7,30.0,7.7,6.2,1
120.0,161.7,274.0,232.3,20.0,34.0,2.7,0.7,50.0,-17.2,-7.9,102.3,208.3,174.7,173.7,9.3,31.0,1.3,0.0,36.4,-26.8,-14.3,0
73.0,141.5,130.5,250.5,9.5,32.5,1.0,0.0,36.4,-18.2,-3.2,21.0,250.0,214.0,133.0,3.0,16.0,3.0,0.0,30.0,-8.6,-8.6,0
184.0,128.7,256.0,273.3,35.0,26.0,1.7,1.7,80.0,16.2,8.5,35.3,137.3,505.0,368.3,37.7,51.0,1.0,0.7,50.0,1.8,4.3,0
115.7,105.0,219.7,240.0,26.7,25.0,1.7,1.3,30.0,9.7,3.7,130.0,80.3,316.7,308.7,31.3,25.3,2.3,2.0,18.2,9.8,5.7,1
197.3,145.0,244.7,100.7,36.3,13.7,1.0,1.7,66.7,4.8,-7.6,121.7,145.3,233.0,212.3,28.3,19.3,0.7,1.0,22.2,-12.4,-11.8,1
97.3,81.0,362.3,399.3,37.0,35.3,0.7,1.0,55.6,5.7,1.2,152.7,401.3,266.3,194.7,24.7,62.3,2.7,1.7,77.8,-11.6,-3.4,0
116.7,143.7,376.0,256.3,39.0,30.7,2.0,0.7,80.0,1.7,-3.7,293.0,166.0,127.7,233.3,34.7,24.3,2.3,1.3,80.0,2.5,-4.5,1
327.0,152.0,132.0,163.0,57.0,21.0,1.0,3.0,50.0,12.7,-10.9,296.0,-5.0,183.0,102.0,27.0,0.0,0.0,1.0,55.6,15.5,-7.6,1
179.3,41.0,159.7,185.3,22.3,6.3,2.3,2.3,70.0,8.7,-0.5,207.0,111.3,230.3,163.7,31.0,11.3,1.7,2.3,60.0,14.0,0.0,0
69.7,151.7,136.7,200.3,11.7,26.3,2.7,1.7,40.0,-12.3,-6.2,160.0,110.0,193.0,273.7,24.7,21.7,1.3,2.3,50.0,-8.5,-4.6,0
118.3,164.3,274.3,328.0,33.3,30.3,0.0,2.3,44.4,3.7,0.1,169.5,182.0,315.0,223.5,33.5,34.0,1.5,1.5,66.7,8.3,10.1,1
212.0,85.7,252.0,195.7,38.3,12.7,1.3,2.0,70.0,13.0,0.7,142.3,88.3,235.3,236.3,21.7,21.0,3.0,1.0,50.0,-2.6,-8.7,0
125.7,103.3,159.0,208.7,19.3,11.3,2.0,4.0,60.0,-5.8,-8.5,263.0,112.7,123.0,216.0,21.7,27.3,3.0,0.3,40.0,-15.6,-13.1,1
203.3,167.0,334.0,188.0,39.3,26.3,2.0,1.7,77.8,17.7,7.2,134.5,136.0,299.5,292.0,31.0,23.0,2.0,3.0,60.0,-1.0,-4.6,0
131.3,161.0,302.7,263.7,31.3,36.3,2.3,1.0,90.0,8.9,-3.8,103.0,336.0,212.7,202.7,17.0,47.7,1.7,0.3,80.0,-21.7,-13.5,0
224.7,157.7,251.7,279.3,33.3,31.3,1.3,1.0,44.4,-10.6,-14.8,221.0,108.7,283.7,218.7,40.3,24.0,1.3,2.0,60.0,-2.5,-9.6,1
238.3,195.7,146.0,272.3,34.3,23.7,1.7,1.3,70.0,-3.5,-5.7,91.3,138.0,343.3,230.3,28.7,27.3,2.3,2.7,30.0,-13.1,-8.0,0
175.0,95.0,162.3,151.3,23.3,12.3,1.7,1.7,40.0,23.1,5.9,112.7,157.7,249.0,133.3,27.0,17.3,2.7,2.0,30.0,6.1,0.8,1
134.0,195.0,193.0,189.3,21.7,27.7,1.7,0.7,33.3,-0.7,3.6,156.7,155.7,222.0,249.3,15.7,23.7,2.0,1.3,80.0,3.1,5.1,0
142.0,189.0,332.0,354.7,34.7,44.7,2.0,0.3,70.0,-9.6,-5.3,77.7,188.7,278.0,209.7,25.0,30.3,2.7,2.0,70.0,-4.9,-8.1,1
418.0,72.0,173.0,166.0,60.0,3.0,2.0,1.0,70.0,11.5,-15.0,160.0,48.0,222.0,250.0,34.0,14.0,2.0,2.0,100.0,3.6,-7.1,1
201.7,160.3,224.0,184.3,32.7,20.7,1.3,3.7,70.0,11.6,6.4,125.0,22.0,213.7,323.3,24.0,21.0,1.3,2.0,50.0,8.8,3.7,0
274.0,258.7,212.7,246.7,39.3,32.3,1.0,2.0,77.8,9.2,-2.5,131.3,59.3,259.3,382.7,19.3,27.3,1.0,0.3,70.0,-6.7,-5.8,0
292.7,160.0,234.7,188.0,45.0,13.3,0.3,2.0,60.0,14.1,-2.3,120.7,183.3,288.0,262.7,25.0,26.7,1.7,1.0,30.0,-11.8,-11.3,0
236.7,130.0,249.0,177.3,44.7,21.0,1.7,1.7,44.4,-4.7,-15.6,281.0,164.7,172.3,268.3,32.7,24.0,1.0,2.7,33.3,12.1,7.4,0
274.0,105.5,208.5,106.5,37.0,13.5,1.5,2.0,50.0,7.2,-15.2,135.5,53.5,280.5,100.0,32.5,15.0,2.5,0.5,60.0,10.5,0.8,1
92.0,220.7,188.3,146.3,17.3,27.7,1.3,1.0,40.0,-9.6,-5.3,161.7,88.7,278.7,208.3,30.3,20.3,0.0,2.3,60.0,1.6,1.3,0
163.0,206.0,207.7,220.0,27.0,26.3,1.0,2.0,80.0,11.0,7.3,211.7,105.7,265.7,315.3,35.7,15.0,1.3,1.0,60.0,5.0,-2.7,0
143.0,129.3,283.3,188.0,33.7,20.7,1.7,2.0,66.7,10.7,-2.0,198.3,155.0,260.0,261.7,36.3,41.0,1.7,2.0,11.1,-8.4,-7.5,0
169.7,140.0,275.0,309.7,39.0,37.3,1.0,2.0,30.0,1.3,3.2,160.0,108.3,209.0,265.0,25.0,29.7,1.0,1.7,20.0,-5.9,-1.0,0
195.0,98.3,370.3,228.7,55.0,16.3,1.0,1.3,66.7,1.9,-0.7,120.7,226.3,133.7,191.7,19.0,28.0,0.3,2.7,66.7,-0.8,0.4,0
231.7,255.0,76.0,188.7,18.7,32.0,0.7,2.3,77.8,-4.8,-2.1,269.0,326.7,123.7,218.7,28.3,33.7,0.3,1.7,22.2,-4.0,-1.8,0
71.0,154.0,187.0,214.0,17.0,38.0,2.0,2.0,20.0,-13.4,-14.3,134.0,379.5,374.5,160.0,32.5,43.5,1.5,1.5,80.0,-0.3,-1.5,0
111.0,304.0,325.3,197.7,25.3,51.0,3.0,1.0,90.9,5.2,3.0,188.3,213.3,224.0,235.0,36.7,30.7,0.7,2.0,70.0,20.8,11.6,0
102.3,138.7,183.3,169.0,21.0,22.7,2.3,2.3,50.0,9.3,1.2,100.0,122.3,145.3,255.0,11.0,19.3,1.3,2.7,30.0,-2.5,0.9,0
133.3,119.3,312.7,353.3,32.0,25.7,2.0,3.0,50.0,-2.4,-0.6,126.0,185.3,171.7,177.0,22.0,26.3,2.7,3.3,30.0,-9.0,-6.9,0
409.7,202.0,199.3,258.3,46.7,36.7,1.7,1.3,40.0,-8.2,-7.6,196.3,124.7,198.0,263.3,28.3,24.0,0.7,2.0,50.0,-4.8,-11.2,0
171.0,62.7,218.7,288.7,27.3,16.7,0.7,2.0,50.0,0.6,-3.9,217.0,154.3,258.0,294.0,32.0,29.7,0.3,1.3,40.0,-11.1,-7.1,0
232.3,87.0,271.3,159.0,46.0,16.3,1.3,2.3,70.0,21.0,4.5,35.3,122.0,456.7,191.7,41.0,22.7,2.7,3.7,90.9,15.7,-3.4,1
0.0,0.0,0.0,0.0,33.7,22.0,0.7,0.0,30.0,18.8,18.8,0.0,0.0,0.0,0.0,21.0,37.0,1.3,1.0,50.0,-12.4,-12.4,0
148.7,127.3,198.3,214.0,18.0,23.7,2.0,0.7,30.0,-10.4,-10.1,116.7,173.7,144.3,106.0,5.7,18.3,3.0,0.3,40.0,-9.6,-11.9,1
160.0,168.7,367.3,225.0,46.3,26.0,1.0,1.7,80.0,5.7,-2.3,195.3,336.0,303.3,208.0,34.0,36.0,1.0,2.0,70.0,0.4,-2.6,0
90.3,295.0,198.3,249.0,18.3,41.7,1.3,1.0,50.0,-12.3,-4.5,159.0,127.0,183.0,265.7,17.7,32.3,0.7,0.7,30.0,-27.4,-14.9,0
147.5,99.0,341.0,231.0,25.0,20.5,1.0,2.5,40.0,9.6,0.8,152.5,255.5,147.5,252.0,8.5,35.5,1.5,3.0,40.0,-4.7,-0.2,0
87.0,131.0,201.0,222.3,19.3,20.3,2.3,2.3,60.0,-6.0,-8.7,275.7,93.3,90.7,140.0,34.3,12.0,1.0,1.3,30.0,-1.2,-10.6,1
157.0,145.0,195.3,232.3,22.7,23.3,0.3,0.3,50.0,-9.0,-1.9,150.0,91.7,139.7,234.7,23.7,21.0,1.0,2.7,70.0,2.7,0.4,1
145.3,115.3,185.3,98.7,18.7,18.0,3.0,1.7,50.0,11.5,5.6,52.0,468.7,251.7,87.0,17.3,52.7,3.0,0.0,10.0,-29.1,-15.6,0
298.0,95.0,93.0,232.0,34.0,25.7,1.7,1.3,77.8,4.3,-3.2,203.3,182.3,183.3,227.3,32.0,31.0,2.0,1.3,77.8,-6.6,-7.0,1
246.0,93.3,105.3,213.0,28.0,11.0,0.7,1.7,100.0,21.6,4.6,199.0,162.7,221.7,192.0,27.7,20.3,2.0,0.7,77.8,17.0,8.1,1
158.7,222.0,308.0,292.0,38.0,29.3,0.7,1.7,70.0,9.9,-0.1,258.7,87.3,51.0,183.0,17.7,19.3,1.0,0.7,55.6,1.9,-4.1,0
152.0,221.3,270.0,187.7,32.7,22.0,1.3,2.3,20.0,10.2,3.2,209.7,81.7,205.7,111.0,27.3,6.0,2.0,3.3,30.0,13.3,3.1,0
123.5,213.0,223.5,321.0,30.0,37.0,2.0,1.5,80.0,4.1,3.5,111.5,361.0,149.0,166.0,3.5,41.0,2.0,1.5,0.0,-24.4,-13.9,0
102.0,251.3,286.7,272.7,19.0,39.7,3.0,1.0,10.0,10.9,8.7,104.0,149.7,285.3,148.7,21.7,21.7,1.7,0.7,60.0,10.7,8.0,1
209.0,84.3,210.3,292.3,31.7,24.7,1.0,2.0,50.0,-7.0,-6.9,69.0,160.3,335.3,213.3,19.7,29.7,2.7,1.0,40.0,-11.9,-9.8,1
121.0,204.3,214.7,233.0,17.3,39.0,3.0,1.0,60.0,-25.0,-13.8,87.0,249.7,66.0,298.7,7.0,35.0,0.7,2.0,50.0,-24.6,1.4,1
135.0,74.0,264.0,387.0,13.0,35.0,4.0,3.0,60.0,2.5,19.4,266.0,134.0,134.0,241.0,31.0,17.0,1.0,0.0,20.0,0.4,-10.3,0
92.0,237.7,245.3,221.0,26.7,29.7,1.3,2.3,50.0,-10.7,-4.4,188.7,218.0,178.3,240.7,32.3,35.7,1.3,2.7,40.0,-16.1,-14.2,0
284.0,127.7,176.0,117.7,38.7,10.3,0.7,1.3,66.7,7.5,-4.3,186.0,155.7,239.3,305.7,30.0,27.0,1.3,1.3,44.4,3.7,0.3,1
207.7,172.3,86.7,157.3,17.7,25.7,1.0,1.0,60.0,-7.3,-7.3,161.3,273.0,69.7,159.7,13.3,44.0,1.3,1.0,80.0,-16.9,-16.9,0
220.0,65.3,178.3,201.7,27.3,18.7,1.7,1.7,10.0,11.0,3.4,64.7,154.0,314.3,213.3,34.3,27.7,2.7,2.3,90.9,14.1,5.2,0
200.7,119.7,241.7,185.7,34.0,9.3,1.0,1.3,70.0,15.5,4.7,103.5,181.0,174.0,173.5,10.0,23.0,3.0,1.5,40.0,-8.6,-9.4,1
82.0,148.3,244.7,218.0,22.7,21.7,0.3,0.7,70.0,-2.8,-6.0,179.0,130.7,123.7,248.0,21.3,25.7,1.7,2.0,50.0,-4.9,-5.0,1
154.3,183.7,249.0,217.3,22.3,29.7,1.0,1.0,50.0,-12.1,-5.8,112.7,335.0,195.7,173.3,15.7,35.7,2.0,0.7,30.0,-20.0,-9.0,1
210.0,178.0,294.0,249.7,33.7,26.3,0.3,1.3,11.1,-14.9,-13.0,161.7,109.7,237.3,196.3,25.7,13.3,0.3,1.7,44.4,-4.4,-7.0,0
159.0,146.0,352.0,305.0,35.3,23.0,1.3,1.3,40.0,6.7,0.7,200.0,160.0,211.0,189.7,25.3,26.3,2.7,1.0,70.0,4.8,-0.2,1
135.0,178.0,173.3,154.3,21.7,18.0,2.7,1.3,60.0,-1.3,-5.8,158.3,228.3,208.3,222.0,24.7,38.3,0.3,0.0,70.0,-4.7,-0.1,1
178.0,77.0,294.0,251.0,20.0,24.0,1.0,0.0,50.0,-9.2,-15.2,346.0,162.0,67.0,326.0,23.0,35.0,1.0,2.0,80.0,-4.1,-8.6,0
161.5,73.5,155.5,190.5,29.5,16.5,1.0,3.0,60.0,19.7,13.0,67.0,130.0,318.5,202.0,35.5,22.0,1.5,1.5,36.4,10.4,-2.9,1
314.3,116.3,235.3,235.3,41.3,19.0,0.3,1.0,30.0,1.8,-11.8,108.0,150.0,210.3,205.0,16.7,24.3,1.7,1.0,0.0,-23.3,-14.6,0
283.3,95.7,231.3,122.3,38.0,17.0,2.7,1.0,44.4,21.3,6.1,242.7,242.7,198.7,244.0,39.0,40.3,1.7,1.7,66.7,0.4,-3.2,0
139.5,60.5,362.5,333.0,38.0,19.0,1.5,0.5,66.7,9.5,-4.5,89.0,150.0,228.0,130.0,23.0,30.0,2.0,1.0,20.0,-3.6,-8.1,1
138.3,149.7,246.0,239.7,26.7,32.7,2.0,1.0,70.0,-8.5,-1.8,131.7,198.7,337.7,276.0,28.0,26.3,1.0,1.0,66.7,-3.9,-1.0,1
164.0,157.0,134.3,261.7,21.7,31.0,1.0,1.3,9.1,-6.8,-5.4,323.0,162.7,50.3,219.0,22.0,25.0,1.0,2.0,55.6,-11.6,-10.9,0
293.0,112.0,253.0,212.0,65.0,17.0,0.0,2.0,10.0,8.5,-22.7,207.0,108.0,264.0,221.0,30.0,27.0,2.0,2.0,60.0,-4.9,-11.3,1
138.7,70.3,285.0,225.3,35.0,18.0,0.7,1.0,18.2,9.1,4.3,78.0,260.0,113.3,279.3,9.3,43.7,2.7,0.7,50.0,-19.3,-1.8,0
233.0,110.3,250.7,124.0,51.3,12.0,1.7,0.7,80.0,14.5,-6.9,197.3,247.7,161.7,146.0,23.3,28.7,1.0,1.3,20.0,-13.2,-3.6,1
137.0,120.3,224.3,220.7,19.7,24.0,2.0,1.3,50.0,-4.0,-5.0,223.3,127.7,167.7,217.0,29.0,23.0,0.7,1.7,70.0,-4.1,0.5,1
145.3,130.3,182.3,198.3,21.3,17.0,2.0,2.0,80.0,1.9,-0.9,131.3,146.7,212.0,242.3,27.3,24.0,1.3,1.7,55.6,12.3,4.7,1
209.0,127.0,209.3,323.3,41.0,32.7,0.7,3.7,60.0,1.2,-2.2,108.7,179.7,277.7,137.3,31.7,19.7,0.7,3.3,40.0,6.0,-0.2,1
18.0,172.0,85.0,167.0,7.0,15.0,2.0,5.0,30.0,-2.5,-1.0,77.0,290.0,60.0,132.0,0.0,38.0,0.0,1.0,50.0,-7.4,10.9,1
249.0,165.0,184.7,245.7,31.0,24.3,1.3,1.7,77.8,12.1,5.0,110.7,153.7,294.7,347.0,25.0,38.0,1.7,1.0,30.0,-0.7,-1.2,0
299.3,158.3,250.3,280.0,51.7,37.0,1.7,2.7,90.0,15.7,7.4,203.3,144.3,217.7,352.3,30.3,44.7,1.7,1.0,10.0,13.9,7.2,1
167.0,49.0,223.3,190.0,33.0,7.0,1.0,3.0,60.0,14.5,1.5,146.3,257.0,258.3,233.7,30.3,37.3,1.0,0.3,80.0,-9.5,-5.0,0
248.3,138.3,202.3,212.3,34.3,22.7,1.0,0.7,44.4,-2.9,-10.0,218.7,233.7,218.3,268.7,31.0,39.3,1.0,1.3,40.0,-18.7,-14.1,1
152.7,164.7,250.7,301.7,21.3,32.7,3.7,1.7,18.2,0.2,5.1,180.7,158.7,295.7,270.7,28.0,33.0,1.7,2.0,30.0,9.2,3.0,0
210.7,175.3,161.7,178.0,20.3,26.3,2.0,2.0,20.0,1.0,9.0,143.3,129.3,128.3,337.7,21.3,43.3,0.7,1.7,80.0,-19.9,-8.5,1
106.0,194.7,329.3,196.3,28.3,27.0,3.3,2.0,20.0,0.3,-4.4,117.0,142.7,179.7,121.3,19.7,22.0,1.0,1.0,80.0,-7.0,-10.1,0
281.0,228.0,241.3,259.3,33.3,32.3,3.0,2.0,40.0,8.4,3.8,213.3,159.0,238.7,240.3,40.3,22.7,0.3,2.0,60.0,0.0,1.3,1
326.7,186.7,198.3,152.3,34.3,17.3,1.0,1.3,44.4,2.4,-6.0,180.0,198.7,280.0,227.7,34.3,32.7,1.7,0.7,60.0,4.1,-5.6,0
253.0,167.0,210.0,194.3,42.7,23.0,1.0,1.7,60.0,16.7,4.1,51.7,274.3,319.3,152.7,15.3,34.7,2.7,1.0,70.0,-12.7,-9.4,0
242.0,38.0,197.0,263.0,31.0,7.0,1.0,3.0,80.0,5.4,-11.3,178.0,153.0,332.0,154.0,35.0,0.0,0.0,3.0,80.0,11.3,-9.2,1
221.0,302.0,422.3,183.3,56.7,40.3,1.0,1.3,70.0,12.3,2.2,82.0,116.0,313.7,259.0,28.7,19.3,0.3,0.7,50.0,12.0,3.7,1
98.0,173.7,256.0,284.7,20.7,42.3,2.3,0.7,90.0,-13.7,-11.2,210.7,211.3,232.3,245.7,29.7,34.7,1.0,0.7,40.0,-11.1,-6.6,1
122.3,193.0,240.3,235.0,20.7,25.7,0.3,2.7,72.7,-15.0,-12.7,81.3,230.0,233.7,346.7,31.0,47.7,2.0,4.3,50.0,-17.5,-7.5,1
88.7,139.3,247.3,137.7,25.3,12.7,2.7,2.3,30.0,9.9,-1.2,58.0,140.3,252.7,265.3,21.0,36.3,1.7,2.0,50.0,1.9,1.5,0
128.0,311.0,202.7,203.0,13.7,38.0,2.0,1.0,80.0,-21.3,-9.2,183.0,250.3,235.0,154.3,26.0,30.7,1.3,1.3,70.0,-6.2,-3.2,0
149.3,71.3,262.7,299.0,22.0,19.3,0.7,0.3,20.0,4.9,4.2,131.0,184.0,158.3,160.7,28.7,24.0,1.7,3.0,66.7,12.7,9.8,1
207.7,241.0,302.0,248.3,41.0,39.3,2.0,2.3,50.0,4.0,0.7,129.0,288.7,272.3,224.7,24.7,44.3,1.7,1.7,77.8,-6.2,-8.1,1
155.0,132.3,180.3,187.7,16.7,25.0,3.0,1.0,50.0,-0.8,-0.4,131.3,112.3,339.0,188.0,37.0,25.7,2.0,1.3,50.0,9.5,-0.2,0
145.7,183.3,275.7,254.3,23.0,25.7,0.7,2.7,72.7,-14.7,-13.0,282.7,80.3,192.7,269.7,26.3,26.7,1.3,1.0,80.0,-16.5,-11.3,1
76.0,196.3,284.7,146.7,23.0,26.3,3.0,2.3,22.2,-15.1,-10.8,186.0,200.7,195.0,182.7,36.7,29.0,0.7,2.7,66.7,-0.7,-3.2,0
131.7,92.0,243.3,208.7,37.0,12.0,2.0,1.7,50.0,7.3,-5.2,17.0,185.3,283.7,224.0,19.3,38.7,3.7,0.7,44.4,-14.7,-10.4,1
167.0,120.0,228.7,146.0,27.0,13.0,0.3,2.0,80.0,19.8,6.9,224.7,65.7,264.7,173.3,41.0,9.0,0.7,2.0,30.0,26.5,5.7,1
183.0,160.5,167.0,191.5,24.0,29.0,3.0,2.0,22.2,1.2,-2.8,41.0,305.0,223.0,207.5,13.5,47.5,1.0,0.0,66.7,-14.7,-8.8,1
152.0,98.0,351.0,238.0,34.0,16.0,0.0,1.0,33.3,14.4,-4.5,164.0,185.0,329.0,360.0,30.0,38.0,1.0,0.0,77.8,-17.3,0.2,1
222.3,131.3,188.3,111.7,26.0,20.3,1.7,2.0,60.0,4.4,-7.7,112.0,143.3,157.3,172.0,11.7,23.7,1.3,0.3,50.0,-15.5,-3.9,1
180.0,248.3,260.7,213.7,27.0,37.7,3.0,1.7,44.4,13.2,13.2,272.0,155.3,253.0,310.7,39.7,27.3,0.3,2.7,33.3,-13.9,-13.9,1
276.7,150.3,265.0,162.7,57.7,13.3,0.7,3.3,90.0,32.7,1.5,131.5,107.0,273.0,310.5,29.0,35.5,2.0,2.0,30.0,-9.9,-9.7,1
152.0,91.3,210.7,239.7,31.7,17.0,0.3,1.3,50.0,18.0,4.7,126.3,101.7,222.7,240.7,26.0,19.3,2.0,1.0,30.0,11.4,1.3,1
107.7,109.3,327.3,236.7,32.3,30.0,3.3,1.0,50.0,-4.5,-10.8,134.3,323.7,222.0,191.7,25.7,38.7,0.3,1.3,70.0,-10.2,-8.5,1
99.3,180.7,227.3,163.7,29.3,22.0,2.7,1.7,60.0,-18.4,-13.0,135.7,250.0,122.3,335.7,19.3,48.3,2.0,1.0,36.4,-30.4,-15.3,1
133.0,191.0,341.7,337.3,32.7,38.0,2.0,0.3,88.9,-8.2,-8.3,130.7,219.0,186.3,178.0,18.0,33.3,1.0,0.3,22.2,-29.1,-19.4,1
147.0,124.0,280.3,225.3,37.0,19.7,2.0,3.0,70.0,10.9,-4.3,156.0,197.3,274.3,261.3,28.3,33.3,1.3,1.3,30.0,-6.5,-2.2,1
191.3,79.0,248.3,220.7,27.7,21.0,2.7,1.3,60.0,-10.8,-10.7,242.3,237.0,139.3,258.0,22.7,30.3,1.0,2.0,36.4,-28.8,-15.3,1
194.0,136.7,236.7,197.7,35.7,12.3,0.7,2.3,40.0,8.1,-9.0,169.0,200.3,180.3,215.7,21.7,37.0,2.7,0.3,50.0,-15.2,-7.0,1
224.0,139.7,187.7,208.0,33.3,24.7,1.7,3.3,50.0,10.8,0.9,185.0,122.7,245.0,267.7,32.3,23.3,2.3,2.0,44.4,7.2,1.2,0
188.0,221.0,317.7,195.0,38.0,37.7,1.3,1.0,50.0,-2.6,-1.8,256.0,158.7,146.7,105.3,33.0,14.7,0.7,1.3,70.0,10.1,1.0,0
130.0,278.0,184.3,143.0,28.3,39.0,1.3,1.0,66.7,-10.9,-12.1,125.7,215.3,261.0,216.7,26.7,35.7,2.0,1.3,60.0,-9.9,-13.0,0
80.5,195.0,229.5,280.5,10.0,34.5,2.0,2.0,36.4,-11.6,-7.5,269.7,110.7,154.0,182.7,30.7,23.0,1.7,1.3,70.0,5.3,-5.9,0
122.3,79.3,268.3,241.0,21.0,26.3,1.0,0.7,100.0,13.6,11.9,194.7,237.7,363.3,251.7,32.3,37.3,0.7,0.3,90.0,3.6,2.8,1
288.3,101.0,252.3,335.0,36.3,35.7,3.3,1.3,30.0,7.1,-8.8,159.7,121.3,101.3,210.3,13.3,28.0,2.7,1.3,50.0,-11.2,-5.6,0
223.0,199.7,302.0,347.7,34.7,40.0,2.0,2.0,10.0,6.8,4.5,91.3,153.7,258.7,366.0,13.7,47.0,3.7,1.3,50.0,-14.3,-3.8,0
216.7,98.7,267.7,232.7,38.0,20.7,0.7,1.0,30.0,15.4,8.8,272.3,191.3,204.3,258.3,38.7,36.0,1.7,1.0,66.7,7.8,-2.2,1
154.7,152.3,316.3,165.3,26.7,19.0,1.7,1.7,66.7,7.3,-3.0,158.3,288.0,165.0,191.0,16.0,42.0,2.3,0.3,77.8,-17.2,-11.1,1
166.7,119.7,273.0,251.3,35.0,20.0,1.7,2.3,70.0,10.5,-1.8,109.7,134.3,219.0,246.0,15.7,24.7,1.0,1.3,60.0,-5.7,-4.4,1
77.0,153.3,170.7,172.7,18.7,24.7,1.7,2.7,70.0,-4.7,-3.6,97.0,123.0,128.3,213.3,12.7,24.7,3.0,2.7,80.0,2.9,-1.5,1
194.7,214.7,221.7,196.0,27.3,24.0,1.3,1.3,77.8,13.3,8.5,168.7,154.3,203.0,349.3,14.3,40.3,2.3,0.7,30.0,-3.5,1.7,0
0.0,0.0,0.0,0.0,29.3,16.7,0.0,0.7,100.0,20.5,4.9,0.0,0.0,0.0,0.0,22.0,23.3,1.0,0.7,36.4,-26.1,-13.3,1
225.7,189.0,116.0,313.0,15.3,29.7,0.7,1.3,11.1,-26.5,-13.9,170.7,190.7,227.7,244.3,30.3,30.3,1.0,1.3,33.3,-15.0,-16.3,1
75.3,135.3,210.3,167.7,20.0,15.7,1.0,3.3,30.0,-9.1,-10.2,63.0,295.7,373.3,114.7,35.3,37.7,2.0,2.3,30.0,-12.4,-8.4,1
104.3,141.0,348.7,193.0,44.0,21.7,1.3,2.3,80.0,14.9,6.4,94.0,232.3,146.3,146.7,11.0,27.7,3.0,1.3,30.0,-9.0,-2.3,1
250.0,193.5,218.5,300.0,29.5,38.0,3.0,0.5,90.9,-4.5,-7.4,7.5,257.5,212.0,222.5,11.0,34.5,0.5,1.0,80.0,-18.4,2.4,1
231.0,96.3,358.7,318.7,49.3,37.7,1.0,2.0,50.0,21.9,6.3,270.3,131.7,235.0,268.7,40.0,23.7,1.7,0.7,80.0,24.4,10.9,1
259.5,84.5,223.0,335.5,38.0,19.0,0.5,2.0,30.0,8.5,-0.4,158.3,165.3,272.3,199.0,22.0,18.7,1.0,0.7,70.0,9.8,3.9,1
166.0,97.3,303.7,192.7,35.3,23.7,1.7,1.3,20.0,-4.2,-4.2,97.7,198.3,275.0,217.7,29.0,31.7,2.0,2.0,30.0,-5.6,-5.6,1
220.7,106.0,203.7,254.3,40.3,22.3,1.0,3.3,60.0,13.7,-2.7,286.7,114.7,271.3,250.0,48.7,19.7,1.7,2.7,90.0,18.2,0.0,0
266.5,112.0,308.5,143.5,51.5,10.0,0.5,1.5,50.0,22.5,-1.9,146.0,156.0,103.0,227.5,15.5,22.5,0.5,1.5,9.1,-7.8,-9.5,1
88.0,197.0,131.0,172.0,17.0,34.0,2.0,1.0,50.0,-11.4,15.0,193.0,246.0,269.0,177.0,10.0,35.0,2.0,1.0,90.0,-13.8,12.4,1
0.0,0.0,0.0,0.0,47.3,18.3,0.3,1.0,80.0,9.8,9.8,0.0,0.0,0.0,0.0,33.0,32.0,1.0,1.3,50.0,-10.9,-10.9,1
125.7,149.3,162.3,146.7,26.0,15.7,1.0,3.3,50.0,1.9,-5.5,145.7,205.7,282.7,238.7,27.7,25.7,2.0,2.7,72.7,4.2,0.0,1
168.3,74.3,148.3,191.7,25.0,9.3,1.0,3.3,22.2,15.6,15.6,150.7,234.3,147.0,131.3,14.3,24.3,1.0,1.3,22.2,-12.1,-12.1,0
97.0,264.0,200.0,90.0,13.0,23.0,2.0,3.0,70.0,-0.5,-5.0,83.0,32.0,258.0,330.0,15.0,24.0,1.0,3.0,40.0,-0.8,6.1,1
92.3,164.7,244.0,263.0,36.3,34.7,1.7,0.3,66.7,7.6,-0.7,275.3,147.3,170.3,168.3,28.3,21.7,2.0,1.3,44.4,-4.6,-11.1,0
131.0,217.0,278.3,242.3,19.0,34.3,2.7,0.3,50.0,-11.1,-8.6,99.0,201.7,237.3,178.0,20.7,21.3,0.7,1.7,60.0,-6.9,-10.3,1
109.7,269.3,224.7,170.7,16.0,34.7,2.3,0.7,44.4,-14.2,-14.8,97.0,125.0,239.7,215.3,31.7,16.3,0.7,2.7,77.8,8.3,1.7,0
315.0,193.0,64.0,120.0,31.0,22.0,0.0,2.0,50.0,-2.7,-16.7,111.5,216.5,231.0,148.5,17.0,22.5,3.0,1.5,60.0,-6.2,-3.6,1
167.0,180.0,288.3,162.3,36.0,19.7,1.7,1.3,77.8,15.8,3.8,114.0,167.7,257.3,163.3,27.7,21.0,2.0,2.0,55.6,6.3,5.1,1
168.3,135.3,177.7,181.7,19.0,17.7,1.0,2.3,90.0,2.1,1.2,185.3,104.0,194.7,137.3,36.0,13.3,2.3,5.0,80.0,16.4,5.6,0
77.0,121.0,203.0,266.0,10.0,37.0,3.0,2.0,22.2,-5.3,15.1,9.0,80.0,623.0,345.0,44.0,34.0,4.0,2.0,50.0,8.8,13.7,1
262.7,190.7,125.7,187.3,21.7,22.3,1.3,0.7,40.0,-8.3,-9.5,134.3,24.3,342.7,261.3,44.7,20.3,1.7,2.0,50.0,-5.7,-7.8,0
58.7,253.0,255.7,203.3,14.3,39.0,1.3,1.0,50.0,-14.4,-9.7,95.7,233.3,302.7,191.3,21.0,35.3,2.7,1.3,60.0,-3.6,-7.1,0
149.0,34.5,255.5,138.5,33.5,4.0,2.0,3.0,60.0,15.2,-1.1,179.0,188.0,289.0,225.0,31.0,34.0,3.0,0.0,70.0,2.0,-6.0,1
169.0,133.3,159.0,229.7,13.3,23.7,1.3,1.3,70.0,-4.4,1.5,159.7,124.7,142.7,240.0,15.0,26.3,2.3,1.0,30.0,-9.2,-3.4,1
131.0,253.3,180.0,273.3,19.7,40.7,1.7,2.0,10.0,-12.1,-3.6,121.0,187.7,106.3,250.0,7.3,34.7,3.3,2.0,50.0,-25.2,0.9,1
119.7,187.0,207.3,177.3,22.3,25.3,1.3,2.0,30.0,-3.9,-2.2,218.3,213.3,217.3,325.7,47.3,43.0,0.7,1.3,60.0,-1.1,-4.6,0
211.7,113.7,144.0,132.0,25.0,14.0,1.7,1.7,30.0,0.7,-3.8,160.7,154.7,185.3,143.0,24.0,12.3,0.7,1.3,60.0,-0.8,-1.9,1
189.7,107.0,320.7,252.7,45.0,23.0,0.0,2.3,50.0,25.6,10.3,113.3,156.3,182.7,276.7,10.3,36.7,2.3,0.3,10.0,-0.1,0.3,0
184.0,154.0,344.7,279.3,35.0,21.7,0.7,1.7,60.0,4.8,-7.9,257.3,151.7,185.7,227.0,39.0,20.3,1.3,3.0,30.0,-5.5,-6.4,1
218.3,47.0,64.0,278.7,23.0,25.0,0.7,1.3,80.0,-3.8,-0.7,268.3,113.0,200.7,272.7,32.7,26.7,1.0,1.3,40.0,12.5,2.7,0
193.0,249.7,176.0,129.3,19.3,20.3,2.7,1.0,50.0,11.1,7.6,178.0,158.3,165.3,239.7,19.0,27.7,0.7,1.0,40.0,13.3,10.4,1
95.3,202.3,156.7,162.7,16.0,25.0,1.0,2.7,36.4,-7.8,-1.0,263.0,212.0,145.0,183.0,21.5,35.0,3.5,1.5,40.0,-9.3,-9.9,0
0.0,0.0,0.0,0.0,21.7,18.3,1.0,0.7,70.0,7.2,2.1,0.0,0.0,0.0,0.0,11.3,21.0,0.7,0.7,50.0,-22.1,-15.3,1
346.0,110.0,73.3,204.7,38.0,15.0,2.0,1.3,77.8,7.2,-2.1,260.3,135.0,237.0,220.7,36.0,29.0,1.7,0.7,77.8,5.0,0.0,1
109.7,177.7,169.3,162.3,11.0,21.0,1.3,0.7,77.8,-16.8,-12.2,218.0,162.3,165.7,114.0,21.7,13.7,2.0,0.7,44.4,-7.5,-11.4,1
175.0,204.0,342.0,233.0,30.0,33.0,0.0,3.0,50.0,0.4,-5.3,63.5,319.0,66.5,135.5,0.0,34.5,0.0,0.5,50.0,-11.0,8.2,1
98.0,231.5,326.0,179.0,21.5,34.5,1.0,1.5,30.0,-2.1,0.9,73.0,231.5,401.0,407.5,26.5,53.5,1.5,2.5,50.0,-15.1,-10.7,1
201.7,150.0,222.0,193.7,27.3,25.0,1.3,1.3,60.0,16.1,8.5,214.0,67.3,185.3,170.0,33.3,17.3,1.7,1.7,60.0,6.3,2.1,1
113.0,189.3,311.3,277.7,36.3,30.7,1.0,3.0,60.0,-0.3,2.6,180.0,157.0,204.0,216.0,19.0,29.7,2.3,1.3,20.0,-11.4,-0.2,0
164.0,152.0,321.0,173.0,35.0,7.0,1.0,2.0,60.0,12.4,-10.8,104.5,221.0,115.5,273.5,22.5,33.0,0.5,2.5,77.8,4.2,5.9,0
223.0,131.0,208.0,194.5,21.0,20.5,1.5,2.5,50.0,-0.4,-4.5,76.7,137.3,279.7,200.3,18.3,21.7,1.7,2.7,10.0,-3.8,3.0,1
104.7,106.7,242.3,182.3,29.3,18.0,1.3,1.3,50.0,12.7,4.4,160.3,172.7,299.0,205.7,33.3,25.3,1.0,1.7,50.0,9.6,3.7,1
192.0,44.7,235.3,185.7,35.3,12.0,1.3,1.0,44.4,5.2,-7.6,174.0,305.0,255.0,202.0,35.3,38.0,1.3,2.3,11.1,-19.6,-12.0,0
199.7,82.0,326.3,358.3,46.7,34.7,1.3,3.3,90.0,1.8,-0.6,131.3,172.7,219.7,307.0,22.7,36.3,3.3,1.0,40.0,-1.4,-1.4,1
274.0,120.0,209.3,144.7,42.3,17.3,2.0,2.0,70.0,18.2,3.7,205.3,67.7,140.7,262.0,32.7,25.7,1.0,1.3,80.0,2.8,1.0,0
283.7,96.7,229.7,247.7,46.7,16.7,0.7,3.0,66.7,5.8,0.4,166.0,174.7,188.0,199.3,23.3,33.0,1.0,0.7,22.2,-2.8,1.7,0
129.3,182.3,143.0,243.7,10.0,29.0,1.7,0.3,50.0,-2.2,1.3,119.7,151.3,136.7,331.3,16.3,40.3,0.3,0.3,100.0,0.8,7.5,0
269.3,136.0,119.7,152.3,27.0,22.0,0.7,0.7,77.8,12.9,4.1,161.3,175.7,171.3,247.3,26.3,36.0,1.3,1.7,44.4,-1.1,4.4,0
175.7,116.0,292.0,266.3,37.7,29.7,2.0,1.3,88.9,0.5,-10.2,53.3,229.3,147.3,313.3,3.3,40.0,2.7,0.3,44.4,-24.0,-12.6,0
150.3,151.0,161.7,260.3,12.7,28.7,0.7,0.7,50.0,-14.0,-7.5,150.3,138.0,301.0,175.7,29.0,18.3,2.3,4.0,60.0,-2.4,-11.9,1
136.3,153.7,126.0,125.3,14.7,23.0,2.0,1.0,70.0,2.0,2.0,110.0,163.7,401.7,208.3,41.3,25.7,3.7,3.7,60.0,-2.7,-2.7,1
146.0,106.0,341.3,237.0,29.7,20.7,1.0,1.3,70.0,14.4,4.2,155.7,191.0,220.7,357.3,11.3,41.3,2.0,1.3,50.0,-13.4,-9.1,0
50.7,133.7,198.7,244.3,11.7,33.0,3.0,1.7,70.0,-5.8,-1.1,86.0,155.0,264.7,209.0,19.7,29.3,1.7,1.7,50.0,-8.1,-2.3,1
176.3,164.0,188.7,143.7,39.3,14.7,0.3,1.7,70.0,7.5,3.1,82.3,207.7,240.0,148.0,18.0,25.0,2.7,2.0,50.0,6.5,3.9,1
125.0,274.7,285.7,246.0,33.3,52.0,3.7,0.7,60.0,-9.3,-9.8,244.0,132.0,106.3,175.0,26.0,26.3,1.0,2.3,80.0,-17.8,-11.6,0
147.0,135.7,179.0,260.7,18.0,22.0,2.0,2.3,40.0,-12.9,-7.7,163.0,180.0,180.7,184.3,30.0,29.7,1.0,1.0,80.0,-18.0,-9.8,0
254.3,136.3,331.7,265.7,42.0,22.0,0.7,1.7,100.0,21.1,8.2,130.3,259.3,436.7,280.0,41.7,38.0,2.0,1.3,80.0,20.5,9.3,0
137.0,201.3,219.7,214.3,22.7,31.0,1.3,1.0,80.0,9.5,7.5,230.3,228.0,353.0,133.7,43.7,23.0,1.3,2.7,20.0,2.6,-5.3,1
253.0,157.7,195.3,253.0,45.7,22.7,2.0,3.7,77.8,16.7,6.0,201.7,62.3,268.3,353.3,33.3,29.3,2.0,1.7,66.7,7.3,4.5,1
136.0,325.7,192.7,190.3,21.3,35.7,1.0,1.3,44.4,-6.0,-4.1,127.7,116.0,247.7,195.7,19.0,23.3,2.7,0.7,11.1,-9.1,-3.7,0
305.7,110.7,171.3,252.3,42.0,19.3,0.3,2.7,30.0,1.9,-8.0,116.0,149.3,213.3,170.0,23.7,22.0,2.7,2.7,40.0,-17.8,-16.2,0
187.7,185.7,177.7,202.0,26.3,19.7,1.0,2.7,30.0,-4.3,-10.2,210.0,182.0,207.3,218.3,24.7,29.3,0.7,2.7,30.0,-9.8,-10.7,1
435.0,222.0,199.7,194.3,41.7,35.7,1.7,0.7,40.0,-8.9,-4.5,106.0,166.7,240.3,258.0,11.0,53.3,3.7,0.3,90.0,-31.8,-6.3,1
204.7,175.7,194.7,243.0,23.7,26.0,0.7,1.0,40.0,-8.0,-9.3,302.7,162.3,206.7,206.0,36.3,29.3,1.3,1.7,40.0,-10.9,-9.3,0
195.7,148.3,353.7,161.3,54.3,14.7,0.7,2.3,88.9,33.2,3.7,110.0,120.7,181.3,205.3,12.3,34.0,3.0,1.0,22.2,-5.9,-3.1,1
158.3,95.7,169.7,98.7,22.7,13.3,2.0,1.3,80.0,10.2,0.8,126.0,173.3,247.0,221.3,32.7,22.3,2.0,3.0,70.0,9.3,-2.0,1
204.3,195.7,89.3,228.7,14.3,31.3,2.0,0.7,44.4,-25.4,-17.5,134.0,121.0,165.7,265.0,17.7,26.3,2.0,1.3,50.0,-16.7,-1.7,1
308.3,160.0,211.0,268.0,35.3,26.7,2.0,2.3,40.0,24.4,12.5,159.0,106.0,185.7,244.7,25.3,11.0,0.3,3.7,90.9,25.2,12.8,0
177.0,162.3,245.0,209.3,28.7,33.7,2.0,1.7,90.0,12.0,6.1,119.0,164.3,185.7,195.7,13.3,32.0,2.3,2.0,50.0,2.0,-1.1,0
106.3,206.7,293.3,230.7,24.7,33.7,2.0,1.0,18.2,4.3,-1.2,251.7,126.3,271.0,230.3,38.3,30.0,2.3,1.7,60.0,-7.8,-7.9,1
49.0,66.0,173.3,222.7,23.3,23.3,1.3,2.7,77.8,-9.2,-10.6,121.7,139.0,256.7,293.0,27.3,38.0,3.3,2.0,22.2,-26.2,-15.7,1
248.0,50.5,241.5,124.0,40.0,1.5,1.5,0.5,30.0,16.3,-14.9,126.0,166.0,405.0,230.0,45.0,23.0,2.0,0.0,70.0,6.3,-4.9,1
104.3,157.3,255.7,177.7,19.0,25.7,2.0,0.7,20.0,0.4,1.0,102.7,182.0,97.3,216.7,2.0,35.3,2.0,0.0,55.6,-1.6,7.1,0
167.7,133.3,279.0,207.0,21.3,16.3,1.3,0.7,70.0,9.2,5.0,215.7,242.7,210.3,234.7,26.3,24.7,2.0,2.3,50.0,-2.1,-7.9,1
224.7,171.0,222.7,112.3,26.7,20.3,2.7,1.7,70.0,11.5,4.5,144.0,113.7,312.3,206.7,31.7,19.3,1.0,1.7,40.0,6.1,-2.8,1
77.5,105.5,124.0,110.5,20.5,16.0,2.5,3.0,9.1,6.7,-1.9,188.5,156.0,175.0,222.5,22.5,20.5,2.0,1.5,70.0,1.5,-5.8,1
240.0,178.7,296.7,282.0,40.3,43.7,2.7,1.0,77.8,14.1,10.4,229.0,89.7,143.0,318.7,41.0,20.7,0.7,2.3,44.4,8.8,2.4,1
399.3,163.3,60.0,180.7,35.3,23.3,2.0,1.0,44.4,-0.7,-7.5,151.3,197.7,323.7,202.3,48.0,21.7,0.7,3.0,60.0,-8.7,-9.1,1
177.7,109.0,134.3,242.3,13.0,26.3,1.3,2.3,30.0,-3.1,-0.9,333.0,101.3,134.3,297.3,38.3,27.0,2.0,1.0,9.1,-0.9,-1.1,1
112.7,199.7,217.7,153.7,25.7,27.3,1.0,1.7,50.0,-10.6,-5.2,169.0,224.0,158.3,238.7,21.3,32.0,0.7,0.7,40.0,-13.1,-10.6,1
193.3,218.3,401.0,262.3,42.3,32.7,1.7,1.3,55.6,26.9,13.5,181.0,301.3,98.3,224.3,16.7,49.0,2.7,0.7,22.2,-10.4,-4.0,0
162.3,209.3,162.0,198.3,20.0,35.0,1.7,0.7,44.4,-23.1,-11.3,123.3,274.0,190.7,180.3,9.3,42.7,2.3,0.7,22.2,-25.5,-11.6,1
251.3,233.0,279.0,181.3,37.0,33.7,1.7,1.3,77.8,14.7,7.4,129.7,212.0,264.0,262.7,24.7,32.3,1.0,1.0,30.0,0.6,-0.1,1
105.0,114.3,404.7,295.3,38.3,35.0,0.3,0.3,70.0,8.2,-0.3,221.7,65.7,197.7,273.3,31.3,15.3,0.7,2.0,18.2,7.6,2.5,0
149.7,89.7,284.3,307.7,31.0,20.7,1.0,0.7,55.6,7.0,5.2,64.7,277.0,350.3,210.3,18.7,39.3,1.0,0.3,70.0,0.3,2.7,0
216.0,88.7,255.7,192.0,43.0,18.0,1.7,2.7,60.0,13.5,-0.1,235.3,137.7,229.0,227.7,31.3,22.7,2.0,2.0,90.0,0.5,-3.2,0
209.3,194.7,275.7,259.7,44.0,27.3,1.7,2.7,80.0,6.8,-4.9,320.3,209.0,237.0,204.3,40.3,32.0,2.0,2.0,77.8,-3.5,-12.4,0
380.7,97.0,177.7,295.3,47.3,30.3,0.7,1.3,20.0,-1.5,-5.3,85.0,221.3,288.0,213.3,16.3,43.7,3.7,1.0,70.0,-14.7,-8.3,0
238.3,60.0,233.3,174.0,32.0,16.0,2.7,0.3,50.0,3.1,-5.8,297.3,116.0,239.7,234.3,36.3,21.7,1.3,0.3,30.0,18.2,8.6,0
129.7,46.7,298.3,333.3,36.3,25.0,1.3,1.0,70.0,13.5,2.7,109.7,190.0,298.7,212.3,37.7,33.3,2.3,3.0,70.0,12.4,4.2,1
150.3,143.3,308.0,262.7,33.3,28.7,0.7,2.7,77.8,20.1,10.4,198.0,148.7,278.3,373.3,27.7,41.7,2.3,0.3,66.7,1.8,-1.0,0
110.3,101.0,306.3,218.0,37.0,32.7,1.7,2.0,66.7,0.8,-6.3,173.7,179.0,200.7,306.0,33.3,33.0,2.0,2.7,66.7,-5.4,-12.7,1
154.3,124.0,324.0,170.7,42.3,15.0,1.3,2.3,40.0,9.4,-6.4,155.0,163.3,219.0,269.3,26.0,20.7,2.7,1.7,30.0,4.2,-3.5,0
70.0,144.5,299.5,333.0,24.0,43.5,1.0,1.5,20.0,0.6,1.5,244.0,145.7,330.3,206.0,45.0,18.3,0.3,1.3,100.0,5.5,-15.2,0
46.3,104.7,320.7,183.7,24.3,21.0,1.0,2.3,70.0,4.3,4.3,185.7,219.7,273.7,206.7,26.0,31.3,1.7,1.7,60.0,-8.4,-8.4,0
221.7,116.3,224.7,214.0,27.3,17.0,2.0,1.3,70.0,11.3,-1.5,96.0,360.0,293.7,145.0,25.3,43.3,1.3,1.0,20.0,-13.0,-10.0,1
93.0,114.0,267.0,291.0,17.7,30.7,0.7,1.7,70.0,-18.6,-7.3,177.3,172.3,171.7,239.0,20.0,37.0,1.3,0.3,20.0,-10.0,-4.3,0
207.3,150.0,183.0,206.7,31.3,11.3,0.3,4.3,30.0,15.1,3.6,121.0,178.3,211.3,190.7,25.7,12.0,1.3,3.3,50.0,12.7,4.5,0
113.3,248.3,123.7,218.7,8.0,40.7,1.0,1.7,50.0,-21.9,-12.7,176.3,113.3,163.3,200.7,25.7,16.7,1.0,2.0,30.0,2.7,-2.6,0
232.0,164.3,223.7,161.0,32.0,19.3,1.3,1.7,30.0,5.9,0.0,122.0,170.7,199.0,162.3,14.3,20.7,2.3,1.3,60.0,-7.3,-9.6,1
85.7,237.7,124.0,234.0,7.7,40.3,4.0,1.0,36.4,-31.2,-16.8,215.3,169.7,230.3,346.3,30.3,42.0,0.7,1.0,50.0,-12.7,-14.8,1
115.0,141.7,215.0,189.7,11.7,27.0,3.7,1.3,18.2,-1.8,2.3,152.0,156.0,125.7,271.3,16.0,31.3,2.7,1.7,80.0,-4.9,-0.4,0
147.0,163.5,166.0,180.5,9.0,29.5,3.0,0.5,30.0,-26.7,-22.0,88.0,231.3,142.7,257.3,9.7,40.7,3.3,0.7,70.0,-16.3,3.6,0
115.0,179.3,431.3,300.7,40.7,32.7,1.0,2.0,70.0,-7.7,-5.4,72.7,136.7,201.3,235.0,12.0,30.7,3.0,1.3,70.0,-13.9,-5.2,1
224.0,100.7,318.7,230.0,50.0,21.3,0.7,1.3,55.6,1.7,-6.0,241.3,140.3,165.7,267.0,41.7,31.3,1.0,3.0,44.4,-10.7,-11.7,1
110.0,141.0,140.0,193.7,22.7,23.0,1.3,1.0,50.0,3.2,-2.9,207.0,73.7,237.0,259.7,40.0,19.7,1.7,3.0,40.0,-0.8,-4.1,0
234.0,136.0,169.3,239.7,38.3,18.7,0.7,3.0,50.0,15.5,2.6,123.0,105.3,170.7,279.3,19.7,17.7,3.0,3.0,60.0,5.7,2.1,1
230.7,204.3,189.3,196.0,27.0,33.7,1.7,2.3,80.0,-17.5,-8.3,140.0,149.7,189.3,330.0,25.0,45.3,1.0,1.0,50.0,-17.9,-4.6,0
251.0,114.7,220.3,149.7,35.3,21.7,0.7,1.0,44.4,-7.3,-17.6,80.7,255.0,190.7,225.0,23.7,26.3,1.0,3.7,30.0,-4.2,1.1,0
115.3,135.0,278.3,182.0,24.0,19.0,1.0,1.7,33.3,10.0,9.8,256.7,244.3,205.0,207.7,30.3,27.0,1.7,1.0,66.7,0.6,-3.5,1
169.7,190.7,299.7,160.7,33.0,30.0,2.0,1.3,70.0,-12.9,-12.9,92.3,177.3,270.3,306.0,17.7,49.3,2.7,0.0,30.0,-22.7,-22.7,0
211.7,62.7,275.3,210.3,39.0,4.3,1.7,2.0,70.0,16.7,-3.4,113.0,121.7,147.7,158.0,15.0,27.7,2.7,2.0,10.0,-4.8,-6.5,0
281.7,142.7,93.0,239.7,28.0,29.3,1.0,1.3,88.9,9.1,4.0,156.7,124.7,199.7,136.7,31.0,12.7,1.3,2.7,33.3,14.7,4.9,0
182.0,123.0,229.7,208.3,32.0,15.7,1.3,0.7,60.0,-3.8,-9.5,89.0,206.3,236.3,320.0,24.7,34.3,1.0,1.0,66.7,-21.2,-13.0,0
86.7,245.7,361.7,235.3,30.7,35.3,2.7,1.7,70.0,8.0,3.4,149.0,138.3,185.3,159.3,21.3,24.0,2.3,1.3,60.0,-13.2,-12.2,1
123.0,304.0,261.3,160.7,22.3,35.3,1.7,1.3,60.0,-8.9,-3.2,127.7,202.3,247.7,181.7,24.0,27.3,2.0,0.7,30.0,-18.8,-12.5,1
257.0,101.0,193.0,119.7,41.7,11.0,2.7,2.3,90.0,14.9,5.3,117.7,119.3,163.7,163.3,19.3,16.0,1.0,2.3,30.0,4.1,1.0,0
147.0,64.7,354.0,229.7,37.7,16.0,1.0,1.3,100.0,27.5,8.2,55.0,203.0,329.3,199.0,27.0,27.3,2.0,2.7,18.2,9.6,7.5,0
194.3,110.0,142.3,170.0,15.7,23.7,1.7,1.7,20.0,-2.8,-0.4,85.0,131.0,198.0,193.3,8.7,15.7,1.0,2.3,90.9,-5.3,-2.5,1
81.0,199.0,192.0,416.0,7.0,49.0,1.0,1.0,60.0,-14.0,13.3,187.0,160.0,404.0,230.0,40.0,6.0,2.0,3.0,90.0,-3.1,-26.6,1
207.0,66.0,214.0,113.0,30.0,4.3,1.0,1.7,80.0,29.5,9.2,260.3,155.3,100.3,193.7,35.3,19.3,1.3,3.7,30.0,2.0,2.1,1
243.7,189.3,215.7,197.3,50.3,23.3,1.7,3.0,70.0,30.5,10.7,153.7,215.0,215.7,191.3,22.0,27.0,1.7,1.0,90.0,-19.0,-9.3,1
222.7,82.0,168.7,207.3,36.7,22.3,1.0,1.0,60.0,11.7,-1.6,128.7,210.7,185.3,284.0,15.0,51.0,3.0,1.3,50.0,-21.1,-5.7,1
87.3,110.3,292.7,193.3,14.7,19.0,0.7,0.0,77.8,2.8,5.1,255.0,126.5,304.5,205.0,46.5,20.5,0.5,1.0,44.4,19.2,-1.2,0
175.7,143.3,237.7,239.0,29.0,16.0,1.0,2.3,45.5,6.1,-6.7,170.7,244.3,313.0,242.0,37.0,38.0,2.7,2.0,70.0,5.2,1.8,0
172.3,110.0,260.3,240.7,25.7,19.3,1.7,0.7,70.0,-5.2,-7.0,317.7,147.7,121.7,143.0,35.0,19.3,0.7,1.0,55.6,-1.8,-7.7,1
86.7,226.7,537.0,224.0,49.7,34.7,2.3,1.7,90.9,12.7,-4.7,141.0,114.3,229.7,185.3,22.3,28.0,2.7,1.3,60.0,-13.0,-9.7,0
191.3,218.7,353.3,189.7,36.3,29.0,2.3,1.7,77.8,8.1,2.3,193.3,96.7,173.7,243.0,21.0,17.7,1.7,1.3,44.4,14.9,13.9,0
174.0,79.0,282.7,185.7,35.7,16.7,2.0,2.3,90.0,8.3,2.6,108.3,250.7,201.7,252.3,9.3,39.0,3.0,0.7,30.0,-26.4,-15.3,1
112.3,268.7,306.7,313.3,34.3,49.0,0.7,0.3,20.0,-9.5,-6.1,251.7,128.0,197.3,249.7,45.3,24.3,1.3,2.7,40.0,-4.5,-6.8,0
102.3,217.7,335.0,317.0,24.0,47.0,2.3,0.3,60.0,-10.1,-8.9,149.0,156.0,274.7,271.0,32.0,31.3,2.3,2.7,30.0,-9.2,-9.4,1
230.5,43.0,121.0,336.5,19.0,26.0,1.0,0.5,77.8,0.9,0.6,105.5,252.5,347.5,230.0,24.0,27.0,1.0,1.5,30.0,-5.6,-6.4,1
339.0,76.5,187.5,255.5,55.0,23.5,1.0,2.0,36.4,17.8,-8.1,135.0,82.0,135.0,81.0,26.0,10.0,0.0,3.0,40.0,-3.6,-25.8,0
118.5,206.5,147.5,201.0,9.5,32.5,2.0,1.5,40.0,-16.5,0.5,89.0,171.0,66.0,94.0,6.0,21.0,2.0,2.0,70.0,-13.5,-9.0,0
113.3,93.3,172.3,307.0,19.7,30.0,2.7,1.3,72.7,-14.8,-5.6,82.0,116.3,257.3,348.0,19.0,37.7,1.3,1.7,50.0,-8.1,-5.5,1
214.7,195.0,350.7,202.0,57.3,32.7,1.3,2.3,60.0,9.9,-5.8,265.3,209.0,159.3,296.3,38.7,21.7,1.7,1.7,70.0,-1.6,-6.0,0
265.0,118.7,223.7,243.7,41.0,27.3,2.3,1.3,30.0,2.0,-3.6,179.0,302.3,196.3,225.0,21.0,51.3,2.7,0.7,30.0,-23.6,-14.4,0
251.7,169.0,94.7,217.3,33.3,17.0,0.7,1.3,50.0,3.1,-8.4,196.0,199.0,160.3,194.7,22.3,21.7,2.0,2.3,40.0,-9.3,-8.6,1
98.0,94.7,224.3,246.3,19.0,18.0,2.3,3.0,18.2,-1.2,-1.6,123.3,94.7,235.0,235.3,23.3,18.3,1.7,1.3,70.0,2.1,1.8,0
0.0,0.0,0.0,0.0,27.7,29.3,0.7,0.7,70.0,18.5,18.5,0.0,0.0,0.0,0.0,24.0,40.7,0.0,1.7,50.0,-14.9,-14.9,1
210.7,267.0,170.7,275.3,22.7,52.3,1.3,0.7,20.0,-18.1,-7.2,126.7,136.0,214.0,214.7,20.3,26.3,0.7,1.7,30.0,4.6,0.9,1
123.0,114.0,203.3,210.3,18.7,26.0,2.0,2.3,70.0,0.7,-0.1,98.7,221.0,173.7,277.0,10.0,42.3,3.0,2.0,50.0,-3.8,0.4,1
212.3,146.3,280.7,85.7,32.0,12.3,3.3,2.0,20.0,3.8,2.8,154.0,224.7,218.3,229.7,22.0,38.7,2.7,0.3,70.0,-7.9,-4.8,0
147.3,114.3,355.7,157.3,40.3,9.0,1.0,1.7,90.0,15.6,0.6,144.7,109.7,282.3,228.3,32.3,19.7,1.0,1.7,80.0,2.8,-2.6,0
238.7,147.7,143.7,161.0,19.7,11.7,1.7,2.0,55.6,6.6,2.1,162.7,134.0,227.0,133.0,20.0,17.0,2.0,1.3,66.7,0.7,-2.1,1
62.7,135.0,263.7,249.0,27.3,30.3,2.3,1.7,20.0,-1.7,-0.3,60.0,109.0,472.0,317.0,28.0,34.0,5.0,0.0,30.0,-6.5,-19.3,1
122.3,224.7,159.0,163.0,11.3,33.7,3.0,2.0,30.0,-14.0,0.5,51.7,202.3,297.3,191.0,20.7,27.0,1.7,2.0,30.0,-17.3,-9.2,0
159.7,238.7,230.0,297.7,38.0,47.3,1.0,1.0,60.0,0.6,-0.3,54.3,368.3,257.7,133.3,18.0,48.7,1.7,0.3,30.0,-24.1,-12.9,0
293.0,124.0,191.0,150.0,40.0,14.0,0.0,1.0,40.0,4.8,-8.3,79.0,81.0,82.0,193.0,0.0,15.0,2.0,1.0,45.5,-4.0,0.5,0
93.0,156.0,355.3,291.7,28.3,37.0,1.7,1.7,80.0,0.1,-3.3,215.0,203.0,158.3,246.0,28.3,37.0,1.3,1.3,77.8,-8.4,-1.0,1
0.0,0.0,0.0,0.0,19.7,26.0,0.0,0.7,50.0,-0.4,-0.4,0.0,0.0,0.0,0.0,18.7,38.0,1.0,1.0,50.0,-14.1,-14.1,1
273.3,231.7,189.7,237.3,33.7,31.0,1.0,1.7,33.3,11.0,6.3,209.7,229.7,214.7,168.3,27.3,24.7,1.3,0.3,77.8,3.5,1.6,0
241.7,197.0,178.7,235.0,29.3,29.7,0.7,1.3,30.0,-0.4,-5.6,123.3,219.7,215.3,223.0,22.7,25.7,0.7,1.0,50.0,-10.3,-9.4,1
160.7,208.3,163.0,249.7,20.3,20.0,1.0,2.0,50.0,6.7,-2.8,174.7,238.7,214.7,177.7,22.7,32.0,3.0,1.0,70.0,-0.1,-3.2,0
252.3,77.7,257.3,244.7,38.3,12.7,1.3,2.7,70.0,11.0,0.3,282.0,160.3,224.7,250.3,36.3,25.7,0.7,2.0,10.0,7.8,3.3,0
216.0,146.7,188.0,134.3,24.0,17.3,2.0,2.0,80.0,-1.6,-3.7,110.7,148.0,173.3,165.0,20.3,24.3,2.0,1.0,90.0,3.6,-3.7,1
254.7,126.0,338.3,144.7,47.3,14.0,0.3,1.0,90.0,26.7,9.2,156.7,228.0,238.3,125.3,27.0,23.7,1.7,1.0,50.0,15.6,4.7,1
163.0,119.3,140.7,133.0,13.0,12.0,2.7,1.7,88.9,11.5,5.1,199.3,178.3,229.3,261.0,30.3,30.3,0.3,2.0,40.0,7.5,7.0,1
245.3,164.3,224.0,101.3,44.3,21.0,0.3,1.3,30.0,20.8,1.7,116.7,153.3,172.0,138.3,11.7,20.7,2.7,2.3,70.0,3.9,-0.1,0
213.0,115.0,348.7,141.3,47.7,11.0,1.3,1.3,77.8,-0.1,-8.5,155.7,164.0,288.0,253.3,32.3,35.7,0.7,1.0,70.0,-21.5,-16.0,1
281.7,100.7,183.3,191.3,35.3,14.3,1.3,0.7,40.0,18.6,7.9,149.5,64.5,234.0,239.5,25.5,15.5,2.0,2.5,100.0,18.3,11.6,0
140.0,246.0,162.7,232.0,25.3,24.3,0.7,1.7,40.0,0.5,-5.0,137.3,266.7,258.3,222.3,27.3,50.3,3.0,1.3,50.0,-14.3,-10.2,1
175.0,174.7,299.7,292.7,36.3,37.0,1.3,2.3,44.4,-4.2,-9.6,184.0,203.3,128.0,270.3,17.7,38.0,2.7,1.0,44.4,-20.9,-10.7,0
366.3,181.7,124.7,134.0,45.0,16.7,1.0,1.7,40.0,15.4,4.9,142.3,135.3,220.7,208.3,25.3,30.7,2.7,0.7,90.0,12.1,8.2,1
104.3,263.7,209.3,214.3,15.7,30.7,1.0,1.7,80.0,0.9,3.4,222.3,201.0,180.3,302.3,29.0,34.0,2.0,1.0,22.2,-4.2,-1.6,1
287.7,123.3,279.3,226.0,42.7,16.0,0.7,2.0,44.4,32.3,8.9,160.0,148.7,317.0,254.0,44.0,27.7,0.7,0.3,88.9,34.3,13.5,1
139.0,132.0,209.0,260.0,23.0,24.0,2.0,1.0,60.0,12.0,1.8,101.5,88.5,385.0,220.5,44.0,20.0,2.5,2.0,45.5,16.8,2.0,1
175.3,96.7,206.7,290.3,25.7,30.7,2.7,2.0,30.0,7.7,2.8,155.7,27.7,242.3,246.0,19.7,28.3,5.0,1.3,18.2,6.4,5.1,0
91.7,217.3,249.0,184.3,23.0,31.3,0.3,1.0,10.0,-11.4,-6.1,225.0,176.3,120.7,228.7,22.3,30.7,2.0,1.7,80.0,-16.4,-11.9,1
158.0,211.0,271.3,188.7,29.0,34.3,1.3,1.3,90.0,11.5,1.5,197.0,68.0,77.3,183.3,29.7,11.3,0.7,2.7,30.0,20.7,9.1,0
316.0,152.0,268.0,221.0,53.0,25.0,1.3,3.0,70.0,16.7,10.4,64.3,203.7,369.0,274.0,31.3,36.3,1.7,2.0,50.0,2.2,5.7,1
192.7,134.7,262.7,237.3,39.0,21.7,0.0,1.0,66.7,14.0,11.2,141.7,259.7,212.3,180.7,26.3,27.3,1.0,2.3,80.0,2.1,3.4,0
151.0,87.3,258.0,308.3,38.3,23.0,1.3,4.3,70.0,-4.1,-4.5,173.0,131.3,122.7,182.3,12.7,28.7,2.3,1.3,72.7,-23.7,-12.4,0
194.7,112.0,206.0,225.3,35.3,14.7,1.3,2.0,70.0,7.5,-5.0,170.7,152.7,235.0,210.3,27.3,16.7,0.7,1.3,40.0,-0.1,-7.1,1
118.7,145.3,162.0,147.7,12.0,15.0,3.0,1.0,90.9,10.0,3.0,209.0,161.7,68.7,318.3,21.0,33.3,0.3,2.0,30.0,-9.3,-6.7,1
178.0,196.3,218.3,194.3,32.0,20.0,0.3,2.3,50.0,-3.8,-5.4,259.3,150.0,198.0,264.3,40.7,34.0,1.0,1.7,36.4,-5.2,-5.5,0
168.0,184.0,197.0,197.0,14.0,34.0,2.0,1.0,55.6,-1.8,12.9,238.0,129.0,353.0,172.0,52.0,10.0,1.0,2.0,44.4,-4.9,-24.8,1
112.0,203.7,224.3,92.3,22.7,29.3,2.7,1.3,40.0,0.3,0.3,89.0,163.0,165.3,143.0,16.7,21.3,2.3,1.3,70.0,-4.8,-3.4,0
167.0,109.3,248.0,247.7,41.0,21.7,1.7,1.7,80.0,7.8,2.5,135.0,181.0,332.0,239.3,37.3,26.0,1.7,2.3,50.0,-1.4,-3.4,0
138.5,111.5,235.5,272.5,21.0,19.0,1.0,1.0,40.0,18.7,10.5,212.5,67.5,174.0,335.0,22.0,39.0,4.0,1.5,22.2,-7.1,-11.8,0
154.7,213.0,354.3,183.0,35.0,29.3,2.3,1.3,50.0,4.6,0.9,54.7,74.7,221.0,213.7,13.0,21.0,2.3,3.0,9.1,-4.5,-7.3,0
244.3,144.7,67.3,188.7,23.3,18.0,0.7,3.0,80.0,-0.4,-1.9,273.7,145.7,46.7,258.3,13.7,28.0,2.7,1.7,55.6,-15.6,-9.9,0
147.0,116.0,232.7,257.3,21.7,22.0,1.3,0.3,44.4,2.0,1.3,340.7,172.3,126.0,323.7,36.7,36.7,1.0,0.7,10.0,-1.1,-4.4,0
281.0,118.3,235.0,238.3,43.7,19.7,1.3,0.0,44.4,2.6,-7.0,183.3,269.7,264.7,88.3,42.3,24.3,1.0,1.0,88.9,-8.3,-9.6,1
235.0,237.3,148.7,127.0,26.3,29.7,2.3,2.7,30.0,11.6,4.2,132.3,249.3,118.7,108.0,13.0,30.0,2.7,0.7,50.0,-16.4,-6.7,0
153.0,135.0,316.0,229.0,24.0,21.0,2.0,1.0,36.4,5.6,-9.9,261.0,412.0,11.0,73.0,17.0,14.0,2.0,2.0,40.0,1.1,-10.8,1
213.0,147.3,255.0,195.7,43.7,24.3,0.0,1.7,70.0,-6.6,-10.9,190.0,145.7,258.0,305.7,29.0,35.0,2.7,1.3,44.4,-19.2,-11.7,1
190.3,121.3,160.3,162.0,27.3,15.7,1.0,1.7,40.0,24.1,6.9,159.0,210.0,200.3,269.7,25.0,37.0,1.0,3.3,100.0,-12.1,-5.4,0
136.3,208.7,198.7,206.7,13.7,27.0,2.3,1.7,44.4,3.4,4.1,148.3,138.7,319.3,286.0,35.3,32.0,2.3,1.7,22.2,-6.1,-8.4,1
265.0,67.0,164.0,247.0,34.0,15.5,1.5,1.5,30.0,5.2,-10.3,155.5,195.0,293.0,232.0,23.5,20.0,2.0,1.0,80.0,2.1,-2.5,1
81.0,351.0,91.5,351.0,3.5,48.0,0.5,0.5,40.0,-15.1,12.7,124.0,257.5,336.0,290.5,22.5,41.5,3.0,1.0,30.0,-9.6,-4.1,0
158.0,126.0,190.0,275.3,28.0,30.3,1.7,2.0,60.0,-0.8,-1.3,220.0,135.0,175.3,226.7,32.0,25.7,0.0,1.0,70.0,1.6,-1.5,0
137.3,111.3,292.3,246.3,32.0,24.0,2.0,3.7,60.0,-1.0,-2.4,155.7,91.7,150.7,228.0,17.3,21.7,1.0,2.0,30.0,-7.2,-4.0,0
96.7,114.0,370.7,380.7,38.7,32.0,1.0,3.0,55.6,10.9,0.1,188.0,121.7,184.0,237.7,31.7,22.3,1.0,2.3,33.3,8.2,6.5,0
125.7,95.0,226.3,254.3,22.3,14.3,1.7,2.7,9.1,5.1,1.2,180.0,105.0,261.0,191.0,42.0,18.3,2.0,1.7,50.0,6.6,-0.8,0
170.0,128.0,215.0,186.0,33.0,30.0,2.0,0.0,60.0,16.0,5.1,58.0,167.0,199.0,222.0,7.0,34.0,0.0,0.0,40.0,-10.8,-9.8,1
42.3,228.7,353.3,167.7,22.7,34.3,2.3,1.0,77.8,-9.4,-13.0,155.0,129.7,221.7,158.0,25.0,20.7,1.0,0.3,11.1,-10.4,-9.6,1
138.0,101.3,222.3,170.7,19.0,14.7,1.7,0.7,88.9,0.3,0.5,141.0,321.0,284.7,201.7,29.7,47.0,2.3,0.7,33.3,-24.0,-14.9,0
146.0,51.0,378.0,293.0,35.0,28.0,3.0,4.0,77.8,12.5,-4.5,219.0,106.0,221.0,363.0,30.0,35.0,3.0,2.0,44.4,0.5,-3.8,1
166.3,102.0,243.3,63.3,40.0,8.7,3.0,1.3,80.0,12.1,1.8,244.0,95.7,222.3,143.7,33.0,11.0,2.0,2.0,30.0,19.0,0.9,0
169.3,179.0,183.7,237.3,25.7,25.3,0.3,2.0,33.3,-0.2,7.2,98.0,214.7,206.3,259.0,18.0,27.7,1.0,2.7,66.7,-2.0,-2.9,0
223.5,272.5,306.5,221.5,33.0,38.5,2.5,0.0,50.0,-3.0,-4.7,115.0,212.5,280.0,290.5,20.0,48.0,2.0,1.5,40.0,-14.3,-12.1,0
299.3,223.3,281.0,258.7,55.3,26.0,1.3,2.0,50.0,2.8,-7.7,183.3,181.3,178.3,220.7,15.3,35.3,4.0,1.3,30.0,-12.8,-6.4,1
119.7,102.3,285.0,164.0,28.7,17.0,1.7,1.7,70.0,5.4,0.0,92.3,84.5,301.3,123.0,38.3,19.0,1.7,3.0,70.0,-7.4,-8.7,1
95.7,184.3,284.7,198.3,24.0,36.7,4.0,1.7,70.0,6.9,4.3,227.7,154.3,164.3,117.7,26.7,20.0,2.3,2.3,50.0,6.6,0.3,1
209.3,201.7,271.3,276.3,26.3,41.3,3.3,1.7,44.4,-13.8,-2.0,140.5,204.5,173.0,339.0,18.5,46.5,5.5,2.5,11.1,-22.9,-19.7,1
207.3,129.0,280.7,191.0,37.3,15.0,1.0,1.0,30.0,25.0,7.8,102.0,188.0,307.3,223.7,39.3,33.7,2.0,0.7,70.0,13.0,1.6,0
167.0,109.0,216.0,276.0,13.0,20.0,0.0,1.0,60.0,-2.3,-1.2,48.0,160.0,250.0,222.0,14.0,34.0,2.0,2.0,50.0,-3.6,7.1,1
116.5,154.5,123.0,146.5,14.5,24.5,2.0,3.0,100.0,10.2,4.2,164.0,84.0,136.0,200.0,31.0,17.0,4.0,2.0,60.0,8.6,-6.3,0
168.3,97.3,284.7,252.3,31.3,29.3,2.3,1.7,80.0,14.0,4.0,362.0,154.0,84.3,291.7,29.7,32.3,1.7,0.7,80.0,-1.8,-5.0,1
160.5,267.0,182.5,285.5,23.5,44.0,1.0,1.5,11.1,-9.0,-4.2,127.0,152.5,155.0,256.5,23.5,21.0,1.0,2.5,50.0,-5.7,-8.6,1
118.7,176.0,180.3,188.0,22.0,34.7,1.0,1.7,10.0,-10.7,-4.0,186.7,139.0,200.7,283.3,31.3,27.3,1.0,2.0,30.0,-13.5,-11.1,1
121.0,281.3,403.7,288.0,39.3,38.3,2.7,3.0,60.0,-2.4,-4.5,120.0,135.3,297.3,154.3,32.3,13.3,1.7,1.7,50.0,-8.2,-7.1,0
203.3,163.7,157.3,179.7,27.0,14.3,1.0,1.7,100.0,16.2,7.3,196.7,132.7,136.3,189.7,28.3,25.0,1.3,1.3,80.0,-3.0,0.3,1
112.0,69.3,279.3,213.7,25.7,14.7,2.0,2.3,60.0,0.3,-0.3,80.3,179.0,202.3,286.7,18.7,35.3,2.0,2.7,40.0,-12.8,-11.1,0
216.0,96.0,163.0,268.0,17.0,7.0,1.0,2.0,44.4,1.6,-7.3,121.0,200.0,170.0,231.0,21.7,27.3,0.7,0.7,77.8,-8.3,-8.0,0
86.3,238.0,171.0,155.7,16.3,26.0,2.0,1.7,30.0,-0.8,2.3,239.0,141.7,219.7,330.3,37.0,39.7,1.0,1.3,40.0,8.0,4.3,1
248.7,121.3,231.3,354.3,39.7,40.3,1.7,1.7,60.0,-5.6,-7.8,112.0,222.0,245.3,411.3,17.0,51.0,1.7,1.3,40.0,-19.1,-10.8,0
216.0,69.0,143.3,283.0,29.0,14.3,1.0,2.0,18.2,7.5,3.4,66.0,145.0,326.3,382.0,26.7,37.0,1.0,1.0,60.0,-2.3,-0.3,0
207.3,97.7,180.0,149.3,29.7,17.0,2.7,2.0,30.0,19.3,4.1,117.0,110.3,261.3,258.0,23.3,22.7,1.3,1.7,40.0,-2.4,2.3,1
165.5,351.5,240.0,166.0,31.0,33.5,1.5,2.5,66.7,6.9,2.6,79.7,212.3,330.7,172.3,18.7,28.0,1.0,0.0,0.0,-17.9,-13.2,1
145.3,85.3,333.0,228.3,29.7,18.3,1.7,2.7,70.0,14.1,-3.9,111.0,160.7,141.3,254.7,20.0,26.3,1.7,3.0,70.0,-13.2,-6.8,0
50.0,168.0,243.0,396.0,15.0,47.0,3.0,1.0,50.0,0.0,-3.4,1.0,275.0,213.0,241.0,14.0,40.0,1.0,0.0,50.0,-9.1,18.1,0
159.3,153.3,424.0,227.0,48.3,26.7,1.0,1.7,33.3,20.4,9.8,168.3,207.0,120.3,213.7,14.7,37.3,0.7,1.0,44.4,4.7,7.2,1
126.7,167.0,190.0,259.3,16.7,42.3,3.0,0.3,50.0,-13.7,-8.2,278.0,135.3,112.3,140.3,25.0,15.7,0.7,0.3,30.0,0.9,-13.4,1
176.0,208.3,313.7,258.0,45.0,30.3,1.3,2.0,60.0,19.7,8.1,192.0,75.0,187.7,147.7,28.3,11.3,1.3,3.0,30.0,15.2,4.1,0
150.0,187.3,225.7,167.0,18.3,26.3,2.3,1.7,30.0,-15.8,-9.9,120.7,136.3,200.0,191.7,20.3,25.3,2.0,1.3,60.0,-6.6,-5.4,1
105.3,79.0,190.7,297.0,24.0,25.7,1.3,0.3,70.0,0.7,-3.1,141.7,113.7,140.0,121.7,19.0,13.3,1.0,1.3,70.0,2.4,-1.2,0
212.0,129.3,247.0,255.0,29.0,24.7,1.3,0.7,40.0,6.3,-0.5,248.0,161.7,115.3,272.3,20.3,34.0,1.3,1.0,10.0,-11.0,-1.4,1
215.0,154.3,281.3,270.7,38.7,35.3,1.0,2.3,50.0,21.1,6.9,94.7,196.0,211.3,250.3,18.3,31.3,1.0,2.3,50.0,-13.2,-5.8,0
91.3,118.7,267.0,194.0,14.3,25.7,2.3,1.3,50.0,-5.6,-4.5,123.7,124.3,337.3,198.3,33.0,20.3,1.0,3.0,30.0,-2.7,-9.8,0
233.0,119.0,252.7,204.7,34.7,20.3,1.0,1.3,60.0,9.5,5.6,55.3,180.0,228.0,206.3,20.0,29.0,1.0,2.0,55.6,6.1,4.8,1
230.0,93.3,311.3,168.3,58.7,8.0,1.3,2.7,50.0,33.1,6.8,222.0,178.3,238.7,242.0,34.3,25.3,0.7,1.7,50.0,4.1,-1.4,1
88.0,234.0,222.3,242.0,22.0,21.3,1.0,1.7,36.4,-7.8,-5.2,64.7,255.0,381.0,223.3,31.7,36.3,1.7,1.3,50.0,-8.7,-6.8,0
311.7,106.0,86.3,258.7,35.0,17.0,0.3,2.3,77.8,8.6,0.3,133.7,234.0,255.7,201.7,28.3,46.0,2.7,0.3,70.0,-16.0,-7.9,1
143.3,211.3,168.0,62.7,18.7,12.3,0.7,2.3,88.9,10.9,4.8,105.7,167.3,223.3,224.3,17.7,35.3,2.3,1.3,33.3,3.8,1.8,0
161.3,167.7,307.0,202.0,30.7,26.0,2.7,1.7,22.2,6.6,2.9,196.7,138.7,177.7,279.7,21.7,32.7,1.3,1.0,77.8,-8.1,-1.1,1
218.7,226.0,113.0,169.0,27.0,19.3,2.0,2.0,50.0,2.5,0.4,152.7,223.7,137.0,244.0,14.7,32.3,1.3,0.3,80.0,-3.7,-0.6,1
50.0,343.0,293.0,44.0,10.0,31.0,1.0,0.0,70.0,0.7,0.1,98.0,263.0,582.0,417.0,50.0,55.0,0.0,2.0,50.0,-9.6,-12.9,0
186.7,96.0,199.7,205.7,31.3,15.7,1.3,3.0,60.0,12.2,0.1,57.7,266.0,231.0,267.0,8.0,48.3,3.0,2.0,50.0,-15.5,-6.2,1
118.5,156.0,161.5,291.5,17.0,48.5,3.0,1.5,30.0,-5.2,-0.5,109.0,273.0,222.5,230.0,9.5,43.5,3.0,1.0,40.0,-14.8,11.9,1
186.0,104.3,242.0,142.3,35.0,8.7,2.0,1.7,40.0,6.2,-9.0,76.7,237.7,229.7,120.7,24.7,24.7,1.0,2.3,30.0,0.5,-1.0,0
113.3,136.3,332.0,226.3,24.7,28.3,1.7,0.7,30.0,-4.3,-8.6,292.0,137.7,103.0,327.7,26.3,27.3,1.0,0.7,72.7,-0.6,-3.4,1
385.0,169.7,80.3,136.0,26.3,18.3,1.0,1.7,30.0,7.1,-1.1,355.5,207.5,146.0,131.0,25.5,20.0,1.5,2.5,80.0,-2.2,-8.8,0
207.3,137.3,207.0,265.0,25.3,18.0,1.0,2.3,30.0,2.4,-5.9,102.7,188.0,325.0,290.3,38.3,51.7,4.3,3.3,80.0,-7.4,-8.0,0
69.7,226.0,240.0,267.3,12.0,46.3,2.7,0.7,80.0,-22.9,-11.8,109.7,210.7,142.3,147.3,21.0,26.0,1.3,2.3,80.0,-8.9,-4.8,0
173.0,134.3,279.0,145.0,30.3,13.3,2.7,1.3,70.0,15.3,-3.6,109.0,293.0,164.0,202.7,22.7,32.0,2.3,2.7,30.0,-0.3,1.3,1
168.0,95.0,199.3,218.7,30.3,19.3,2.0,2.0,70.0,-4.1,-6.6,169.0,196.3,243.0,229.3,21.7,29.3,1.7,1.7,72.7,-12.5,-7.3,0
89.0,199.0,160.7,225.0,9.0,32.0,3.3,2.3,60.0,-9.0,-4.5,102.7,188.7,109.0,196.3,11.7,28.7,2.7,0.7,90.0,-13.6,-3.7,0
197.0,245.3,246.7,176.7,37.0,30.7,1.7,3.0,30.0,9.0,1.8,207.7,203.7,238.0,173.3,22.3,34.7,3.0,1.7,44.4,-7.6,-1.6,1
138.3,151.0,244.7,298.7,25.7,28.7,1.3,1.3,70.0,4.9,4.6,250.0,225.3,124.0,322.0,30.3,40.0,1.7,1.7,40.0,-21.8,-14.2,1
187.0,150.7,239.3,248.0,29.7,37.3,0.7,1.0,50.0,-1.1,2.2,120.3,152.7,180.0,155.3,17.3,29.7,3.3,0.7,60.0,-9.4,-6.9,0
99.7,182.3,195.0,199.0,17.0,24.0,2.3,0.7,50.0,-6.4,-6.8,144.7,96.0,217.0,197.7,33.0,17.0,2.3,2.0,50.0,6.8,0.2,0
103.0,195.5,199.0,184.0,15.5,23.5,1.5,0.0,80.0,13.9,16.1,92.0,103.0,278.0,206.0,20.0,14.0,1.0,1.0,60.0,-4.9,-16.6,0
240.7,145.7,71.3,204.3,25.7,23.3,1.0,1.3,100.0,9.1,5.0,253.0,284.0,143.3,248.0,23.0,54.3,1.3,0.3,100.0,-15.5,-7.7,1
211.0,33.0,167.0,66.0,20.0,2.0,5.0,1.0,100.0,9.2,-15.1,217.5,55.5,175.5,242.0,33.0,11.0,1.0,2.5,70.0,9.1,-0.2,1
302.7,119.0,256.7,247.0,50.0,24.7,1.3,1.7,10.0,12.6,-6.3,104.0,218.3,192.0,132.3,24.0,26.7,1.3,2.0,100.0,-6.5,-8.2,1
117.0,86.7,217.0,145.7,18.7,12.0,2.0,1.7,50.0,14.1,6.6,43.3,190.7,142.3,213.3,9.0,32.0,2.0,1.0,70.0,-12.0,-7.0,0
142.7,101.0,289.0,264.7,23.7,17.0,0.7,0.7,66.7,12.3,-2.2,201.7,109.3,267.0,249.7,34.0,18.3,0.3,1.7,66.7,10.8,0.3,0
156.7,120.0,278.0,217.0,31.0,23.0,2.0,1.7,80.0,0.4,-3.5,193.0,100.7,189.7,138.0,35.3,18.0,1.7,3.0,77.8,15.7,1.2,0
18.3,159.3,219.0,167.7,5.3,31.0,3.7,1.0,50.0,0.1,9.6,110.3,215.3,201.7,327.3,11.7,45.3,2.3,1.0,80.0,-16.6,3.5,1
204.7,130.3,273.3,179.3,35.7,15.7,0.3,1.3,100.0,29.3,10.2,198.0,319.0,245.7,259.7,22.3,39.3,1.7,0.7,44.4,0.6,-0.6,0
269.3,47.0,203.0,158.0,48.3,10.3,1.0,2.3,60.0,20.6,-8.1,175.3,217.0,160.7,225.0,20.0,27.3,3.0,0.7,40.0,-0.4,2.4,0
99.3,167.7,261.7,175.3,20.3,25.3,1.7,2.3,50.0,-10.0,-7.0,187.3,163.7,206.3,221.7,26.0,35.7,3.0,0.0,36.4,-13.4,-8.9,1
144.5,163.5,236.0,145.5,20.5,20.5,2.0,1.0,90.9,-7.4,-15.7,141.0,115.5,198.0,162.5,34.5,19.0,1.5,0.5,70.0,6.2,-1.9,1
103.0,102.7,220.0,176.7,20.3,13.7,1.0,3.0,30.0,8.5,5.9,100.7,236.3,331.0,241.0,30.3,34.3,1.3,2.0,40.0,-0.9,2.3,0
244.0,126.0,184.7,174.3,31.7,12.7,1.3,1.7,100.0,20.4,3.5,225.0,172.7,292.0,218.7,42.3,25.0,1.7,2.0,20.0,15.5,8.1,1
170.0,86.7,148.0,181.0,26.3,11.7,0.3,1.7,66.7,4.0,-2.4,153.0,225.3,234.7,195.3,29.7,27.7,2.3,1.3,55.6,-3.4,-5.9,0
122.5,73.0,363.5,245.5,37.5,16.5,1.0,2.0,70.0,14.2,1.0,249.5,243.5,238.0,203.0,32.5,42.5,2.5,0.5,70.0,0.7,-0.5,0
212.7,110.7,172.0,158.3,23.3,10.7,1.3,1.0,66.7,14.5,8.3,135.0,156.0,73.0,209.3,9.3,17.0,1.0,2.3,80.0,-1.0,3.2,1
72.5,171.5,249.5,213.5,17.5,27.0,1.0,2.0,60.0,-2.2,-7.2,93.5,208.5,184.0,227.0,12.5,44.5,2.5,0.0,40.0,-11.8,-7.4,1
164.0,145.0,188.0,127.0,42.0,10.0,1.0,2.0,70.0,5.4,-18.9,264.0,65.0,178.0,366.0,38.0,41.0,3.0,1.0,50.0,-3.0,-5.9,0
150.3,236.7,259.7,329.7,29.7,38.3,1.0,1.0,70.0,12.6,9.2,123.3,273.3,209.3,264.7,18.7,47.7,2.0,0.7,30.0,-9.9,-3.5,1
154.7,107.7,339.0,283.3,40.3,24.0,1.0,1.0,70.0,15.6,2.6,156.3,123.3,172.0,246.7,19.0,18.0,0.3,1.0,50.0,16.5,9.0,0
205.7,121.3,143.0,293.7,19.3,35.7,1.0,1.7,77.8,-15.6,-10.1,148.7,92.3,317.7,213.0,32.7,15.3,1.3,1.3,11.1,-3.5,-5.3,1
208.3,102.3,296.3,174.7,48.0,15.7,2.0,2.3,70.0,15.9,0.7,104.0,218.0,142.7,175.0,8.7,27.7,1.7,0.3,30.0,-9.0,-1.5,1
314.0,110.0,339.3,224.3,51.0,19.3,1.0,2.7,80.0,22.9,5.9,50.0,219.7,246.3,165.7,16.0,28.7,2.7,1.0,70.0,-4.8,-2.1,1
156.0,91.7,208.7,171.0,28.7,17.0,2.7,0.7,100.0,14.3,7.3,262.7,196.3,137.3,188.3,23.7,34.0,1.7,0.3,60.0,10.5,5.6,1
50.7,177.0,214.7,213.0,17.0,25.0,1.7,2.0,50.0,-17.9,-13.0,144.0,152.7,148.0,222.0,13.3,18.0,1.0,1.3,40.0,-15.5,-8.5,0
262.0,260.7,278.3,213.3,46.7,31.7,1.7,2.7,22.2,3.3,-1.9,175.0,186.7,295.0,268.0,27.3,24.0,1.3,1.3,66.7,-2.9,-1.8,0
343.3,110.7,119.7,251.0,37.0,21.0,2.7,1.3,90.0,12.8,4.3,55.3,120.3,193.7,155.7,14.7,15.3,1.3,1.0,70.0,-0.2,-0.9,0
145.0,111.3,309.0,307.3,29.0,21.0,1.0,2.3,55.6,8.1,-2.4,272.7,168.3,237.0,274.3,30.3,31.3,3.0,1.3,11.1,8.2,1.6,0
126.7,127.7,244.3,262.3,30.7,20.7,0.3,2.0,60.0,11.1,1.2,150.0,152.7,280.0,190.3,31.7,16.7,0.7,3.0,30.0,8.8,-1.8,0
295.7,183.7,152.0,228.3,30.3,37.0,1.7,0.7,50.0,7.0,7.4,338.7,153.3,156.7,318.7,30.7,27.0,1.0,1.0,90.0,2.6,3.4,0
207.0,254.3,252.7,217.3,46.0,27.7,1.0,3.0,50.0,9.9,-0.2,76.3,177.7,320.0,297.0,26.0,33.7,0.7,4.0,40.0,-12.2,-9.7,1
238.5,106.5,300.5,241.0,53.0,27.5,2.5,3.0,10.0,5.4,-11.4,186.0,98.0,377.5,322.5,41.0,35.5,1.5,2.0,30.0,-0.8,-4.1,0
189.0,15.0,298.0,154.0,45.0,14.0,1.0,3.0,72.7,4.0,-16.1,19.0,292.5,188.0,134.0,13.0,36.0,2.5,2.5,50.0,-26.5,-11.9,0
193.3,154.3,160.3,181.3,27.7,19.0,1.0,1.3,88.9,20.4,8.6,246.7,118.0,171.0,310.7,35.7,28.0,1.7,1.3,44.4,0.5,-2.1,1
181.0,143.0,196.3,172.0,26.7,21.0,2.7,3.7,90.9,1.7,0.9,127.0,154.3,180.3,223.3,16.0,21.3,3.3,1.3,40.0,-1.2,3.5,0
137.3,183.7,239.7,275.0,24.7,36.0,3.7,2.0,50.0,-10.1,-4.2,171.7,102.7,167.7,247.7,33.3,14.0,0.3,2.3,50.0,-5.2,-10.2,0
296.0,220.0,356.0,266.0,56.0,17.0,0.0,3.0,44.4,11.6,-19.6,93.0,262.5,331.5,249.0,23.5,45.0,1.0,0.5,44.4,-3.3,-4.0,1
73.0,120.3,210.0,312.7,24.3,24.3,1.0,0.7,40.0,-12.2,-0.8,124.0,131.3,290.3,238.7,33.0,28.0,1.0,2.7,36.4,-7.5,-5.3,0
124.0,133.0,319.0,276.3,40.0,28.0,1.7,1.0,70.0,20.2,7.4,89.0,266.7,329.0,183.3,23.0,41.3,4.0,1.3,50.0,0.5,0.0,1
141.0,164.0,165.3,157.0,22.7,23.0,1.3,1.3,30.0,9.4,6.1,136.7,277.3,142.7,167.0,17.7,35.7,1.7,0.3,60.0,-15.8,-7.7,1
96.3,269.7,218.7,208.0,12.3,39.3,3.3,0.7,60.0,-25.0,-12.0,132.0,188.0,169.0,185.3,9.0,23.3,2.0,1.0,0.0,-22.8,-11.9,1
144.0,183.7,337.3,289.7,31.0,34.3,2.7,0.7,72.7,5.0,2.6,127.0,214.3,357.3,132.0,27.7,21.3,2.0,0.7,80.0,6.9,2.3,1
272.5,132.0,161.0,237.0,40.0,29.5,0.5,1.5,90.0,18.8,12.3,114.5,260.0,219.5,211.0,13.5,41.0,0.5,1.0,60.0,-22.7,-14.8,1
209.0,67.0,172.0,433.0,54.0,27.0,0.0,4.0,70.0,9.5,-8.6,238.0,82.0,129.5,183.0,29.5,22.5,1.5,1.0,80.0,4.4,3.1,0
83.7,185.0,245.7,181.7,15.7,29.3,3.0,1.0,60.0,-5.3,-2.4,98.7,155.3,303.7,275.3,24.7,35.7,2.0,1.0,36.4,-25.2,-13.8,0
154.3,204.3,295.0,192.0,30.7,26.7,2.7,0.7,77.8,-6.8,-9.4,174.7,58.3,220.3,186.3,31.0,8.3,1.3,2.0,77.8,-2.8,-7.5,0
158.3,76.7,257.7,190.7,27.3,15.0,1.3,1.3,50.0,11.0,3.8,104.0,163.3,275.3,285.7,31.7,30.3,1.3,1.7,50.0,-9.7,-9.2,0
147.7,122.7,237.7,370.7,25.7,34.7,1.3,1.3,30.0,9.6,6.9,135.3,44.7,274.0,305.7,41.3,24.3,1.0,2.0,70.0,14.9,3.8,1
180.3,84.0,123.3,131.3,21.0,11.7,2.0,1.3,30.0,8.0,-1.1,63.7,70.3,244.7,188.3,26.0,15.0,2.0,3.0,80.0,1.5,-3.4,1
115.0,163.3,151.7,202.3,11.7,25.3,2.0,1.7,80.0,1.0,0.7,165.0,133.7,126.0,289.7,19.0,39.3,1.7,1.3,50.0,1.8,-0.7,1
55.0,205.3,198.3,124.0,13.7,25.3,2.0,1.3,36.4,-11.8,-6.4,118.3,69.7,280.3,167.7,24.7,10.3,2.7,2.0,40.0,-8.7,-9.2,1
159.3,152.7,200.3,325.3,20.7,31.0,1.0,2.7,77.8,-17.1,-9.3,115.7,91.7,218.7,237.0,24.3,17.0,1.0,0.7,11.1,-16.8,-10.7,0
232.3,198.3,241.7,177.0,45.3,19.7,1.0,1.3,44.4,12.0,-0.6,112.7,138.0,225.3,243.3,25.7,40.0,2.7,1.3,80.0,-5.6,1.3,1
124.7,111.7,296.3,251.3,27.7,25.3,0.7,1.7,70.0,-3.2,-5.0,176.0,167.0,223.7,217.3,17.0,35.7,2.7,0.7,50.0,-16.5,-8.3,0
152.3,255.3,264.3,139.0,26.0,31.0,2.7,0.7,60.0,8.6,5.7,107.3,66.7,132.3,197.7,34.7,28.7,2.0,1.7,30.0,5.0,1.1,1
229.7,95.7,164.3,224.3,27.3,12.0,1.0,2.7,30.0,8.0,-0.2,149.7,103.0,187.7,221.7,18.0,16.0,2.7,2.0,60.0,4.1,-7.3,0
171.7,121.7,207.0,233.7,21.3,20.3,2.0,1.7,60.0,-10.8,-14.9,193.0,108.7,277.7,279.0,36.0,24.0,0.3,1.7,60.0,5.6,-6.9,0
127.3,318.3,370.7,311.0,38.0,45.0,0.7,1.0,33.3,9.7,8.9,61.0,287.7,177.7,132.3,13.7,32.3,1.7,1.3,36.4,-13.6,-8.9,1
82.3,167.0,220.7,227.3,23.3,29.0,3.0,1.7,60.0,-11.7,-10.0,97.7,157.0,320.7,244.3,26.0,33.0,2.0,1.7,60.0,-6.8,-3.5,1
140.0,104.7,170.3,154.7,24.3,18.0,2.7,2.3,30.0,-2.0,-5.7,175.0,254.0,331.0,246.3,43.0,38.3,1.0,1.3,50.0,-7.4,-6.1,0
194.0,192.0,246.7,261.7,25.3,37.7,2.3,0.0,80.0,1.5,-1.5,159.0,118.7,156.0,177.3,31.0,16.3,1.7,2.7,70.0,5.4,1.9,1
140.3,222.7,204.7,190.0,32.0,30.3,1.0,1.7,33.3,-15.5,-17.1,162.7,112.7,308.3,230.3,27.0,22.7,2.0,0.7,11.1,-9.8,-6.5,0
230.3,85.3,194.0,188.0,28.3,13.3,0.3,1.7,100.0,18.3,11.1,277.7,150.3,328.3,315.7,46.0,36.7,0.3,0.3,40.0,14.2,4.9,0
100.0,138.0,439.0,88.0,41.0,3.0,2.0,1.0,77.8,17.1,-14.1,399.0,124.0,205.0,433.0,59.0,30.0,0.0,1.0,66.7,13.8,-10.8,1
195.3,122.3,229.7,164.3,33.0,14.7,0.7,1.0,40.0,10.8,-2.0,94.0,147.3,202.7,182.3,11.0,15.7,1.7,1.7,90.9,-4.4,-3.4,0
189.0,87.3,147.0,206.7,28.0,13.7,1.0,3.7,50.0,-8.3,-11.1,132.3,243.0,325.3,195.0,30.3,31.0,1.7,1.3,30.0,-11.2,-7.5,0
271.3,189.0,340.0,168.0,49.7,19.3,1.7,1.7,50.0,2.9,-8.8,189.7,153.7,335.3,232.3,54.3,22.0,1.0,2.3,70.0,4.7,-6.4,0
210.0,203.7,212.7,144.3,27.7,23.0,1.0,0.7,77.8,0.7,-0.6,189.7,230.3,466.0,212.3,43.7,26.0,2.3,1.3,77.8,3.9,-1.7,1
113.3,155.0,182.0,243.7,12.7,38.3,1.7,1.3,60.0,-13.8,-4.9,194.0,176.7,291.0,236.3,45.7,24.7,1.7,4.0,50.0,12.2,5.6,1
138.0,110.0,185.0,179.7,24.3,22.0,1.7,1.0,60.0,-7.9,-7.9,134.7,206.0,231.0,176.0,30.0,27.3,1.7,3.3,50.0,-4.9,-2.0,1
109.7,181.7,188.7,120.0,14.0,24.7,2.7,0.7,30.0,13.5,5.2,183.7,62.3,231.3,231.7,42.7,15.0,0.0,3.0,90.0,12.3,4.1,1
106.0,299.7,274.7,216.0,25.7,42.0,2.3,1.3,30.0,-22.5,-10.4,118.3,198.7,117.3,137.3,9.0,23.0,2.7,2.3,60.0,-13.9,-7.4,1
132.7,125.3,190.7,215.0,23.3,23.0,2.0,1.3,80.0,3.6,5.1,13.3,179.3,330.7,198.3,13.3,24.7,2.7,1.7,50.0,-9.1,-4.4,0
112.0,107.0,175.0,318.0,10.0,31.0,3.0,0.0,80.0,-1.3,-4.9,95.0,250.0,94.0,208.5,3.5,29.0,0.5,2.0,50.0,-9.7,2.2,1
130.5,168.0,190.0,209.0,24.0,29.5,0.0,1.5,80.0,-10.0,-7.1,127.0,113.0,345.0,120.0,41.0,17.0,2.0,3.0,70.0,6.9,-12.9,1
108.0,161.0,286.0,116.3,27.7,15.3,0.3,1.3,30.0,-4.0,-8.1,197.0,126.3,220.3,264.3,41.0,23.7,0.7,3.3,80.0,-4.4,-11.1,0
165.7,296.3,219.3,287.7,26.7,45.3,2.3,1.3,33.3,-16.6,-9.2,85.7,212.0,219.3,136.0,20.3,27.3,1.7,1.0,33.3,-23.5,-18.1,1
171.3,179.3,298.0,212.7,29.3,30.7,1.3,2.3,90.0,14.6,7.1,131.3,104.3,236.0,258.3,18.0,30.0,1.7,0.7,40.0,5.2,2.5,0
115.0,152.0,240.0,275.0,29.0,36.0,3.0,1.0,50.0,-10.7,-15.2,293.5,78.5,192.5,203.0,39.5,21.5,0.5,2.0,44.4,5.3,-1.5,1
177.3,99.0,280.3,306.0,26.0,30.7,3.0,2.3,50.0,12.9,2.8,136.7,236.7,300.7,245.7,24.3,32.3,0.7,3.0,81.8,-5.4,0.4,1
207.3,69.0,223.0,293.7,35.7,28.3,1.7,1.3,30.0,4.9,-0.4,95.7,171.0,343.7,114.7,21.7,11.0,1.3,2.0,70.0,-11.2,-9.1,1
219.3,178.3,306.0,217.3,41.0,26.7,1.0,2.7,30.0,-0.3,-6.6,244.3,108.7,228.3,301.0,45.3,30.7,0.7,1.7,70.0,-0.8,-7.9,1
169.7,109.7,217.3,150.0,31.0,14.7,2.0,2.0,80.0,-1.3,-0.7,163.0,162.3,257.0,242.3,24.0,29.0,3.0,2.0,80.0,-0.1,-1.4,0
170.3,194.3,319.0,185.0,38.7,19.0,0.7,1.3,30.0,2.6,-11.1,198.7,247.7,202.3,158.7,31.0,26.3,0.3,1.0,66.7,7.9,2.9,1
193.0,141.7,199.3,259.7,31.3,27.3,0.7,2.0,44.4,-13.6,-13.5,213.7,229.3,338.0,326.3,45.3,41.3,0.3,2.0,11.1,0.2,-5.3,1
377.0,78.0,255.0,194.0,51.0,6.0,0.0,1.0,20.0,5.8,-25.4,159.0,75.0,197.0,166.0,52.0,7.0,1.0,5.0,60.0,12.8,-13.8,0
145.0,154.0,127.0,179.0,18.7,19.3,2.3,3.0,60.0,-3.0,-2.3,77.7,195.3,216.3,194.0,21.0,43.7,2.3,1.7,50.0,-14.4,-8.4,0
117.7,251.3,158.7,227.7,12.0,41.7,1.3,0.3,50.0,-23.8,-7.9,114.7,209.7,187.3,225.0,18.3,31.0,2.0,1.3,70.0,12.4,8.5,1
124.7,180.7,343.7,224.0,33.7,30.3,3.0,2.7,50.0,6.2,1.7,233.0,128.3,171.7,203.0,34.3,16.7,2.0,1.3,50.0,12.1,2.6,1
266.0,105.0,244.5,186.5,38.0,12.0,2.0,3.0,44.4,30.2,9.5,131.0,175.0,253.0,267.0,22.0,31.5,2.5,2.5,30.0,1.3,2.2,1
163.7,96.0,185.0,250.0,31.3,19.0,1.3,2.3,81.8,3.7,-1.8,93.7,168.0,169.3,164.0,21.3,23.3,1.0,3.0,10.0,-9.6,-7.5,0
166.0,233.0,96.7,213.3,21.0,23.7,1.0,2.0,50.0,-4.7,-0.2,134.0,175.3,183.7,309.3,25.3,38.0,1.0,1.7,44.4,0.3,6.3,0
167.3,193.0,144.0,130.0,18.7,24.3,1.3,2.0,70.0,-1.0,6.6,112.3,145.0,168.3,236.7,14.7,25.3,1.7,2.0,50.0,-11.0,2.0,0
210.3,208.3,201.7,199.3,34.3,23.0,1.0,1.3,30.0,15.9,9.7,121.7,275.0,442.3,240.3,48.7,38.3,2.0,1.3,33.3,7.4,-0.7,0
218.7,154.3,339.7,258.7,46.7,33.7,1.7,1.0,40.0,11.0,2.8,284.7,172.7,302.0,302.3,36.7,29.0,2.3,2.3,50.0,-6.6,-14.4,0
68.0,117.7,307.7,177.0,22.7,21.7,2.7,3.0,9.1,7.1,1.6,156.3,129.3,139.7,267.0,19.0,27.0,2.0,1.3,40.0,-16.3,-12.5,1
124.0,258.0,236.0,182.0,20.3,30.7,1.0,0.7,30.0,-10.4,-9.3,156.7,179.7,284.7,236.7,33.7,29.7,1.3,2.3,30.0,-12.7,-10.3,1
276.7,140.3,331.3,198.0,57.0,15.3,1.7,2.7,90.0,32.4,1.2,218.7,171.3,285.7,136.7,31.0,22.7,1.3,1.3,70.0,16.6,7.2,1
132.3,74.7,200.0,230.7,22.7,18.0,1.3,1.7,50.0,6.1,2.6,169.3,170.3,220.7,182.7,29.3,24.7,1.7,2.0,80.0,8.2,-0.1,0
177.0,91.0,176.0,184.0,29.3,9.0,1.7,3.7,80.0,8.7,1.2,406.0,135.3,58.3,267.0,49.0,29.7,0.3,1.7,80.0,-5.3,-8.6,1
127.7,198.7,227.0,228.0,13.7,37.0,3.3,1.3,40.0,-14.6,-12.0,188.0,92.7,173.0,267.7,34.3,23.7,2.7,2.3,60.0,-5.7,-13.0,0
91.7,146.0,262.0,143.0,25.3,22.7,4.3,1.3,60.0,8.2,2.6,87.3,169.0,266.7,237.7,27.0,35.7,2.7,1.7,60.0,-1.6,-0.2,1
125.3,192.7,189.7,282.3,23.0,34.7,2.0,2.0,70.0,-0.8,0.5,142.0,268.0,222.3,211.7,17.0,34.7,2.7,2.3,40.0,-6.6,-0.5,0
172.7,129.3,150.3,185.7,23.0,17.0,2.3,2.0,70.0,-7.7,-4.0,129.3,200.0,354.7,185.0,34.0,34.7,3.3,1.7,20.0,1.1,-7.6,1
191.0,92.3,339.7,279.3,45.3,26.3,1.7,2.0,70.0,7.5,-3.7,181.3,131.7,178.7,297.7,31.0,26.7,1.7,0.7,80.0,1.8,1.5,1
264.0,86.7,230.0,198.0,43.3,16.3,0.7,1.7,88.9,27.5,8.5,175.3,194.3,278.3,228.3,35.7,28.7,1.3,1.7,22.2,6.3,0.4,1
207.7,219.0,253.7,272.7,36.7,36.7,2.7,2.3,50.0,6.2,5.5,102.3,126.0,149.3,327.3,17.7,30.3,1.0,2.7,40.0,-9.7,-1.9,0
169.0,225.0,212.7,220.0,37.0,37.0,1.0,2.0,66.7,-3.2,-5.5,150.0,254.7,350.7,259.0,36.0,48.7,2.3,1.0,70.0,-4.5,-5.0,0
337.0,80.0,155.0,205.0,31.0,14.0,1.0,0.0,77.8,8.1,-4.9,144.0,119.0,343.0,129.0,35.0,21.0,2.0,1.0,77.8,7.0,-3.2,1
189.0,119.7,201.7,111.3,32.0,8.3,2.3,2.3,100.0,21.2,2.3,233.3,102.0,264.7,343.7,35.0,27.0,0.7,2.0,100.0,-2.6,-8.3,1
157.0,185.0,258.7,276.0,33.0,38.7,1.0,0.3,55.6,0.5,6.9,167.5,96.5,266.0,307.5,30.5,30.5,2.5,3.5,80.0,7.4,9.7,1
102.0,205.0,311.0,237.0,16.0,34.0,2.0,2.0,77.8,-7.2,-8.8,132.0,266.0,168.0,370.0,16.0,59.0,1.0,1.0,33.3,-13.0,-12.7,1
212.0,155.0,292.0,253.0,58.0,24.0,3.0,3.0,88.9,10.9,-20.3,9.0,124.0,100.0,420.0,0.0,31.0,1.0,3.0,33.3,-23.2,-17.8,0
201.0,90.7,188.0,209.7,41.0,13.0,0.0,2.3,60.0,24.0,12.3,56.7,140.3,306.7,185.3,25.3,21.0,1.3,0.7,70.0,7.3,3.1,1
191.3,132.3,352.3,211.0,40.0,20.7,1.3,1.7,90.9,10.7,8.6,142.3,144.7,316.7,312.7,35.0,38.7,1.0,1.3,60.0,-10.6,-9.7,0
55.3,197.0,358.3,156.0,26.3,30.0,1.3,1.3,70.0,-8.8,-0.2,120.0,231.7,176.7,215.0,11.3,37.3,3.3,0.0,30.0,-14.7,2.7,1
227.0,167.3,218.7,238.0,31.0,33.3,1.0,0.3,33.3,-0.4,-1.8,106.7,167.3,131.0,345.3,16.3,43.3,2.3,2.0,66.7,-11.2,-9.1,1
105.3,213.0,202.3,248.7,25.0,39.3,1.7,2.7,60.0,1.8,1.3,102.0,146.3,216.7,270.0,25.7,33.7,2.3,2.3,30.0,-2.7,-1.9,1
169.3,176.7,244.3,194.3,27.3,21.7,1.7,1.0,77.8,7.7,11.3,223.3,108.0,301.7,415.7,50.3,41.3,1.3,1.7,66.7,3.7,-6.3,1
94.7,218.0,192.7,194.7,18.7,39.0,1.7,1.0,60.0,-9.1,-1.9,115.7,118.0,251.7,245.0,17.3,18.0,0.7,1.3,60.0,10.8,2.4,0
147.0,88.0,354.0,178.0,44.0,13.0,1.0,3.0,80.0,30.8,9.4,381.5,100.5,228.0,224.5,38.5,17.0,2.0,1.5,30.0,15.3,-3.6,1
139.7,149.7,264.7,225.0,33.3,17.3,1.0,1.7,44.4,1.5,-3.8,139.7,131.3,241.0,167.0,23.3,16.0,1.0,0.3,77.8,-9.1,-11.5,1
166.3,106.7,127.3,230.3,18.0,13.3,0.3,1.0,44.4,-3.9,-5.9,109.7,188.3,159.0,182.3,12.7,38.7,2.7,1.0,77.8,-12.9,-6.7,1
125.7,76.7,223.0,221.3,27.0,19.0,1.7,0.7,88.9,24.1,12.4,154.0,166.0,233.7,202.0,36.0,15.3,0.7,3.0,55.6,13.2,4.6,1
43.3,213.7,208.3,158.3,22.0,32.0,2.0,1.3,70.0,-0.7,-1.0,102.0,58.7,272.0,226.3,26.7,20.7,1.7,2.0,30.0,9.2,3.3,1
258.0,230.0,134.0,193.0,17.0,35.0,3.0,1.0,77.8,-2.4,-3.7,98.0,151.0,241.0,66.0,20.0,14.0,2.0,0.0,77.8,-14.3,-17.1,0
98.5,168.5,223.5,236.5,18.0,26.5,2.0,2.0,70.0,-4.6,1.5,101.0,337.0,363.0,61.0,49.0,7.0,3.0,2.0,50.0,4.6,-16.9,0
144.3,148.7,367.7,420.7,40.3,34.7,0.3,1.3,80.0,5.0,-5.6,161.7,103.3,326.7,202.0,29.7,19.0,3.0,0.7,90.0,18.2,8.7,1
132.3,206.3,321.7,223.7,32.0,38.7,0.7,1.0,50.0,0.0,-0.4,75.0,103.7,260.3,283.3,28.7,31.3,1.3,2.3,10.0,-3.6,-5.2,1
117.0,290.0,418.3,251.0,38.0,50.0,1.3,1.3,66.7,-12.6,-8.2,194.3,305.0,162.7,201.3,23.0,46.3,1.7,1.3,70.0,-24.5,-12.9,1
176.0,101.3,201.3,210.0,22.0,22.0,2.7,2.7,20.0,-5.2,0.7,271.0,82.0,338.3,249.3,54.3,28.3,2.3,1.3,30.0,11.0,-11.7,1
276.3,106.7,237.3,139.0,44.7,6.3,0.7,2.7,60.0,20.3,4.4,167.7,129.0,228.0,155.7,30.0,13.3,1.3,1.3,80.0,6.2,-4.5,0
338.5,87.5,40.5,182.5,29.5,13.5,0.0,2.5,55.6,-1.6,-7.2,212.0,155.0,151.0,225.5,22.5,31.5,1.0,0.5,22.2,-17.2,-13.6,0
155.0,289.3,192.7,223.7,25.3,41.7,1.3,1.7,66.7,-5.9,-2.8,91.7,289.7,282.0,161.7,25.0,44.0,2.3,1.0,77.8,-7.4,-2.8,1
391.3,204.3,97.0,212.0,32.7,29.0,2.0,1.3,30.0,-7.4,-12.5,135.7,178.0,304.7,348.0,33.0,35.3,1.7,2.0,40.0,-10.5,-8.2,0
67.7,124.7,305.7,224.0,21.3,16.0,0.7,1.0,60.0,-0.5,-1.9,129.3,300.0,202.7,191.7,19.3,38.0,2.3,1.0,30.0,-25.7,-14.5,0
221.7,119.0,212.7,177.0,39.3,16.7,0.7,2.7,60.0,4.2,1.4,66.3,182.7,244.7,181.3,14.7,19.3,1.7,2.3,50.0,-12.7,-8.6,1
126.7,117.7,258.7,165.0,33.0,16.0,1.3,1.0,33.3,15.5,3.1,106.0,230.7,203.7,176.0,16.0,23.0,1.7,1.3,55.6,3.5,-0.4,1
112.3,343.7,168.0,221.3,11.7,51.0,3.0,0.7,33.3,-28.9,-11.8,111.0,195.0,166.0,157.0,17.0,13.3,1.3,1.3,44.4,-2.6,-4.9,0
248.3,41.0,230.0,212.7,42.7,21.3,1.7,1.7,70.0,20.2,10.1,61.0,167.3,348.0,208.7,25.0,22.7,2.0,2.3,18.2,8.8,1.5,1
311.0,153.0,101.7,238.0,28.3,28.7,1.3,1.0,90.0,3.7,-2.0,104.0,177.7,211.3,208.0,21.3,26.7,2.3,0.7,10.0,-12.7,-16.2,1
242.3,182.3,159.0,189.7,41.7,33.3,2.3,3.0,30.0,12.4,4.7,199.5,87.0,123.5,126.5,27.0,14.0,3.0,4.5,80.0,0.4,-11.4,1
143.7,220.3,247.0,254.7,22.7,38.3,2.3,1.3,55.6,-1.2,0.0,144.7,183.3,264.7,246.0,30.7,38.0,1.3,0.7,11.1,8.1,1.9,1
120.0,99.0,223.7,142.0,28.7,13.3,1.0,1.3,30.0,19.6,1.1,95.3,202.3,240.0,185.7,17.3,42.7,2.0,0.7,20.0,-8.8,-5.6,0
198.0,143.3,84.3,242.3,25.7,30.0,1.0,1.7,44.4,4.6,3.5,111.0,225.0,209.3,213.3,15.7,34.7,1.3,1.3,50.0,-17.3,-9.1,1
294.0,-1.0,244.0,313.0,56.0,10.0,0.0,3.0,100.0,14.1,-14.8,206.0,69.0,180.0,256.0,56.0,14.0,1.0,4.0,40.0,6.3,-23.5,1
334.0,242.0,226.0,379.0,55.0,42.0,1.0,2.0,30.0,5.5,-12.3,94.0,112.0,233.0,207.0,3.0,24.0,5.0,0.0,44.4,2.5,-1.1,1
144.0,39.0,215.0,238.0,33.0,14.0,3.0,3.0,30.0,1.2,-15.3,380.0,34.0,277.0,49.0,63.0,7.0,3.0,3.0,70.0,10.1,-21.1,1
271.3,268.7,128.3,182.3,28.0,34.0,1.7,2.3,77.8,-9.1,-7.4,185.7,241.7,188.7,254.0,21.7,29.7,1.0,1.3,70.0,-16.6,-11.2,1
203.7,163.3,277.3,130.0,27.0,21.7,2.3,1.3,20.0,3.2,5.5,122.3,226.3,231.7,371.7,14.7,51.0,1.3,1.3,70.0,-27.5,-17.9,1
130.7,125.7,219.3,205.0,31.0,21.0,1.7,2.7,60.0,11.6,1.5,84.3,199.0,265.7,81.7,25.0,18.0,1.0,1.3,30.0,-5.2,-0.3,1
141.7,115.3,270.3,249.3,31.7,34.3,1.0,0.3,36.4,8.1,4.9,176.0,104.7,263.7,227.7,32.7,22.3,1.7,1.3,50.0,14.1,6.1,1
142.7,248.7,217.3,237.7,21.7,35.0,2.7,1.0,22.2,-7.0,-4.7,217.3,207.0,139.7,264.7,23.0,37.7,0.3,0.7,44.4,-18.7,-10.6,0
267.0,167.0,141.0,85.0,27.0,21.0,0.0,2.0,66.7,5.7,-5.0,158.0,173.0,286.0,325.0,30.0,34.0,1.0,0.0,66.7,-2.6,6.4,0
277.7,90.3,295.7,108.7,52.3,17.3,2.0,2.0,100.0,38.4,12.1,109.3,93.7,308.7,164.7,40.3,10.3,0.7,1.7,77.8,23.6,12.2,0
275.7,132.0,247.0,261.0,45.0,23.7,0.0,1.0,60.0,16.4,5.2,198.7,113.0,194.3,294.3,32.3,22.7,0.7,1.3,50.0,7.1,2.0,0
114.3,244.3,275.0,184.7,37.3,32.3,0.7,1.3,70.0,5.7,2.9,126.7,170.3,338.0,227.3,37.7,26.3,1.7,1.0,80.0,3.8,0.8,0
128.0,125.3,160.0,182.7,20.7,14.0,0.3,1.3,10.0,-7.5,-8.5,208.0,232.0,225.7,145.0,23.0,22.3,2.0,1.7,50.0,-5.2,-12.2,0
200.0,142.3,195.7,209.3,29.3,20.7,1.3,2.3,10.0,9.3,1.7,136.0,289.0,243.7,186.0,24.3,37.7,1.7,1.0,33.3,4.3,1.1,1
148.7,163.0,223.0,260.0,33.0,31.7,3.3,2.3,50.0,-10.6,-3.7,139.3,164.7,215.0,182.7,27.7,33.7,2.0,1.7,70.0,-9.3,-5.8,0
208.0,160.7,304.3,215.0,53.3,27.0,0.3,3.3,60.0,17.7,-0.8,519.7,101.7,96.3,225.7,59.0,13.7,0.7,3.0,20.0,5.5,-6.1,1
119.7,133.3,240.3,338.0,17.7,46.3,2.7,1.3,30.0,-21.3,-7.1,55.0,166.7,163.7,329.3,16.7,31.0,1.3,1.7,72.7,-27.4,-14.9,1
76.0,74.0,296.0,166.0,28.0,6.0,0.0,1.0,80.0,8.8,-7.4,304.0,110.0,189.0,58.0,55.0,7.0,0.0,3.0,44.4,12.9,-18.3,0
155.0,104.7,214.3,240.3,22.7,18.0,1.0,2.7,60.0,-1.7,-8.2,141.0,95.0,239.3,199.3,23.3,17.0,0.3,1.3,30.0,4.8,0.6,1
220.5,108.0,281.5,121.0,36.0,3.0,1.0,2.5,80.0,18.2,-3.3,155.0,235.0,358.0,271.0,48.0,54.0,3.0,2.0,50.0,-6.2,-8.7,1
124.3,91.3,203.7,158.3,23.0,11.3,2.7,1.7,40.0,10.7,-3.5,96.0,176.5,151.5,203.5,4.5,33.5,2.5,1.0,70.0,-5.9,-1.9,0
156.3,150.7,184.0,188.3,28.7,24.0,1.0,1.7,30.0,-16.2,-16.4,58.7,180.7,290.0,246.3,20.7,37.7,2.7,1.3,30.0,-14.6,-8.3,1
215.0,67.0,250.0,145.0,35.0,10.0,3.0,1.0,33.3,4.5,-14.5,263.0,232.0,94.0,289.0,31.0,49.0,1.0,2.0,60.0,2.3,20.5,0
234.7,46.0,286.7,233.3,55.7,18.0,1.0,1.7,30.0,20.9,-4.1,119.0,175.0,238.0,291.0,21.7,30.0,2.0,2.0,90.9,-5.4,0.1,0
161.7,138.0,188.0,170.7,31.7,19.3,1.3,1.0,50.0,4.9,-0.7,79.3,114.0,92.0,227.7,4.7,34.3,3.0,1.0,50.0,-14.9,-5.4,1
334.0,82.0,129.0,522.0,45.0,40.0,2.0,4.0,77.8,2.9,-8.7,145.0,268.0,245.0,305.0,25.5,44.0,0.5,0.5,30.0,-5.6,0.1,0
228.7,94.7,287.3,172.3,44.3,18.3,1.0,1.0,44.4,23.4,8.4,227.7,113.7,179.3,159.7,36.3,15.3,0.7,2.3,100.0,30.4,13.1,1
118.0,246.3,181.7,192.7,14.3,38.3,2.3,2.0,33.3,0.5,4.6,222.3,151.3,151.3,218.3,35.3,17.3,0.7,2.3,33.3,-11.9,-16.3,0
161.3,116.7,207.3,215.3,32.7,20.0,0.7,2.3,30.0,9.9,2.9,152.7,139.0,268.7,213.0,34.3,22.7,1.3,2.3,50.0,6.0,-0.3,0
167.3,119.0,328.7,233.7,45.7,21.3,2.3,2.7,50.0,19.0,3.1,169.7,125.7,301.0,259.3,32.7,24.0,3.3,1.7,80.0,13.0,-0.6,1
218.7,102.0,159.0,198.7,35.7,17.0,1.3,0.7,18.2,10.7,4.8,227.0,148.7,246.3,190.3,33.3,27.3,1.3,2.0,30.0,10.0,8.9,0
162.3,153.3,203.3,225.7,22.0,25.0,1.3,1.0,60.0,1.6,-3.1,112.7,288.7,206.7,189.7,19.0,40.3,1.3,1.0,18.2,-2.3,-1.2,1
167.0,232.7,331.7,257.3,43.7,27.3,0.3,2.3,11.1,8.2,-1.2,204.7,102.0,282.3,219.7,33.0,14.3,0.7,1.7,40.0,12.5,2.3,1
188.3,163.7,181.7,160.0,17.3,21.0,2.7,1.0,40.0,-15.2,-10.2,118.0,181.3,195.3,192.3,14.7,31.7,1.3,1.0,60.0,-9.3,-10.3,1
140.0,126.3,136.3,188.0,28.3,25.3,1.7,2.3,66.7,13.6,9.3,299.7,175.7,138.0,222.3,31.7,15.7,1.3,2.7,10.0,8.0,6.8,0
156.0,15.0,253.0,179.0,26.0,19.0,1.0,2.0,70.0,5.2,-16.2,57.0,203.0,120.0,177.0,14.0,30.0,1.0,1.0,81.8,-10.5,-9.1,0
79.0,121.3,425.3,156.0,42.3,19.0,1.0,2.3,44.4,9.7,-3.0,251.7,89.0,221.0,222.7,43.0,24.7,1.7,1.7,88.9,12.2,-2.8,0
92.3,113.3,254.3,213.7,15.7,24.3,3.3,0.0,44.4,0.0,-2.5,99.0,198.0,162.7,251.3,12.3,31.7,2.0,1.0,77.8,-3.6,-4.3,0
180.0,154.5,335.5,318.0,35.5,40.0,2.0,1.0,55.6,3.7,0.8,127.0,125.5,271.5,241.5,18.5,25.0,2.0,0.5,44.4,-9.5,-10.7,0
262.7,254.3,190.3,115.0,40.3,22.7,1.3,2.0,90.0,21.5,8.7,159.3,138.7,275.3,192.7,37.7,29.0,2.0,2.3,70.0,9.8,2.5,1
344.0,132.0,125.0,122.0,38.0,14.0,1.0,0.0,90.0,15.7,-4.5,116.5,193.0,285.5,210.5,25.0,23.5,1.5,2.0,40.0,3.2,2.5,0
162.0,124.0,124.3,189.0,15.3,25.7,2.0,1.0,33.3,-10.4,-16.0,161.0,131.3,270.0,235.0,34.7,23.0,1.7,2.3,55.6,-5.0,-12.4,1
273.7,104.0,203.3,194.3,33.3,11.7,0.7,1.0,55.6,16.0,6.1,197.7,183.0,314.7,250.0,41.0,25.3,1.0,2.3,90.0,15.0,9.7,1
198.7,154.0,221.7,260.0,26.7,27.0,1.0,1.3,77.8,7.7,6.0,183.7,78.7,256.7,223.3,33.0,22.3,2.3,3.0,77.8,6.4,3.7,1
95.0,198.5,205.0,260.0,13.0,44.5,1.0,1.0,66.7,-2.3,3.1,99.0,135.0,193.7,363.0,17.0,37.7,2.3,1.3,11.1,-16.3,-8.5,1
70.3,245.7,194.0,183.0,11.3,27.7,2.7,2.3,50.0,-11.9,-7.1,161.0,97.3,406.7,249.3,43.3,27.3,2.3,3.0,80.0,1.7,-3.9,0
119.7,60.0,184.3,162.0,24.3,19.3,2.3,1.0,60.0,9.7,2.0,125.0,121.3,258.7,230.3,27.3,16.0,1.3,2.3,80.0,13.6,3.3,0
176.3,185.3,239.3,131.0,32.7,12.7,1.0,3.3,30.0,13.8,2.7,225.0,197.3,261.7,145.0,26.7,18.0,3.0,1.3,80.0,11.1,5.0,0
155.0,122.0,233.3,231.0,32.3,24.0,1.3,1.7,80.0,7.6,0.7,204.3,138.0,244.3,219.3,35.0,15.3,0.7,1.0,70.0,10.1,-0.5,1
156.7,75.3,203.7,199.3,24.7,15.7,0.7,2.0,20.0,-17.4,-18.8,116.7,197.3,299.7,246.0,29.3,30.0,1.3,0.3,50.0,-7.6,-5.2,1
178.3,189.0,202.0,167.3,30.0,20.0,1.0,1.7,50.0,6.1,-2.5,111.7,80.0,234.0,248.3,20.0,20.0,1.3,0.7,36.4,9.3,5.0,0
260.0,209.0,232.0,285.7,29.7,34.3,2.3,1.3,30.0,-7.8,-3.4,98.3,279.7,201.0,186.3,14.7,36.7,0.7,1.7,50.0,-23.7,-14.4,1
158.0,170.3,134.0,236.0,5.7,32.0,3.3,0.7,80.0,-10.3,-6.2,367.0,180.7,91.3,256.7,34.0,30.0,1.0,1.7,30.0,-6.2,-12.3,1
140.3,133.0,366.3,249.7,35.3,28.3,1.7,1.3,77.8,-5.9,-6.2,161.3,130.0,180.7,234.7,22.3,29.7,3.0,1.0,50.0,-17.6,-5.6,0
291.0,49.3,176.0,132.0,41.0,7.7,1.0,0.7,30.0,16.9,0.3,235.0,128.0,172.7,198.0,38.3,18.3,1.7,1.3,70.0,13.8,0.5,1
321.7,85.3,104.0,236.0,29.7,22.3,1.7,2.7,33.3,-1.2,-8.0,223.7,159.3,221.0,186.0,34.0,17.0,0.3,1.0,22.2,-4.7,-6.2,1
170.0,84.3,277.3,393.0,42.3,35.7,1.3,1.7,77.8,9.2,6.4,56.7,237.7,186.0,350.0,11.3,44.7,2.3,2.0,30.0,-7.2,0.8,1
152.0,93.7,140.0,175.0,18.7,19.3,1.3,2.3,9.1,-2.8,-0.6,109.3,278.3,192.0,197.7,20.7,47.3,1.3,0.3,70.0,-10.2,-3.3,1
173.0,172.0,107.0,119.0,7.0,12.0,2.0,0.0,50.0,-18.6,-25.2,157.0,98.0,275.0,344.0,35.0,28.0,1.0,5.0,10.0,2.7,-8.0,1
222.7,158.7,355.0,322.3,38.7,37.3,1.7,1.7,50.0,2.2,-3.9,139.0,152.3,224.0,149.7,20.3,23.0,2.0,0.7,70.0,7.3,2.1,0
79.3,211.3,114.0,168.0,5.3,29.7,2.0,1.3,70.0,3.7,6.4,187.7,215.7,271.0,181.7,30.3,31.7,3.0,2.7,10.0,-14.8,-12.8,1
306.7,118.7,285.7,112.3,49.7,10.3,1.3,2.7,44.4,28.2,2.3,92.0,197.7,239.7,232.7,16.7,33.0,1.7,0.0,55.6,-5.2,-5.7,1
179.7,98.3,329.3,373.0,45.3,33.7,0.7,2.0,50.0,-2.8,-3.8,222.0,83.7,63.7,131.7,15.0,16.7,2.7,0.7,55.6,-15.5,-11.2,0
97.7,101.3,256.0,217.3,29.0,19.3,1.0,2.3,77.8,10.9,7.9,130.0,173.3,324.3,208.0,29.0,29.7,3.3,2.3,40.0,8.9,4.7,1
245.7,203.7,199.0,261.3,34.0,28.7,1.7,2.3,30.0,-6.2,-5.1,112.7,206.7,325.7,246.7,28.3,37.3,3.0,1.0,30.0,-21.0,-11.0,0
135.3,222.3,230.3,116.3,25.7,23.3,3.3,2.0,40.0,-11.3,-4.6,141.3,178.7,227.0,315.3,24.0,47.3,1.0,1.3,30.0,-15.0,-8.9,0
211.0,199.3,240.7,307.3,33.3,44.0,2.3,1.0,90.0,-18.5,-8.8,176.7,221.7,136.3,300.3,22.0,43.0,3.0,0.7,80.0,-26.1,-10.1,0
247.0,262.0,174.7,295.0,24.7,37.3,1.3,2.0,66.7,-11.5,-11.3,121.3,248.3,161.7,231.7,14.7,40.3,2.3,1.3,50.0,-15.1,-7.5,0
181.3,144.0,124.3,136.0,20.0,20.7,1.3,2.0,33.3,8.0,7.1,32.0,161.0,339.0,167.7,23.7,29.0,2.3,2.7,44.4,8.7,4.8,0
165.3,200.0,304.3,191.3,36.3,31.3,1.3,0.3,44.4,13.6,1.0,119.3,226.0,178.7,160.0,11.3,28.7,1.0,1.3,77.8,-8.0,-4.0,1
196.7,127.3,224.0,291.0,32.7,23.7,1.7,1.0,80.0,7.0,-4.7,89.0,218.0,248.0,266.5,19.0,50.0,1.0,0.5,50.0,-19.9,-12.4,0
190.3,121.7,86.0,211.7,17.3,12.3,1.0,2.7,44.4,11.4,6.1,209.7,170.7,239.7,279.0,36.7,36.3,1.7,1.3,66.7,11.8,9.7,1
79.0,163.0,15.0,190.0,7.0,38.0,4.0,2.0,90.0,-10.6,17.6,-19.0,261.0,91.0,313.0,0.0,45.0,3.0,2.0,70.0,-11.5,19.7,0
113.0,194.7,310.7,240.7,29.7,39.7,1.3,1.0,60.0,-2.6,-2.8,172.3,221.0,256.3,296.0,25.0,29.3,1.7,1.7,44.4,-9.5,-12.2,1
106.0,107.3,289.0,210.7,29.0,14.7,3.0,3.0,33.3,16.4,0.9,293.7,88.7,211.0,260.0,46.3,19.7,1.0,1.0,40.0,23.1,11.0,0
110.7,79.3,200.3,193.3,6.7,19.7,3.0,1.0,30.0,17.7,11.4,160.3,185.7,204.0,196.3,21.7,27.7,0.7,1.3,60.0,3.8,3.4,1
165.0,111.3,189.7,181.0,18.7,26.0,1.7,2.0,90.0,2.6,2.0,182.7,82.7,303.0,238.7,31.7,16.0,1.3,2.3,50.0,3.9,1.5,1
306.0,102.7,239.3,176.0,56.7,12.3,0.7,3.7,100.0,29.6,11.1,168.7,192.3,177.0,206.7,19.0,30.0,1.7,1.0,50.0,-4.9,-5.7,1
107.3,232.7,189.7,179.3,20.0,31.3,1.3,1.0,100.0,3.5,2.9,233.3,128.0,92.0,193.0,12.3,31.0,4.0,0.7,66.7,-12.1,-7.0,1
266.0,340.3,157.3,137.3,35.7,44.0,1.7,0.3,33.3,-0.7,1.3,209.0,213.0,156.0,320.3,24.0,36.0,0.7,2.3,77.8,-9.5,-10.2,1
169.7,158.0,107.0,144.7,15.0,22.7,1.7,2.7,72.7,-5.8,-3.4,127.7,189.3,178.0,156.3,24.7,16.3,1.3,2.7,70.0,8.4,-2.1,1
105.0,71.0,237.0,274.0,21.0,13.0,4.0,2.0,80.0,-2.5,-15.4,107.0,41.5,135.0,255.0,19.5,15.5,1.5,2.0,80.0,2.9,-3.3,0
142.3,177.3,263.3,255.7,30.7,34.0,2.0,1.7,55.6,4.3,4.3,98.0,129.0,216.0,263.7,5.3,27.3,2.3,1.0,77.8,-14.5,-14.5,1
193.3,93.3,217.7,176.7,34.3,11.7,1.0,3.0,40.0,-1.0,-4.7,133.0,141.7,185.0,242.3,20.0,39.3,2.7,2.0,60.0,-9.6,-5.8,0
247.3,118.0,108.0,160.3,24.0,9.3,0.7,0.0,44.4,-3.8,-8.8,76.0,287.5,114.5,178.0,5.0,46.0,1.5,0.5,0.0,-37.6,-7.3,0
85.0,55.5,358.0,190.5,37.5,14.5,1.5,1.5,70.0,11.9,-3.9,192.0,196.5,237.0,173.5,41.5,29.5,2.0,2.5,60.0,9.3,-0.2,1
135.0,215.5,260.5,176.5,20.0,30.5,1.0,1.0,60.0,-3.7,-3.7,129.0,296.5,221.5,285.5,18.5,41.0,0.5,3.0,50.0,-18.3,-12.3,1
167.7,118.3,169.7,210.7,24.0,27.0,2.3,2.3,80.0,-12.7,-12.3,114.0,185.7,235.7,340.7,25.3,33.0,2.0,3.3,90.0,-3.4,-3.7,0
209.3,242.0,88.7,188.0,15.7,35.3,2.0,1.7,50.0,-16.0,-0.6,76.3,279.3,214.0,127.7,23.7,36.7,3.3,1.7,80.0,-10.9,-6.7,1
113.3,109.3,169.7,265.0,29.7,33.3,1.7,4.0,80.0,3.9,4.3,129.3,224.7,158.7,289.0,15.3,41.3,0.3,1.3,50.0,-4.7,0.3,0
133.0,155.0,296.3,239.0,25.0,28.0,1.7,1.0,90.0,2.6,-0.1,101.7,168.7,302.3,194.3,28.7,20.3,1.0,1.7,50.0,-2.0,-2.3,0
120.0,116.0,266.0,242.0,20.0,28.0,3.0,2.0,81.8,-3.0,-5.7,130.0,70.0,206.0,174.0,31.0,13.0,2.0,3.0,70.0,8.5,-7.8,0
113.7,105.0,314.7,252.0,32.3,30.0,1.3,1.7,55.6,2.2,-1.7,119.0,162.7,281.0,288.3,27.7,36.3,2.0,2.0,11.1,0.8,-1.4,0
248.0,115.7,271.3,196.3,45.7,23.0,1.0,2.7,40.0,7.0,-1.0,137.3,114.3,252.7,252.0,28.7,28.3,2.0,2.0,30.0,-11.7,-16.0,1
304.0,78.0,83.5,251.0,30.5,27.5,0.5,2.0,30.0,4.2,6.5,111.7,95.7,193.7,294.0,25.7,22.7,1.3,2.7,70.0,-4.2,-5.6,1
123.3,308.0,383.7,218.7,35.7,48.3,2.7,0.0,90.9,7.7,5.9,107.3,170.7,86.7,209.7,13.7,22.3,2.0,2.0,60.0,-6.6,-3.8,0
134.7,172.7,272.0,172.0,39.7,24.7,1.3,3.0,60.0,-1.0,-1.0,96.7,195.3,282.3,313.0,23.3,38.0,1.0,1.3,44.4,-12.2,-8.8,0
193.0,227.3,198.0,192.7,34.7,40.0,1.7,1.7,33.3,-15.9,-18.2,121.3,134.3,301.3,252.0,24.3,18.3,1.0,1.3,55.6,-6.5,-6.9,0
249.0,322.7,135.7,189.0,22.7,42.3,1.7,2.3,77.8,-11.9,-10.2,212.7,127.3,203.7,133.3,30.7,4.3,0.3,2.3,66.7,4.9,1.0,1
203.7,118.3,258.3,255.0,33.7,20.0,0.7,1.0,88.9,3.3,-10.9,80.3,130.7,340.3,188.3,24.3,22.3,2.7,1.7,77.8,-8.7,-15.8,1
96.7,299.3,360.0,338.3,26.3,55.7,1.3,0.7,60.0,-1.2,4.9,81.0,159.7,225.7,219.7,20.7,26.7,1.3,3.0,33.3,6.3,6.4,0
243.0,45.0,192.0,206.0,51.0,14.0,0.0,1.0,88.9,17.9,-13.3,169.0,38.0,217.0,209.0,12.0,14.0,3.0,0.0,80.0,-0.5,-3.5,1
254.0,168.3,127.0,155.7,25.0,22.0,1.3,1.3,40.0,-11.8,-9.9,55.7,123.3,241.7,204.3,18.0,20.0,3.7,2.0,50.0,-15.9,-11.2,1
160.3,125.0,197.0,228.3,31.3,13.3,1.3,2.3,72.7,8.0,0.7,95.0,186.0,198.7,198.3,11.3,24.7,2.3,1.0,70.0,-13.6,-9.1,1
130.0,80.0,172.0,258.3,30.0,17.7,1.0,0.3,77.8,16.0,4.1,132.3,217.7,219.0,309.3,24.0,49.7,1.3,2.0,50.0,-6.9,-2.0,0
188.7,163.0,187.7,285.3,18.7,45.7,2.3,1.0,11.1,-27.5,-18.6,146.3,277.3,181.7,206.7,21.7,42.3,2.3,1.3,44.4,-19.2,-13.7,1
165.0,133.3,233.0,206.0,23.7,19.0,1.0,1.3,50.0,4.1,3.7,118.3,129.7,104.7,298.3,5.7,47.3,3.0,1.7,50.0,-25.1,-3.2,1
29.0,185.0,150.0,152.0,13.0,16.0,1.0,2.0,66.7,5.7,0.4,117.0,195.0,256.0,132.0,14.0,24.0,3.0,0.0,55.6,-3.9,-4.8,1
287.0,161.0,320.3,201.0,57.7,24.0,1.0,2.7,55.6,24.6,0.1,142.7,249.3,103.0,245.3,18.0,43.3,2.0,0.7,44.4,3.5,4.7,1
109.0,138.7,236.7,198.7,24.0,24.0,1.7,1.0,30.0,7.2,-0.4,146.3,187.3,108.3,175.7,13.0,35.0,3.7,2.0,18.2,-11.0,-6.0,0
195.0,152.5,212.0,226.5,22.0,25.0,3.0,1.0,22.2,-2.4,-6.9,135.3,185.0,231.3,261.3,16.3,47.0,3.0,0.7,44.4,-18.2,9.7,0
182.7,264.3,140.7,184.3,22.7,33.3,3.3,1.3,10.0,-15.7,-15.9,113.3,210.7,177.7,195.7,19.3,30.0,2.0,1.3,40.0,-15.2,-9.8,1
128.3,160.7,197.0,171.0,17.7,22.3,1.3,1.3,70.0,1.9,2.9,60.3,187.7,167.0,411.7,10.3,54.0,0.7,1.0,80.0,-7.9,-2.5,1
292.7,78.7,56.7,242.3,28.3,22.0,0.0,0.7,55.6,3.4,-4.3,295.7,197.7,73.0,232.3,29.7,31.0,0.7,1.3,77.8,-7.0,-2.0,0
112.0,55.0,224.7,193.0,18.0,10.0,1.3,1.7,60.0,-0.5,-1.7,127.7,123.7,305.3,171.7,28.3,23.3,2.0,1.7,40.0,-4.0,-8.5,0
139.7,187.7,244.7,253.7,26.3,30.7,1.3,1.7,60.0,12.9,7.3,259.0,177.0,263.7,213.7,40.7,27.0,1.3,2.0,90.9,15.9,-0.5,1
147.3,159.0,97.0,289.0,18.0,32.7,1.7,3.3,80.0,-24.1,-9.8,82.7,290.0,232.0,259.3,20.3,44.0,2.3,2.0,20.0,-16.4,-12.8,0
163.7,11.7,243.0,152.0,39.3,11.3,2.7,4.0,70.0,27.4,10.3,79.0,149.0,291.0,177.0,20.0,27.0,2.7,1.3,70.0,6.3,0.4,1
200.3,185.0,131.3,210.7,27.3,27.7,1.3,1.0,40.0,6.2,6.2,161.0,109.7,240.7,207.0,36.3,22.0,1.3,2.3,80.0,9.0,1.9,1
174.0,146.7,344.3,241.7,47.3,22.3,1.3,1.7,60.0,11.7,3.4,153.7,170.0,280.3,237.0,34.7,31.0,1.7,1.0,40.0,-3.3,-2.2,1
151.3,193.3,157.7,194.7,18.0,27.0,2.0,0.7,77.8,1.1,2.8,181.7,245.7,207.3,297.3,22.3,40.7,1.7,1.7,44.4,-3.3,-0.3,1
152.0,327.0,163.0,132.0,21.0,57.0,3.0,1.0,55.6,-10.5,-11.1,6.0,193.0,238.0,107.0,7.0,20.0,2.0,1.0,77.8,-2.3,-9.4,1
157.0,163.0,410.7,236.3,43.0,31.0,1.0,0.7,80.0,24.6,9.4,146.7,169.3,218.0,338.3,28.3,34.0,1.7,1.3,50.0,2.1,-3.4,1
298.7,163.0,204.0,152.7,39.3,23.0,3.0,1.0,30.0,5.4,-8.5,187.7,117.7,266.3,252.3,33.3,29.3,1.7,1.7,40.0,5.3,-9.1,1
142.3,209.7,276.7,154.0,28.3,29.0,1.3,0.7,40.0,8.9,-0.4,132.0,167.0,263.7,242.7,23.3,30.3,1.3,0.7,80.0,8.0,6.1,1
139.0,181.7,309.3,243.3,36.3,21.7,0.7,1.3,55.6,7.4,0.7,196.0,167.0,274.0,316.3,26.3,33.7,2.0,1.7,66.7,-16.1,-8.7,0
85.0,245.5,202.0,128.0,12.0,19.0,1.5,0.5,50.0,-9.3,-5.7,73.0,386.5,214.0,158.5,16.5,36.5,1.0,2.0,44.4,-5.7,-3.2,1
168.7,191.7,201.3,267.0,27.0,29.7,2.0,1.0,20.0,-9.2,-7.9,122.7,185.0,339.0,143.3,33.3,32.0,1.3,1.3,70.0,-10.1,-6.2,0
174.3,82.0,199.7,221.3,26.7,21.0,0.7,1.3,10.0,5.9,-0.3,223.0,142.3,193.7,158.7,35.0,18.7,1.3,1.7,50.0,7.2,-6.3,0
128.7,198.0,229.7,300.7,15.3,27.3,1.7,2.3,30.0,-19.0,-8.0,144.7,84.0,271.3,192.7,16.7,22.7,2.0,1.0,40.0,2.0,-4.2,1
118.3,95.7,177.3,177.3,18.0,17.3,1.0,1.7,36.4,-6.3,-5.3,136.7,408.3,212.3,124.0,25.0,43.3,2.3,1.7,30.0,-20.0,-15.0,1
194.0,129.0,98.0,91.0,23.0,3.0,1.0,4.0,10.0,-1.0,-10.8,117.0,317.0,206.0,340.0,17.0,44.0,2.0,3.0,50.0,-2.9,-8.3,0
151.3,135.0,267.3,196.7,37.0,17.0,2.0,2.3,70.0,18.3,5.9,140.0,171.0,246.0,176.7,27.3,27.7,0.0,1.7,50.0,-15.6,-13.2,1
264.0,97.0,90.0,200.0,23.0,13.0,3.0,2.0,40.0,1.4,-4.9,293.0,149.0,176.0,167.0,28.0,26.0,1.0,0.0,70.0,-0.3,-3.2,0
241.0,56.3,114.0,254.0,33.0,18.3,1.3,1.7,80.0,-2.2,-11.8,86.3,204.3,125.7,200.3,7.7,30.7,2.0,0.7,70.0,-22.1,-18.7,0
96.0,171.7,311.7,211.7,31.7,24.7,1.7,1.3,30.0,-4.2,-7.6,202.0,201.5,164.0,214.0,8.5,42.0,4.0,0.5,80.0,-9.2,-5.6,1
157.0,114.0,263.7,295.3,33.0,28.3,3.0,1.7,30.0,0.9,1.0,135.7,219.0,177.7,210.7,24.0,26.0,2.3,2.7,50.0,-10.8,-4.3,1
217.3,181.7,321.0,289.7,38.0,28.7,1.3,1.3,100.0,22.0,10.9,96.0,246.5,191.0,276.0,17.0,52.5,1.0,0.0,36.4,-28.2,-23.2,1
212.3,184.0,255.7,193.0,47.7,23.7,0.0,2.7,60.0,10.9,-3.6,133.0,184.0,254.7,239.3,34.7,28.3,1.7,1.3,36.4,-7.2,-8.2,1
117.0,225.3,256.7,182.7,12.7,25.0,3.0,2.0,90.9,19.9,11.2,183.0,112.0,280.0,209.3,29.3,11.7,2.0,1.3,45.5,18.9,8.8,0
147.0,225.0,245.7,162.7,22.0,30.0,1.0,2.0,50.0,-11.0,-7.5,264.7,137.3,150.3,180.7,28.7,16.7,0.7,2.0,50.0,-6.5,-7.7,0
75.3,118.0,265.0,239.0,28.7,32.3,2.3,1.0,70.0,-5.3,-11.4,136.0,142.3,213.0,247.0,23.7,26.7,2.0,2.0,50.0,-4.1,-2.1,1
116.5,264.0,232.0,138.5,12.5,36.0,2.5,1.0,30.0,-7.9,4.8,152.0,188.0,122.0,195.0,14.0,7.0,0.0,2.0,90.0,1.6,-1.0,0
93.3,77.7,156.3,185.7,9.7,22.0,3.7,1.7,50.0,-2.4,-2.2,65.3,169.3,238.7,201.7,23.7,28.7,2.0,1.7,70.0,2.2,0.3,1
32.0,216.0,330.0,232.0,23.0,20.0,2.0,3.0,100.0,-3.0,-6.9,141.0,95.0,271.0,266.0,49.0,17.0,2.0,6.0,80.0,-5.7,-23.5,1
99.5,135.0,180.0,143.0,12.5,18.5,2.0,1.5,40.0,6.5,3.2,207.0,376.0,29.0,95.0,3.0,31.0,2.0,1.0,36.4,-18.1,-21.2,1
124.3,65.0,215.7,238.3,20.0,18.3,2.0,2.3,36.4,-8.6,-8.4,112.7,188.0,277.7,189.7,25.7,27.3,1.7,1.3,50.0,-8.9,-8.7,0
177.0,91.0,276.5,261.0,47.0,11.5,0.5,1.5,70.0,17.2,-11.6,142.7,144.7,291.7,256.7,39.7,33.3,2.0,2.3,50.0,-6.6,-7.3,1
135.7,120.3,205.0,200.0,18.0,20.7,2.3,1.0,80.0,5.8,2.6,78.7,83.3,110.0,182.7,20.0,21.3,0.3,1.0,50.0,11.9,1.8,0
218.3,53.3,277.7,185.7,45.0,10.3,1.3,1.7,88.9,31.4,10.7,211.3,54.0,266.0,193.3,43.3,15.0,1.0,3.0,66.7,24.9,6.9,1
256.3,123.0,197.7,279.7,42.7,29.7,1.0,1.0,40.0,16.3,6.6,182.0,68.3,210.7,188.0,44.7,15.0,0.3,3.0,30.0,14.5,6.9,0
230.7,94.3,175.7,116.0,32.7,14.7,1.7,1.3,70.0,0.2,-2.9,142.7,59.7,260.0,316.0,37.0,25.0,2.7,3.3,50.0,-4.1,-4.4,0
127.0,124.7,202.3,175.0,22.3,20.0,1.7,2.0,18.2,3.9,1.3,160.7,102.3,452.3,239.0,52.3,23.0,2.3,2.7,70.0,13.6,-1.8,0
174.0,159.0,378.0,194.3,37.7,29.3,2.3,2.7,36.4,9.9,-0.6,114.3,79.3,248.0,304.0,22.7,21.7,1.3,2.0,72.7,-2.4,-7.6,1
104.3,291.3,234.0,190.0,15.0,37.0,2.7,1.3,81.8,-4.4,-2.1,179.7,172.3,179.0,238.7,21.3,40.0,1.7,1.3,36.4,-25.2,-8.6,0
149.5,361.0,134.0,271.0,13.5,60.0,0.5,1.0,20.0,-8.9,-3.2,46.0,124.5,189.0,311.5,13.5,31.5,2.5,1.5,70.0,-8.6,7.7,1
336.7,91.7,133.3,109.0,42.3,11.7,0.3,1.0,30.0,17.1,1.0,183.7,252.7,193.3,173.7,27.7,39.7,2.0,1.7,18.2,-7.4,-2.6,1
0.0,0.0,0.0,0.0,18.0,43.7,1.7,1.0,90.0,-22.2,-22.2,0.0,0.0,0.0,0.0,27.3,36.3,2.0,0.7,40.0,0.1,0.1,0
113.7,298.7,321.7,325.0,30.3,52.0,2.0,1.0,90.0,0.0,2.2,151.7,307.0,277.3,244.7,22.3,49.7,2.7,1.0,55.6,6.2,1.0,1
221.0,105.0,205.0,166.7,33.7,13.3,2.0,2.0,70.0,11.0,4.7,144.7,109.3,261.7,382.3,23.0,33.0,2.0,2.7,36.4,-2.4,2.2,0
142.7,179.0,334.7,335.3,28.3,29.7,1.7,1.7,70.0,6.3,2.4,199.3,126.7,187.0,214.3,26.7,36.7,3.0,0.7,50.0,-0.6,-3.1,0
115.7,170.3,223.7,260.0,23.0,28.0,3.3,2.3,100.0,-1.5,-3.0,153.7,163.3,260.3,228.0,28.3,30.3,1.3,1.7,18.2,4.6,-1.4,0
225.0,154.0,271.0,17.0,51.0,7.0,0.0,2.0,100.0,6.1,-19.8,120.0,210.0,99.5,94.5,11.5,14.0,2.5,2.5,55.6,-4.2,-7.0,1
0.0,0.0,0.0,0.0,34.0,40.0,0.3,0.7,10.0,9.6,9.6,0.0,0.0,0.0,0.0,27.7,23.3,1.0,0.3,90.0,9.5,9.5,0
131.7,84.3,272.7,225.7,36.0,20.3,1.0,1.7,60.0,13.1,2.9,167.3,198.3,302.7,361.7,30.3,41.0,1.3,3.0,90.0,1.0,0.9,1
159.3,287.7,221.3,216.3,18.3,43.0,2.3,0.0,55.6,3.6,3.6,228.0,167.3,237.3,168.0,47.7,24.3,1.3,4.0,50.0,4.4,-1.7,0
208.3,130.0,100.0,173.7,25.7,18.7,1.0,1.0,33.3,0.1,-2.8,169.0,223.3,132.0,275.3,20.7,45.3,2.3,1.0,77.8,-13.8,-10.9,1
215.0,146.0,203.0,225.7,33.7,21.7,1.3,1.0,80.0,-3.4,-9.5,188.7,83.0,200.0,184.3,32.3,10.3,1.7,2.0,60.0,8.5,-3.1,0
271.0,145.7,18.3,283.3,20.3,29.7,0.0,0.7,80.0,-7.7,2.6,113.7,226.3,112.7,241.3,7.0,42.0,1.3,1.3,50.0,-23.7,-11.4,1
123.3,188.7,276.3,210.7,33.7,23.7,1.0,2.0,80.0,16.0,4.2,167.7,144.3,280.7,265.0,33.0,28.7,1.3,1.7,60.0,13.7,5.5,1
201.0,120.3,225.0,214.0,39.3,15.7,1.3,1.3,66.7,8.7,-4.0,87.0,175.3,272.7,162.3,21.7,24.0,1.0,0.7,22.2,-12.7,-9.5,0
126.3,157.7,250.3,228.3,44.3,32.3,1.3,4.0,70.0,-4.4,-5.1,171.7,226.7,161.0,251.3,20.0,43.3,3.7,2.3,70.0,-15.9,-5.6,1
89.3,132.0,250.0,204.0,29.0,16.0,0.0,2.3,33.3,15.2,8.1,159.3,139.0,187.7,215.0,16.7,27.3,2.0,1.7,88.9,13.2,5.4,1
116.0,123.0,265.3,213.7,24.7,21.7,0.7,0.7,11.1,-7.0,-11.7,148.7,196.7,338.0,175.7,37.7,20.0,1.0,2.0,66.7,-7.7,-14.5,1
183.0,185.0,141.5,161.0,32.5,18.5,1.5,3.0,66.7,16.3,2.4,289.5,66.0,273.5,323.0,45.5,38.5,1.5,3.0,60.0,-9.6,-15.9,1
296.5,79.5,272.0,143.0,42.5,3.0,0.5,1.0,88.9,28.4,-2.8,193.5,235.0,313.5,142.5,50.5,15.5,0.5,3.5,77.8,21.4,-1.7,1
72.3,191.0,413.7,372.0,30.0,45.7,3.0,1.3,0.0,-20.6,-8.9,54.7,239.7,189.7,269.3,9.0,42.7,2.7,2.3,40.0,-16.8,-5.4,0
127.0,162.7,340.0,210.3,26.7,33.7,3.0,0.7,30.0,-5.8,-4.5,195.5,159.0,280.5,235.0,22.5,25.5,1.5,2.0,70.0,-2.3,-6.8,1
126.3,149.0,256.0,295.0,29.0,26.7,2.0,3.3,40.0,9.0,2.9,96.7,137.3,221.0,223.7,12.7,31.7,2.7,1.7,72.7,-14.1,-8.2,0
295.0,95.0,315.3,264.0,38.0,26.7,1.7,2.7,80.0,21.2,7.3,125.0,148.0,237.7,346.0,18.3,34.0,2.0,1.3,70.0,-4.5,2.5,0
126.0,155.0,187.5,343.0,23.0,17.5,0.5,1.0,60.0,1.2,0.0,150.5,162.5,158.5,236.0,13.0,41.0,3.5,1.5,50.0,-3.8,-2.4,1
188.0,231.0,152.3,152.3,21.7,22.7,1.3,1.3,50.0,-13.7,-9.6,131.0,173.7,111.0,172.7,10.7,29.7,1.3,0.3,70.0,-19.5,-13.9,1
180.0,193.3,259.0,247.7,29.7,35.3,0.7,1.0,30.0,0.2,-4.4,128.0,199.3,223.7,240.0,22.7,33.7,2.7,2.0,50.0,-17.1,-12.3,0
134.0,112.7,172.3,286.3,19.3,23.7,1.3,2.3,22.2,-12.4,-8.1,172.0,172.3,282.7,326.7,44.3,39.0,0.3,1.3,33.3,-13.5,-14.4,1
196.0,189.7,310.3,249.0,32.0,40.0,3.3,0.3,30.0,-9.5,-11.8,164.0,156.3,162.7,252.0,29.3,32.3,1.3,2.3,90.0,-5.4,-6.7,0
107.7,320.3,242.7,118.3,23.0,39.7,2.3,1.0,30.0,-5.7,-4.2,72.7,206.3,228.3,236.0,14.7,31.3,2.3,1.0,50.0,-18.4,-12.3,0
73.0,214.3,338.7,171.7,29.7,32.3,3.7,2.0,90.9,13.3,5.7,164.0,116.3,310.3,140.3,36.7,16.7,2.0,2.0,80.0,23.9,10.7,0
204.0,164.0,288.3,263.3,32.7,21.0,0.3,2.7,60.0,-1.8,-7.1,104.3,265.0,262.7,250.7,21.0,42.3,1.7,0.7,60.0,-15.5,-8.6,1
91.7,186.0,346.0,290.0,17.0,38.0,5.0,1.0,70.0,-12.9,-3.3,73.7,180.7,206.7,268.0,12.3,36.0,2.0,2.7,72.7,-28.4,-16.0,1
291.0,114.7,139.7,298.7,32.0,27.3,2.0,2.3,18.2,4.4,0.2,201.0,103.3,230.0,295.3,33.7,20.0,1.7,1.7,80.0,9.2,2.1,0
266.3,199.0,239.7,353.0,40.0,26.7,0.7,3.0,44.4,13.7,-4.4,253.3,224.3,92.3,310.7,19.3,45.0,1.3,1.3,77.8,-9.0,-2.8,1
324.3,136.7,206.3,102.3,44.7,6.7,0.7,2.7,100.0,38.6,7.4,242.7,77.0,205.3,119.0,36.3,8.0,1.3,1.3,30.0,25.6,3.9,0
149.0,91.3,258.7,147.7,27.7,14.3,2.7,1.7,33.3,-9.8,-20.1,179.3,243.0,127.7,136.7,14.0,30.7,2.3,0.7,44.4,-24.0,-17.4,1
317.3,77.3,89.0,186.3,24.7,18.0,1.3,1.3,44.4,-8.9,-6.5,268.0,160.7,194.7,213.0,31.3,29.7,1.3,0.7,33.3,0.1,-2.6,0
286.3,161.3,156.0,377.7,33.7,38.3,2.0,1.3,100.0,14.0,14.0,380.3,136.0,25.0,236.0,38.7,21.7,0.7,2.3,80.0,4.0,4.0,1
154.0,161.0,192.7,242.7,17.7,35.0,3.0,0.7,50.0,5.9,8.1,113.7,269.0,137.0,187.0,12.3,41.0,2.7,0.7,22.2,-6.3,-1.9,1
223.7,92.3,94.0,203.0,22.0,15.0,1.0,2.3,72.7,-1.6,-4.0,164.7,123.3,252.3,72.0,31.0,12.0,1.3,1.0,36.4,-4.0,-4.3,1
215.0,288.0,352.0,361.0,63.0,61.0,1.0,1.0,40.0,6.5,-2.4,200.0,79.0,111.0,227.0,14.0,35.0,1.0,2.0,10.0,-3.5,8.9,0
95.0,136.7,252.3,140.3,18.7,25.3,3.7,1.3,70.0,7.6,0.4,398.7,139.0,132.3,141.7,47.3,17.0,1.7,3.0,70.0,17.8,-2.8,0
195.7,149.0,203.3,151.0,30.7,10.0,0.7,1.7,80.0,10.1,-1.4,112.0,181.3,198.7,244.7,15.7,27.3,2.7,0.7,90.9,-5.0,-3.3,0
269.7,121.3,281.3,201.7,50.7,21.3,1.3,2.3,60.0,-3.3,-8.5,130.3,116.3,234.0,234.3,27.3,24.7,1.0,0.7,11.1,-16.7,-11.2,0
262.7,86.0,219.7,224.7,41.3,16.0,1.3,2.3,40.0,24.4,9.7,130.0,155.0,248.7,221.7,35.3,29.7,0.7,2.3,50.0,-3.7,-3.2,1
142.0,178.7,253.7,193.7,26.0,23.3,1.0,0.3,77.8,-11.1,-10.0,166.7,89.0,56.0,282.3,9.0,40.3,4.0,0.7,66.7,-13.9,-6.6,1
204.7,247.0,185.7,217.3,23.0,25.3,0.0,1.7,11.1,-15.5,-14.9,97.3,342.0,258.3,234.3,26.0,48.3,1.0,0.7,66.7,-16.8,-8.8,1
154.3,184.7,260.3,234.7,28.7,35.7,1.7,1.7,70.0,1.0,1.1,170.3,106.0,142.7,192.7,20.0,22.0,3.7,2.3,80.0,1.2,1.3,0
163.0,16.3,206.7,241.3,33.0,13.3,1.3,1.7,30.0,11.7,2.5,343.7,172.3,297.0,230.7,63.7,27.3,0.7,2.7,90.0,25.7,4.6,1
289.3,119.3,156.7,171.0,46.3,19.3,0.7,3.0,60.0,1.6,-5.9,214.7,132.7,268.0,177.7,43.3,24.3,1.3,1.7,50.0,1.1,-6.6,1
187.7,105.7,277.7,303.3,19.0,26.3,1.7,0.7,22.2,8.5,4.5,260.7,131.3,165.0,301.0,36.7,29.7,0.7,1.3,66.7,13.4,5.9,1
244.3,67.0,165.7,92.3,31.3,4.7,1.0,1.0,77.8,15.6,5.8,147.7,248.3,211.7,282.7,22.7,36.7,4.3,1.7,44.4,-7.9,-8.7,0
131.0,112.7,363.7,254.0,44.3,28.3,1.7,1.3,70.0,10.1,-3.3,213.3,128.7,164.0,189.3,24.7,19.3,0.3,1.7,90.0,5.1,2.1,1
325.3,65.3,98.0,210.7,42.7,8.7,1.0,3.7,36.4,10.4,1.2,203.7,122.0,137.3,139.7,22.7,10.3,2.0,2.3,70.0,7.4,3.5,0
177.0,152.0,325.0,256.0,49.0,24.0,2.0,2.0,70.0,11.1,-5.2,24.0,57.0,222.0,454.0,24.0,26.0,1.0,3.0,40.0,5.9,6.2,1
196.0,102.5,221.0,214.5,31.0,17.0,0.5,1.0,30.0,6.3,-7.8,161.0,62.7,180.3,150.0,21.3,6.0,1.0,1.7,60.0,3.4,-13.3,0
123.3,242.0,238.3,189.0,19.0,33.0,2.0,1.7,77.8,2.7,1.5,131.3,345.3,218.3,110.3,28.0,35.0,1.7,1.3,33.3,5.0,5.7,0
237.0,51.0,194.3,175.3,29.0,11.3,2.0,1.0,80.0,21.2,8.9,104.7,171.7,244.3,364.7,21.0,34.7,3.3,3.0,50.0,-18.1,-9.8,0
143.3,144.3,295.0,272.3,27.0,27.7,1.7,2.0,70.0,-12.7,-11.2,90.7,151.7,377.0,243.7,34.0,32.7,2.3,1.3,70.0,2.9,-2.9,1
182.0,258.3,324.3,154.7,37.7,20.3,2.3,3.3,60.0,-2.5,-1.3,117.7,193.7,103.7,291.0,6.0,41.7,3.7,2.7,50.0,-28.3,-0.9,1
303.7,147.0,187.0,333.3,41.7,29.3,1.3,2.3,50.0,-4.0,-6.7,82.3,158.0,237.7,256.3,17.0,36.0,2.7,1.0,33.3,-19.5,-9.6,0
174.0,141.3,214.3,194.3,38.3,22.0,2.0,4.0,10.0,15.7,0.2,144.7,201.0,421.7,223.7,36.3,33.3,2.7,0.7,90.9,10.3,-1.8,0
292.7,119.7,81.0,202.3,29.0,23.7,1.0,1.7,90.0,1.6,-3.2,220.3,160.3,269.7,326.0,30.3,27.3,1.7,2.3,40.0,7.4,-4.0,0
28.3,198.3,178.7,211.0,14.0,36.0,2.3,1.3,40.0,1.8,3.0,130.7,125.7,151.3,174.7,18.3,18.0,2.3,2.3,80.0,2.5,1.0,0
175.7,71.3,192.3,168.7,25.3,18.3,2.0,2.7,30.0,2.4,-1.1,95.7,316.7,223.3,140.3,17.7,36.0,2.7,2.0,30.0,-13.4,-0.4,0
125.7,97.0,198.3,255.3,20.0,17.7,3.0,2.3,60.0,2.7,-0.9,113.0,90.3,247.3,227.3,23.7,9.7,2.7,4.0,60.0,11.8,-8.1,0
181.0,69.7,208.3,266.3,37.0,14.3,2.0,3.7,90.0,0.1,-6.7,199.0,234.3,117.7,271.7,11.3,45.3,3.0,0.7,20.0,-21.1,-13.1,1
130.0,119.3,279.7,185.3,32.7,24.0,2.0,1.0,70.0,12.4,2.1,54.3,248.3,252.7,234.7,14.3,45.0,3.7,1.0,50.0,-13.1,-7.3,1
153.0,70.5,241.0,250.0,31.0,20.5,0.5,2.5,60.0,7.1,-0.5,150.0,203.0,106.0,200.0,13.0,24.0,2.0,1.0,40.0,-13.3,-18.9,1
69.7,173.0,199.3,188.3,10.7,26.0,3.0,1.7,70.0,8.1,9.6,173.3,260.7,284.3,165.3,31.0,36.0,2.0,0.7,30.0,8.7,6.6,0
109.7,45.3,327.3,285.3,35.3,23.0,0.7,2.3,70.0,7.5,3.7,139.0,243.3,153.0,211.3,11.7,26.3,2.3,1.7,60.0,-3.3,-2.1,1
251.7,202.3,172.0,113.0,21.0,25.0,2.3,1.7,50.0,6.9,0.4,169.3,90.3,161.0,236.0,20.3,19.3,0.7,1.3,70.0,-2.2,-2.3,1
99.5,312.5,263.5,116.5,33.0,49.5,2.5,1.0,70.0,-5.0,-1.8,172.0,131.0,170.0,389.0,28.0,43.5,1.5,2.0,50.0,-9.9,-4.9,1
50.0,203.7,338.3,142.7,19.3,31.7,3.7,1.3,90.9,2.6,-0.2,54.3,209.7,237.7,190.7,12.3,33.0,1.7,1.0,60.0,-6.0,-1.4,1
280.0,395.0,119.0,88.0,35.0,42.0,0.0,1.0,20.0,-13.8,-15.8,103.5,350.5,247.5,241.5,14.0,50.0,2.0,2.0,30.0,-25.2,0.4,0
242.0,144.7,284.0,291.0,45.0,36.0,1.7,0.7,77.8,16.3,14.3,269.0,136.3,248.3,287.0,38.3,35.3,1.3,0.3,77.8,3.5,2.1,0
207.3,148.7,248.7,159.7,38.0,13.3,0.7,1.3,40.0,8.1,-6.5,110.7,216.0,75.3,200.0,7.7,36.3,1.3,1.3,80.0,-12.2,-7.7,0
262.3,255.3,161.3,208.7,28.0,32.7,1.7,0.7,30.0,-10.4,-8.1,282.3,147.3,248.7,266.7,38.7,33.7,1.7,1.3,40.0,-9.6,-8.8,1
184.3,155.7,327.3,168.3,35.7,19.7,1.3,1.7,100.0,7.9,2.4,126.0,178.3,105.3,188.7,4.3,28.3,1.3,0.0,55.6,0.5,7.6,1
150.3,89.3,292.0,164.3,30.7,24.0,2.3,1.7,40.0,3.6,-0.7,166.3,168.7,191.7,209.0,35.7,16.3,0.7,1.3,44.4,8.4,2.0,0
152.0,110.0,187.7,173.0,33.7,19.3,1.7,2.7,80.0,8.5,-4.0,118.0,176.0,235.7,161.3,18.3,27.7,2.3,2.0,20.0,-8.8,-4.8,0
154.0,83.0,137.0,283.0,20.0,26.0,0.0,0.0,50.0,15.8,7.9,7.0,96.0,257.5,197.5,27.5,25.0,3.0,1.0,40.0,-17.8,-21.0,0
118.7,164.7,244.3,175.0,33.7,18.7,2.3,3.0,70.0,8.5,-5.6,169.3,109.0,150.3,285.0,35.0,23.0,1.3,2.3,30.0,0.3,-2.9,1
118.7,57.3,209.7,280.3,18.0,15.0,1.0,2.7,40.0,-15.9,-10.0,110.0,190.7,175.7,250.0,15.0,31.7,1.3,1.0,36.4,-24.7,-13.1,0
227.3,180.0,118.3,179.7,28.0,19.0,2.7,2.0,50.0,2.9,0.3,154.3,149.0,188.0,192.0,27.3,25.0,1.7,1.0,90.0,6.5,6.2,0
204.3,171.3,220.3,192.7,28.7,26.0,2.7,3.7,40.0,1.6,3.3,28.5,250.0,222.0,337.0,3.0,57.5,2.5,1.0,36.4,-26.8,-15.6,0
263.3,136.3,225.3,280.7,39.3,35.3,3.7,1.3,50.0,-4.1,-7.6,283.3,47.7,275.3,363.3,36.7,28.7,1.7,2.3,20.0,0.8,-3.7,1
242.5,63.0,184.0,254.0,28.0,15.5,0.0,1.5,60.0,6.1,-4.9,324.5,70.0,104.0,281.0,23.5,15.0,1.0,1.5,44.4,2.3,-16.1,0
124.3,271.3,223.0,186.0,25.7,38.3,1.3,0.7,80.0,-10.2,-3.9,250.0,163.7,134.0,119.0,30.0,14.3,1.7,2.7,70.0,-2.0,-1.0,0
234.0,37.7,172.0,165.0,33.7,4.7,2.0,2.7,100.0,15.8,2.7,225.3,108.7,209.0,318.7,34.3,29.7,1.3,3.3,30.0,4.9,-1.0,0
190.7,201.3,174.3,220.3,24.3,30.3,1.3,2.3,30.0,-7.2,-6.4,112.0,203.7,226.7,162.7,13.7,36.7,3.3,0.7,70.0,-18.4,-8.2,1
218.0,74.0,351.0,269.0,59.0,10.0,1.0,3.0,70.0,18.0,-11.9,76.0,190.0,308.0,214.0,38.0,31.0,1.0,4.0,70.0,11.1,6.0,1
342.0,136.3,115.0,221.7,32.0,23.0,1.7,2.0,33.3,-1.8,-6.5,102.3,219.7,228.0,169.0,20.3,28.7,3.0,1.3,70.0,-14.0,-5.9,0
59.5,131.0,337.0,254.5,30.0,24.0,2.0,1.5,50.0,18.7,7.0,243.3,170.7,272.7,196.3,39.7,24.7,1.0,1.7,50.0,2.3,-9.8,0
285.0,128.7,274.7,120.7,48.3,5.7,1.0,1.7,80.0,28.7,7.3,170.7,167.7,255.3,243.3,33.3,19.7,1.7,1.3,60.0,16.6,6.4,0
180.0,123.7,142.7,375.0,23.7,29.3,1.3,1.7,44.4,5.9,1.3,144.7,196.0,284.0,275.0,25.0,42.0,1.7,1.0,90.0,5.8,5.3,1
218.3,159.0,198.0,182.3,25.0,19.0,1.3,1.7,30.0,8.1,-1.6,154.3,101.3,245.3,257.3,25.3,15.7,1.3,2.3,81.8,-0.9,-2.8,1
205.7,147.7,198.7,243.0,28.3,25.3,0.0,1.0,30.0,7.1,-4.4,233.0,76.0,242.7,160.3,45.0,14.3,1.7,1.7,100.0,19.3,-1.2,0
11.7,223.3,221.7,206.0,21.0,37.3,2.0,1.3,70.0,-0.2,-0.2,40.0,182.7,263.0,200.7,21.7,32.7,3.0,1.0,50.0,-3.2,-1.7,0
184.0,118.3,178.3,271.7,30.3,25.0,1.7,2.7,40.0,9.6,1.2,125.0,118.3,250.0,218.0,29.0,23.7,1.7,2.7,18.2,6.5,-2.8,1
95.0,176.7,332.7,231.3,33.0,36.3,1.0,1.7,50.0,-13.4,-8.4,167.7,135.0,166.0,241.3,19.0,29.7,2.3,2.0,80.0,-17.3,-12.8,1
77.7,142.3,149.0,230.7,8.7,30.3,2.0,1.7,70.0,-11.3,-2.1,120.0,224.3,161.0,249.3,14.7,39.0,2.0,1.7,80.0,-9.0,1.0,1
89.0,93.5,147.5,322.0,15.0,37.5,1.0,2.0,50.0,-8.1,-3.3,145.0,165.5,374.5,297.5,27.0,29.5,2.0,2.0,50.0,-9.9,-10.2,0
293.0,157.0,151.3,185.0,29.7,25.3,2.7,1.7,80.0,-3.2,-6.1,242.7,138.7,90.0,310.7,25.0,42.3,2.7,0.3,50.0,-13.1,2.8,0
193.0,132.3,233.7,139.3,32.7,16.0,2.7,1.7,70.0,0.6,-2.3,104.3,158.7,287.3,128.3,23.3,22.0,2.0,1.3,72.7,-1.9,-4.6,0
132.7,92.3,181.3,151.3,22.0,4.3,1.7,2.0,90.0,5.6,-7.7,101.0,182.7,163.7,195.3,8.0,30.7,3.0,1.0,90.9,-9.2,-0.3,1
252.3,85.0,183.0,230.7,31.3,24.3,1.0,0.7,90.0,-14.7,-9.6,113.3,167.7,287.3,207.0,22.3,25.0,2.0,1.0,20.0,-14.8,-14.5,1
186.7,16.3,303.7,191.0,29.7,9.0,2.3,0.7,30.0,11.9,-0.1,157.0,125.0,225.0,108.3,25.7,13.7,1.7,3.0,80.0,4.4,-3.1,1
141.0,197.0,193.0,233.0,13.0,35.0,2.0,2.0,60.0,-6.9,10.3,74.0,218.0,269.0,351.0,10.0,59.0,3.0,1.0,40.0,-17.1,12.9,0
137.3,126.3,241.7,281.3,30.3,27.3,2.3,1.3,40.0,1.7,1.7,99.7,278.7,123.7,206.0,10.7,51.3,2.7,1.3,36.4,-22.4,-22.4,0
260.7,129.3,185.3,186.3,30.0,22.0,1.7,2.0,50.0,12.9,6.1,130.3,165.7,192.0,169.3,20.7,20.3,1.7,1.3,100.0,6.5,2.9,1
249.7,127.7,173.0,218.0,26.3,21.7,2.0,2.0,40.0,10.1,3.2,122.0,170.0,169.5,320.0,13.5,32.5,2.0,2.0,30.0,-16.5,-12.0,1
183.3,148.0,275.0,201.0,32.7,25.0,1.3,1.7,70.0,14.8,3.7,142.7,156.7,166.7,281.3,21.3,27.3,1.0,1.7,30.0,5.2,3.3,1
112.3,123.3,202.3,225.7,18.0,30.7,1.7,2.7,70.0,6.4,7.2,159.7,159.0,230.0,188.3,35.0,21.7,2.0,2.7,40.0,5.7,-1.5,1
132.3,216.3,208.7,214.7,29.0,28.3,0.7,1.0,40.0,2.5,-0.6,138.0,136.7,248.3,235.7,21.3,24.0,1.0,1.0,50.0,-3.7,-8.8,1
342.7,95.3,314.0,324.7,59.0,31.3,1.7,1.7,30.0,10.7,-11.3,111.0,90.7,120.3,241.0,19.3,31.7,2.7,2.7,40.0,-11.5,-7.6,0
196.3,169.0,451.0,324.7,42.0,39.3,1.3,1.7,44.4,11.9,1.8,123.7,104.7,321.0,249.0,37.3,31.7,2.0,0.3,80.0,5.2,1.9,1
147.0,175.7,323.3,212.0,31.7,24.7,2.0,3.0,77.8,12.5,4.6,164.5,195.5,274.0,320.5,33.5,35.5,0.5,1.5,44.4,1.2,5.0,0
121.7,216.0,199.0,257.3,21.3,41.0,1.7,0.3,11.1,-16.4,-11.9,116.7,188.7,330.3,266.7,28.3,40.3,1.7,0.3,88.9,-7.8,-7.9,0
179.0,143.3,253.7,86.0,24.0,10.7,1.3,1.7,30.0,2.6,-2.2,142.0,133.7,245.3,219.0,25.3,22.7,2.0,3.0,70.0,-0.7,-0.7,0
126.5,92.0,245.0,200.5,32.5,17.0,2.0,1.5,80.0,6.2,-5.4,75.0,260.5,209.0,330.5,8.5,62.0,4.0,1.5,70.0,-22.9,8.3,0
0.0,0.0,0.0,0.0,39.3,27.0,0.3,1.0,80.0,18.2,6.5,0.0,0.0,0.0,0.0,49.7,37.7,1.3,1.0,30.0,2.1,-4.3,1
127.7,123.7,311.3,188.3,42.0,12.7,1.3,4.0,70.0,3.4,3.6,166.7,201.7,283.3,140.7,28.7,29.3,2.7,0.7,50.0,2.9,0.9,1
139.0,118.3,356.7,247.3,45.7,24.7,1.7,3.0,50.0,29.7,10.2,252.0,133.7,282.3,222.7,40.3,23.0,1.7,2.0,80.0,21.3,8.0,0
183.3,170.7,180.7,211.3,28.3,25.0,1.0,1.0,90.0,7.7,2.1,163.0,118.3,152.0,161.3,22.7,19.7,2.0,2.7,80.0,-2.8,-5.7,1
220.3,161.7,191.7,350.0,31.0,38.0,2.7,1.3,30.0,-0.1,-1.2,173.0,126.3,238.0,225.7,25.0,22.7,1.7,1.3,50.0,-4.7,-10.7,0
270.7,54.0,214.3,160.3,37.7,11.7,1.7,1.7,88.9,31.2,2.8,255.3,178.7,177.0,155.7,28.0,21.0,0.3,1.0,55.6,9.1,3.2,1
115.7,82.3,176.7,270.3,11.0,28.7,2.7,1.0,36.4,-8.8,-7.6,157.7,130.0,197.3,218.7,21.7,25.7,1.7,1.0,50.0,-22.6,-12.8,0
104.3,124.3,244.3,221.0,19.0,18.0,3.0,2.3,60.0,5.8,3.7,130.7,114.0,253.0,446.7,27.3,41.7,2.7,1.7,70.0,-14.8,-9.8,0
132.0,179.7,262.3,197.7,24.7,25.3,1.0,0.7,66.7,4.3,6.6,141.7,190.0,244.7,264.7,25.7,25.0,1.7,2.7,77.8,7.8,3.4,0
109.0,207.3,259.0,253.7,32.0,28.3,1.7,2.3,50.0,-3.9,-8.3,299.3,100.0,232.0,232.7,44.0,16.0,1.3,3.0,40.0,9.7,-3.5,0
149.3,172.3,225.7,222.0,28.0,18.3,1.0,1.0,100.0,10.6,4.6,187.0,164.7,250.3,209.3,27.0,29.7,2.7,1.7,70.0,3.4,0.4,0
237.0,97.0,160.7,160.0,25.7,10.0,1.7,2.3,80.0,5.7,0.1,147.7,119.0,191.7,182.0,21.7,23.7,2.7,1.7,40.0,-1.8,-3.1,0
275.3,97.7,360.0,284.7,49.7,23.0,1.0,2.3,50.0,5.5,-6.5,197.3,189.0,129.3,304.0,21.7,25.3,1.0,3.0,40.0,-16.9,-11.1,0
124.3,142.3,267.3,198.7,29.3,14.3,0.3,2.0,40.0,13.5,3.9,121.0,123.0,251.0,240.0,21.0,34.3,2.3,1.3,100.0,5.1,4.0,1
87.7,216.7,112.7,175.0,3.3,28.0,1.7,0.0,40.0,-12.9,-7.1,71.3,190.7,299.7,240.3,25.7,34.3,1.7,0.7,80.0,-11.7,-8.5,0
127.3,152.7,240.7,257.7,22.3,36.7,1.7,1.7,66.7,-1.3,-0.8,95.0,274.3,200.7,271.7,13.0,52.0,4.3,2.0,33.3,-25.8,-12.6,0
93.0,90.7,153.7,203.7,19.0,13.3,0.7,2.3,50.0,13.1,1.8,143.3,140.3,268.0,207.3,25.0,21.0,1.3,1.0,80.0,12.5,5.5,0
158.0,202.0,148.0,161.0,14.0,23.0,3.0,3.0,60.0,-17.8,-20.5,184.0,22.5,211.5,146.5,25.5,1.5,1.5,2.0,60.0,8.3,-11.7,0
103.7,143.3,220.0,203.0,17.7,22.3,2.0,2.3,30.0,-15.7,-10.1,156.7,152.7,259.7,146.0,27.3,26.3,3.0,1.0,60.0,-0.5,-7.1,0
206.3,101.3,157.3,222.0,33.0,20.3,1.7,1.0,80.0,12.6,6.5,201.3,121.3,193.3,213.7,30.7,17.3,1.7,1.0,50.0,16.8,4.3,0
103.0,186.7,152.7,198.0,9.3,22.0,1.7,1.3,40.0,-15.2,-6.5,185.3,245.7,104.0,258.3,15.0,42.3,2.0,0.7,90.0,-19.5,-7.4,1
214.5,140.0,160.0,141.0,17.0,18.5,0.0,0.5,55.6,10.5,3.7,213.0,99.5,230.5,273.0,32.0,23.5,2.5,3.0,30.0,0.0,-15.9,0
75.0,218.3,204.7,214.3,23.0,27.7,1.0,2.7,70.0,9.1,4.2,167.7,162.7,340.3,266.0,30.0,30.3,2.3,2.0,80.0,-1.9,-1.4,1
179.0,132.0,181.7,169.7,19.0,17.0,3.3,1.3,70.0,-9.2,-5.1,148.3,162.7,282.0,218.0,28.0,23.7,2.0,1.0,80.0,-0.1,-1.6,1
230.0,111.0,241.0,271.0,45.0,31.0,1.0,1.0,60.0,15.8,3.3,157.0,129.0,229.0,201.0,28.0,31.0,1.0,3.0,20.0,-4.2,-0.1,1
152.0,77.0,335.0,303.0,20.0,6.0,4.0,2.0,60.0,14.1,-9.8,65.0,291.0,231.0,171.0,18.5,36.0,3.0,0.5,81.8,-7.9,-6.9,1
314.0,108.0,165.3,117.0,45.0,9.7,1.0,2.3,60.0,26.9,11.5,195.7,105.7,212.7,132.7,31.7,11.3,2.3,3.0,90.0,13.6,3.6,1
155.3,150.0,151.3,211.3,24.0,27.0,1.3,2.0,90.0,2.7,-1.1,88.0,60.7,222.7,185.3,27.3,7.3,0.7,3.7,80.0,1.9,-4.5,0
215.7,178.0,373.7,208.3,49.0,24.3,1.0,1.7,66.7,19.5,2.2,211.0,181.7,216.7,312.3,29.3,46.3,3.3,1.7,40.0,13.4,9.5,1
261.7,191.7,144.3,186.0,37.7,18.3,1.0,3.0,40.0,-5.7,-12.4,115.7,78.0,180.3,206.3,25.7,9.3,1.0,4.0,50.0,5.6,-4.5,0
163.0,104.7,328.7,303.7,32.7,22.7,1.0,2.0,10.0,15.6,1.3,197.7,175.7,235.7,201.3,35.3,21.7,2.3,1.0,50.0,3.9,-5.6,1
12.0,261.0,113.0,287.0,7.0,44.0,1.0,0.0,10.0,-16.8,-1.7,82.0,234.0,137.0,206.0,7.0,51.0,2.0,0.0,20.0,-12.9,17.0,1
163.3,60.0,250.7,131.0,30.7,10.0,3.3,1.3,60.0,9.7,2.7,248.7,103.7,216.7,143.3,48.3,9.0,0.7,1.3,40.0,11.0,-6.4,1
207.7,184.0,417.0,270.3,50.7,29.7,1.0,1.3,88.9,30.5,14.1,35.0,111.0,269.0,141.3,10.0,24.3,4.0,1.3,50.0,1.8,8.1,0
111.0,234.7,259.7,196.7,27.7,42.3,2.0,0.7,50.0,3.9,1.3,131.7,144.3,223.7,221.7,26.3,20.7,2.0,1.3,30.0,11.7,6.3,1
232.0,158.0,161.7,211.3,30.3,21.0,0.3,2.0,50.0,12.2,4.6,107.0,117.0,327.0,234.0,28.0,30.3,2.3,1.7,90.9,8.6,5.6,1
155.0,188.0,200.0,381.0,24.0,43.0,2.0,0.0,70.0,0.3,-2.8,255.0,20.0,318.0,263.0,36.0,31.0,2.0,1.0,40.0,11.7,0.3,1
146.7,160.0,240.0,238.0,32.3,25.0,1.7,2.0,70.0,16.5,3.3,144.0,107.3,226.0,146.0,18.3,15.0,3.3,2.0,70.0,1.1,-3.9,0
135.7,127.3,437.3,216.7,44.7,24.0,2.0,1.7,11.1,19.5,4.9,136.0,139.0,432.0,321.5,39.5,34.5,1.0,3.0,90.0,5.4,-1.0,1
276.3,117.0,208.0,233.7,50.7,24.0,1.0,2.0,30.0,3.7,-7.8,212.7,150.0,177.3,269.3,19.3,34.7,2.3,1.0,36.4,-26.1,-10.0,0
204.0,109.0,154.3,88.3,30.3,16.3,3.0,2.0,70.0,9.3,6.0,62.0,187.0,177.5,156.5,23.5,26.5,2.5,4.0,60.0,-9.4,-13.3,1
88.3,75.3,288.0,204.7,28.3,17.3,0.7,1.7,30.0,-3.5,-9.4,103.7,181.7,169.0,205.3,13.3,26.3,0.7,1.3,20.0,-22.4,-13.5,0
185.0,195.0,359.0,29.0,44.0,0.0,0.0,5.0,40.0,14.1,-10.4,135.0,220.5,241.0,275.5,31.0,32.5,3.5,1.5,44.4,-5.9,-14.0,0
131.0,109.3,237.3,171.0,18.0,5.3,1.3,2.3,80.0,9.5,-1.9,175.3,175.3,140.0,216.0,10.7,25.3,1.3,2.0,45.5,-8.0,-1.9,1
103.0,205.7,214.0,281.3,24.7,40.7,1.3,2.0,50.0,-10.5,-6.9,101.0,211.0,223.0,252.7,12.3,41.3,1.7,1.0,36.4,-22.1,-12.5,1
170.0,107.0,172.3,156.7,25.0,15.3,1.3,1.3,100.0,6.0,-1.4,90.0,110.7,304.0,208.0,26.0,28.0,0.3,1.0,30.0,-4.3,-4.1,1
287.0,130.7,159.0,301.7,38.3,25.7,0.3,2.3,44.4,-5.9,-7.4,140.0,233.7,350.3,138.3,35.0,23.7,1.7,0.3,66.7,9.3,-2.1,0
119.0,73.0,259.0,164.0,41.0,10.0,1.0,1.0,50.0,17.6,-7.6,11.0,323.0,336.0,235.0,24.0,52.0,3.0,2.0,50.0,-13.8,-14.8,1
142.7,129.0,289.0,240.0,29.7,18.0,1.0,1.7,20.0,1.4,-2.7,119.0,239.7,176.0,266.0,20.7,40.3,1.7,1.7,40.0,-15.2,-10.1,0
233.0,177.7,217.3,224.7,35.3,27.3,1.3,1.7,90.0,13.3,3.6,90.0,173.0,123.7,263.0,12.7,38.0,0.7,1.0,50.0,-7.8,2.4,1
161.0,119.3,256.0,128.3,42.7,12.7,1.0,3.3,60.0,25.9,5.5,87.3,187.7,223.7,204.7,26.7,33.3,1.7,2.3,20.0,-13.2,-14.4,1
143.3,143.7,234.0,222.7,22.0,25.3,2.0,1.0,60.0,-14.2,-12.6,211.7,132.3,221.0,285.3,26.3,33.3,1.0,0.3,30.0,-0.7,-5.2,0
192.7,-11.3,196.3,237.3,31.0,6.7,0.7,2.3,30.0,11.5,1.8,106.0,128.0,253.0,173.0,24.7,17.7,2.0,2.0,18.2,9.2,4.9,0
77.7,154.7,325.3,319.3,20.3,37.0,1.7,2.0,33.3,6.8,8.8,173.7,157.3,183.0,220.7,25.3,35.0,1.3,1.0,44.4,-2.1,4.6,1
172.3,119.7,300.0,242.7,39.0,18.7,1.7,1.0,11.1,-3.4,-4.4,94.7,295.7,288.7,316.0,27.7,41.0,1.3,1.7,33.3,-19.9,-10.7,0
167.3,61.0,216.7,155.7,33.3,10.0,0.3,1.7,10.0,13.1,6.3,135.7,184.7,298.7,238.0,19.7,29.3,2.0,1.0,60.0,5.1,4.2,0
120.0,141.3,289.3,251.7,32.0,21.3,0.7,1.7,80.0,6.0,-1.9,125.3,106.0,294.7,305.0,33.7,27.7,1.3,1.3,72.7,2.2,-1.3,1
130.0,60.0,143.3,242.3,13.0,21.0,3.0,1.7,70.0,2.4,5.0,291.0,123.0,138.7,342.3,27.3,27.0,1.7,1.0,72.7,-2.9,-4.4,1
70.0,404.0,227.0,75.0,17.0,38.0,1.0,3.0,36.4,-10.6,12.0,123.0,265.0,103.0,215.0,10.0,30.0,1.0,2.0,30.0,-11.3,2.3,1
0.0,0.0,0.0,0.0,34.3,31.3,3.0,1.0,30.0,3.1,3.1,0.0,0.0,0.0,0.0,17.3,15.7,0.3,1.3,30.0,-4.9,-4.9,0
253.5,160.5,295.5,173.0,44.5,23.5,0.5,1.5,40.0,-9.1,-20.8,173.5,201.5,172.0,194.0,11.5,41.0,2.5,0.0,36.4,-29.1,-7.4,0
136.0,237.0,168.0,151.7,22.0,29.7,2.3,1.7,40.0,-14.6,0.9,119.0,209.0,203.3,205.0,15.7,28.3,2.3,1.3,36.4,-7.6,-3.6,1
168.3,307.3,187.7,253.3,20.3,48.7,4.3,1.7,10.0,-9.9,-4.4,134.7,182.7,355.3,191.3,33.7,23.0,1.7,3.0,90.9,16.4,2.8,0
221.0,169.3,312.3,242.3,33.0,27.3,1.7,2.0,10.0,11.2,0.8,239.0,158.0,285.7,254.0,36.0,29.7,2.3,2.0,50.0,3.4,-2.2,0
235.7,207.7,330.0,179.7,37.7,15.7,2.0,3.0,55.6,14.0,-5.3,150.3,201.3,232.7,214.7,22.3,31.0,0.7,1.3,60.0,-7.3,-6.4,0
145.0,140.7,139.7,239.0,21.3,24.7,2.0,1.0,72.7,-0.3,-3.8,136.0,118.7,207.7,126.7,27.7,11.7,1.0,2.0,36.4,5.8,-4.5,1
119.0,335.0,191.0,216.0,14.0,47.0,0.0,0.0,60.0,-6.8,-6.8,159.0,89.0,338.0,202.5,46.0,20.5,1.0,2.0,70.0,8.4,-3.6,0
86.5,247.5,367.0,288.5,38.5,46.5,3.0,0.5,90.0,10.6,9.8,195.0,127.0,246.5,266.0,30.5,25.5,1.0,2.5,88.9,7.1,2.9,1
103.7,113.7,331.7,289.0,27.3,26.7,2.3,1.3,36.4,-4.7,-2.3,81.0,212.3,196.3,157.7,8.0,26.3,0.3,0.3,50.0,-13.5,-1.1,0
100.3,154.3,293.7,226.7,28.3,32.0,3.0,1.7,50.0,-5.0,-10.9,130.3,213.3,252.7,184.3,26.0,30.0,2.7,1.7,18.2,3.0,1.6,1
143.7,88.0,184.0,214.0,20.7,24.0,2.3,1.0,60.0,-9.1,-7.8,231.3,114.0,172.3,195.7,29.3,28.7,1.3,0.7,30.0,-8.3,-7.7,1
142.7,94.7,141.3,180.7,25.0,14.7,1.0,2.7,50.0,-7.8,-13.0,141.0,164.0,297.3,224.3,27.7,35.7,2.3,1.0,60.0,-10.0,-4.7,0
141.3,173.0,194.7,166.3,13.0,20.3,2.7,1.3,40.0,-0.6,-1.3,167.3,271.7,248.3,185.0,17.0,34.3,2.3,2.3,80.0,-9.6,-1.5,0
225.7,131.3,272.7,158.7,27.7,27.7,2.3,0.3,30.0,3.6,-3.7,206.3,237.7,200.7,270.7,27.3,29.0,1.3,1.3,60.0,5.4,6.2,0
312.0,108.0,207.5,232.0,37.5,16.0,1.0,2.0,30.0,15.5,4.5,51.5,156.0,208.5,256.5,15.5,36.5,2.5,2.0,18.2,-12.5,-7.8,0
192.0,185.0,204.3,298.7,30.3,24.0,1.0,3.0,40.0,2.3,-3.3,108.7,65.7,243.3,246.3,18.0,19.3,1.3,0.3,70.0,-8.1,-12.4,1
175.7,335.7,244.7,143.3,33.3,40.3,1.7,1.7,80.0,-14.8,-13.5,91.3,186.7,335.3,281.3,24.3,36.7,4.0,2.7,70.0,-12.6,-2.3,0
181.7,143.0,213.0,249.3,30.7,31.0,0.7,0.7,22.2,8.9,6.3,142.0,96.7,361.0,273.3,24.7,19.7,2.7,1.7,90.0,17.3,8.9,0
191.7,135.3,156.7,174.7,37.0,23.3,0.7,1.7,80.0,12.7,6.0,50.0,179.7,306.3,155.3,18.3,23.7,2.7,1.3,9.1,-7.1,-1.2,0
110.3,219.0,186.7,111.7,23.3,25.3,1.3,1.0,30.0,-5.0,-4.5,251.0,127.0,173.3,205.7,33.3,25.7,1.7,3.7,40.0,-12.2,-8.6,1
167.0,180.7,193.0,251.0,23.7,29.0,1.7,2.3,30.0,0.4,3.9,150.0,177.0,310.3,248.3,36.7,23.0,1.0,4.0,70.0,14.9,7.4,0
129.0,154.3,232.7,265.0,25.0,30.0,1.7,1.3,30.0,-10.3,-9.6,31.7,64.3,99.3,53.0,22.0,25.7,1.3,2.3,70.0,0.4,1.6,1
194.5,162.0,243.0,162.5,29.0,25.0,2.0,2.0,60.0,-6.5,-16.9,129.5,191.0,396.0,200.0,35.0,42.0,2.5,1.0,30.0,-5.5,-4.9,1
246.3,135.7,213.0,218.3,34.0,22.3,1.7,0.0,44.4,5.0,-7.6,146.7,201.7,158.3,211.3,19.7,34.7,1.3,1.0,22.2,-20.0,-11.9,0
144.3,67.0,193.7,365.7,23.0,40.0,1.0,1.3,80.0,3.6,4.0,71.0,166.0,279.3,226.3,22.0,20.7,0.7,2.3,70.0,-0.5,-3.0,1
224.7,86.7,246.0,343.3,30.7,28.0,1.7,0.7,60.0,-5.5,-6.8,195.3,134.3,337.3,258.3,39.0,24.3,2.3,1.0,0.0,-16.8,-12.0,1
113.0,110.0,392.5,199.5,37.5,10.0,2.5,0.5,40.0,13.4,-8.5,159.0,170.3,441.3,352.0,43.7,37.7,1.0,1.0,90.0,13.3,5.2,0
277.3,151.0,143.0,186.3,31.0,19.0,1.0,1.7,44.4,-7.7,-5.6,126.3,288.7,110.0,202.3,20.3,39.3,2.0,2.0,66.7,-12.9,-8.2,0
137.0,99.0,216.0,216.0,12.0,35.0,0.0,2.0,30.0,-16.2,-14.3,71.0,105.0,274.0,237.0,13.0,21.0,2.0,4.0,80.0,-11.9,-12.5,0
245.7,114.3,236.7,155.7,38.0,20.7,1.3,1.3,44.4,-5.1,-14.6,133.7,245.7,266.0,233.0,31.7,42.7,1.3,1.7,77.8,-15.1,-12.1,1
191.3,121.7,362.7,331.0,34.3,36.7,1.3,1.3,77.8,12.0,10.6,130.5,262.0,59.0,267.5,1.5,38.5,0.5,1.0,40.0,-18.0,-10.6,1
86.3,175.3,279.0,275.7,24.0,25.3,1.0,1.3,60.0,10.6,7.8,85.7,129.3,323.3,221.7,23.0,28.3,2.3,1.3,55.6,-5.3,0.2,1
197.3,88.0,196.7,165.3,22.0,12.3,1.7,2.0,10.0,-6.4,-6.4,113.7,189.0,254.7,253.7,22.3,34.7,2.7,4.0,90.0,-26.4,-12.0,0
133.3,69.7,263.7,191.0,26.7,10.3,1.7,3.7,30.0,10.7,3.0,144.7,75.0,306.0,267.0,27.0,20.0,2.3,3.0,50.0,6.6,2.6,1
77.7,132.7,320.0,220.7,20.0,25.3,2.0,1.3,77.8,-9.8,-12.1,103.7,92.0,143.7,209.0,17.7,18.3,1.0,2.7,44.4,-20.4,-15.0,0
171.3,120.0,230.0,184.3,30.3,10.7,1.0,3.3,40.0,-0.2,-2.7,64.0,237.3,128.0,159.3,7.0,48.7,3.3,1.0,50.0,-21.8,1.9,0
112.0,249.3,225.7,217.0,16.0,42.0,4.3,1.0,50.0,-18.4,-4.1,39.7,193.0,232.3,172.7,10.3,34.0,2.7,1.0,40.0,-13.2,-5.2,0
127.0,133.7,256.3,325.3,34.7,33.7,2.0,2.0,60.0,-5.7,-10.6,82.7,234.0,192.3,224.0,13.3,29.0,2.0,2.0,50.0,-7.5,-3.4,1
125.0,68.3,229.3,254.7,30.7,25.0,2.3,2.7,70.0,0.2,0.2,85.7,139.7,112.0,194.7,9.3,21.3,1.7,2.7,50.0,-4.4,-4.4,0
125.0,112.7,326.0,259.3,29.7,23.7,1.0,1.0,80.0,7.4,-0.5,176.0,50.0,105.0,129.5,23.5,9.5,1.5,3.0,30.0,2.5,-21.3,1
117.3,137.3,270.3,200.3,25.3,24.3,2.3,2.0,18.2,9.5,6.2,212.7,180.7,200.7,262.0,19.0,43.0,3.3,1.7,60.0,-2.3,2.2,1
237.0,209.0,185.3,291.3,41.3,40.3,0.3,1.3,33.3,-13.4,-12.5,99.0,185.7,182.7,209.3,12.3,36.3,1.3,1.0,33.3,-25.7,-13.7,1
143.0,109.0,210.3,243.0,18.0,19.0,1.7,0.7,88.9,-9.4,-5.0,140.3,205.7,189.7,223.7,14.7,33.3,1.0,1.3,70.0,-18.2,-10.1,1
69.7,130.0,201.0,204.3,16.3,30.3,2.3,0.7,33.3,-2.1,-9.5,123.7,105.7,302.0,143.0,32.7,23.0,1.3,1.3,11.1,-1.5,-4.5,0
93.0,243.3,298.7,177.0,17.0,34.0,3.3,0.7,20.0,-13.9,-13.5,103.0,229.0,195.0,211.7,16.3,37.7,1.0,1.0,66.7,-5.0,0.0,0
56.7,130.0,390.0,296.7,32.0,27.3,1.7,2.3,44.4,-6.1,-8.9,298.0,154.3,194.0,268.7,40.7,38.0,1.7,2.3,88.9,5.6,1.1,1
242.3,190.0,324.0,223.7,46.0,17.0,1.0,2.3,60.0,13.0,-4.4,184.7,130.7,100.7,184.0,17.0,18.7,1.3,2.7,40.0,-11.3,-11.2,1
0.0,0.0,0.0,0.0,40.7,26.7,1.7,0.7,70.0,7.6,7.6,0.0,0.0,0.0,0.0,31.7,33.0,1.0,0.3,40.0,-10.8,-10.8,1
68.3,215.3,427.3,204.3,34.0,34.0,2.0,0.3,70.0,-7.0,-3.6,178.3,176.3,208.3,207.7,28.0,18.0,2.0,3.0,80.0,0.3,-0.5,0
180.7,149.0,209.3,153.3,26.0,20.7,1.7,3.3,80.0,7.3,-0.8,80.3,319.7,276.0,260.7,25.3,50.7,2.7,1.3,80.0,-13.3,-8.9,0
160.0,206.5,170.0,213.0,25.5,26.0,3.5,3.0,44.4,-0.2,-10.1,69.0,119.0,124.5,196.0,5.0,31.0,2.0,2.0,40.0,-13.7,-9.4,1
208.3,72.7,189.7,194.3,30.0,17.7,1.0,2.0,88.9,23.2,10.4,141.3,162.7,344.0,223.3,39.3,16.3,1.0,2.0,50.0,15.8,4.7,1
346.0,189.5,101.5,238.0,40.0,29.5,1.5,2.0,90.0,3.8,-9.4,106.0,91.5,248.5,323.0,28.0,24.5,2.5,2.0,30.0,5.8,2.6,0
119.3,232.7,96.0,229.7,6.7,41.3,2.3,1.0,30.0,-28.7,-13.0,114.3,273.7,209.7,262.7,12.3,56.0,2.7,1.0,70.0,-29.0,-16.9,1
168.7,182.3,165.3,185.3,30.0,24.7,1.7,1.7,66.7,12.1,12.1,189.7,223.0,224.0,261.0,24.7,40.0,1.7,2.0,30.0,-9.1,-9.1,1
178.0,159.0,361.0,436.0,38.0,45.0,2.0,6.0,66.7,-0.9,-10.3,149.0,77.0,264.0,54.0,38.0,3.0,1.0,0.0,90.0,2.0,-29.2,1
118.3,160.7,204.3,191.3,19.0,18.0,1.7,2.0,40.0,-3.6,-8.6,57.0,174.7,245.7,236.3,28.0,30.0,0.3,1.0,50.0,-5.7,-3.7,0
150.7,166.0,264.3,248.0,34.3,34.0,2.0,1.3,77.8,13.7,5.1,241.3,132.0,224.0,179.7,32.7,13.7,1.0,1.0,11.1,15.3,3.9,0
153.7,170.3,337.7,145.3,45.3,18.7,1.3,2.3,70.0,5.1,-3.4,224.7,268.7,227.3,193.0,37.0,41.3,1.0,1.0,20.0,-3.0,-9.7,0
160.5,120.0,169.5,272.0,18.5,28.5,2.0,2.0,60.0,7.2,6.8,97.5,156.5,364.5,364.5,18.0,41.5,1.5,0.5,70.0,-8.9,-3.8,0
176.7,157.3,350.0,356.0,39.0,29.7,1.0,1.3,90.0,17.3,8.0,113.0,174.3,371.7,219.0,29.3,31.3,2.3,1.0,50.0,13.8,6.6,0
208.0,168.0,107.3,160.0,28.3,23.0,1.0,2.7,40.0,-7.0,-5.2,149.7,314.3,295.7,189.0,29.3,47.3,1.7,1.7,30.0,-28.7,-14.0,1
115.0,210.0,325.3,209.0,28.7,36.0,2.7,1.7,70.0,-8.0,-4.6,102.0,354.0,133.0,146.7,11.3,45.0,2.0,1.3,30.0,-15.0,5.7,1
74.0,92.0,197.0,167.7,22.0,23.3,2.0,3.0,77.8,-9.4,-10.7,121.0,205.3,209.7,196.7,17.3,23.7,1.3,1.7,55.6,-6.9,-8.5,1
225.3,44.3,185.0,191.0,30.0,7.0,1.0,0.7,33.3,-0.9,-11.1,92.3,113.3,120.3,251.0,13.3,20.3,0.7,3.0,44.4,-20.3,-13.8,0
103.3,205.3,166.3,142.0,18.0,28.3,2.0,2.7,70.0,0.0,-2.5,188.0,216.7,173.0,274.0,22.3,28.3,1.0,3.0,20.0,-5.6,2.1,0
371.0,110.0,133.0,207.3,39.3,20.3,1.3,2.3,40.0,-11.3,-15.0,99.7,167.3,235.3,154.3,16.0,30.3,1.7,1.0,30.0,-13.7,-9.7,1
74.3,221.0,225.3,193.0,20.3,29.3,1.0,1.0,44.4,-17.8,-13.3,157.0,170.3,343.3,134.0,36.3,24.0,2.7,1.3,77.8,0.3,-10.4,1
106.3,256.3,305.0,256.7,23.7,33.0,0.7,2.3,33.3,-14.1,-9.9,226.3,157.3,215.0,358.3,26.3,45.0,2.3,0.7,66.7,-19.2,-16.8,1
231.3,102.7,266.3,91.3,55.3,5.7,0.3,1.0,80.0,21.8,-9.4,190.3,118.3,311.7,273.7,40.3,19.3,1.3,1.0,40.0,7.4,-4.6,0
175.0,216.0,124.0,223.3,16.0,34.3,2.0,1.0,36.4,-19.7,-9.7,136.0,156.7,323.3,314.0,33.3,36.0,2.3,0.7,60.0,-9.0,-9.2,1
208.0,45.7,143.0,201.0,23.3,19.3,1.7,1.3,77.8,-7.1,-10.1,196.0,169.3,268.3,161.3,34.3,28.3,2.3,1.0,33.3,-7.3,-7.3,0
162.5,191.0,242.0,201.5,31.5,40.0,2.0,1.5,90.0,11.0,8.4,74.5,186.0,146.5,165.5,10.0,22.0,3.5,2.0,90.9,-6.0,-7.8,1
239.0,85.0,178.7,224.3,35.3,13.3,0.0,2.0,88.9,25.2,8.4,70.5,137.5,250.5,121.0,21.0,6.5,0.5,1.5,80.0,8.8,-1.6,0
184.0,110.0,243.0,235.0,30.0,27.0,0.0,2.0,60.0,-6.8,-5.9,156.0,179.0,241.0,178.0,30.0,49.0,5.0,2.0,30.0,-14.2,-3.5,0
218.0,161.3,233.7,351.3,33.3,34.7,1.0,1.0,60.0,9.0,5.8,32.3,145.7,134.7,94.7,7.7,23.0,2.0,0.0,40.0,-15.6,-7.4,0
188.3,95.3,217.7,250.3,32.0,20.7,1.7,3.0,36.4,-7.7,-8.7,122.0,184.7,121.3,213.7,10.3,24.0,1.7,0.3,40.0,-17.9,-9.8,1
246.0,42.5,333.0,226.5,37.0,11.5,1.0,0.5,80.0,23.3,3.9,71.0,201.0,212.0,349.0,0.0,49.0,3.0,2.0,70.0,-23.9,-19.8,1
167.0,88.0,293.5,339.5,33.0,28.5,1.0,1.5,18.2,1.3,-6.4,131.0,102.7,292.7,240.7,34.3,21.0,1.7,2.0,80.0,10.8,-1.1,0
106.7,186.3,171.7,145.0,20.3,20.3,0.7,1.7,40.0,10.1,2.4,98.7,120.7,345.7,254.0,28.7,30.3,2.7,0.7,80.0,-9.0,-1.8,1
91.3,146.0,266.0,208.3,30.3,20.7,0.7,0.7,80.0,28.8,14.3,259.3,64.0,85.7,259.3,29.0,22.0,1.3,2.0,40.0,5.0,6.7,0
162.3,267.7,207.7,176.7,30.0,26.3,1.3,2.3,55.6,-4.2,-5.3,94.7,213.3,194.3,196.7,17.0,30.0,0.7,1.3,70.0,-16.4,-10.0,1
174.7,35.7,142.7,207.7,19.3,18.0,1.7,1.0,20.0,-1.7,-0.2,147.7,172.3,121.0,158.3,7.7,19.3,1.7,1.7,45.5,-8.7,-1.9,0
125.7,112.0,282.0,283.3,28.7,21.7,0.7,1.3,60.0,-5.6,-6.0,102.7,223.7,203.3,210.0,14.3,39.7,1.3,2.0,100.0,-9.6,-4.1,0
209.0,152.7,136.3,358.0,22.0,39.3,2.0,2.3,30.0,-11.7,-8.0,144.7,65.0,238.0,274.0,30.3,29.3,2.0,2.0,70.0,3.3,-4.7,0
154.3,121.7,167.0,167.0,16.7,22.3,3.7,2.7,50.0,-7.3,-4.1,71.3,220.3,226.0,243.7,18.7,37.0,3.0,2.3,72.7,-8.5,-4.6,1
192.3,142.3,198.7,337.3,36.0,26.3,1.7,3.7,77.8,9.9,3.5,201.0,238.7,229.3,194.0,27.7,38.3,1.7,1.0,70.0,-23.5,-13.1,0
115.7,163.7,195.3,269.3,24.0,30.3,0.3,1.3,50.0,-10.7,-2.6,105.0,115.7,214.7,236.0,23.7,29.7,2.0,2.3,50.0,-3.5,-2.1,1
143.3,63.7,213.3,179.7,20.0,21.0,1.7,1.7,11.1,-16.7,-13.3,104.3,106.0,267.0,218.0,15.7,23.7,2.7,0.7,77.8,-10.2,-14.0,1
182.3,79.7,104.7,201.0,17.3,24.0,2.0,0.3,90.0,-4.1,0.0,107.3,251.7,144.3,238.7,8.7,46.7,2.0,0.7,80.0,-16.8,-5.2,0
103.7,255.0,173.7,256.3,12.7,42.0,0.7,0.3,50.0,-12.3,-2.5,160.3,118.0,221.7,322.3,35.3,37.3,2.0,2.3,70.0,-15.8,-4.5,1
93.3,182.7,273.0,208.0,24.7,27.3,1.7,1.7,60.0,6.0,0.5,190.0,95.7,267.7,134.3,30.7,15.7,0.7,2.3,20.0,-6.3,-8.7,1
214.3,127.0,180.3,233.0,34.7,24.0,1.0,3.3,50.0,4.4,0.3,93.3,159.3,303.0,266.7,28.7,30.7,1.7,3.0,45.5,5.2,0.8,0
47.7,198.7,258.0,205.7,22.7,33.7,1.0,1.3,20.0,-4.5,-4.0,133.7,219.0,215.7,165.0,22.0,29.0,1.3,2.0,30.0,-6.3,-4.6,0
192.3,72.0,292.0,170.0,48.7,5.3,1.0,2.0,88.9,35.7,12.9,72.0,157.3,272.3,248.0,15.0,30.7,2.3,0.7,55.6,8.7,5.8,1
120.7,255.3,210.7,263.0,25.3,41.0,1.7,0.7,50.0,-13.3,-7.4,25.0,194.0,260.0,249.7,15.0,36.7,1.3,1.0,30.0,-20.1,-11.6,1
163.0,85.3,234.0,217.7,31.3,17.0,0.7,1.7,10.0,-8.4,-9.5,267.0,170.3,240.3,165.0,44.3,18.0,0.0,0.7,60.0,0.9,-8.4,1
164.0,109.0,114.7,335.7,19.3,28.3,1.0,2.0,9.1,-1.8,0.8,154.0,386.3,255.7,134.7,23.7,53.3,2.3,1.0,30.0,-29.6,-15.1,0
166.3,90.3,287.7,384.3,24.3,37.0,2.0,2.3,50.0,-19.6,-10.6,160.0,193.7,206.7,246.7,33.0,39.7,2.3,2.0,50.0,-12.8,-8.9,1
345.0,171.0,302.0,182.0,58.0,20.0,1.0,0.0,30.0,12.9,-8.4,330.0,140.5,174.5,302.5,46.5,23.5,1.5,3.0,70.0,12.3,-9.9,1
173.7,130.7,305.7,170.3,33.3,22.7,1.3,1.0,100.0,7.3,2.2,156.0,283.3,127.0,158.7,9.0,30.7,1.0,0.3,70.0,2.2,0.3,0
221.7,100.0,180.3,252.3,33.3,23.0,1.0,1.7,100.0,5.7,-7.3,145.0,110.0,307.0,242.3,25.3,27.7,3.7,2.0,50.0,-2.3,-5.9,0
351.7,100.0,53.3,146.7,33.0,15.3,1.7,2.3,44.4,2.9,-3.7,217.3,97.7,175.7,299.3,31.3,31.3,1.3,1.3,22.2,-19.1,-12.6,1
190.0,149.3,180.3,206.0,23.7,27.3,1.3,0.3,70.0,1.9,0.1,121.0,163.3,201.3,177.7,29.3,34.3,2.0,1.3,30.0,-2.0,-8.2,0
241.3,228.0,143.7,249.7,26.3,28.7,1.3,2.0,40.0,11.7,8.7,116.0,281.0,206.0,317.3,14.7,48.0,2.3,1.3,50.0,-19.9,-3.4,1
191.0,111.3,307.0,261.3,37.3,23.7,0.7,0.7,55.6,4.9,-8.0,131.0,198.0,398.7,298.0,37.7,35.7,2.3,0.7,77.8,6.9,-2.5,0
92.0,182.3,171.0,217.7,20.7,21.7,0.7,0.3,60.0,11.1,5.4,115.3,160.7,349.0,243.0,43.7,19.0,1.0,2.3,20.0,12.0,5.6,0
240.3,177.7,295.0,267.3,38.3,34.3,2.0,3.0,30.0,-0.4,-6.6,181.0,68.7,443.7,156.0,53.0,17.3,1.7,2.3,70.0,7.0,-2.6,1
282.0,127.3,202.0,312.7,46.3,36.3,1.0,3.0,100.0,4.3,-3.0,126.7,147.3,262.0,231.7,20.3,17.3,1.3,2.0,33.3,0.9,-1.8,0
225.0,94.0,289.7,262.3,43.0,21.7,3.3,4.3,70.0,14.0,5.0,119.3,87.0,158.0,193.0,17.7,20.3,1.0,1.7,70.0,-1.6,-1.0,0
175.0,37.0,243.0,192.0,30.0,3.0,0.0,0.0,44.4,9.8,-14.2,223.0,149.0,357.0,441.0,38.0,41.0,2.0,1.0,55.6,3.4,-4.9,1
259.7,134.3,142.0,226.0,20.3,22.0,2.3,2.0,60.0,-1.0,-5.7,137.7,249.3,121.7,162.0,12.0,35.3,2.0,1.0,40.0,-23.4,-10.9,1
126.0,135.0,149.3,237.7,19.0,32.3,2.3,3.0,70.0,-14.1,-6.6,36.0,191.3,233.7,183.7,18.0,32.3,2.3,2.7,72.7,-12.2,-7.5,1
127.0,100.7,296.7,277.7,33.7,28.7,2.7,1.0,50.0,12.5,5.1,194.0,287.7,153.0,174.7,22.7,38.3,1.3,1.0,40.0,-1.3,2.1,1
100.7,162.7,256.3,153.3,22.7,29.7,2.7,1.7,70.0,13.9,13.9,106.7,261.7,168.7,255.7,16.3,54.3,2.7,0.3,30.0,-21.4,-21.4,0
97.0,174.7,189.0,200.0,14.3,35.7,2.3,3.0,50.0,2.3,-0.7,134.7,88.0,132.7,155.3,17.0,23.3,1.0,0.7,45.5,-7.5,-4.1,0
81.7,170.7,190.7,281.3,18.3,44.3,1.0,1.0,70.0,-9.3,11.9,295.0,161.5,68.5,290.5,31.5,40.0,0.5,2.5,77.8,-1.7,-6.8,1
147.0,180.7,247.0,99.7,30.3,14.0,1.7,3.0,40.0,5.3,2.7,173.3,97.3,191.0,292.3,24.0,28.0,1.7,1.7,80.0,-4.7,-4.3,0
70.0,131.3,282.3,312.7,15.7,33.0,2.3,1.7,55.6,3.8,2.1,120.0,193.0,337.0,247.0,19.7,30.3,2.3,1.3,30.0,-4.8,1.3,0
128.0,109.0,245.7,234.3,30.7,19.7,2.3,4.0,70.0,10.9,1.9,113.3,116.0,260.7,277.7,27.3,21.3,2.7,3.7,80.0,6.9,-0.1,0
98.3,242.3,224.3,261.3,17.3,42.3,2.0,2.3,77.8,-4.7,2.4,178.3,85.0,130.7,243.0,13.7,21.7,1.7,0.7,50.0,-19.6,-12.8,1
227.7,202.3,245.7,162.3,32.3,39.3,3.0,0.7,70.0,9.2,1.0,273.3,91.0,147.3,126.0,33.7,7.7,1.0,2.3,80.0,13.1,6.2,0
142.7,231.7,286.0,341.0,30.0,47.3,0.7,0.7,30.0,-5.6,-7.9,91.0,149.0,104.0,146.0,7.3,24.7,3.3,1.3,40.0,-16.7,-9.3,0
138.3,262.7,327.0,145.7,29.3,28.7,2.3,1.7,50.0,2.6,-0.6,203.3,248.0,335.7,253.0,45.7,39.0,2.0,1.0,80.0,5.2,-5.3,0
236.0,74.3,95.0,195.7,24.0,13.7,0.3,3.0,100.0,14.9,1.9,243.7,98.0,201.7,249.0,41.7,31.7,1.7,1.0,90.0,16.4,6.6,0
206.7,134.7,196.3,185.0,31.3,29.7,2.7,1.3,60.0,6.5,2.0,134.7,124.7,319.3,170.0,30.3,18.3,1.3,2.0,60.0,-0.3,-6.4,0
104.3,146.0,226.3,183.3,26.7,15.3,0.7,2.3,33.3,14.7,5.0,119.7,103.0,182.7,197.0,15.3,12.3,0.7,1.7,66.7,4.3,-5.2,1
199.0,108.3,350.0,191.7,45.3,10.7,1.0,2.0,90.0,31.0,8.0,183.3,109.3,180.7,190.7,26.0,27.0,2.7,1.3,70.0,-1.7,-4.0,1
145.7,199.7,275.7,273.0,36.3,30.7,1.0,3.3,30.0,0.5,-2.7,123.5,116.5,212.0,185.5,20.0,7.0,0.5,1.5,66.7,3.3,-3.5,0
97.3,155.7,357.0,304.3,27.0,36.3,2.3,1.7,70.0,2.9,6.5,152.7,181.0,264.0,241.7,34.0,28.3,2.3,1.3,40.0,-9.5,-11.6,0
309.0,141.7,110.3,158.0,29.3,21.3,1.3,0.3,30.0,-0.8,-12.1,92.7,137.7,203.7,239.3,24.0,28.0,1.0,2.7,80.0,-7.9,-10.2,1
103.0,92.0,206.0,278.0,14.0,20.0,1.0,1.0,80.0,-11.1,-14.7,190.0,128.5,228.0,359.5,20.5,30.5,2.0,1.5,90.0,-8.4,-11.0,0
142.3,42.7,351.0,190.7,44.3,12.3,1.0,1.3,70.0,29.4,8.7,188.7,165.3,187.3,292.7,27.3,34.3,2.3,1.7,100.0,2.2,0.7,0
189.0,177.0,291.0,153.3,40.3,20.7,2.0,2.0,70.0,18.2,2.0,196.3,188.0,306.7,109.0,37.7,22.3,1.3,0.3,70.0,0.5,-2.2,0
136.0,115.0,242.7,219.7,22.3,16.0,0.3,1.7,80.0,10.3,5.7,64.3,124.3,421.0,216.3,37.7,20.3,1.7,4.0,18.2,10.6,0.9,0
148.5,182.0,294.5,244.0,39.0,41.5,2.0,1.5,70.0,-5.9,-8.1,126.0,88.0,268.0,312.0,36.0,27.0,1.5,1.0,60.0,8.7,-7.8,0
227.0,78.0,143.5,208.0,28.0,20.0,3.5,4.0,50.0,0.3,-6.5,111.0,200.5,90.5,194.0,8.0,30.5,1.5,1.0,90.0,-10.9,-2.9,0
195.7,80.7,259.0,220.0,40.7,19.3,2.0,1.7,50.0,15.1,7.8,166.7,177.0,175.0,208.7,29.7,21.7,1.3,2.0,30.0,0.5,2.1,0
411.0,157.0,221.0,137.0,52.0,14.0,3.0,4.0,44.4,31.1,-0.1,234.0,8.0,232.0,211.0,41.0,7.0,2.0,4.0,100.0,16.9,-14.3,1
155.0,168.7,252.0,278.3,35.3,30.7,0.3,1.0,60.0,-7.2,-8.2,227.7,202.3,272.3,387.0,39.0,46.0,0.3,1.3,40.0,-10.0,-8.0,1
170.0,244.0,211.3,138.7,29.3,27.7,1.0,1.3,44.4,-7.5,-11.9,75.3,237.3,151.3,275.7,7.7,36.7,1.3,2.0,44.4,-22.1,-13.2,0
246.3,259.0,282.7,183.0,41.3,35.0,1.7,1.3,22.2,-0.1,-5.1,138.0,234.0,247.7,224.7,28.7,27.7,1.7,2.3,80.0,6.6,-2.0,1
134.3,231.0,298.3,131.0,25.3,21.0,0.7,2.3,77.8,13.2,4.6,117.0,226.0,114.3,199.0,10.3,37.3,3.0,1.0,44.4,-5.8,1.2,1
81.0,198.0,478.0,204.0,37.0,34.0,0.0,3.0,44.4,-7.2,-10.0,430.0,176.0,32.0,330.0,29.0,48.0,1.0,0.0,44.4,-26.9,-25.4,1
158.3,121.0,317.0,260.3,42.7,29.7,1.3,2.0,90.0,8.9,-4.9,217.7,152.7,68.0,149.7,25.7,11.3,1.3,3.0,30.0,0.7,-7.4,0
173.0,138.0,234.0,346.7,36.3,40.3,1.3,0.3,77.8,4.8,4.0,151.3,132.0,375.3,242.3,38.3,17.0,2.0,2.0,44.4,24.5,10.7,1
289.3,63.0,169.0,141.3,43.3,9.0,1.3,3.0,50.0,14.3,-0.3,132.0,71.7,129.3,237.7,21.7,9.7,1.3,2.0,70.0,0.9,-8.4,1
105.3,149.0,281.3,286.0,35.0,27.7,2.0,2.0,77.8,5.9,4.6,242.0,127.7,149.0,274.0,27.3,29.0,1.3,2.0,88.9,-6.4,2.0,0
244.5,103.5,294.5,383.5,37.0,28.5,1.0,2.5,100.0,-4.7,-12.2,108.5,167.5,274.0,137.5,17.0,22.0,3.0,0.0,66.7,-6.4,-11.6,0
256.3,120.3,96.3,256.3,23.3,22.3,2.0,2.7,50.0,-6.3,-8.8,94.7,275.3,227.3,179.7,29.7,39.0,1.7,1.7,50.0,-11.5,-9.3,0
193.0,209.3,173.3,258.0,24.3,32.3,1.3,0.7,77.8,-6.7,-5.5,212.0,67.7,262.3,421.3,39.3,31.0,1.3,1.7,80.0,3.1,-1.3,1
223.0,41.7,265.0,176.7,42.7,9.3,0.3,0.7,80.0,18.4,3.7,166.3,185.7,171.3,168.0,26.7,22.7,1.7,1.7,50.0,1.4,-0.9,0
218.7,164.7,177.7,321.0,24.7,45.0,2.3,1.7,50.0,-11.9,-2.2,224.7,160.3,144.7,196.3,29.3,18.3,2.3,2.3,20.0,-9.0,-7.9,1
170.7,207.0,283.7,169.0,34.3,29.3,0.7,0.3,50.0,-5.6,-4.9,353.0,99.3,170.7,176.0,53.3,14.0,0.7,3.7,60.0,1.9,-6.4,1
190.3,113.3,177.0,172.3,31.3,10.0,2.7,2.7,77.8,10.2,-3.7,199.3,128.3,365.0,487.3,39.3,36.0,2.7,2.3,80.0,5.4,0.2,1
85.7,169.7,276.3,247.3,21.0,24.7,0.7,1.3,45.5,15.1,9.6,192.3,342.0,196.7,190.7,23.7,43.7,1.3,1.0,40.0,2.1,5.5,0
131.3,123.0,112.0,249.7,12.3,35.0,1.7,1.3,40.0,-2.2,-1.4,74.0,157.3,190.3,207.0,13.3,30.3,2.0,2.0,80.0,-12.3,-4.3,0
155.0,149.7,278.3,272.0,30.7,25.0,1.7,1.7,40.0,3.2,3.2,253.7,125.0,247.3,244.7,35.7,20.3,1.7,2.0,30.0,0.3,0.3,1
145.0,121.5,250.0,205.5,30.0,11.5,0.0,2.5,40.0,19.1,10.7,316.0,21.0,297.0,191.0,60.0,10.0,0.0,0.0,40.0,17.0,-14.2,0
205.0,97.0,280.0,310.0,31.0,21.3,1.7,1.0,70.0,6.0,0.2,245.3,139.7,290.3,178.3,39.3,19.7,1.3,1.3,70.0,1.4,-4.8,0
68.0,197.7,406.3,193.3,40.0,33.3,0.7,0.3,44.4,6.0,-3.4,205.0,168.7,257.7,252.0,34.3,29.7,1.3,2.0,88.9,7.3,-2.7,0
182.0,208.7,446.3,324.7,42.0,37.3,1.3,2.7,44.4,11.7,2.7,231.7,123.0,158.3,352.3,43.7,36.7,0.7,2.7,77.8,0.2,-3.8,0
148.7,147.7,232.7,267.7,31.3,26.7,1.0,1.7,55.6,3.2,4.8,74.3,171.0,125.0,245.7,9.0,28.0,2.7,1.0,30.0,-7.6,1.8,1
225.7,104.3,169.0,98.0,38.0,8.3,0.0,1.7,60.0,25.6,12.0,230.7,123.7,113.0,183.3,15.7,19.0,2.3,2.7,40.0,6.1,5.6,0
141.0,268.7,255.7,165.7,36.7,33.3,1.0,1.0,100.0,-4.0,-5.2,88.3,237.7,179.0,184.0,16.7,27.3,1.3,1.7,60.0,-2.2,-2.6,0
101.3,120.3,231.7,216.3,24.3,16.0,0.7,3.0,30.0,8.0,4.1,155.0,163.7,286.3,166.3,40.3,28.3,2.3,2.3,70.0,1.3,-1.3,0
299.3,225.7,193.0,258.3,42.7,37.0,1.0,1.0,33.3,10.1,6.7,52.3,136.3,293.7,240.0,25.7,25.7,0.7,1.0,10.0,3.4,1.0,0
157.3,132.3,207.0,298.3,31.3,46.3,3.0,1.3,40.0,-5.3,-5.0,186.0,146.0,249.7,189.0,30.0,20.7,2.7,3.3,70.0,-4.5,-7.5,1
209.7,137.3,391.7,237.0,57.0,27.7,2.0,3.0,10.0,9.3,-11.0,213.0,92.0,271.5,162.5,37.5,18.0,4.5,2.5,100.0,4.8,-17.0,0
207.7,121.0,425.7,293.7,38.0,26.7,1.7,1.0,66.7,19.5,6.2,85.7,255.3,202.0,375.0,12.3,59.7,2.7,1.0,50.0,-22.9,-6.1,1
159.0,317.0,225.0,163.3,28.3,36.3,0.7,1.7,40.0,-13.5,-13.6,204.0,134.3,264.3,222.7,30.0,23.0,1.3,1.0,60.0,-10.6,-10.1,1
174.7,76.3,184.0,186.0,19.3,12.3,2.0,1.3,80.0,18.0,5.1,161.3,136.3,226.7,229.3,30.0,25.3,1.0,3.0,60.0,10.4,2.6,0
86.7,100.3,460.0,292.0,43.0,26.0,2.7,2.7,70.0,8.1,-12.4,248.7,88.3,203.3,223.0,36.0,29.0,1.7,1.3,20.0,-7.1,-9.1,1
137.3,38.3,155.7,299.0,22.7,17.0,0.7,1.3,80.0,-1.4,-7.5,195.3,97.3,232.0,151.0,33.3,9.0,0.7,2.0,60.0,8.6,0.3,0
181.7,91.0,314.0,250.7,45.0,21.0,0.7,2.3,80.0,37.0,14.3,325.0,76.7,232.7,268.0,41.0,16.7,1.3,3.0,100.0,30.7,15.1,1
209.3,209.0,247.3,217.7,27.0,26.3,1.3,1.3,40.0,3.1,-0.5,207.0,141.7,218.3,140.0,33.3,12.3,2.3,2.3,33.3,0.9,-6.4,0
157.7,105.7,239.7,222.7,29.0,21.7,2.3,2.3,60.0,-4.8,-9.1,223.0,168.7,102.7,191.0,20.7,21.3,0.3,1.0,90.0,-16.0,-12.1,1
132.3,274.3,271.3,235.7,26.3,39.0,1.3,0.0,30.0,-15.7,-6.7,44.3,93.0,245.7,293.7,21.3,20.3,0.7,2.0,40.0,-11.2,-8.4,0
350.7,290.3,110.3,307.7,30.0,48.7,1.7,1.0,70.0,-14.8,-7.6,201.7,228.3,226.3,181.7,20.7,33.3,2.0,1.3,40.0,-14.1,-7.0,0
166.7,197.3,276.0,340.3,34.7,45.3,2.0,2.3,50.0,-9.6,-1.2,108.7,178.0,160.3,343.7,22.7,33.0,0.7,1.7,72.7,-28.0,-16.8,1
215.5,144.5,48.0,147.0,17.5,15.5,2.0,1.5,55.6,2.5,1.5,164.0,368.0,102.0,178.0,14.0,63.0,1.0,0.0,44.4,-21.8,-20.1,1
116.0,175.0,191.3,270.0,17.3,34.7,1.3,1.7,50.0,-19.3,-7.2,91.7,203.3,248.3,198.7,23.0,24.0,2.7,2.7,70.0,-6.4,-3.4,1
255.0,72.3,208.0,394.7,30.7,30.3,1.7,0.7,60.0,-5.8,-7.7,112.0,219.3,252.3,147.0,19.7,22.3,1.0,0.3,40.0,-19.6,-13.1,1
313.3,153.0,240.0,240.3,35.7,34.7,1.0,0.7,60.0,10.4,5.8,176.3,186.7,265.0,263.0,27.0,30.7,2.0,1.0,30.0,8.1,2.9,1
119.0,97.7,104.0,147.0,11.0,16.7,2.7,1.7,70.0,1.7,1.5,150.3,133.3,131.7,264.0,25.3,28.7,2.0,1.3,50.0,0.9,-1.3,0
136.0,144.3,260.7,345.7,26.0,26.7,1.7,1.0,20.0,-6.8,-10.4,187.3,164.7,175.7,210.3,32.3,21.0,0.7,2.7,80.0,4.5,-1.3,1
132.0,259.7,309.0,157.0,25.7,27.3,1.7,1.0,80.0,-0.6,-2.2,106.3,157.7,234.0,265.0,35.3,26.7,0.7,3.3,70.0,3.3,-0.6,0
165.0,108.7,156.3,165.3,24.7,23.3,0.7,1.7,70.0,0.1,1.3,116.0,98.0,283.0,259.3,29.3,21.7,2.3,3.0,50.0,4.8,2.3,0
165.0,182.7,372.3,149.7,43.7,11.7,0.7,2.7,50.0,18.1,2.0,207.0,255.7,162.7,233.3,29.7,36.7,0.7,0.3,9.1,-4.0,-5.2,1
65.0,180.7,304.0,281.0,22.0,34.0,1.7,1.7,11.1,1.4,0.6,89.3,177.7,248.7,235.3,27.7,21.0,0.0,1.0,44.4,-7.6,-10.1,1
203.0,122.7,163.0,153.7,27.3,10.7,1.7,1.3,88.9,16.2,7.5,155.3,282.3,221.3,156.3,26.3,26.7,1.3,1.7,66.7,3.2,-2.2,1
351.0,89.0,89.0,167.7,27.7,13.7,1.0,1.0,77.8,3.8,-2.8,158.3,288.3,230.7,169.7,38.3,33.3,1.0,2.3,11.1,-10.7,-6.4,0
246.0,63.0,240.0,268.0,34.0,13.0,1.0,3.0,100.0,2.5,-14.1,325.0,77.0,130.0,195.0,31.0,21.0,2.0,2.0,44.4,-8.3,-12.8,1
155.7,66.0,278.0,194.0,43.3,12.0,1.0,1.7,80.0,21.6,8.6,199.0,90.7,286.0,196.0,36.7,8.7,0.0,1.3,60.0,16.1,8.2,1
350.7,222.0,114.0,193.7,30.3,25.3,2.0,1.3,30.0,-6.9,-11.1,341.0,118.0,57.7,266.3,33.0,23.0,1.7,3.0,70.0,-11.0,-10.3,1
161.0,146.7,230.0,199.7,26.7,26.3,2.3,1.7,50.0,-22.6,-12.8,202.3,122.0,180.3,235.0,17.0,18.0,1.3,2.0,0.0,-15.0,-8.3,1
34.0,198.0,216.0,270.0,10.0,41.0,4.0,2.0,11.1,-6.5,-8.5,196.0,377.0,196.0,346.0,31.0,77.0,2.0,2.0,20.0,-11.7,-11.0,0
258.0,55.0,268.0,283.0,59.0,27.0,0.0,1.0,80.0,12.5,-17.2,242.0,80.0,194.3,172.7,28.7,18.3,2.7,0.3,80.0,6.7,-0.5,0
190.0,284.0,255.0,67.0,24.0,35.0,3.0,1.0,10.0,-7.7,-11.6,121.0,109.0,433.0,385.0,46.5,36.5,1.5,1.5,80.0,0.0,-4.0,1
192.5,213.5,247.0,291.0,29.5,38.0,0.5,3.0,10.0,-5.9,-14.2,145.0,188.5,194.5,182.5,24.0,25.5,3.0,1.0,50.0,-11.7,-11.7,1
287.0,80.0,137.0,106.0,34.0,6.0,1.0,1.0,77.8,0.8,-16.5,111.0,171.0,92.0,279.0,13.0,42.0,1.0,0.0,55.6,-10.3,10.2,1
163.3,155.7,263.3,263.3,33.0,26.3,1.0,2.7,70.0,10.1,2.3,156.7,262.3,349.3,208.7,40.0,45.7,3.3,2.0,80.0,10.2,3.5,1
165.0,200.7,179.3,154.7,31.3,21.3,0.7,2.3,40.0,5.1,-4.8,147.3,159.0,204.0,162.7,24.7,32.0,3.0,2.0,30.0,-17.7,-12.6,0
191.3,185.0,342.7,218.7,46.7,32.0,1.7,2.0,100.0,20.0,7.6,180.0,109.0,154.0,249.0,20.7,13.3,0.7,2.0,55.6,6.2,5.0,1
155.7,111.0,223.7,195.0,27.3,11.0,0.7,2.3,81.8,-5.0,-2.3,289.7,64.7,127.7,198.0,28.7,8.0,1.0,3.7,90.0,4.0,-2.9,0
212.0,159.0,314.5,220.0,39.5,30.5,1.0,0.0,66.7,4.5,-7.3,224.0,179.0,264.5,286.0,23.5,30.5,2.5,3.0,70.0,-7.8,-9.8,1
231.0,245.3,210.3,158.0,33.0,20.7,1.3,1.0,44.4,9.9,-0.3,91.3,178.0,196.0,160.3,14.3,18.3,1.7,1.3,66.7,-4.0,-3.7,0
229.3,134.3,278.3,143.3,42.7,20.3,1.3,1.3,80.0,13.1,-0.4,175.3,149.3,123.0,244.0,19.7,21.3,1.7,1.0,77.8,8.0,1.3,0
208.3,107.0,180.7,131.7,28.7,10.0,1.7,1.7,30.0,5.5,-2.0,84.7,149.3,244.7,211.7,25.0,25.0,1.0,3.3,20.0,-3.7,-4.7,0
98.0,141.3,296.0,274.0,30.0,29.0,3.0,1.0,30.0,11.3,7.0,154.3,179.7,197.3,199.3,24.3,29.7,2.3,1.3,80.0,-4.7,-0.4,1
108.0,232.0,193.0,265.7,23.0,45.0,2.3,1.0,40.0,2.3,1.9,40.0,128.7,200.0,174.7,14.3,26.0,1.7,1.3,40.0,3.5,0.1,1
98.3,183.7,210.3,215.7,23.3,23.0,1.3,1.7,22.2,-11.5,-7.1,107.0,155.3,291.3,226.0,21.7,23.0,3.3,1.7,11.1,-11.2,-7.9,1
113.3,165.0,318.3,200.3,29.3,16.7,0.7,1.0,30.0,5.5,0.6,148.7,152.0,161.0,150.0,13.0,17.0,1.7,1.3,50.0,12.5,0.7,0
166.0,151.7,145.7,272.0,19.3,39.0,2.3,1.0,72.7,-23.1,-10.1,76.7,213.7,435.0,302.7,40.7,39.3,3.0,2.3,80.0,-22.2,-7.6,1
142.3,145.0,162.0,147.3,16.3,18.7,1.7,1.7,70.0,0.8,-1.0,137.7,82.3,220.0,196.0,16.7,18.3,2.0,0.7,50.0,6.9,3.3,1
230.3,124.0,260.0,253.7,35.7,20.7,1.3,2.0,70.0,20.3,11.4,162.7,115.7,261.7,213.7,28.7,15.7,1.0,1.0,50.0,16.9,9.3,0
161.3,200.7,144.7,286.7,27.7,36.7,2.7,3.3,70.0,3.9,3.6,156.0,95.0,283.5,304.5,36.0,31.5,2.0,2.5,30.0,-11.7,-16.2,1
96.0,203.0,183.0,227.3,18.3,37.3,2.0,1.3,70.0,0.4,3.3,75.3,179.3,331.7,215.3,23.7,29.0,2.0,1.3,50.0,-1.2,1.5,1
96.3,108.0,282.7,224.0,23.0,22.3,3.0,1.7,70.0,-1.0,-9.2,132.0,239.3,198.7,275.7,21.3,37.3,1.7,1.0,50.0,-9.0,4.2,1
117.3,165.0,291.3,249.7,32.3,25.0,2.0,4.0,70.0,14.1,8.1,73.3,275.7,181.3,271.7,11.0,48.3,0.7,1.0,30.0,-9.1,0.7,0
131.7,168.7,307.3,153.3,29.0,29.3,1.7,1.3,18.2,4.2,3.1,189.5,51.5,262.0,145.5,43.5,5.0,1.5,3.5,80.0,25.6,4.1,1
145.0,211.3,249.0,208.7,34.7,27.7,0.7,2.7,70.0,9.4,4.9,133.0,286.7,135.3,170.3,15.7,35.7,1.7,1.0,80.0,-4.2,-0.6,1
202.5,74.5,427.5,305.0,49.0,24.0,2.0,1.5,10.0,15.6,-2.8,147.5,152.5,258.5,296.5,22.5,25.0,2.5,2.0,30.0,2.5,3.1,0
156.3,147.0,215.7,299.3,25.7,28.7,1.7,2.0,33.3,24.3,13.4,126.0,193.7,88.0,245.3,10.3,40.3,2.7,1.0,50.0,-18.2,-5.7,0
209.5,199.5,228.5,290.5,41.5,34.5,1.0,1.5,60.0,13.8,5.0,99.0,92.0,92.0,280.0,0.0,34.0,1.0,1.0,30.0,-10.5,-10.2,1
88.0,141.3,238.0,142.3,22.7,23.0,1.7,1.3,70.0,-1.8,-1.9,171.0,240.7,273.0,227.0,22.3,47.7,3.3,0.3,40.0,-13.1,-5.7,1
196.3,195.7,262.7,199.3,38.0,32.0,1.0,1.0,50.0,5.8,-1.5,174.0,115.7,141.3,150.3,19.3,11.0,1.0,3.0,70.0,-6.7,-4.7,1
219.3,144.0,360.0,262.3,58.3,22.7,1.3,3.3,30.0,9.9,-12.4,24.0,215.0,275.0,202.3,17.0,37.7,3.0,1.0,70.0,-20.8,-11.0,1
189.0,119.0,236.3,104.0,36.3,12.3,1.0,1.7,100.0,18.8,2.0,232.3,117.7,162.7,147.0,28.0,14.7,2.0,2.7,30.0,5.2,-2.7,1
109.7,121.7,262.0,230.0,25.0,20.0,0.7,1.0,80.0,6.2,-1.1,158.0,204.7,167.3,305.7,18.3,39.0,1.3,1.3,70.0,-9.3,-1.1,1
205.7,113.0,232.3,348.0,32.3,23.7,1.0,1.3,80.0,2.4,-1.8,324.0,144.0,89.0,238.0,28.7,32.7,1.3,1.3,77.8,3.2,0.9,1
261.3,156.3,262.7,296.0,39.3,26.0,1.7,1.7,40.0,-1.9,-5.6,180.0,83.7,319.7,356.0,47.0,36.7,1.3,1.7,70.0,-9.0,-10.5,0
163.7,99.3,198.7,195.0,28.7,13.3,1.7,3.0,80.0,10.0,6.0,99.7,205.3,94.0,161.0,9.3,37.0,2.0,1.3,50.0,-11.0,-6.1,0
131.7,100.7,180.7,237.0,16.0,18.3,1.7,1.3,77.8,5.8,2.8,95.0,188.0,228.0,280.7,24.0,24.0,0.3,1.3,30.0,11.5,5.5,1
44.3,120.3,198.0,162.0,19.7,20.3,1.7,1.3,20.0,-1.7,-4.9,62.3,177.0,201.0,234.3,8.7,29.7,2.0,1.7,80.0,-8.2,-7.2,1
166.0,239.7,245.3,197.7,28.7,25.7,1.0,1.3,70.0,-11.3,-8.2,183.7,180.7,215.0,212.3,31.0,29.7,1.7,1.3,80.0,3.5,3.9,0
108.3,157.7,212.0,151.7,17.0,18.3,1.7,1.3,30.0,3.6,2.1,84.7,149.0,209.3,221.7,20.0,27.3,2.0,2.0,81.8,2.4,3.7,0
82.7,110.3,344.7,356.3,30.3,31.3,1.7,1.7,66.7,4.3,3.8,105.7,226.3,215.0,293.7,17.0,41.7,0.0,0.7,66.7,-4.3,1.1,1
170.3,137.7,189.0,217.3,20.3,25.7,0.7,0.7,66.7,6.9,9.7,123.7,172.7,215.7,331.7,25.7,40.0,1.3,0.7,90.0,-3.9,2.7,1
140.0,161.7,156.7,173.0,22.0,15.0,1.3,2.7,40.0,2.4,1.4,188.7,193.7,180.0,313.7,17.3,39.7,1.3,0.7,70.0,-8.9,-5.2,1
193.0,183.0,77.5,77.5,8.5,14.0,0.5,1.0,77.8,-8.1,-8.0,168.5,116.0,221.0,345.0,19.0,34.0,1.0,0.5,40.0,-16.6,-15.6,1
127.0,107.0,220.3,193.0,19.0,19.3,0.7,0.7,30.0,4.2,1.2,325.7,110.0,179.3,150.3,35.7,13.7,1.0,1.7,30.0,6.7,-0.6,1
236.7,151.0,128.0,334.7,23.0,34.0,1.0,1.3,66.7,-9.8,-12.7,140.7,234.3,286.0,342.3,30.7,48.3,1.0,2.0,33.3,-25.2,-19.2,0
138.0,158.7,213.3,149.3,27.3,20.0,1.0,1.3,60.0,15.9,3.3,175.7,132.3,233.0,187.3,34.7,23.3,1.0,1.7,80.0,7.5,1.0,1
178.7,96.7,196.7,191.7,26.0,7.3,1.0,2.3,44.4,1.1,-4.6,194.3,263.3,176.0,201.3,24.0,27.0,1.0,2.7,44.4,-2.9,-7.6,0
177.3,175.7,292.7,251.0,35.0,39.0,3.0,0.7,70.0,5.6,2.7,116.3,258.0,306.3,244.7,26.7,50.3,4.0,1.3,50.0,0.6,1.2,1
178.3,129.0,250.0,174.7,40.0,20.7,1.0,2.7,60.0,4.1,2.1,116.0,251.3,186.7,258.3,22.7,41.0,2.7,1.3,30.0,-10.7,-10.2,1
90.3,157.7,252.7,207.3,22.3,20.7,1.0,1.0,10.0,-11.1,-7.1,129.0,226.0,197.7,293.3,27.0,43.3,3.3,2.3,90.0,-30.9,-8.8,1
48.3,157.3,253.3,168.7,13.3,28.0,3.3,2.0,90.0,-1.4,6.0,177.0,84.0,184.0,105.5,20.0,10.0,1.0,1.0,40.0,8.1,-5.1,1
71.0,287.3,207.7,190.0,18.0,35.7,2.3,1.3,50.0,-19.5,-8.8,195.3,170.7,264.0,284.0,29.3,39.0,2.0,1.0,30.0,-21.7,-11.3,0
168.7,96.3,302.0,230.7,32.7,24.7,3.7,2.3,70.0,-0.1,-10.6,339.3,200.3,97.7,164.3,31.7,24.3,1.7,2.3,80.0,1.7,-4.5,0
252.0,33.3,144.0,129.3,26.3,9.3,0.7,1.7,77.8,-4.6,-8.5,225.3,75.0,191.7,221.0,47.0,19.3,0.7,4.7,55.6,7.3,3.4,0
153.7,169.3,201.0,191.0,21.7,21.3,2.0,1.3,80.0,1.0,-3.0,84.3,121.7,268.7,209.0,23.0,16.0,1.7,2.7,50.0,5.9,1.3,0
250.7,173.7,159.7,233.7,35.3,19.3,1.3,2.7,77.8,16.3,3.9,126.0,105.0,245.3,219.3,24.7,22.0,1.0,2.0,50.0,-7.4,-11.1,1
22.0,363.0,238.0,268.0,28.0,59.0,1.0,1.0,50.0,-2.3,-2.9,156.0,183.5,93.5,239.0,17.5,29.5,1.5,1.0,90.9,-4.7,0.0,1
109.7,143.0,249.3,186.7,25.7,23.7,3.0,3.7,50.0,5.3,2.3,76.0,133.0,218.0,270.7,21.3,36.0,2.3,1.7,50.0,-10.0,1.9,1
136.0,167.0,318.0,211.3,28.3,25.3,2.7,1.7,50.0,9.0,-3.7,206.3,133.7,207.3,197.3,40.0,16.0,2.7,3.3,70.0,12.3,2.7,1
145.7,253.7,209.7,164.0,15.7,35.3,1.0,0.7,60.0,-8.6,-13.0,82.0,160.0,313.3,294.3,29.3,26.0,1.3,1.7,30.0,-0.8,-5.7,0
248.0,173.7,266.3,138.7,46.0,20.3,1.0,1.7,60.0,15.9,-2.4,299.7,53.0,201.0,158.3,50.3,16.0,2.7,3.0,60.0,21.7,3.7,0
243.0,126.0,346.7,295.0,45.3,31.0,1.3,1.0,77.8,21.2,9.9,125.0,73.7,283.0,299.0,27.0,22.7,2.3,2.0,77.8,11.4,5.6,0
201.7,184.3,188.3,144.0,30.3,13.3,1.3,2.3,50.0,-6.9,-5.4,59.0,227.3,136.7,145.7,6.7,42.0,2.7,0.7,36.4,-35.6,-19.3,0
126.3,146.3,264.3,209.3,26.7,11.3,0.7,1.0,50.0,3.5,-5.5,119.3,157.0,286.0,323.3,25.3,37.0,1.7,1.3,10.0,-16.2,-13.1,0
159.3,234.3,326.7,243.0,29.0,33.3,2.0,2.3,30.0,-11.1,-8.7,57.7,198.3,251.3,176.0,22.7,28.0,2.3,2.0,60.0,-6.5,-6.6,1
182.0,103.5,124.5,265.0,30.5,18.0,1.0,3.0,50.0,7.0,1.9,147.0,390.0,250.0,168.0,14.0,48.0,2.0,0.0,0.0,-18.8,2.2,0
316.0,177.0,163.7,230.3,37.0,25.0,0.3,0.7,60.0,-2.1,-9.2,262.0,195.7,202.0,173.3,33.3,27.7,1.0,0.7,60.0,-6.4,-7.0,1
304.3,108.7,199.7,128.0,49.0,14.0,1.3,2.3,70.0,19.5,3.3,158.0,96.0,265.7,215.0,26.0,14.3,1.3,1.0,30.0,9.5,1.6,1
172.7,100.3,235.3,275.7,30.0,23.0,0.7,2.3,60.0,5.4,-2.2,260.3,147.3,71.0,112.7,22.0,24.3,1.7,1.0,40.0,-14.6,-11.7,1
112.5,121.0,256.0,261.0,21.0,31.5,2.5,1.0,70.0,-4.2,-8.4,123.0,272.5,130.5,355.5,8.5,53.0,1.5,1.5,72.7,-26.7,-19.7,1
353.0,119.0,312.0,1.0,56.0,3.0,1.0,0.0,44.4,21.6,-9.6,351.0,70.0,184.0,8.0,41.0,7.0,3.0,1.0,40.0,18.9,-10.7,1
149.3,162.7,201.0,267.0,28.0,29.7,0.7,0.7,44.4,6.0,4.1,167.0,239.7,318.3,315.7,35.0,43.0,0.3,1.3,50.0,-8.4,-3.9,1
119.7,295.7,244.7,217.0,25.3,45.3,1.0,0.3,80.0,-3.1,1.8,97.7,294.7,406.7,111.3,36.0,29.0,2.3,2.0,77.8,-8.8,-15.9,1
98.7,58.7,200.0,221.7,10.3,19.0,1.7,1.0,80.0,0.5,0.7,104.0,219.3,169.7,144.0,11.0,36.0,3.3,1.7,40.0,-11.9,-5.1,1
116.0,144.7,288.0,195.3,29.7,21.7,2.0,2.3,70.0,-6.1,-5.5,60.0,210.3,311.7,253.3,24.7,39.0,2.3,1.0,30.0,-12.2,-5.0,0
93.0,132.0,117.0,233.0,7.0,17.0,4.0,2.0,55.6,5.7,10.1,188.0,214.0,112.0,284.0,17.0,43.0,1.0,0.0,77.8,-14.0,-16.5,1
221.3,178.0,186.3,185.3,32.3,17.3,0.7,0.7,40.0,0.3,-6.6,191.0,145.3,273.7,238.7,33.0,23.7,1.3,1.0,40.0,8.3,-1.1,1
125.7,169.0,230.3,217.3,26.3,18.7,1.0,1.0,50.0,12.0,5.0,159.0,89.0,289.0,224.0,34.7,20.7,1.0,1.7,55.6,4.8,-2.0,1
203.7,196.3,227.3,185.3,34.0,32.3,2.0,1.3,10.0,5.6,-2.7,159.7,67.7,199.7,251.3,23.0,13.0,1.3,1.3,70.0,10.7,0.2,0
249.7,111.7,211.3,175.7,45.0,9.0,0.3,2.3,80.0,29.0,8.3,200.3,137.0,262.3,252.7,28.3,35.7,2.0,1.0,45.5,5.5,5.6,0
280.0,203.7,283.7,172.3,46.0,20.7,2.3,1.3,70.0,5.8,-5.7,292.3,153.3,169.0,290.0,39.0,24.3,2.3,2.0,20.0,-8.1,-8.6,0
129.0,78.0,181.0,185.0,30.0,14.0,0.0,2.0,80.0,8.3,-3.7,159.0,196.0,304.5,324.0,38.0,40.0,2.5,2.0,44.4,2.1,-2.1,0
226.0,98.7,201.3,223.3,37.7,18.0,2.0,2.3,60.0,2.3,-9.8,305.3,114.3,99.0,306.0,46.0,22.7,0.7,2.0,60.0,-0.9,-19.1,0
157.3,190.0,238.3,248.3,24.0,24.7,1.0,0.7,66.7,15.7,12.5,140.3,155.7,289.3,288.0,21.3,28.3,1.3,0.3,44.4,-0.5,0.1,0
184.7,262.3,264.7,202.3,31.3,23.3,1.3,1.7,77.8,-1.5,-11.5,127.3,268.0,274.3,253.3,38.3,50.7,1.7,1.3,0.0,-14.5,-9.9,1
183.7,198.7,275.7,275.3,39.7,43.7,2.0,3.0,60.0,-10.1,-7.2,205.3,145.3,150.0,252.3,12.0,33.0,2.0,0.7,40.0,-13.1,-10.0,1
216.3,60.7,224.7,269.0,31.3,20.7,1.3,2.0,80.0,4.7,0.7,214.0,251.7,187.3,206.3,29.7,30.7,2.3,2.3,20.0,-3.6,1.3,1
184.3,141.0,188.7,134.0,23.0,10.7,1.3,1.3,30.0,16.4,7.0,155.3,213.3,310.3,213.0,34.3,39.7,2.7,1.0,50.0,-3.0,-2.3,1
97.3,167.3,251.0,202.7,26.3,31.3,1.3,0.7,100.0,5.7,2.2,91.7,204.3,191.0,261.3,7.7,43.3,1.7,0.3,50.0,-19.0,-9.8,1
292.7,140.3,209.0,319.3,39.3,34.0,1.3,1.7,88.9,7.7,5.4,152.7,181.0,233.0,230.7,27.0,32.0,1.7,2.0,50.0,2.0,-0.3,1
120.0,129.7,282.0,254.3,20.0,25.7,3.0,1.7,50.0,-7.8,-5.7,107.0,179.3,261.7,228.0,24.0,29.7,4.0,2.0,100.0,-1.4,-3.2,0
233.0,76.0,235.7,251.7,30.3,15.7,1.0,3.0,70.0,16.9,4.8,125.7,209.7,139.7,313.0,19.0,37.0,0.0,1.0,50.0,-3.1,0.4,1
202.7,125.7,303.3,281.3,41.3,28.3,2.3,2.0,50.0,11.6,-0.5,117.7,99.0,257.3,326.3,32.7,21.7,1.3,2.7,60.0,14.3,6.6,0
218.7,110.7,269.3,157.0,46.0,19.0,1.0,1.0,60.0,16.3,-1.6,238.7,157.3,201.7,276.3,31.0,17.7,1.7,1.3,40.0,9.8,-0.9,0
158.0,99.0,260.0,216.3,36.3,10.3,0.3,3.0,80.0,13.8,-5.2,329.5,61.5,197.0,231.5,30.0,18.5,1.0,1.0,30.0,-1.5,-9.3,1
184.0,173.0,123.3,69.0,23.3,11.0,1.3,2.3,88.9,10.6,4.2,206.3,161.3,135.7,217.7,21.0,29.3,3.0,1.0,88.9,8.7,6.8,1
192.3,208.3,208.3,134.0,30.3,31.0,2.3,1.0,33.3,-7.5,-6.9,146.7,222.7,111.0,192.7,11.0,27.3,1.7,1.7,77.8,-7.4,-2.5,0
264.7,152.3,131.3,199.7,31.7,26.0,2.0,2.0,30.0,0.8,-1.2,316.3,210.0,70.7,200.7,31.3,28.3,2.3,2.3,55.6,-8.6,-8.6,0
187.7,153.0,244.7,179.7,34.7,13.3,1.0,1.3,77.8,29.9,6.5,223.7,146.3,333.3,279.3,35.3,36.0,3.0,1.7,100.0,-0.2,-1.0,1
238.0,129.0,208.3,227.0,32.0,26.3,2.0,1.0,90.9,-3.2,-10.3,198.3,143.3,261.0,164.0,41.3,28.7,0.7,1.0,50.0,5.2,-0.9,0
149.0,196.0,130.7,198.0,24.3,23.7,1.0,2.3,66.7,-0.8,-0.3,162.0,196.3,80.3,274.7,17.0,37.0,1.3,1.0,50.0,-19.7,-9.3,1
123.7,131.3,241.3,177.0,39.7,16.0,0.7,3.3,100.0,32.7,10.3,54.3,181.0,218.7,229.0,21.3,35.7,2.3,0.3,100.0,-4.6,2.1,1
0.0,0.0,0.0,0.0,17.0,23.3,0.3,1.0,80.0,9.6,5.8,0.0,0.0,0.0,0.0,24.3,29.7,0.7,0.7,60.0,-7.7,-1.0,1
181.3,92.3,243.3,220.7,31.7,16.3,2.3,2.3,50.0,-1.7,-7.7,111.7,173.3,132.0,161.7,10.3,29.7,3.3,1.3,40.0,-23.2,-9.3,1
154.0,128.3,311.0,299.7,40.0,24.0,1.0,2.0,30.0,9.7,5.5,138.3,224.3,151.7,125.3,15.7,26.3,1.3,1.3,77.8,4.5,6.9,1
89.3,151.3,342.0,199.0,26.7,26.3,2.0,1.3,36.4,6.8,-0.3,138.7,99.0,211.3,265.7,21.3,19.0,1.7,0.7,70.0,4.1,-0.3,0
238.7,74.3,190.0,217.7,38.7,22.3,2.3,1.0,100.0,10.9,-0.6,306.7,72.7,106.0,199.3,37.7,14.3,0.0,2.0,30.0,9.2,0.2,0
186.7,55.0,363.0,229.3,40.0,13.7,0.7,1.0,88.9,13.7,-6.0,157.0,70.0,319.0,141.0,49.0,31.0,5.0,0.0,80.0,6.9,-0.5,1
120.7,221.0,229.3,157.7,24.3,23.7,2.0,2.7,33.3,8.3,4.8,110.7,307.3,340.0,261.3,34.7,42.3,1.3,2.0,22.2,-7.0,-5.5,1
212.3,100.3,308.3,172.7,43.0,14.0,1.3,2.0,44.4,26.0,11.6,235.3,36.7,164.3,175.7,36.0,11.7,0.7,2.3,88.9,32.1,12.8,0
285.7,178.0,200.3,240.0,46.0,24.0,0.7,1.3,30.0,13.2,3.1,88.0,201.0,266.3,159.7,16.7,28.0,4.7,0.7,50.0,-12.8,-6.1,1
259.7,149.7,211.7,266.0,32.0,27.3,1.0,1.7,60.0,-5.7,-7.9,188.7,103.7,208.0,258.7,23.7,18.7,1.7,3.3,30.0,-8.3,-11.0,0
327.0,138.3,113.7,303.3,25.3,22.7,1.3,1.3,80.0,-5.0,-6.9,334.3,250.0,81.0,135.0,26.7,37.3,1.7,2.0,55.6,-16.4,-9.3,1
213.0,87.3,261.3,255.7,33.3,28.3,4.7,1.7,36.4,2.3,-4.6,88.3,85.0,250.0,287.3,21.3,32.0,3.7,3.0,30.0,-7.8,-4.2,1
235.3,94.0,235.3,192.3,37.3,25.3,1.7,1.3,90.0,12.1,3.4,119.7,148.3,260.0,231.7,29.0,24.3,0.7,2.3,50.0,0.5,0.0,1
220.7,77.3,225.7,190.7,42.3,17.0,1.7,2.0,18.2,10.7,6.5,55.0,268.3,270.0,82.0,22.3,30.7,2.3,1.0,30.0,-5.6,0.4,0
195.3,20.7,154.3,182.7,29.7,14.3,1.0,0.7,66.7,20.8,0.2,289.7,160.3,58.7,271.7,20.7,33.3,2.0,1.0,88.9,5.8,2.3,1
85.7,171.3,233.3,181.3,21.3,22.7,2.3,1.3,60.0,2.5,4.4,118.5,148.5,286.0,247.0,30.5,30.5,3.0,2.0,50.0,-3.0,-12.8,1
280.5,78.0,195.0,353.5,44.5,33.0,1.0,4.0,100.0,3.7,-5.0,129.0,195.0,138.0,166.0,7.0,28.0,1.0,2.0,22.2,4.4,0.8,0
264.7,98.0,298.3,317.3,62.0,30.3,0.7,4.3,80.0,26.1,7.9,118.7,142.3,469.3,210.0,52.7,24.7,1.3,3.0,90.9,21.5,6.0,1
227.7,90.0,269.0,253.0,41.0,15.3,1.7,2.7,70.0,10.0,-2.8,111.0,146.3,204.0,201.7,13.3,22.7,2.3,2.7,50.0,-0.8,-4.5,0
119.0,168.7,205.3,257.7,22.0,26.7,3.0,3.0,40.0,-13.4,-12.3,121.7,249.0,161.0,212.3,10.3,39.0,2.0,0.7,36.4,-31.4,-15.2,1
103.5,133.0,374.0,282.0,25.5,27.0,1.5,1.5,70.0,4.2,3.7,131.0,168.0,263.0,341.0,31.0,27.0,1.0,3.0,40.0,4.9,-10.1,0
89.0,214.7,197.3,303.7,19.7,38.3,1.3,1.3,50.0,-3.1,-2.9,207.7,208.7,220.3,232.0,31.0,38.0,2.3,0.7,77.8,4.9,0.6,1
124.3,65.3,166.3,219.0,18.7,22.0,3.0,2.0,80.0,-0.1,-0.7,238.7,87.7,184.7,230.3,34.0,13.7,1.3,2.0,30.0,12.7,-0.6,1
263.0,159.0,265.3,326.7,47.3,34.0,1.3,1.0,80.0,17.1,4.9,210.0,206.7,228.7,176.0,32.0,30.3,1.3,1.0,90.9,0.2,-1.3,1
180.3,222.3,115.0,186.0,24.0,29.3,2.0,0.7,50.0,-4.1,-4.2,66.0,308.3,231.7,206.3,24.0,47.3,3.0,3.0,30.0,-13.8,-5.8,0
190.0,239.3,167.7,165.0,21.7,22.7,2.3,2.3,30.0,-13.0,-5.3,94.3,192.0,154.0,160.0,21.0,24.0,1.0,2.3,20.0,-12.4,-14.5,1
209.0,254.7,161.3,228.0,27.3,41.3,2.3,1.0,11.1,-16.0,-10.4,120.0,200.3,305.3,289.0,31.0,38.3,1.7,1.0,50.0,-3.4,-3.3,1
111.5,127.0,385.0,227.5,37.0,26.5,1.0,0.5,11.1,-8.5,-10.6,107.0,289.0,102.0,221.0,10.0,40.0,2.0,0.0,55.6,-14.2,3.5,0
140.3,126.3,353.3,281.7,38.7,23.7,0.7,1.7,50.0,17.9,2.5,137.0,59.7,225.7,221.3,35.7,17.0,1.3,2.3,30.0,13.2,3.6,0
87.7,105.7,227.7,273.0,21.7,28.7,1.3,2.3,50.0,3.0,4.2,166.7,222.7,200.7,89.3,21.3,18.0,0.7,1.7,9.1,1.8,-1.0,1
302.3,216.0,111.7,242.7,30.0,32.0,0.7,1.0,66.7,-8.8,-11.7,207.7,230.0,292.3,255.3,50.7,43.3,2.0,1.3,44.4,-2.9,-4.8,1
112.7,273.7,222.0,309.7,14.7,44.7,1.7,0.7,11.1,-22.8,-12.6,154.0,159.7,236.7,318.7,19.3,34.3,1.3,1.3,33.3,-12.4,-7.8,0
122.3,246.7,346.7,289.7,22.7,41.0,3.3,2.0,80.0,-9.2,-4.5,246.7,287.3,262.3,226.3,37.7,44.7,1.7,1.3,50.0,-12.6,-3.4,1
94.3,126.7,293.3,208.7,19.7,20.0,2.0,2.7,70.0,2.2,-0.5,138.7,107.0,204.3,256.7,23.7,18.0,1.3,2.0,70.0,-0.4,-2.6,0
135.0,143.0,169.0,227.0,17.0,24.0,1.0,4.0,30.0,-0.8,4.3,76.0,403.0,283.0,6.0,23.0,28.0,1.0,2.0,70.0,-0.3,3.8,0
195.3,118.7,140.0,254.7,26.7,30.0,1.7,1.3,40.0,-10.6,-10.5,67.7,225.0,204.7,346.7,12.7,40.3,1.0,1.3,10.0,-26.5,-19.2,0
182.3,147.7,371.0,213.3,41.3,21.7,2.0,0.7,77.8,17.5,5.5,244.5,184.0,328.0,91.0,44.5,3.0,1.0,5.5,40.0,16.9,-9.2,1
231.7,126.3,291.7,257.3,50.3,25.3,0.7,4.0,50.0,-1.6,-7.4,178.3,156.3,251.7,287.7,22.0,27.3,1.3,2.0,33.3,-19.7,-15.8,0
167.3,166.7,304.0,211.0,34.7,27.3,1.3,1.0,80.0,1.9,-1.3,199.3,136.0,261.3,273.3,34.7,37.7,1.7,0.7,90.0,14.0,11.1,0
233.3,160.3,270.0,158.0,47.0,16.3,0.7,1.0,30.0,13.5,1.9,349.3,175.3,76.0,193.0,29.3,20.7,1.7,2.3,90.0,2.3,-3.4,1
244.7,141.3,165.0,218.7,25.0,13.3,0.7,1.0,40.0,5.4,-3.9,142.7,255.0,199.3,189.3,28.0,32.0,1.3,1.0,66.7,-11.5,-12.7,1
138.0,234.0,277.0,201.0,26.0,22.0,1.0,1.0,80.0,1.5,-0.4,55.0,119.0,207.0,149.0,10.0,6.0,2.0,3.0,90.9,1.6,1.9,0
244.3,188.0,127.3,187.3,21.0,26.3,1.0,0.7,55.6,-4.0,-6.6,144.0,318.7,198.0,335.0,25.7,62.7,1.7,2.3,0.0,-42.6,-24.0,0
163.0,90.3,194.0,324.0,18.7,27.7,2.3,1.0,70.0,-15.3,-9.0,69.3,191.0,302.7,263.7,17.3,39.0,1.0,0.3,50.0,-22.8,-14.7,1
89.7,173.0,125.7,205.0,14.7,25.0,1.3,2.3,50.0,-13.1,3.1,134.0,175.0,219.7,319.0,16.3,58.0,3.0,0.3,90.0,-28.9,2.3,1
112.5,82.0,125.5,204.0,30.5,11.5,1.0,3.5,60.0,19.9,10.6,226.0,305.0,110.0,292.0,10.0,41.0,2.0,5.0,40.0,-5.1,-5.7,1
115.3,114.7,319.0,283.3,35.7,27.3,1.0,1.7,80.0,16.8,8.2,151.0,334.7,162.3,137.0,28.3,40.3,3.0,2.7,70.0,10.3,2.0,0
154.3,75.3,125.3,230.0,21.7,14.7,1.7,4.0,9.1,4.9,-1.6,117.7,107.3,200.7,220.7,26.0,22.7,1.0,3.0,70.0,2.1,0.2,0
171.7,242.3,233.3,128.3,34.3,29.3,1.7,1.7,80.0,3.3,0.9,140.7,274.7,316.0,244.0,31.3,31.3,2.0,1.3,33.3,9.6,7.6,1
172.3,103.3,225.7,275.0,35.0,17.0,1.3,2.0,33.3,12.1,1.5,105.0,198.7,226.3,211.0,22.3,20.3,0.7,1.3,77.8,14.0,3.2,0
177.3,193.3,274.3,346.3,36.0,28.7,1.0,1.0,90.9,10.3,9.4,244.0,180.0,236.3,205.3,24.3,32.0,1.7,1.3,90.9,12.9,6.6,0
191.7,74.3,173.3,181.0,26.7,8.3,1.3,3.7,80.0,2.5,-3.2,119.3,170.0,151.7,211.3,14.7,29.0,2.3,1.7,36.4,-16.7,-10.4,0
117.0,157.0,213.0,294.5,19.5,37.5,1.5,1.5,50.0,-8.3,-4.9,80.0,42.5,237.5,265.0,21.5,31.0,3.0,1.5,50.0,-4.5,-8.7,1
226.7,76.0,325.3,162.3,44.0,11.3,2.7,1.0,50.0,19.5,-1.1,230.0,104.7,220.7,219.0,23.3,29.3,2.7,1.7,30.0,2.2,0.6,1
26.3,275.3,338.3,162.3,29.0,29.3,1.0,1.3,20.0,1.1,-3.8,143.0,300.7,295.7,206.3,27.7,38.7,2.3,1.3,20.0,-8.4,-7.3,1
138.7,121.7,404.7,262.3,37.7,18.7,1.3,1.7,90.0,16.3,1.9,107.7,161.3,156.7,215.7,25.0,19.3,0.7,3.7,70.0,-0.3,2.9,1
130.7,119.3,290.3,271.3,34.0,32.7,0.3,1.7,70.0,16.3,7.4,239.3,145.0,171.0,252.7,36.0,37.7,1.3,1.7,20.0,10.4,2.6,1
157.0,134.0,319.0,116.0,38.0,7.0,0.0,2.0,40.0,5.0,-24.4,91.0,251.0,80.0,325.0,10.0,43.0,2.0,2.0,50.0,-14.0,7.1,0
266.0,173.0,176.0,228.3,37.7,29.3,1.0,1.7,70.0,14.9,2.6,173.7,205.0,177.0,261.3,26.0,39.3,1.7,1.3,50.0,-14.9,-7.9,0
153.7,133.0,280.3,335.3,26.0,30.7,1.7,2.0,70.0,0.6,-3.4,156.7,116.0,54.7,221.0,12.7,23.3,2.0,1.3,70.0,-21.3,-14.8,0
177.3,238.7,374.3,263.3,38.7,39.3,0.7,0.3,11.1,8.5,4.1,189.3,80.3,371.0,262.7,49.0,21.7,0.7,2.3,40.0,18.1,5.7,0
135.0,78.7,147.7,184.3,24.7,23.0,1.7,2.7,80.0,3.6,4.7,104.7,148.3,194.7,170.0,16.7,17.3,2.0,2.0,50.0,1.0,-3.3,1
153.7,207.3,165.0,201.0,14.7,20.3,2.7,1.3,60.0,1.6,-5.3,194.3,154.3,245.3,340.7,31.3,38.3,1.3,2.0,18.2,2.6,3.3,1
171.3,96.0,96.7,211.7,21.7,18.7,1.7,1.7,77.8,-1.2,-8.2,125.0,105.7,218.0,290.3,24.0,38.0,0.7,1.7,22.2,-9.9,-2.4,0
137.3,95.7,228.3,231.3,25.3,23.7,1.3,2.0,60.0,-6.2,-5.4,81.3,147.3,314.7,144.0,27.3,17.0,2.7,1.7,60.0,-2.3,-6.9,1
98.0,252.0,292.3,241.0,25.0,43.0,1.0,1.3,77.8,-16.0,-10.2,212.0,366.0,305.0,344.0,35.0,65.0,2.0,0.0,88.9,-13.0,-13.1,1
0.0,0.0,0.0,0.0,35.7,30.3,0.7,0.7,60.0,13.5,7.2,0.0,0.0,0.0,0.0,34.7,23.7,1.0,0.7,90.0,26.8,9.4,0
70.0,315.0,423.0,220.0,31.0,52.0,3.0,3.0,60.0,-8.5,7.3,29.0,168.0,222.0,208.0,17.0,23.0,3.0,1.0,30.0,-4.1,-5.8,1
217.7,161.0,337.7,325.0,41.3,34.0,0.7,1.0,11.1,1.3,-4.0,121.3,172.0,295.7,210.3,28.7,30.3,1.7,1.3,44.4,-22.0,-13.8,1
224.0,419.0,202.0,183.0,49.0,38.0,1.0,3.0,77.8,1.6,-7.4,284.0,184.0,190.0,270.0,31.0,24.0,1.0,2.0,66.7,-9.9,-23.0,1
230.7,80.3,325.3,281.0,36.0,22.7,2.0,0.0,40.0,11.8,1.1,114.3,150.7,333.7,276.0,35.0,39.3,2.3,0.3,72.7,2.1,0.1,0
140.0,176.3,178.7,188.3,35.3,19.7,0.7,2.3,60.0,3.7,-2.3,186.0,236.0,196.3,162.3,26.0,21.7,1.0,0.7,50.0,-8.4,-8.3,1
203.3,239.7,290.0,234.0,38.3,31.7,0.7,2.0,50.0,7.3,1.5,63.0,250.5,366.0,237.0,22.5,31.5,2.0,1.5,9.1,-3.1,-6.5,1
157.7,77.7,266.0,244.3,39.0,20.3,1.7,1.7,50.0,13.0,1.9,185.3,145.3,215.7,342.7,36.3,32.0,1.0,2.3,80.0,22.5,9.3,0
146.7,196.3,330.0,196.7,42.3,20.3,1.0,2.0,50.0,10.2,-0.6,119.7,235.7,237.3,264.0,20.0,39.7,1.7,2.3,50.0,-4.4,-5.2,1
213.3,122.7,304.3,260.3,37.3,19.0,0.3,3.0,44.4,2.3,-5.2,155.0,100.3,248.0,219.7,27.7,15.7,2.0,2.0,77.8,-4.7,-8.4,0
248.3,95.7,263.3,132.0,50.0,10.0,1.0,2.7,60.0,27.3,4.4,260.3,267.0,187.3,211.7,31.7,44.7,2.0,0.7,30.0,-2.2,-2.6,1
97.3,188.7,291.7,185.0,28.3,30.7,2.7,2.0,80.0,3.2,0.9,256.3,197.0,210.3,164.3,40.7,11.0,0.7,2.3,50.0,6.0,-20.7,0
169.3,101.3,308.7,242.0,34.3,17.3,0.7,1.0,90.0,33.2,14.0,160.0,68.3,306.3,207.0,30.7,17.3,0.7,1.0,80.0,28.2,13.5,1
288.7,142.0,176.7,107.0,36.0,9.0,0.3,1.3,88.9,23.7,10.2,229.3,121.7,296.0,164.7,47.0,17.0,0.0,2.0,77.8,23.8,11.7,0
211.7,182.7,200.0,141.3,31.3,21.7,3.0,1.0,70.0,5.7,-5.1,116.3,129.7,319.7,322.3,36.3,39.7,2.0,2.3,80.0,6.8,-1.7,0
161.7,119.7,292.0,110.7,46.3,17.3,2.0,2.0,70.0,10.5,-5.6,19.0,180.5,244.5,263.0,13.5,41.5,4.0,1.5,30.0,-6.6,6.8,1
186.0,134.7,225.0,237.7,30.0,16.0,2.3,2.7,70.0,-2.2,-4.2,170.0,141.0,258.0,382.3,27.3,33.7,2.3,2.0,30.0,0.8,-4.4,1
227.0,92.3,230.7,168.0,30.0,9.0,0.3,2.3,40.0,13.9,-2.1,123.0,117.7,264.7,209.7,19.7,19.3,2.0,1.7,50.0,-5.2,-8.6,0
177.3,197.7,211.3,207.0,21.0,28.7,1.7,2.0,80.0,-7.3,-3.1,177.3,152.3,89.3,273.0,12.7,32.0,1.3,0.7,70.0,-2.5,-0.3,1
139.7,119.0,226.0,220.0,30.3,13.7,1.3,3.3,60.0,-0.5,-3.2,66.3,225.0,198.0,252.3,19.3,40.0,2.0,2.0,50.0,-22.4,-4.3,0
260.3,81.3,216.0,248.0,42.3,19.7,0.3,1.7,33.3,11.6,6.2,215.0,161.7,325.0,263.7,29.7,29.0,2.0,1.0,100.0,0.3,-1.6,0
218.3,155.3,233.3,212.0,40.3,34.0,1.7,1.7,70.0,11.4,3.9,114.7,49.3,192.0,189.0,34.7,9.3,0.7,3.0,70.0,3.0,1.0,1
136.0,117.3,266.3,263.3,33.3,24.7,2.3,2.7,66.7,9.5,-2.4,275.3,117.3,140.3,174.3,31.0,21.0,1.0,0.7,33.3,-1.0,-4.8,0
242.0,123.7,202.0,217.0,36.3,21.3,1.0,2.3,40.0,-7.8,-12.2,477.0,218.3,54.7,265.7,37.0,40.3,1.0,1.3,55.6,-15.2,-9.2,0
201.0,128.3,382.0,285.3,41.7,36.7,3.3,2.0,80.0,-6.0,-7.2,118.3,165.3,260.7,265.0,11.7,23.3,2.3,1.0,20.0,-10.9,-5.5,1
309.7,157.7,169.7,304.3,38.3,26.0,0.7,2.7,30.0,15.2,7.0,193.3,79.0,185.7,294.7,30.0,31.3,1.7,1.7,88.9,8.9,-0.8,0
169.7,175.0,198.0,172.0,27.7,20.0,1.7,2.0,40.0,6.0,1.4,198.7,195.7,182.0,225.7,26.7,22.3,2.3,2.0,50.0,6.8,1.6,0
123.7,150.0,273.7,218.3,41.0,16.0,0.7,2.0,50.0,-8.9,-11.1,191.7,118.7,303.7,226.0,36.0,25.3,1.3,1.7,60.0,2.6,-7.0,0
146.3,88.0,281.7,193.7,34.3,19.3,1.3,1.7,70.0,7.1,1.6,229.7,109.7,225.3,182.0,36.3,11.7,0.0,2.3,70.0,2.9,-3.1,0
170.7,212.0,193.0,213.3,16.3,31.7,2.3,0.3,40.0,-15.3,-8.2,86.3,188.3,170.7,263.7,12.0,36.7,2.0,1.7,50.0,-29.0,-13.1,1
231.3,80.7,383.3,186.0,52.3,16.3,1.0,1.7,50.0,24.1,-5.1,106.3,214.0,196.7,182.3,15.7,20.3,1.7,2.3,70.0,8.4,5.0,0
302.3,131.7,228.3,212.7,34.0,21.7,1.3,1.3,55.6,17.3,9.4,242.3,122.0,212.3,263.7,30.7,29.7,3.3,1.3,77.8,19.7,5.1,0
191.3,84.7,335.0,209.7,47.7,25.3,1.3,1.0,80.0,27.2,12.4,64.7,104.0,399.3,191.3,26.7,27.0,1.0,1.0,45.5,6.5,3.9,0
143.3,173.3,223.3,163.0,21.0,35.7,2.3,1.3,30.0,-17.7,-9.5,253.0,166.3,175.0,228.0,30.3,21.3,0.7,2.3,90.0,-15.2,-11.8,1
91.7,126.3,233.0,132.7,23.7,17.0,1.0,2.7,50.0,5.5,-0.1,95.3,144.7,164.3,200.3,22.3,27.7,2.0,2.7,30.0,4.1,1.0,1
66.3,301.3,312.0,124.3,21.7,35.3,2.3,1.7,30.0,-14.6,-10.9,294.3,73.3,199.7,379.7,38.3,36.7,1.0,0.7,20.0,-3.0,-4.5,0
114.7,150.0,229.3,246.3,17.3,35.0,1.7,2.7,20.0,-11.7,-6.2,132.7,242.0,260.7,191.0,28.0,33.3,1.0,0.7,80.0,-10.0,-6.2,1
160.3,148.0,236.0,250.7,25.0,25.0,1.7,1.3,60.0,17.6,9.6,214.3,176.7,143.7,286.0,19.3,31.0,2.3,1.3,20.0,-5.4,0.7,1
184.3,105.7,269.0,314.0,33.0,19.7,1.3,1.7,30.0,11.0,3.0,203.3,94.3,223.7,197.0,34.3,17.7,1.3,2.3,80.0,21.0,5.9,0
139.3,231.3,293.3,157.0,36.7,27.7,1.0,1.0,80.0,28.4,13.6,192.7,166.0,235.3,215.7,42.0,28.7,1.0,2.0,50.0,19.5,11.4,0
325.7,74.7,253.0,319.0,46.7,28.7,1.3,2.0,20.0,10.0,-4.1,238.3,81.0,176.3,234.0,35.3,20.7,1.0,1.3,70.0,-2.9,-8.1,1
92.7,244.7,132.0,273.7,16.0,45.7,1.3,2.0,44.4,-0.1,7.0,117.3,133.0,177.0,191.3,14.3,29.7,2.0,0.7,100.0,3.2,4.4,1
268.7,169.3,332.7,252.0,43.3,33.0,2.7,1.0,50.0,10.4,-11.0,202.0,85.0,275.0,279.0,47.7,28.3,2.0,3.7,50.0,4.2,-3.7,0
256.5,180.0,225.0,166.5,37.5,10.0,0.0,1.0,50.0,4.2,-21.9,175.0,249.0,246.5,226.5,26.0,38.0,2.5,2.5,80.0,-13.6,-13.4,1
111.7,220.0,258.0,176.7,13.7,24.0,2.3,2.0,50.0,-16.4,-13.6,174.7,176.7,245.7,281.3,32.3,37.3,1.0,1.7,20.0,-17.0,-16.2,1
168.7,161.0,182.7,197.7,18.0,22.3,1.7,1.3,70.0,11.1,6.5,144.0,143.3,201.0,203.0,24.7,18.3,0.7,1.3,70.0,7.5,-0.2,1
113.0,120.7,308.3,252.7,39.0,27.3,1.7,1.3,33.3,17.6,8.3,184.3,94.7,212.7,241.0,27.3,21.7,2.3,1.7,88.9,25.1,16.7,1
73.0,153.0,340.0,301.0,14.0,45.0,3.0,1.0,55.6,-11.5,-10.3,61.0,333.0,79.0,188.0,0.0,52.0,1.0,1.0,30.0,-20.9,-20.2,0
123.3,317.0,246.0,133.7,20.7,28.3,1.0,1.0,100.0,7.3,6.8,138.3,172.7,223.3,141.7,18.7,28.3,1.7,0.3,0.0,-27.3,-15.2,1
317.3,103.3,31.7,251.3,28.3,17.7,1.0,1.3,55.6,-16.8,-12.0,224.3,108.0,187.0,260.0,21.0,25.3,1.7,1.7,50.0,-11.9,-10.0,0
97.3,237.7,376.0,204.7,26.7,34.3,1.3,2.3,70.0,1.5,-4.1,235.0,173.3,94.7,226.3,26.3,29.7,1.0,1.3,77.8,-8.6,-1.7,0
117.0,238.3,228.3,261.3,22.3,34.0,1.7,2.7,30.0,-12.8,-5.2,140.0,127.3,173.7,251.3,12.0,29.3,2.0,1.3,80.0,-17.4,-10.8,1
49.0,229.0,237.0,140.7,16.3,31.7,3.3,1.7,30.0,-7.2,0.1,49.7,243.7,146.0,204.3,8.7,42.7,2.0,0.7,70.0,-11.5,5.3,1
247.3,137.0,190.7,184.3,27.7,19.3,0.3,1.3,55.6,10.5,5.3,148.0,280.0,165.3,156.3,22.3,29.7,1.3,2.3,66.7,-2.8,0.4,0
190.3,279.0,138.3,197.7,25.0,44.7,1.7,0.7,30.0,-12.6,-7.7,147.3,223.3,218.7,222.0,36.0,27.7,0.7,1.3,36.4,-6.5,-13.4,0
288.0,213.7,154.3,359.7,31.7,46.0,1.7,2.0,90.0,0.8,-4.2,111.0,308.7,244.0,298.0,23.0,43.3,1.3,2.0,9.1,-8.0,-4.9,1
118.3,155.3,128.3,189.0,12.3,32.7,2.7,2.3,70.0,-17.8,-9.6,189.0,94.0,227.7,184.3,24.3,17.3,2.3,2.0,70.0,2.7,-10.1,0
187.3,176.0,423.0,327.7,52.0,32.0,1.0,1.7,88.9,28.9,14.4,135.3,168.7,172.3,187.7,21.0,30.0,2.3,1.3,66.7,6.8,10.0,1
126.3,114.7,157.0,216.7,24.0,27.7,1.0,2.3,44.4,-21.4,-15.7,183.7,157.0,175.7,330.0,25.0,46.3,2.3,1.0,50.0,-22.4,-11.8,0
229.3,188.0,139.3,259.3,35.7,21.3,1.3,4.7,40.0,-3.3,-9.6,113.3,273.7,269.0,197.3,16.3,35.3,2.3,0.3,36.4,-19.7,-11.4,1
138.0,120.3,178.3,199.0,31.3,21.0,1.7,2.0,44.4,11.9,8.9,250.0,156.7,240.7,177.0,45.7,27.3,0.3,1.7,77.8,-7.0,-11.7,0
221.0,161.0,183.3,217.3,24.7,33.0,1.3,1.7,70.0,-3.2,-2.2,127.0,266.0,267.3,156.3,22.0,41.0,3.0,1.0,30.0,10.0,5.6,0
156.5,100.0,142.0,177.0,27.5,15.0,2.0,2.0,90.9,11.0,-0.9,123.7,199.3,160.0,117.0,16.0,18.3,1.3,2.0,80.0,1.9,-4.1,1
168.0,160.0,305.7,238.0,36.0,20.0,0.7,1.7,50.0,0.4,-5.1,59.7,83.7,251.0,202.7,21.0,12.0,0.0,2.0,30.0,8.6,4.3,1
297.0,148.7,247.0,260.3,49.3,19.7,2.3,2.7,90.0,21.3,-3.2,42.7,139.3,336.0,333.0,25.0,30.7,2.3,1.3,50.0,-13.4,-15.1,0
181.3,74.7,223.3,227.3,31.7,14.7,1.0,2.7,18.2,12.0,6.3,130.3,131.7,169.0,186.3,23.3,17.7,2.0,2.7,60.0,12.6,5.2,0
57.0,117.5,215.5,299.0,17.0,32.0,2.5,2.0,40.0,1.6,0.4,129.3,211.7,228.0,155.7,26.3,24.7,2.3,2.3,80.0,3.4,-3.6,0
107.7,227.7,323.3,302.7,31.3,47.0,1.3,1.3,60.0,-10.9,-8.4,95.7,264.7,182.3,143.0,21.7,32.3,1.7,0.7,40.0,-16.0,-15.5,1
330.7,151.7,163.3,200.3,39.0,18.7,1.7,2.0,77.8,13.9,0.3,255.5,91.5,205.5,112.0,31.5,12.0,2.5,1.0,33.3,3.5,-10.9,1
202.0,108.7,432.0,179.0,55.3,12.3,0.3,1.3,80.0,15.6,-7.2,277.0,161.0,268.3,240.0,46.7,20.7,1.7,1.7,30.0,7.1,1.3,0
280.7,120.3,210.3,166.3,50.3,16.7,1.0,1.7,30.0,5.0,-8.3,87.0,152.0,199.7,223.0,16.0,31.3,2.7,1.0,70.0,-3.6,-4.8,1
235.7,171.0,217.0,262.7,27.3,44.0,2.3,0.7,90.0,-17.3,-8.3,108.3,148.3,149.3,260.3,18.0,29.3,1.3,2.0,50.0,-18.5,-9.3,0
163.0,170.3,229.7,191.7,21.3,27.7,1.3,0.7,22.2,-13.9,-12.3,103.7,145.7,265.0,210.0,21.3,22.7,1.0,1.3,55.6,-3.7,-3.5,1
144.3,163.7,235.3,191.3,25.0,15.0,2.0,3.3,70.0,0.9,4.4,117.7,356.3,135.0,186.0,15.0,58.0,2.0,0.7,30.0,-24.3,-9.4,0
272.7,47.7,228.0,188.3,40.7,16.0,1.7,1.0,80.0,18.5,6.4,189.3,143.0,349.3,250.3,47.0,29.7,0.7,2.7,80.0,16.3,5.2,0
192.7,146.7,258.0,253.0,36.3,28.3,1.7,2.3,10.0,7.8,-2.8,157.0,164.0,204.3,177.7,31.7,22.3,2.0,2.7,50.0,-1.8,-5.9,0
232.0,215.3,298.3,137.3,42.3,13.7,0.7,1.7,60.0,11.8,-6.1,201.0,147.7,314.3,278.3,38.7,20.0,0.7,1.3,60.0,4.9,-7.7,1
85.7,199.7,275.3,223.3,24.0,26.0,0.3,2.0,36.4,-8.4,-5.9,160.0,231.7,193.0,189.7,19.7,44.7,3.3,1.0,40.0,-23.6,-10.2,0
95.0,201.3,220.0,313.0,11.0,34.7,1.7,0.7,50.0,0.9,1.8,240.7,175.0,61.0,152.0,14.7,18.7,1.3,1.3,70.0,-1.6,3.8,0
141.3,145.7,211.7,203.7,21.0,32.7,2.0,1.3,60.0,-9.2,-5.1,219.0,184.0,128.0,263.7,28.3,34.3,1.7,2.0,40.0,-17.8,-16.0,1
160.3,235.0,262.3,286.7,19.3,35.7,2.3,1.7,90.9,2.0,1.0,114.3,280.7,364.0,247.0,33.0,42.3,2.7,1.0,80.0,-0.8,-6.5,0
225.3,187.0,232.3,231.0,29.3,31.0,0.7,1.7,55.6,-9.3,-10.6,127.0,118.7,178.0,151.0,11.7,15.0,2.0,2.3,44.4,-8.2,-14.2,0
120.0,230.0,323.0,302.7,23.3,46.0,2.7,0.7,90.0,-31.1,-6.8,190.3,192.0,113.7,157.0,13.3,25.0,1.7,1.0,80.0,-14.4,-9.5,0
184.7,146.3,310.0,242.7,33.3,34.0,2.7,1.3,50.0,13.0,5.5,167.0,184.3,364.3,207.3,35.7,29.3,1.7,1.7,90.9,12.3,9.9,0
290.3,109.0,160.7,245.3,40.7,21.7,0.7,2.0,80.0,13.9,6.9,202.3,130.7,214.3,160.7,28.7,19.3,1.3,1.3,80.0,27.4,9.0,0
80.7,132.3,259.7,187.3,17.7,20.0,3.0,1.0,70.0,4.1,-0.6,234.3,135.7,115.7,161.3,28.7,12.0,0.7,2.3,36.4,6.8,-3.4,1
121.3,194.7,232.0,307.0,18.3,41.0,1.3,0.7,50.0,-18.1,-12.4,137.0,262.7,198.0,182.0,22.7,45.3,2.0,1.7,11.1,-27.6,-15.3,0
181.7,138.0,188.3,186.0,35.3,12.7,0.7,2.7,40.0,19.4,8.0,81.0,232.7,319.0,229.3,22.0,40.0,2.0,0.7,90.0,-4.4,-6.0,0
135.0,152.3,209.7,172.3,25.3,15.7,0.3,2.0,40.0,12.7,-0.7,91.7,199.7,240.7,281.0,26.7,34.0,1.7,3.3,100.0,-7.5,-3.4,1
204.3,124.3,250.0,278.0,36.3,26.3,1.3,2.0,80.0,16.9,6.1,98.0,256.0,237.0,211.3,14.0,34.7,2.0,0.7,30.0,-2.8,4.1,1
237.0,174.0,400.7,135.0,55.0,15.3,1.0,1.7,50.0,30.0,3.0,214.0,170.7,187.3,198.0,30.7,28.3,1.7,1.7,80.0,11.6,1.2,1
115.7,75.7,223.3,295.0,24.3,20.7,0.0,2.3,40.0,-4.1,-5.3,175.0,215.0,438.0,298.0,44.7,34.3,1.7,2.7,80.0,7.2,1.1,1
190.7,119.0,201.3,219.7,36.7,12.3,0.7,2.7,72.7,7.0,-1.6,167.3,160.3,358.0,238.7,37.0,21.7,1.3,1.3,90.0,6.1,-1.0,0
208.0,11.0,258.0,326.0,56.0,27.0,2.0,5.0,50.0,-7.1,-22.2,188.0,216.0,265.0,222.0,24.0,41.0,2.0,0.0,72.7,-9.9,2.8,0
135.3,206.3,216.3,169.7,24.3,42.0,3.0,0.7,70.0,-4.2,-4.9,183.0,86.7,288.3,332.0,34.7,24.7,3.3,2.0,70.0,14.8,0.7,1
221.0,59.0,125.0,141.0,45.0,0.0,1.0,1.0,50.0,0.2,-22.3,154.0,312.0,168.0,173.0,10.0,42.0,1.0,0.0,50.0,-6.6,-7.7,1
83.0,93.7,250.7,258.3,22.7,22.3,1.7,2.3,80.0,2.5,1.4,100.7,148.0,259.3,220.7,27.3,28.7,3.0,3.3,60.0,-9.7,-10.2,0
39.0,200.0,194.0,144.0,7.0,24.0,2.0,1.0,30.0,-1.8,4.8,160.0,68.0,256.0,308.0,30.0,7.0,1.0,2.0,80.0,13.5,-1.6,0
249.7,198.0,133.3,327.7,33.0,32.0,1.3,2.0,30.0,17.2,8.5,118.0,157.0,323.7,299.0,34.0,39.0,1.0,0.7,66.7,0.6,1.6,1
274.3,132.0,205.0,130.3,41.3,24.0,2.3,1.3,100.0,27.0,8.9,196.3,150.7,125.7,125.7,26.0,14.7,0.3,1.3,77.8,13.3,6.2,0
85.0,117.3,195.3,254.7,18.7,20.7,3.0,2.7,40.0,-8.6,-9.1,115.7,193.7,164.0,190.3,14.7,34.3,2.3,1.7,72.7,-13.9,-10.8,1
269.3,135.0,259.7,211.3,40.3,13.7,1.7,2.7,30.0,6.4,2.0,136.0,201.0,225.3,257.3,24.0,29.7,2.0,1.0,20.0,-9.1,-8.5,0
132.0,93.3,370.0,333.0,38.3,25.3,1.3,0.3,80.0,4.1,0.8,179.7,182.0,207.7,226.7,31.3,26.3,1.0,1.0,40.0,-2.6,-6.2,0
175.7,86.7,187.0,206.7,23.7,17.3,2.3,1.7,70.0,2.0,2.2,211.3,99.3,166.3,275.3,24.0,22.0,2.3,1.3,60.0,7.2,0.5,1
163.7,137.7,336.0,216.0,39.3,16.0,1.0,2.0,20.0,8.1,0.1,121.7,156.0,379.0,275.3,35.3,22.0,1.3,2.0,100.0,23.7,8.2,1
213.3,109.7,151.3,219.3,25.0,27.7,1.3,0.7,20.0,-10.8,-9.6,187.0,167.3,188.3,285.7,23.3,33.0,3.0,1.0,10.0,-8.7,-7.5,0
180.0,146.7,258.3,348.3,34.0,35.0,1.7,0.7,72.7,5.5,3.2,171.0,102.3,154.0,151.7,16.7,20.0,1.7,1.3,30.0,-7.2,-2.8,1
239.7,184.0,225.0,229.7,35.7,18.7,1.3,3.7,70.0,13.8,6.6,129.7,103.0,240.0,432.7,44.7,32.3,1.0,4.0,70.0,13.2,5.5,1
127.3,216.3,224.3,346.3,18.0,48.3,2.7,0.3,50.0,-11.4,-9.0,310.0,172.0,61.7,226.3,25.0,33.3,3.0,0.7,55.6,-16.1,-13.3,1
103.0,262.0,401.0,250.0,20.0,38.0,5.0,0.0,20.0,-9.8,-14.3,225.5,235.0,185.0,167.5,24.0,26.5,0.5,0.5,11.1,-10.7,-14.2,0
125.3,173.7,268.0,315.3,22.7,50.0,2.7,0.7,30.0,-21.1,-9.8,174.7,75.7,248.0,273.0,36.3,23.3,1.0,2.3,70.0,6.6,-4.9,1
165.0,104.3,211.7,227.7,26.7,18.3,2.0,2.3,60.0,-1.8,-9.5,268.3,177.7,70.7,257.0,35.7,29.7,0.3,3.3,44.4,-2.1,-9.2,1
157.0,151.0,279.7,233.7,30.3,25.7,2.0,1.7,80.0,-7.0,-9.4,166.7,194.0,218.7,192.3,30.3,30.0,0.3,1.3,40.0,-13.9,-15.3,1
156.7,196.7,221.7,238.0,28.3,31.7,0.7,2.0,70.0,5.7,2.2,203.0,119.7,267.7,165.3,35.3,19.3,0.3,1.3,80.0,14.3,0.6,0
142.5,120.5,238.0,181.0,23.5,15.0,2.5,0.0,60.0,2.9,-5.4,88.0,184.0,174.0,156.0,10.5,32.0,2.5,2.0,70.0,-8.3,-7.8,0
379.3,165.0,83.3,268.7,37.0,20.3,0.7,2.7,36.4,11.4,2.9,149.0,215.7,168.7,146.7,18.7,29.0,2.0,1.3,50.0,-9.6,-5.7,0
114.3,151.0,276.7,191.0,25.7,27.3,2.3,2.7,10.0,-4.7,-3.9,157.3,164.0,176.0,191.0,19.0,31.3,2.0,2.0,90.0,-17.5,-7.5,0
187.3,144.7,184.7,173.0,35.7,18.0,1.7,4.0,50.0,6.4,6.4,225.0,184.7,148.7,329.7,14.7,47.3,3.7,1.7,60.0,0.5,0.5,0
264.7,128.0,186.7,213.3,41.3,19.7,0.7,2.0,33.3,9.8,5.9,209.0,105.3,150.0,293.3,24.0,19.7,1.0,1.7,66.7,4.9,-3.0,0
205.7,121.0,321.7,251.7,40.0,22.3,1.7,2.3,40.0,8.5,0.1,127.0,147.3,278.7,370.0,18.0,40.3,3.0,1.7,50.0,-7.5,-6.5,1
129.7,193.7,267.0,334.0,24.3,43.7,2.7,1.0,66.7,0.4,3.0,125.0,162.3,305.0,339.3,23.3,41.3,2.3,2.0,100.0,0.9,2.8,0
239.3,115.0,259.7,419.3,42.3,38.7,2.3,1.3,70.0,11.5,2.9,88.3,98.7,230.0,276.0,22.7,27.0,1.3,1.7,70.0,12.3,4.3,0
207.7,253.0,233.3,197.3,35.0,26.3,2.0,1.3,40.0,-4.4,-4.9,188.3,159.0,234.0,180.0,26.3,21.0,0.7,0.7,60.0,-5.9,-14.6,0
192.7,232.7,191.0,185.3,29.3,19.3,1.3,1.0,70.0,-1.9,-4.5,111.7,212.3,191.0,288.3,28.7,38.0,1.3,1.3,50.0,-15.9,-6.5,1
0.0,0.0,0.0,0.0,32.7,20.0,0.0,0.3,80.0,5.2,5.2,0.0,0.0,0.0,0.0,26.3,27.0,0.3,0.3,70.0,7.0,7.0,0
214.7,226.7,209.7,214.0,36.7,29.3,0.7,2.3,60.0,19.8,5.2,206.7,95.7,124.0,161.7,24.3,16.0,1.3,0.7,100.0,17.3,2.6,0
212.0,242.0,243.7,226.7,32.0,32.3,2.3,1.7,10.0,-6.8,-4.0,185.3,198.7,266.0,266.0,28.3,30.7,1.3,0.7,50.0,-3.4,-5.6,0
191.7,97.0,185.7,237.3,15.7,26.7,2.0,0.7,80.0,-17.7,-11.2,192.0,219.7,217.7,188.0,19.7,32.3,2.7,1.7,70.0,-14.7,-7.0,0
192.0,24.3,202.0,188.3,36.7,8.0,0.0,1.7,80.0,25.3,7.1,116.7,217.0,170.7,218.3,19.3,28.3,2.3,2.0,90.9,-4.5,-4.2,1
251.0,102.0,263.0,233.7,45.3,25.3,2.0,2.0,70.0,8.3,-1.1,165.7,198.3,291.7,205.3,26.3,25.7,0.3,1.3,22.2,-4.2,0.1,0
189.7,87.7,231.7,176.7,30.7,12.3,2.3,1.7,30.0,13.1,5.6,184.3,120.0,266.0,311.3,49.3,24.7,1.3,3.0,30.0,9.4,1.4,1
107.0,112.0,318.0,175.0,31.0,10.0,0.0,3.0,30.0,3.8,-7.3,131.0,96.0,152.0,233.0,30.0,31.0,2.0,0.0,50.0,-1.0,-2.5,0
131.7,63.7,237.3,201.0,16.7,13.3,3.3,1.7,18.2,1.2,0.0,147.3,139.7,226.7,207.7,27.3,21.0,1.7,0.3,80.0,12.4,3.5,1
141.0,124.7,223.7,185.0,24.3,17.7,1.0,0.7,90.0,8.7,2.1,121.0,215.7,274.3,263.7,22.0,33.0,1.3,0.3,90.9,-4.0,1.5,0
127.0,165.0,247.3,176.7,18.0,19.3,1.0,1.0,40.0,21.1,13.0,154.0,153.3,349.3,194.0,42.3,20.0,0.7,2.0,88.9,30.1,9.7,0
250.0,131.7,41.3,146.3,14.3,14.3,0.3,2.0,30.0,4.5,-0.7,123.7,185.3,167.0,310.3,17.0,36.7,2.0,1.0,20.0,-8.2,-3.9,0
169.0,184.0,139.7,119.3,8.0,19.3,3.0,0.0,40.0,-9.9,-11.4,152.7,117.3,282.3,167.3,26.3,20.3,0.7,1.3,20.0,-6.1,-7.0,0
58.7,128.7,208.3,233.0,21.3,18.7,1.3,1.7,40.0,2.1,0.0,121.0,231.7,296.3,179.0,17.0,27.0,1.7,1.7,18.2,-3.5,-3.8,1
206.7,223.0,282.7,232.0,37.0,27.0,0.7,2.0,90.0,21.5,8.1,60.7,142.0,380.3,445.7,33.7,42.0,1.3,1.0,60.0,1.1,1.9,0
135.0,135.0,518.0,214.0,56.0,3.0,0.0,2.0,90.9,14.3,-16.9,121.0,54.0,206.5,278.0,32.0,16.5,0.0,0.5,50.0,0.0,-16.5,0
150.3,124.7,249.7,199.0,26.3,19.3,2.7,2.0,80.0,13.5,2.6,123.3,202.0,159.7,187.7,13.7,35.3,2.3,1.7,70.0,-1.3,1.8,1
187.0,61.3,247.3,184.7,30.7,6.3,1.7,3.7,90.0,14.7,2.4,360.0,122.7,119.3,221.0,47.7,29.0,1.0,1.7,90.0,4.3,-1.6,1
127.7,168.0,229.0,248.3,27.7,30.3,1.7,1.3,100.0,13.2,9.9,113.7,165.0,200.0,285.0,15.3,37.3,2.7,1.7,50.0,5.9,5.9,0
258.3,110.3,157.7,213.7,33.3,20.3,1.0,2.3,80.0,0.9,-2.4,181.7,197.3,301.3,179.7,23.0,15.7,3.3,1.3,60.0,-4.5,-6.3,1
122.7,247.7,370.0,180.7,31.3,30.3,1.3,1.0,72.7,-13.2,-12.4,219.0,235.7,230.7,291.3,30.0,43.3,3.3,1.7,70.0,-17.3,-10.3,1
187.7,157.3,211.3,198.3,23.3,20.3,1.7,1.0,20.0,7.5,6.6,232.7,167.3,213.3,265.0,25.0,34.3,0.7,0.3,90.9,14.0,5.7,1
87.7,90.7,428.0,294.0,47.3,19.7,2.3,5.0,80.0,1.3,-6.7,151.3,150.0,283.3,231.0,30.3,20.7,0.7,1.0,50.0,3.6,-6.0,1
64.7,118.0,197.7,188.3,12.0,29.7,3.0,1.0,50.0,4.7,0.9,229.0,100.7,107.0,150.7,29.7,14.7,3.0,1.7,30.0,19.2,3.5,0
102.0,112.3,212.3,171.0,25.0,17.0,0.7,2.0,80.0,18.3,5.6,56.7,159.0,208.7,303.3,20.0,28.7,1.0,1.7,70.0,0.4,3.7,0
131.3,141.0,226.3,228.7,31.7,23.7,1.7,2.0,50.0,-8.7,-8.0,145.3,190.7,190.3,213.3,21.7,31.3,3.3,1.3,10.0,-12.3,-15.2,1
165.3,175.0,182.3,190.3,39.0,22.3,1.0,3.3,60.0,12.4,6.5,175.7,191.7,193.3,198.3,25.0,17.7,1.0,2.0,100.0,10.7,4.7,1
188.7,148.3,326.7,325.3,39.0,31.3,0.0,0.7,80.0,16.7,4.5,56.7,131.3,278.3,332.0,19.3,30.0,1.3,1.7,60.0,-4.2,-2.9,0
246.3,97.7,351.7,183.3,53.3,16.0,1.3,2.0,77.8,6.7,-3.2,145.3,234.7,194.0,163.0,25.3,31.3,2.0,2.7,88.9,-14.5,-10.5,1
165.7,63.0,239.0,133.7,29.7,10.3,2.0,1.7,77.8,19.4,5.2,226.7,86.3,198.0,201.7,35.7,20.7,1.7,1.0,33.3,2.0,2.8,1
146.7,57.0,377.0,273.3,38.7,17.0,1.7,2.7,9.1,8.6,-4.7,70.7,142.3,185.7,193.3,17.7,23.3,1.3,3.7,80.0,-6.4,6.3,0
104.0,157.7,272.3,115.7,23.0,18.3,2.7,1.0,50.0,2.6,-1.5,175.7,171.3,218.0,296.7,22.0,29.0,3.0,3.0,60.0,-2.1,3.4,0
444.0,119.7,101.7,310.3,43.7,23.3,1.3,0.3,80.0,0.5,-5.8,166.7,189.0,244.7,242.0,26.0,32.3,1.3,1.7,70.0,-6.1,-3.6,0
137.3,164.0,166.7,200.3,19.7,16.3,1.7,2.7,72.7,7.1,-1.9,193.7,160.3,223.7,183.0,23.7,24.0,2.7,1.0,50.0,6.6,-0.3,0
195.0,49.3,236.7,134.3,30.7,10.0,2.0,2.7,70.0,7.5,-7.7,127.0,83.7,99.0,237.0,8.7,16.3,1.7,2.3,30.0,-8.1,-5.7,0
194.3,162.7,291.3,276.0,39.7,33.0,1.0,1.7,60.0,16.1,7.0,117.0,172.7,248.3,370.7,24.3,42.0,1.7,1.0,36.4,4.9,5.4,0
22.0,168.0,433.0,237.0,47.0,44.0,3.0,4.0,44.4,6.8,-4.9,116.0,222.0,224.5,246.0,20.5,53.0,4.0,1.5,20.0,-13.6,-8.2,1
233.7,164.3,33.0,209.7,12.7,29.7,1.7,1.3,80.0,-2.2,-2.7,133.7,140.7,215.0,299.0,22.3,38.7,3.0,2.3,50.0,-15.3,-4.2,0
64.7,107.0,143.7,185.7,13.0,16.3,1.0,1.3,70.0,4.3,4.1,128.0,216.3,185.0,128.3,16.0,28.7,1.3,1.3,45.5,-5.6,-3.0,0
243.0,201.7,206.7,200.0,24.0,29.3,1.7,0.3,30.0,0.1,-6.3,142.7,172.0,359.7,234.3,39.7,19.3,1.3,1.7,90.0,-3.4,-6.7,0
224.7,73.0,164.7,257.0,33.3,19.3,0.7,2.7,60.0,8.2,-2.1,155.0,115.0,194.0,155.0,32.0,12.7,2.0,3.7,80.0,7.9,-4.9,1
156.0,73.3,291.3,268.7,22.7,23.7,1.7,1.0,55.6,3.4,2.0,189.0,223.7,320.0,189.0,36.7,20.7,1.3,1.0,44.4,9.3,3.5,0
312.0,154.0,173.0,168.0,42.0,10.0,0.0,1.0,36.4,7.3,-14.4,135.0,105.0,139.0,216.0,24.0,10.0,1.0,3.0,40.0,-1.7,-13.3,1
252.7,75.3,191.3,153.3,36.0,7.7,0.3,3.3,70.0,-0.8,-5.3,29.7,281.3,201.7,180.0,14.3,33.7,2.3,0.7,70.0,-18.5,-7.6,1
212.0,196.0,273.7,224.0,53.0,26.3,0.3,3.3,60.0,17.5,-0.5,154.3,272.3,79.7,212.7,12.0,33.3,1.7,1.7,30.0,-26.0,-13.0,1
178.3,109.0,208.7,400.7,36.7,34.3,1.3,2.3,44.4,7.3,4.0,140.0,162.3,271.7,296.7,27.0,27.3,0.7,1.0,60.0,10.1,6.6,1
220.3,156.7,166.0,166.7,18.0,17.0,3.0,1.3,90.0,5.3,0.8,36.3,148.7,168.3,294.3,10.0,38.3,2.0,1.3,50.0,-11.8,2.5,1
269.3,172.7,247.3,211.7,40.3,19.3,0.3,4.0,90.0,25.4,6.8,119.7,179.0,205.0,243.3,29.7,28.7,2.0,2.3,50.0,19.8,8.7,1
103.3,178.3,344.7,222.3,41.3,23.7,1.0,2.0,70.0,-0.9,-5.6,78.3,165.3,179.3,252.3,12.7,33.0,1.7,1.0,20.0,-19.9,-13.3,1
87.7,97.7,171.0,136.0,25.0,31.3,2.0,1.0,80.0,-11.4,-4.1,116.7,197.7,125.7,242.7,10.0,44.3,2.0,2.0,50.0,-22.1,-6.6,1
216.0,197.0,216.3,248.7,29.3,36.7,1.0,0.7,77.8,-12.9,-11.2,295.0,134.0,224.7,326.0,41.3,30.0,0.7,1.7,44.4,-3.1,-5.7,0
98.0,294.3,163.3,252.0,12.3,43.7,2.3,1.7,30.0,-20.3,-13.2,183.0,185.3,145.7,268.7,18.3,40.0,1.0,0.3,40.0,-13.8,-10.2,0
136.7,85.7,244.0,208.7,29.7,21.7,1.3,1.7,55.6,2.8,3.5,190.3,186.3,184.0,219.3,32.0,37.3,2.3,2.0,88.9,-6.3,2.3,1
99.3,319.0,273.0,198.3,22.3,45.0,2.7,1.3,22.2,3.0,4.6,159.7,144.3,170.3,119.7,25.7,10.0,2.0,2.0,33.3,12.6,0.6,0
161.7,181.0,187.7,178.7,13.3,35.3,3.0,1.0,30.0,3.9,3.3,190.3,108.7,347.7,206.0,40.0,20.0,1.3,1.7,70.0,6.3,1.9,1
146.0,403.0,146.0,43.0,23.0,20.0,0.0,3.0,80.0,0.2,-13.1,141.0,98.0,471.0,60.0,59.0,7.0,1.0,1.0,50.0,3.0,-28.2,0
177.7,138.7,129.3,203.0,13.7,29.7,1.7,1.3,40.0,4.8,7.1,136.7,253.3,182.0,246.3,23.0,36.3,1.0,1.0,90.9,-5.0,0.1,1
274.7,111.7,301.3,222.7,52.0,22.7,1.7,2.3,90.0,27.0,6.0,102.0,221.3,188.7,210.3,16.3,39.7,2.0,1.7,70.0,-3.0,6.2,0
107.3,238.7,259.0,321.3,17.7,43.7,1.3,1.7,80.0,-11.8,-5.6,115.3,204.3,248.0,196.7,22.3,32.0,2.7,1.3,20.0,-2.1,7.4,1
127.3,87.7,243.7,262.7,25.3,20.0,0.7,1.0,80.0,19.7,5.7,345.3,151.0,212.7,234.0,53.3,20.7,1.0,2.0,70.0,17.9,6.0,0
191.0,183.7,268.0,211.7,41.3,21.3,1.3,2.7,40.0,5.4,-7.5,208.0,154.0,207.7,153.3,37.0,35.7,2.7,1.7,60.0,-9.0,-6.4,1
203.7,174.0,274.7,258.3,38.7,29.0,1.0,1.0,70.0,9.3,9.0,125.0,180.7,228.3,241.7,17.3,37.7,3.0,0.3,80.0,-11.3,-3.3,1
222.3,177.0,57.7,236.7,14.7,34.3,1.3,0.7,55.6,-19.3,-13.3,113.0,149.0,200.7,288.0,20.3,24.0,1.7,1.7,72.7,-12.6,-6.1,1
144.3,41.0,140.7,357.7,30.3,22.7,1.0,3.0,80.0,-10.9,-10.1,170.7,189.3,235.7,199.3,27.3,29.3,2.7,1.7,30.0,-8.2,-5.2,1
110.7,189.7,267.0,164.7,28.7,35.0,2.3,1.7,22.2,-16.9,-11.4,220.3,86.0,248.7,281.3,45.0,30.3,2.3,2.7,66.7,-5.8,-10.8,0
130.3,248.7,236.3,216.3,28.0,34.7,2.3,1.3,60.0,-11.8,-11.8,258.0,118.0,170.0,110.0,25.0,11.7,2.0,1.3,40.0,-6.5,-6.5,1
183.7,33.3,230.7,278.3,43.3,9.3,2.0,3.7,70.0,11.2,-3.7,114.3,79.3,180.0,223.0,14.7,16.0,1.0,0.7,70.0,-7.6,-9.6,0
186.0,86.7,151.0,204.7,24.3,18.7,0.7,2.7,60.0,-8.2,-13.2,200.3,203.3,194.0,311.7,16.3,48.7,3.0,1.3,30.0,-22.3,-13.2,0
216.0,203.7,201.7,312.0,26.0,41.7,1.3,1.7,77.8,-0.3,6.0,184.7,167.0,331.3,241.7,42.3,28.7,2.0,2.0,77.8,19.4,7.5,1
194.3,183.0,166.0,258.0,22.7,29.3,0.7,2.0,11.1,-10.0,-7.0,295.7,160.7,87.7,263.7,28.7,30.3,1.0,2.0,66.7,-10.1,-14.5,1
100.7,226.3,213.0,263.3,15.0,39.7,2.3,1.0,30.0,0.1,0.1,108.0,150.3,139.0,246.3,16.3,20.7,0.7,3.3,50.0,-12.1,-12.1,1
161.7,135.7,246.7,245.0,25.0,19.7,2.3,2.7,70.0,1.7,-4.6,144.0,125.0,125.0,140.7,23.3,11.3,0.7,1.7,80.0,-0.1,-8.5,1
150.0,110.0,274.3,268.3,30.3,28.7,1.0,1.3,80.0,3.0,2.9,313.7,110.7,100.7,258.7,32.3,24.7,1.0,2.0,80.0,-3.8,-1.8,0
94.3,115.7,165.0,263.0,17.7,24.7,1.7,1.0,80.0,1.3,1.5,297.3,226.7,119.0,252.0,31.7,41.7,1.7,1.0,100.0,-4.8,-2.9,1
36.3,220.7,301.7,258.0,17.0,49.3,2.0,1.0,44.4,-1.1,2.3,150.3,131.7,163.7,242.0,21.7,20.7,0.7,2.0,10.0,9.2,3.9,0
102.0,170.3,352.0,257.3,32.7,34.7,2.7,3.0,50.0,6.8,4.2,55.7,148.7,206.0,144.0,29.7,43.7,4.0,1.3,70.0,6.7,4.0,1
136.7,81.7,225.7,236.7,27.3,13.3,1.7,2.3,90.9,23.6,11.1,85.7,197.0,230.0,177.0,17.0,26.3,2.7,2.3,70.0,10.1,7.6,0
183.3,113.7,260.3,291.3,41.0,16.7,1.3,3.3,60.0,5.1,-2.7,105.7,175.0,254.0,218.7,20.3,20.3,2.3,2.0,11.1,-11.9,-5.7,1
102.0,60.0,244.3,136.7,25.0,12.0,3.0,3.0,70.0,7.5,-4.7,264.7,94.7,229.3,275.0,25.0,22.7,1.0,2.3,30.0,-1.2,-3.2,0
210.3,179.0,179.7,167.3,24.0,24.0,3.0,1.0,50.0,15.8,6.2,163.3,159.0,107.7,222.3,17.3,23.7,1.3,1.7,80.0,0.6,-2.0,0
159.7,162.7,196.0,347.7,26.3,32.0,3.0,2.3,44.4,-8.7,-10.1,283.3,42.0,145.7,258.0,34.3,16.0,0.3,1.7,33.3,3.4,-8.0,1
106.0,266.0,231.3,247.7,22.3,34.3,2.3,1.7,60.0,-14.6,-9.2,123.7,196.0,162.7,224.7,14.0,39.3,4.3,1.7,40.0,-24.7,-8.8,0
175.0,166.3,176.3,190.0,29.7,17.3,0.0,2.3,33.3,9.8,-3.7,184.3,158.3,218.7,299.0,21.3,26.3,3.0,0.7,50.0,-6.2,-11.8,1
49.3,184.0,173.0,311.3,10.3,37.7,1.3,0.7,70.0,-10.9,-2.2,117.0,143.7,316.7,178.7,27.3,16.7,0.7,3.7,30.0,-0.7,-8.0,1
280.7,124.7,169.7,122.3,44.0,15.7,0.7,2.3,30.0,20.3,2.1,172.0,195.3,131.7,106.7,14.7,12.7,1.7,2.3,40.0,6.5,0.9,1
136.3,161.0,183.7,237.0,15.7,26.3,1.7,2.0,33.3,6.4,7.5,161.0,174.7,84.3,222.7,12.3,33.3,1.7,0.7,50.0,-5.9,1.2,0
223.0,103.0,255.7,240.7,33.0,20.3,1.0,1.0,30.0,-2.5,-7.8,109.0,120.7,221.3,164.3,36.3,20.7,1.7,0.7,60.0,7.3,-0.9,0
120.3,209.3,245.7,209.7,26.7,32.0,0.3,0.7,70.0,-11.7,-6.4,148.0,272.7,180.7,208.0,19.3,39.7,1.7,0.7,77.8,-23.1,-8.0,1
228.7,121.3,136.0,362.0,28.0,34.3,1.3,1.7,33.3,-3.9,-6.0,313.0,160.3,54.0,249.0,31.0,37.0,1.3,2.0,77.8,-3.1,-7.7,0
262.7,162.3,39.0,153.7,14.7,20.7,0.7,1.0,77.8,2.3,1.1,41.0,216.0,261.3,182.7,16.3,30.7,2.0,1.7,80.0,-1.2,2.3,1
128.3,103.0,174.0,119.0,19.0,8.0,1.0,1.7,77.8,-9.1,-10.3,144.0,274.3,153.3,237.3,20.0,48.3,1.7,1.0,11.1,-16.1,-12.5,0
88.0,222.5,120.0,188.0,8.0,36.5,2.0,3.5,44.4,-10.5,-6.0,196.5,123.5,312.5,335.5,30.5,45.5,1.0,1.0,70.0,-13.5,-13.5,0
188.7,98.3,208.0,262.0,29.3,28.7,1.3,1.3,33.3,14.7,14.7,90.0,125.7,214.0,253.0,23.3,23.7,1.7,2.7,80.0,-1.4,-1.4,1
197.0,278.7,194.0,212.3,23.3,28.7,1.0,1.0,55.6,1.9,2.3,207.7,194.3,320.7,183.7,34.3,15.7,0.7,1.3,44.4,10.1,4.5,1
165.3,215.0,130.3,134.7,19.3,17.0,1.0,1.3,50.0,-12.9,-10.4,129.3,273.3,194.0,193.3,15.3,33.0,0.7,0.7,70.0,-25.7,-15.6,0
221.0,159.7,266.7,241.0,32.0,34.7,2.0,0.3,60.0,-6.1,-6.9,216.7,275.7,331.0,203.3,36.7,36.0,1.3,0.3,30.0,-9.0,-7.5,0
165.3,226.3,238.3,247.0,34.3,36.0,0.7,1.7,50.0,4.9,-2.4,189.3,203.0,313.7,170.7,31.7,31.0,1.7,0.0,80.0,8.7,2.6,1
193.3,249.3,278.7,191.0,33.0,33.3,0.7,0.7,33.3,-7.5,-6.7,122.3,125.0,341.7,162.0,29.7,12.7,1.0,1.7,11.1,-13.2,-12.6,0
277.7,124.0,152.7,217.0,36.3,27.3,1.7,1.0,33.3,3.0,-1.6,131.0,164.3,317.3,226.7,37.0,38.0,2.3,1.3,70.0,-1.6,-3.0,1
123.0,149.3,188.0,157.0,17.0,19.0,1.0,1.3,18.2,7.1,5.1,157.3,253.7,93.7,308.0,22.3,44.0,1.0,1.0,100.0,-3.2,4.0,1
175.7,323.7,222.7,181.3,26.0,41.0,0.3,1.0,40.0,-14.9,-10.4,52.3,226.3,273.3,257.3,20.0,39.0,2.3,1.0,36.4,-30.8,-18.4,1
180.0,87.7,334.7,172.7,52.3,21.0,2.0,3.7,77.8,9.5,-3.0,322.7,101.7,201.3,236.0,51.0,17.7,1.3,3.0,77.8,4.9,-0.3,1
157.3,144.7,221.7,320.0,28.3,28.0,2.0,1.7,80.0,8.7,-4.8,417.7,118.3,73.7,235.7,48.0,18.3,0.3,2.3,77.8,11.0,0.3,1
242.7,77.0,342.0,331.3,47.0,17.3,0.7,1.7,70.0,21.9,6.7,277.7,90.3,249.7,186.0,42.7,16.3,2.0,0.7,80.0,32.9,13.6,1
185.7,53.7,218.0,240.3,35.7,16.3,1.3,2.3,70.0,8.0,2.2,258.7,123.3,247.7,358.7,36.0,36.7,1.7,1.0,30.0,9.2,2.2,1
246.3,92.7,186.0,303.0,38.7,31.3,2.0,0.7,100.0,10.9,0.5,135.7,215.7,127.7,199.7,10.3,35.7,2.0,1.3,70.0,-11.0,-4.2,0
149.3,140.0,204.0,184.0,22.7,20.3,1.3,0.3,80.0,5.0,-1.8,158.0,142.0,334.0,226.7,35.7,24.0,1.0,1.3,70.0,2.5,-6.0,1
69.0,222.0,95.0,97.0,6.0,14.0,3.0,3.0,55.6,-1.0,4.5,132.0,322.0,150.0,146.0,0.0,44.0,6.0,1.0,40.0,-10.2,6.7,0
136.3,234.0,381.3,230.7,32.0,34.7,2.3,1.7,40.0,-7.3,-5.4,82.0,276.0,270.0,199.7,24.0,45.3,1.3,1.0,60.0,-16.2,-7.6,1
151.0,8.0,158.0,254.0,24.0,12.0,1.0,1.0,50.0,-0.6,-20.4,209.0,278.0,363.0,271.0,32.0,31.0,1.0,3.0,70.0,3.4,-4.7,1
104.3,166.0,193.0,131.7,24.0,14.7,1.7,2.7,50.0,7.5,-0.4,113.3,180.7,209.3,195.3,14.0,37.3,2.3,1.7,20.0,-6.9,-0.6,1
77.0,167.0,285.0,203.0,15.7,21.0,1.7,1.3,33.3,0.6,-0.4,195.0,163.7,211.0,242.0,30.7,34.0,1.0,1.7,22.2,3.8,-0.7,1
76.0,108.7,403.0,153.0,31.7,21.0,1.3,0.3,44.4,5.6,-3.6,146.3,331.3,248.3,171.7,24.3,41.3,1.3,0.7,20.0,-13.2,-6.0,0
70.7,228.3,128.0,205.3,9.7,34.0,2.0,1.7,70.0,-26.0,-4.9,108.0,250.7,144.3,136.0,10.3,39.0,2.3,0.7,72.7,-16.6,-7.1,1
281.0,72.5,202.0,233.0,44.5,15.5,2.0,2.0,30.0,12.5,-11.7,206.0,106.0,216.0,263.0,24.0,7.0,0.0,2.0,70.0,9.1,4.6,1
169.3,88.3,188.0,213.0,24.7,12.0,1.0,2.0,60.0,0.4,-1.1,184.7,171.3,193.3,269.3,33.7,33.3,1.3,1.0,77.8,5.2,3.8,1
177.7,68.3,156.3,223.3,20.0,17.0,0.7,0.7,77.8,-4.8,-10.5,211.3,174.7,229.0,352.0,35.7,38.7,1.3,0.7,66.7,-3.7,-5.6,1
187.0,88.7,198.3,225.7,41.7,26.3,1.3,3.0,30.0,13.6,6.7,128.7,71.7,228.0,191.7,19.0,13.0,2.3,1.3,50.0,7.8,2.5,1
114.3,168.0,387.7,176.3,41.0,28.3,2.0,3.3,80.0,17.8,7.0,173.0,104.3,110.3,218.0,26.7,13.0,1.3,3.3,72.7,2.5,-1.9,0
238.3,169.3,65.0,149.7,22.7,15.0,1.3,2.3,30.0,-0.5,-7.8,150.7,238.3,251.3,259.0,32.0,42.7,0.7,1.7,20.0,-9.7,-4.9,0
224.7,130.7,174.7,224.7,32.7,25.7,2.0,1.3,70.0,0.8,-5.6,200.0,91.0,217.3,198.7,35.7,16.3,0.7,2.0,70.0,9.0,-4.7,1
254.7,85.7,208.7,299.3,35.0,30.0,1.7,0.7,36.4,13.7,2.3,167.7,72.0,139.7,203.0,22.3,15.0,2.3,1.7,90.0,3.4,-0.9,0
147.0,202.7,190.3,236.0,22.3,30.3,2.0,1.7,80.0,11.8,7.8,119.7,131.0,265.0,236.3,21.3,28.3,2.0,0.3,30.0,12.6,8.0,1
154.0,165.0,196.3,161.3,27.3,16.0,2.0,2.0,80.0,7.4,-1.8,159.0,142.3,176.3,171.7,22.3,17.0,1.0,1.0,40.0,-10.5,-8.6,1
50.3,134.3,429.3,248.0,39.0,23.7,1.3,3.0,20.0,2.8,-3.2,191.7,145.3,197.0,179.7,22.3,20.0,1.0,1.3,30.0,-10.5,-10.7,0
73.3,226.7,240.7,178.0,18.3,31.3,3.0,1.7,50.0,-17.7,-17.5,101.0,177.7,257.3,197.3,17.0,28.3,4.3,1.0,36.4,-11.9,-11.3,1
188.0,165.3,179.7,153.7,21.3,17.3,1.3,1.3,60.0,4.5,0.7,23.3,137.7,212.7,192.0,15.3,21.7,0.3,1.3,80.0,6.4,-0.9,1
261.7,138.3,286.7,173.0,43.0,20.0,1.0,2.3,70.0,17.2,1.7,145.7,167.7,278.7,101.0,25.7,18.0,2.0,1.0,30.0,6.9,2.3,1
198.0,200.3,148.0,164.0,30.7,19.7,1.0,1.7,30.0,13.4,8.7,137.0,102.0,328.0,213.5,35.5,25.5,1.0,1.0,80.0,10.7,7.4,1
178.0,246.7,219.0,170.3,26.7,26.0,0.7,2.0,80.0,2.9,4.8,142.3,227.3,358.7,271.3,28.0,39.0,0.7,0.7,90.0,3.5,4.0,0
249.0,204.0,167.0,206.0,19.0,35.0,2.0,1.0,30.0,0.5,-8.2,342.0,189.0,80.5,178.5,30.5,19.0,2.0,3.0,80.0,2.8,-4.2,0
135.3,242.3,143.7,194.3,7.0,29.7,1.3,1.3,0.0,-22.6,-7.9,95.0,223.7,115.3,197.7,7.7,28.3,1.0,2.3,50.0,-26.6,-11.0,1
119.0,171.0,259.3,160.7,26.3,27.7,2.0,1.7,70.0,-10.2,-6.2,154.7,137.0,262.0,232.0,29.0,18.0,1.0,1.0,40.0,0.7,-4.7,1
169.0,164.0,149.3,161.3,25.3,23.7,1.0,1.7,80.0,-18.1,-10.5,148.7,149.7,266.0,251.7,40.7,25.3,1.7,4.0,50.0,-7.0,-8.4,0
216.3,138.3,291.3,234.3,44.3,29.3,1.7,2.7,30.0,1.1,-2.9,248.3,136.0,228.0,257.3,42.7,25.0,1.7,3.3,10.0,-8.3,-14.1,1
232.0,72.3,252.3,179.3,45.0,17.7,1.7,2.3,60.0,12.9,5.7,152.0,79.0,207.7,323.0,28.3,21.0,0.3,1.3,77.8,14.1,7.1,1
178.0,148.3,200.3,166.0,29.0,15.3,1.0,3.0,33.3,14.6,6.0,108.0,245.7,233.7,245.7,14.7,33.3,1.7,1.0,80.0,0.2,0.3,1
232.0,159.0,322.0,310.0,34.0,38.0,1.0,1.0,30.0,4.3,4.9,27.0,141.0,210.0,232.0,3.0,57.0,3.0,0.0,30.0,-17.8,13.4,0
125.3,238.7,197.7,156.7,16.7,24.0,1.3,1.0,60.0,3.8,1.3,41.7,259.3,144.3,197.0,2.3,38.0,2.0,1.3,18.2,-17.7,-3.7,0
222.3,120.3,255.0,215.3,39.7,19.7,1.7,2.0,30.0,23.1,2.4,61.7,197.3,227.0,158.0,17.3,20.3,2.7,3.7,50.0,5.5,-2.4,0
141.7,185.3,244.3,266.7,24.3,27.7,0.3,1.3,60.0,-2.7,-6.9,169.3,151.0,230.7,186.0,31.3,28.3,1.7,2.3,40.0,4.8,-2.3,1
208.7,179.7,340.3,216.7,40.3,24.7,4.0,2.7,80.0,13.3,1.3,73.7,106.7,230.0,336.0,23.0,26.3,1.0,1.7,70.0,-6.9,-7.8,1
185.7,129.0,211.3,230.7,24.0,14.3,2.3,0.7,50.0,0.3,-3.5,159.0,106.7,154.0,179.0,19.3,22.0,3.0,0.7,80.0,1.7,-0.8,0
191.7,126.3,322.7,258.7,41.0,18.7,1.7,2.0,100.0,9.2,2.8,201.7,190.7,296.7,330.0,35.0,39.7,2.3,1.7,50.0,2.4,-0.9,0
132.0,126.0,379.0,319.0,33.0,28.0,1.0,2.0,88.9,8.2,10.8,185.0,29.0,152.0,150.0,16.0,13.0,2.0,1.0,66.7,9.2,0.6,0
217.0,128.3,179.3,297.0,24.0,28.7,1.0,2.3,44.4,1.6,0.2,199.3,107.7,241.0,266.3,32.7,33.7,2.7,1.3,40.0,-16.6,-14.7,0
120.0,129.0,231.0,259.3,18.3,25.7,2.0,1.0,11.1,-15.8,-16.5,216.3,174.7,292.3,276.3,50.7,40.0,0.0,1.3,33.3,-11.5,-13.2,0
175.3,194.7,263.3,272.0,25.0,32.0,1.0,2.0,10.0,-10.0,-10.0,138.0,94.3,230.3,272.7,29.0,25.0,1.7,2.0,80.0,0.0,-4.1,1
166.0,156.0,240.0,164.3,32.7,22.7,2.0,3.3,30.0,3.2,-0.7,89.7,99.7,230.0,295.0,19.3,22.3,2.0,1.7,70.0,-10.3,-3.5,0
205.3,151.0,259.7,267.0,40.7,28.7,0.3,1.0,60.0,16.7,11.6,235.7,129.7,295.0,288.3,37.3,27.7,1.3,1.3,20.0,7.6,6.4,0
90.0,170.0,266.3,199.3,17.7,27.0,1.7,0.7,77.8,-0.2,0.6,189.3,181.7,289.0,194.7,37.7,21.7,1.0,2.0,30.0,-11.2,-9.9,0
234.0,188.0,221.5,205.5,35.0,25.0,1.0,1.0,50.0,5.0,3.1,47.0,98.0,286.0,233.0,7.0,17.0,2.0,1.0,50.0,-1.8,-9.9,0
181.0,117.5,155.0,213.0,23.5,15.5,0.5,1.0,30.0,11.9,4.7,191.0,119.0,333.0,288.0,35.0,21.0,1.0,4.0,70.0,7.1,-6.9,1
252.0,261.7,205.7,340.3,33.3,43.0,0.7,1.3,50.0,2.6,3.0,161.3,161.3,234.3,207.7,31.0,20.3,0.3,1.7,50.0,-12.3,-11.1,1
148.7,106.0,275.3,234.0,23.0,21.3,2.7,1.0,60.0,-13.1,-11.3,130.0,215.3,270.0,225.0,27.3,35.0,2.3,0.7,33.3,-22.0,-7.9,1
238.7,141.3,274.3,204.7,46.0,28.0,1.7,1.0,44.4,14.1,0.7,226.7,207.7,201.3,211.7,32.3,32.0,2.3,1.0,77.8,3.7,-0.1,0
290.7,245.7,218.0,260.3,36.7,45.0,1.0,1.3,44.4,14.9,12.1,185.7,146.7,272.3,125.3,39.3,13.7,1.0,1.7,77.8,17.6,1.4,1
251.0,121.0,199.0,184.0,49.0,21.0,0.0,2.0,55.6,3.1,-23.6,229.0,252.0,184.0,192.0,38.0,34.0,0.0,3.0,70.0,-14.6,-22.8,1
172.3,21.3,250.3,380.3,40.0,27.3,2.0,3.3,70.0,15.6,4.4,228.3,206.7,257.7,206.7,38.7,31.7,2.3,1.7,10.0,6.9,-1.3,0
100.7,94.7,157.0,189.7,16.3,25.3,2.3,2.0,60.0,5.5,3.8,113.7,124.0,357.0,290.7,32.7,33.7,2.3,1.3,18.2,8.9,6.2,1
48.3,188.3,194.0,278.0,12.7,40.3,2.7,1.0,40.0,-6.2,-2.3,140.0,119.0,180.7,216.7,32.7,28.0,0.3,2.0,60.0,-11.4,-13.0,1
382.0,63.0,89.0,491.0,44.0,45.0,0.0,3.0,100.0,3.9,-0.4,287.0,424.0,309.0,243.0,42.0,66.0,2.0,1.0,40.0,-17.2,-15.8,0
201.7,136.3,405.0,248.7,49.3,14.7,0.7,0.3,100.0,25.0,5.1,267.7,175.3,150.3,241.7,40.7,29.0,1.0,1.7,20.0,14.5,6.6,0
151.5,108.0,123.0,282.5,15.0,18.5,0.5,1.5,44.4,-5.5,-1.6,152.3,187.0,223.3,171.3,21.0,27.0,1.0,1.3,44.4,-11.3,-10.3,1
192.7,127.7,127.3,195.0,26.0,23.0,1.3,3.0,45.5,-4.4,-1.1,97.3,282.7,227.3,320.0,24.0,42.3,1.7,2.0,30.0,-11.4,-5.0,0
173.0,210.5,251.5,325.0,34.5,25.5,0.5,1.5,70.0,-0.3,-1.6,60.0,254.7,89.3,290.3,7.0,35.7,1.0,1.7,50.0,-23.3,0.8,0
149.3,199.3,251.3,172.3,25.7,29.7,1.7,1.0,70.0,-6.9,-3.9,67.7,285.7,230.7,201.3,11.3,53.7,3.0,1.0,50.0,-22.9,-3.2,0
197.0,35.0,207.0,216.0,34.0,13.0,1.0,1.0,30.0,15.8,-8.8,363.0,115.0,76.0,325.0,14.0,40.0,3.0,1.0,55.6,-13.7,-14.8,1
217.3,51.0,198.7,142.3,35.0,4.3,2.0,2.3,100.0,20.1,2.8,129.7,138.3,228.3,201.0,20.7,21.7,3.0,2.7,50.0,-7.1,-2.3,1
144.3,105.0,161.3,270.0,26.7,17.3,1.3,2.7,40.0,4.8,-1.4,135.3,102.7,294.3,145.7,33.3,20.3,3.7,1.7,9.1,4.1,-7.7,1
219.3,178.3,294.0,260.3,27.0,32.0,2.7,0.7,66.7,17.4,7.7,188.7,169.0,357.3,291.7,36.7,34.3,2.0,1.3,55.6,22.9,7.8,0
127.7,130.0,208.3,232.0,20.0,26.3,1.0,2.0,40.0,-13.5,-9.9,151.0,151.3,208.0,207.3,19.3,35.0,2.3,2.7,70.0,-16.8,-5.6,0
186.0,153.0,156.0,210.0,27.0,31.0,3.0,1.0,80.0,3.5,14.4,96.0,301.0,149.0,255.0,13.0,37.0,2.0,2.0,50.0,-8.6,10.6,1
210.0,365.0,254.0,247.7,36.3,46.7,1.3,2.0,70.0,-0.3,-1.7,207.7,196.3,189.3,233.7,22.3,19.3,1.3,1.0,77.8,-6.0,-4.9,0
256.7,181.3,175.0,223.3,39.0,24.7,0.7,1.3,40.0,-7.3,-13.0,221.0,176.3,239.0,214.3,31.0,27.0,2.3,2.0,60.0,-7.5,-10.4,1
134.0,193.0,315.3,162.3,40.7,19.0,2.0,2.0,60.0,-4.2,-9.8,105.7,152.7,190.0,195.3,12.0,20.7,2.0,2.3,50.0,-26.8,-13.7,1
303.5,318.0,116.0,172.5,28.5,27.0,0.0,2.0,20.0,-13.8,-10.7,194.0,162.0,241.0,294.0,34.0,31.0,3.0,4.0,30.0,-22.4,-28.8,1
30.3,178.3,152.7,149.7,7.3,25.3,3.0,2.3,60.0,-4.9,-2.9,151.0,55.3,93.7,182.3,29.7,9.0,0.3,3.3,60.0,0.6,-7.3,1
169.3,168.7,177.3,246.3,26.3,27.7,1.0,2.0,30.0,-3.0,-5.3,70.7,162.7,249.0,248.0,24.7,26.7,2.7,2.0,60.0,-8.4,-10.7,1
315.7,169.7,111.7,218.7,30.7,28.7,1.3,1.3,88.9,6.0,4.1,120.3,345.3,224.3,164.7,25.0,42.0,1.3,1.0,20.0,-12.0,0.3,1
193.0,109.0,247.7,210.3,42.3,18.0,0.3,3.0,30.0,5.0,-2.5,109.7,230.0,360.0,213.3,35.0,42.7,4.0,0.7,70.0,9.8,-0.1,1
172.0,125.0,212.0,262.0,38.0,23.0,1.0,3.0,70.0,8.2,-12.7,192.0,290.0,349.0,172.0,38.5,25.5,1.5,1.0,100.0,3.0,-6.6,0
85.3,171.3,200.3,251.0,11.3,38.7,2.7,1.7,60.0,-15.2,-8.5,166.7,274.0,236.0,247.3,32.7,40.0,0.7,1.7,30.0,-5.0,-8.3,1
157.3,178.7,167.7,180.0,19.3,21.0,1.3,2.0,60.0,0.4,0.0,153.7,246.7,264.3,256.7,26.7,42.7,1.3,2.3,80.0,2.0,2.2,1
133.0,169.7,198.7,161.3,24.7,18.3,2.3,1.3,33.3,10.1,1.3,175.3,147.0,207.3,236.7,29.7,23.3,0.7,3.3,33.3,-0.9,0.2,0
269.0,146.7,195.3,287.7,35.7,29.3,0.7,2.3,44.4,-4.8,-5.9,176.7,246.0,193.0,153.0,25.0,30.3,1.3,0.0,55.6,-6.3,-5.9,1
63.0,382.0,491.0,89.0,45.0,44.0,3.0,0.0,33.3,7.5,5.7,112.0,115.0,391.0,298.0,38.0,35.0,1.0,2.0,70.0,-11.0,-19.6,0
212.7,124.7,187.7,166.0,23.3,20.3,2.7,2.3,30.0,5.0,2.4,144.0,126.0,163.7,201.0,15.7,20.0,1.3,2.7,60.0,10.7,7.3,1
268.7,94.7,241.7,297.7,45.7,29.7,2.0,3.7,90.0,25.9,11.0,200.3,153.3,210.7,210.7,17.0,29.0,1.3,1.3,30.0,-0.2,4.4,0
102.0,139.0,295.7,206.3,26.0,20.3,0.0,1.3,66.7,6.6,-1.3,303.7,172.0,177.3,158.7,40.0,25.3,1.0,2.0,88.9,8.4,3.6,0
200.3,223.3,236.7,293.0,30.3,39.3,2.0,1.0,10.0,-7.4,-5.9,158.7,223.0,308.3,189.0,32.0,30.3,1.0,0.7,70.0,-9.9,-13.0,0
154.3,50.3,224.7,178.7,32.7,14.3,2.7,2.7,60.0,9.8,2.1,172.3,121.0,275.3,194.0,29.0,22.7,2.3,2.0,30.0,8.4,-0.6,0
129.3,204.3,353.7,163.0,36.7,31.3,2.0,3.0,70.0,1.5,1.5,57.0,61.0,190.0,247.3,11.0,20.0,2.0,1.7,50.0,0.0,0.0,0
112.7,202.3,242.3,226.3,20.3,31.7,3.0,1.7,90.0,-1.0,1.6,168.3,172.3,233.7,245.7,28.7,24.0,2.7,2.7,30.0,-11.4,-5.4,0
119.5,131.5,240.0,315.0,35.5,36.0,2.0,1.5,70.0,5.7,0.2,163.3,189.7,254.3,166.0,29.3,24.0,2.3,3.0,36.4,-8.3,-6.8,0
81.7,254.7,312.0,278.0,29.3,43.7,1.7,1.0,70.0,-16.6,-7.3,98.3,148.0,243.0,270.0,19.7,26.7,2.0,1.7,77.8,-16.7,-10.4,0
145.3,86.0,240.3,282.0,29.3,28.0,2.3,2.7,77.8,15.8,8.4,190.3,222.3,157.7,275.0,17.0,37.7,1.3,1.0,20.0,-8.9,-3.2,0
286.3,125.0,171.0,265.7,37.0,23.7,0.0,1.0,30.0,11.8,6.7,181.3,198.0,220.7,145.0,27.7,28.7,1.3,0.7,50.0,-19.7,-13.4,0
150.0,215.0,414.0,251.0,50.0,48.0,1.0,1.0,50.0,4.5,-1.3,120.0,206.0,168.0,230.0,16.5,28.0,1.5,0.5,50.0,-7.7,2.5,0
335.0,95.3,218.3,244.7,47.7,13.7,1.3,2.7,60.0,16.0,-1.0,225.0,16.0,203.5,322.5,40.0,24.0,0.5,1.5,18.2,5.9,-2.0,1
133.7,155.3,122.7,164.3,10.0,32.0,3.7,2.7,50.0,-11.3,0.2,100.0,133.7,201.3,191.3,19.3,22.7,2.3,2.0,50.0,-4.4,-4.4,0
71.0,128.5,242.5,335.5,25.5,27.5,1.5,3.5,70.0,-6.9,-7.1,79.0,106.0,290.0,325.5,34.5,32.5,3.0,2.0,20.0,1.1,0.6,1
136.3,52.0,168.7,167.7,27.0,8.7,0.3,2.0,60.0,8.9,6.4,226.7,88.7,120.3,137.7,27.3,5.3,0.3,2.0,60.0,12.2,2.6,0
194.0,213.3,200.7,238.7,23.3,27.3,1.3,1.7,70.0,12.7,4.4,162.0,217.3,161.7,324.7,31.7,28.3,1.7,3.0,50.0,4.0,-0.1,0
78.5,165.0,478.5,185.5,47.0,20.0,1.5,2.0,90.9,10.5,-9.5,110.0,98.0,239.0,423.0,17.0,42.0,1.0,1.0,50.0,-18.3,-17.3,0
170.3,98.0,134.0,151.3,21.3,11.0,0.3,1.7,30.0,2.1,-4.4,116.3,190.3,255.0,184.3,26.0,28.0,1.0,0.3,30.0,-5.0,-5.1,1
119.0,185.0,336.7,313.3,34.7,39.0,1.3,1.7,55.6,8.9,3.1,209.3,191.7,234.7,250.7,30.0,39.3,0.3,1.0,22.2,3.8,10.5,0
165.7,268.3,185.7,163.7,24.7,38.3,1.3,1.3,40.0,-15.0,-15.8,138.0,249.7,222.7,176.3,20.7,27.3,2.7,3.7,80.0,2.8,0.2,1
189.3,161.3,155.0,124.0,24.7,24.0,1.7,0.7,80.0,11.4,0.4,158.7,126.3,427.0,214.0,44.3,26.0,2.0,1.7,90.9,11.1,-4.7,1
155.7,86.3,236.7,167.7,28.7,12.0,2.3,1.7,70.0,6.5,-9.3,60.7,183.3,324.0,193.0,24.0,24.7,1.0,1.0,90.9,8.6,0.6,0
254.0,157.0,239.0,189.7,39.0,24.7,0.7,1.3,40.0,20.1,7.9,301.3,95.0,207.7,182.0,39.7,15.0,1.0,1.7,88.9,22.3,6.8,1
112.7,233.7,228.3,193.7,13.0,33.3,2.7,1.7,60.0,-15.1,-11.3,221.3,100.0,210.7,350.3,42.3,33.3,1.0,1.3,60.0,-4.5,-10.4,0
169.0,143.0,194.0,185.0,20.0,19.0,6.0,3.0,77.8,3.8,-5.5,53.0,305.0,234.0,207.0,10.0,45.0,3.0,0.0,33.3,-9.8,-12.1,0
140.0,177.0,198.0,118.0,13.0,14.0,0.0,2.0,40.0,-8.2,-7.7,39.0,130.0,106.0,195.0,3.0,27.0,1.0,0.0,36.4,-14.0,9.0,1
0.0,0.0,0.0,0.0,15.0,20.3,1.3,1.3,60.0,-3.2,-3.2,0.0,0.0,0.0,0.0,39.3,21.7,0.7,0.3,10.0,-1.8,-1.8,1
206.3,50.7,177.0,210.3,31.0,12.3,1.0,2.0,60.0,4.8,-1.0,92.0,311.7,285.0,155.7,29.3,36.3,2.0,1.0,80.0,-9.7,-3.4,1
211.0,23.0,267.0,362.0,49.0,24.0,1.0,2.0,18.2,4.6,-8.1,104.0,226.0,287.0,220.0,24.0,27.0,4.0,1.0,70.0,-1.6,-5.8,1
72.0,223.3,287.0,173.7,24.0,26.7,2.0,1.0,50.0,-12.9,-7.1,135.3,272.3,277.0,137.0,22.7,34.0,2.0,0.3,50.0,-14.9,-7.2,1
193.0,148.7,222.3,230.7,29.3,24.3,0.7,1.0,30.0,-8.1,-10.1,202.7,165.7,241.0,282.3,34.7,29.3,2.0,0.7,40.0,-3.1,-9.9,0
124.7,173.0,169.7,163.7,13.3,33.0,3.0,0.7,55.6,-12.0,0.3,109.7,183.7,210.7,209.0,17.7,29.7,3.7,1.7,36.4,-6.5,-2.3,1
313.7,59.7,142.3,129.0,30.7,8.0,2.0,1.3,88.9,31.3,12.0,269.7,175.0,171.0,240.7,31.3,32.0,1.7,2.0,50.0,2.5,1.3,1
165.3,175.7,270.7,353.0,36.3,28.7,1.3,4.0,60.0,-11.9,-9.7,241.3,239.3,310.7,212.7,41.0,28.7,1.0,2.3,40.0,0.1,-5.7,1
134.0,78.0,360.7,327.3,28.0,20.3,2.0,2.3,18.2,4.1,0.7,226.7,66.0,146.7,151.7,19.7,3.3,2.3,1.7,90.0,7.2,-2.6,0
180.7,78.3,238.7,163.7,32.3,9.7,1.7,1.0,60.0,17.9,2.2,81.0,121.0,274.7,187.7,32.7,23.3,1.3,2.3,70.0,10.6,2.4,1
147.7,163.3,207.0,248.3,28.7,33.7,1.3,0.7,70.0,2.6,3.5,204.0,250.7,189.3,183.3,23.7,20.3,1.3,2.0,20.0,9.1,7.7,1
103.7,223.7,173.0,228.0,17.7,38.3,1.7,1.0,20.0,-8.2,-3.1,108.7,215.7,393.3,272.3,39.7,39.0,1.3,1.0,60.0,2.4,-0.5,1
125.0,57.0,287.0,215.0,38.0,20.7,1.7,2.0,70.0,11.7,-0.2,183.3,204.3,159.7,278.7,19.7,40.0,2.3,1.3,70.0,-11.8,-4.0,0
211.7,76.0,163.7,222.0,22.3,13.3,1.3,1.7,80.0,19.6,8.4,142.0,151.3,245.3,221.3,34.0,22.7,0.0,1.0,70.0,-0.5,-5.8,0
120.0,137.5,187.5,179.0,20.5,20.5,1.0,1.0,80.0,-1.6,-7.0,111.7,155.7,150.0,220.3,13.3,28.0,0.7,0.3,36.4,-15.3,-11.2,1
124.0,184.0,286.0,191.0,26.5,18.5,1.0,1.0,50.0,13.7,3.6,175.0,324.5,118.5,120.5,26.0,34.5,2.5,1.0,40.0,6.1,4.1,0
160.3,112.7,204.3,376.7,28.7,29.3,2.0,2.0,30.0,10.8,5.4,68.7,207.7,326.3,243.3,22.7,33.3,1.0,0.0,40.0,0.0,2.4,0
186.7,154.7,176.3,233.3,13.0,24.7,1.3,1.0,30.0,-6.3,-6.9,154.7,237.7,342.7,272.0,32.3,39.0,1.7,1.3,50.0,-15.1,-11.5,0
180.3,82.7,255.3,329.3,35.7,31.3,1.3,1.7,80.0,-8.5,-8.2,317.3,244.0,95.7,272.0,25.0,43.0,1.7,0.7,30.0,-12.6,-5.2,1
161.7,151.3,370.7,210.3,45.0,20.7,1.3,1.7,33.3,20.9,9.5,182.0,177.7,170.7,284.0,15.7,34.0,1.3,0.7,66.7,3.0,9.0,1
122.7,304.7,154.7,170.3,13.7,45.0,1.7,1.3,50.0,-3.6,0.3,177.7,225.3,34.3,240.0,11.3,34.3,1.7,1.3,100.0,-6.0,-1.9,0
219.7,127.7,197.3,168.0,34.3,17.3,1.3,3.0,80.0,-5.1,-9.5,241.7,159.7,161.0,216.3,38.3,22.7,1.3,2.0,50.0,-6.2,-9.3,0
123.3,148.3,231.0,159.3,22.7,8.7,1.3,2.0,80.0,9.5,-0.9,96.7,115.3,255.3,188.3,23.7,21.3,2.3,2.7,70.0,3.0,3.6,1
183.3,47.3,238.7,229.0,35.0,13.3,3.0,2.0,40.0,7.7,-6.5,218.7,202.7,270.7,314.3,32.3,34.3,1.7,2.0,50.0,-1.7,-1.6,1
256.0,168.0,209.3,280.0,26.3,38.3,2.0,2.0,80.0,-2.0,-5.0,193.7,169.0,238.0,217.3,24.3,25.0,1.0,0.7,50.0,-12.5,-6.4,1
232.0,157.3,303.7,299.7,45.0,29.7,0.7,1.7,60.0,15.2,4.0,166.7,130.3,259.3,315.7,37.0,24.3,0.7,1.3,10.0,17.0,4.7,0
180.3,140.7,205.7,231.3,35.7,25.0,0.7,1.3,44.4,5.1,-3.6,201.3,213.7,276.7,203.0,29.0,27.7,1.0,1.7,33.3,-10.6,-8.1,0
237.7,199.7,253.3,231.7,36.7,30.0,1.0,1.0,30.0,11.3,2.6,135.3,116.3,301.0,288.7,33.7,29.0,1.0,1.0,70.0,-1.1,0.2,0
87.3,248.7,237.3,229.0,24.3,37.3,1.7,1.0,10.0,2.1,3.6,219.7,67.0,254.3,303.7,31.3,17.7,1.7,2.3,70.0,8.0,3.8,0
221.3,225.7,199.3,201.7,38.7,36.0,2.0,0.7,50.0,-1.4,-6.2,161.7,125.3,183.7,133.0,24.3,18.0,1.3,1.0,30.0,-18.7,-9.4,0
159.7,257.0,152.3,127.7,26.0,32.0,1.7,1.0,11.1,-9.6,-9.3,269.0,218.7,186.0,190.0,37.0,29.0,1.0,1.0,22.2,-5.6,-6.8,1
157.7,192.7,356.0,187.7,37.0,24.3,1.7,1.3,0.0,-16.3,-11.0,125.7,180.7,199.0,198.0,29.3,28.3,2.0,4.0,40.0,-12.2,-11.8,1
175.3,111.0,111.0,148.3,21.0,8.7,0.3,1.3,30.0,0.0,-4.3,59.3,183.7,202.7,153.3,9.7,25.3,2.0,1.0,60.0,-9.8,-4.2,0
199.0,90.5,162.5,238.5,27.5,10.5,0.5,2.5,44.4,4.4,-5.7,109.3,125.7,192.0,265.0,22.0,30.7,1.0,1.0,55.6,-11.1,-14.0,1
217.3,175.0,250.3,227.0,34.7,34.3,1.7,1.7,70.0,1.2,0.8,145.3,93.0,374.0,344.7,38.7,32.3,2.3,1.7,70.0,6.3,9.1,0
182.7,101.7,132.3,84.7,25.3,18.0,0.7,0.3,60.0,-1.4,-8.1,108.7,198.3,258.0,211.0,21.0,33.0,1.7,0.7,70.0,-3.9,-5.1,1
312.7,111.3,182.0,123.0,30.7,14.0,2.7,2.7,36.4,17.5,0.8,57.0,245.7,294.0,278.3,24.0,31.0,1.0,2.3,30.0,-11.2,1.2,0
129.3,158.0,325.3,278.3,32.3,34.0,2.0,1.7,40.0,8.3,3.9,205.0,131.7,181.7,411.0,35.7,32.3,1.3,1.7,44.4,6.8,2.6,0
181.7,105.7,314.0,296.3,37.7,29.3,2.7,2.7,50.0,15.7,3.4,354.7,46.0,95.0,247.3,37.3,11.7,2.7,1.7,90.0,12.4,3.5,1
141.0,192.7,292.0,248.3,39.7,23.7,0.3,3.0,11.1,9.6,0.3,199.0,141.7,182.3,311.0,24.0,28.3,1.0,0.7,44.4,6.7,3.5,0
200.0,76.3,124.3,139.7,26.0,7.7,2.3,3.3,50.0,6.2,-10.6,112.0,94.0,234.3,243.3,17.3,16.7,2.3,2.0,70.0,-2.1,-7.9,1
236.7,166.7,243.7,312.3,30.7,43.3,1.7,0.7,60.0,-5.9,-6.9,98.7,183.0,177.7,203.3,17.0,27.0,2.0,1.3,60.0,-16.1,-14.1,0
97.3,182.0,306.7,229.7,30.0,32.0,1.7,2.7,50.0,6.6,4.2,123.0,186.3,181.0,237.3,19.0,33.7,1.3,0.7,50.0,4.1,3.4,1
237.7,153.0,213.7,168.0,33.3,21.0,0.7,1.7,30.0,5.0,-5.7,91.7,268.7,320.3,255.3,32.3,46.0,2.3,1.7,10.0,-22.2,-10.8,0
129.0,81.0,239.0,221.0,29.0,14.7,0.3,1.7,77.8,10.9,2.1,178.7,167.7,315.0,272.0,43.7,27.0,0.7,1.3,77.8,22.4,1.9,1
285.0,201.5,226.5,227.5,31.5,26.0,3.0,1.5,40.0,2.8,-5.2,129.0,232.5,196.0,263.5,20.5,26.5,0.5,0.0,60.0,-4.0,-4.0,0
206.0,151.3,268.0,216.3,29.7,25.0,1.7,1.3,66.7,7.7,4.4,159.7,271.3,256.0,222.7,20.7,37.7,2.3,1.3,33.3,-2.6,7.0,0
86.0,168.7,281.7,342.0,26.3,40.7,1.0,1.3,30.0,-4.8,1.3,198.3,151.0,169.0,190.7,28.7,22.7,1.7,2.3,60.0,-4.3,0.7,0
212.0,29.0,110.0,283.0,22.0,21.0,1.0,3.0,50.0,3.4,-6.9,65.0,172.0,114.0,328.0,0.0,30.0,2.0,0.0,50.0,-20.8,-18.6,1
243.7,178.7,197.0,250.3,29.7,33.7,2.0,0.3,70.0,-1.8,-1.6,45.0,192.0,260.0,180.0,9.0,25.3,2.7,1.0,72.7,-7.0,-7.4,0
171.7,147.0,207.3,236.3,26.3,25.7,1.3,3.0,44.4,-8.7,-6.9,216.3,152.7,222.0,280.7,22.0,21.7,2.3,1.0,60.0,-5.6,-9.3,0
247.0,80.3,279.0,295.0,43.3,29.3,1.0,1.0,90.0,11.9,6.4,120.3,204.7,390.7,250.3,30.3,36.0,2.0,1.3,70.0,-6.5,-6.7,0
162.0,117.3,170.3,130.7,17.7,15.7,2.0,1.3,70.0,4.7,3.1,149.7,148.0,242.3,208.0,30.0,20.0,1.0,1.7,30.0,0.6,-5.9,0
182.3,205.0,211.3,135.3,33.7,25.3,2.0,3.0,50.0,-2.0,-3.8,185.0,99.0,286.3,221.7,30.3,24.7,1.0,0.7,66.7,-12.3,-13.1,1
261.7,198.0,162.3,370.0,30.3,41.3,1.0,0.3,10.0,-4.0,-5.9,94.7,163.3,242.7,246.0,15.7,26.0,0.0,0.7,30.0,-2.0,-1.0,1
220.7,238.0,227.3,389.3,26.3,52.0,3.0,1.0,60.0,-3.7,1.0,259.3,143.3,92.0,231.3,18.0,25.3,0.3,0.7,77.8,5.2,9.4,1
266.0,324.0,218.0,129.0,56.0,20.0,0.0,4.0,50.0,6.1,-18.8,328.0,265.0,401.0,290.0,58.0,42.0,1.0,4.0,70.0,15.8,-15.4,1
136.3,173.7,406.7,234.7,38.0,21.7,0.7,1.0,70.0,2.3,-9.3,260.7,235.7,255.0,293.3,34.7,44.7,2.0,1.7,40.0,-8.7,-11.5,0
229.7,175.0,186.7,161.3,16.0,27.3,3.0,1.3,36.4,3.5,-2.4,204.7,214.3,186.3,203.3,27.0,34.0,2.7,2.3,30.0,-3.3,-0.2,0
242.7,199.7,120.3,229.0,19.0,33.3,2.0,2.0,100.0,-5.8,-0.4,70.3,225.3,223.7,174.7,14.7,35.7,2.3,2.3,18.2,-8.6,-1.9,1
215.0,215.0,214.3,209.7,27.0,34.7,2.3,1.7,30.0,-2.4,-1.3,23.0,208.0,261.0,189.0,0.0,35.0,1.0,0.0,18.2,-3.1,-2.8,0
254.3,89.7,127.3,94.0,25.7,7.7,1.3,1.7,30.0,29.4,6.6,149.0,163.0,245.3,256.3,32.7,25.7,1.7,1.7,20.0,7.8,4.0,0
245.0,21.0,361.0,210.0,41.0,6.0,0.0,2.0,100.0,4.8,-17.2,221.0,233.0,121.0,286.0,17.0,35.0,1.0,3.0,50.0,-10.0,10.6,0
204.7,103.3,352.3,279.3,43.3,30.7,1.0,1.0,90.0,16.0,10.4,174.0,188.7,165.3,298.3,20.7,38.0,3.3,2.0,70.0,2.9,0.8,0
172.7,104.3,197.3,273.0,32.3,29.0,1.7,0.3,66.7,6.4,-4.0,161.7,192.7,244.3,238.0,17.0,29.7,1.0,0.3,66.7,-21.1,-14.4,0
135.0,57.0,300.3,344.3,26.0,19.3,2.3,2.7,50.0,-0.8,-4.6,285.0,101.3,283.0,172.0,43.7,18.0,1.0,1.3,50.0,18.7,-2.2,1
257.7,90.7,185.3,236.0,33.0,17.0,1.7,2.7,40.0,17.1,5.2,66.0,66.3,211.3,271.7,16.0,30.3,2.0,1.7,50.0,5.9,2.4,1
88.0,155.7,385.0,261.3,31.0,25.3,2.0,1.3,60.0,-2.7,-7.4,146.7,147.3,254.7,179.0,33.0,21.3,2.3,2.0,70.0,6.0,3.0,0
62.0,236.5,289.0,263.5,27.5,38.5,3.5,1.5,30.0,-8.3,-6.7,87.0,185.0,186.0,353.0,10.0,41.0,1.0,1.0,40.0,-12.6,-9.9,1
174.3,62.7,165.7,216.0,22.7,14.7,0.7,1.7,20.0,-7.7,-8.2,78.7,220.7,157.0,153.0,10.0,29.7,2.3,0.7,70.0,-21.5,-15.8,1
89.0,31.0,415.0,215.0,28.0,35.0,2.0,1.0,55.6,5.2,2.9,59.0,131.0,208.0,298.0,31.0,26.0,2.0,2.0,44.4,-7.2,-13.4,1
250.3,58.7,227.3,107.7,34.3,1.0,0.0,1.7,60.0,21.7,-0.6,284.3,234.3,147.7,162.0,29.3,20.0,1.7,1.3,30.0,6.5,-1.7,1
90.0,109.0,386.0,294.0,38.0,34.0,2.0,2.0,80.0,6.7,5.0,301.0,125.0,117.0,261.0,30.0,27.0,2.0,2.0,90.0,5.4,-2.9,1
67.5,208.5,216.0,153.5,24.0,33.5,1.5,2.0,81.8,-7.8,-3.5,66.7,148.0,218.3,135.0,16.7,17.0,2.0,1.0,40.0,2.5,-1.4,1
104.0,140.0,337.0,206.0,35.0,37.0,1.0,1.0,50.0,1.8,5.2,205.0,265.0,142.0,174.0,28.0,38.0,1.0,0.0,55.6,-2.3,1.6,0
203.7,80.0,207.3,163.7,20.7,4.3,1.3,1.0,30.0,12.3,2.5,194.0,91.3,260.7,359.0,27.3,26.0,2.3,0.7,70.0,7.3,1.3,1
236.7,176.7,197.0,276.0,29.7,29.0,2.7,1.3,70.0,4.7,-4.5,167.7,172.0,107.0,297.0,14.7,42.3,3.0,0.7,50.0,-9.1,-4.6,1
186.0,133.0,385.0,225.0,44.7,18.7,1.3,2.3,70.0,2.3,-8.6,164.3,270.3,319.3,257.0,27.7,37.3,1.3,1.0,20.0,-8.9,-7.3,0
156.0,83.5,84.0,239.0,22.0,27.0,1.0,3.0,80.0,5.7,6.5,39.5,185.5,99.0,224.0,5.0,42.5,4.0,1.0,50.0,-26.7,-3.2,1
218.7,304.0,198.7,165.3,34.3,33.0,1.0,1.3,77.8,-0.4,1.8,286.0,161.0,123.3,232.0,27.3,27.3,1.0,1.7,50.0,6.9,6.9,0
140.7,180.3,198.0,246.0,23.0,23.7,2.0,3.0,60.0,2.4,3.3,20.7,195.3,339.3,261.3,22.0,35.0,3.3,2.7,50.0,-11.3,-8.3,1
120.7,208.0,169.3,221.3,21.3,35.0,1.3,1.3,40.0,-20.3,-14.5,96.3,120.0,256.3,166.3,23.7,15.3,0.7,2.3,30.0,-11.2,-14.7,0
166.0,251.0,241.0,48.0,29.0,31.0,1.0,0.0,50.0,-5.4,-5.4,93.7,226.7,213.0,171.0,10.3,41.3,2.3,1.3,77.8,-14.1,-8.2,1
117.7,40.7,150.7,237.7,21.7,10.3,1.3,3.0,50.0,9.3,0.2,341.3,152.7,153.3,263.7,31.7,26.0,0.7,2.0,30.0,3.4,-8.1,0
164.7,206.7,189.7,227.7,26.7,30.7,1.3,1.0,20.0,-3.8,0.5,208.7,188.0,291.0,244.0,38.7,26.0,2.0,1.3,88.9,15.5,4.1,1
195.7,140.0,242.7,275.0,29.0,29.3,0.3,1.0,11.1,-14.8,-11.4,149.7,160.3,165.7,273.3,21.3,42.0,1.3,0.7,22.2,-29.2,-18.1,0
249.7,105.7,300.3,244.7,44.3,24.7,1.7,1.7,70.0,4.2,-7.6,346.0,23.0,75.0,181.0,34.0,13.0,1.0,2.0,66.7,9.8,-3.1,0
139.3,244.7,186.7,159.7,17.7,31.0,3.0,1.3,20.0,-6.6,1.7,161.7,221.3,219.0,222.3,16.0,27.3,1.0,2.3,80.0,-7.2,-0.4,0
168.7,107.3,287.3,256.7,28.7,25.0,2.0,1.3,66.7,6.4,6.3,197.3,242.0,206.3,236.0,33.0,26.3,1.0,1.7,30.0,-2.4,-9.4,1
139.7,50.0,221.0,264.3,21.7,16.3,2.3,2.7,80.0,-8.4,-8.5,48.3,103.0,302.7,262.0,24.3,20.3,1.0,2.0,30.0,-4.0,-10.4,0
228.3,106.7,114.3,177.3,20.3,17.0,2.3,3.0,60.0,2.3,-2.2,126.0,185.0,254.0,178.0,21.3,14.3,0.7,2.0,50.0,4.0,0.3,1
193.3,60.7,226.3,239.3,30.7,17.0,0.7,1.3,80.0,20.9,2.0,210.3,79.3,203.0,260.3,30.3,11.0,1.7,3.7,40.0,15.3,2.2,1
185.3,222.0,272.0,331.7,32.7,38.0,3.0,2.7,80.0,-2.2,-4.8,129.7,186.3,347.0,387.0,28.0,42.7,1.3,0.3,70.0,-16.5,-14.2,0
253.3,161.3,78.0,217.7,21.3,26.0,1.7,2.0,90.0,5.6,-1.9,94.0,224.3,241.0,194.3,15.0,31.3,2.3,1.0,50.0,-8.4,-3.2,1
285.0,113.3,261.0,172.3,43.7,11.0,1.7,1.7,44.4,27.1,6.6,92.0,112.0,255.0,257.0,31.0,23.0,1.3,1.7,44.4,3.4,0.2,0
112.0,199.3,239.7,167.0,15.7,32.7,1.7,1.0,30.0,9.1,4.9,104.0,99.7,252.7,259.3,23.7,26.3,0.7,1.7,50.0,3.5,4.4,0
372.7,277.0,77.0,188.3,44.3,36.0,1.3,2.0,80.0,0.1,-3.7,246.7,264.7,41.7,169.7,21.7,32.0,0.7,1.0,55.6,-18.6,-14.2,1
150.0,316.3,231.3,187.3,23.0,39.3,3.7,1.7,66.7,10.9,7.0,275.0,217.7,206.3,185.0,33.0,28.7,2.0,1.3,44.4,-3.1,-1.2,1
153.0,96.0,59.0,110.0,10.0,35.0,1.0,1.0,30.0,7.1,6.1,110.0,104.0,202.0,178.0,31.0,13.0,2.0,3.0,70.0,-7.7,-24.0,0
164.5,236.0,389.0,220.5,36.5,33.0,1.0,1.0,100.0,22.3,13.2,125.0,149.0,224.0,173.0,23.0,28.0,0.0,1.0,30.0,-3.8,-6.7,0
172.7,81.0,176.7,238.7,27.3,21.3,2.0,2.3,80.0,13.1,1.6,69.7,97.7,166.7,182.7,20.3,12.7,0.7,2.0,70.0,6.4,3.5,1
224.3,162.3,233.7,129.0,36.0,19.3,1.3,1.0,30.0,14.0,5.1,197.3,117.7,268.7,240.0,42.7,23.7,0.7,2.7,70.0,17.0,4.6,1
218.0,169.7,164.7,300.0,24.0,33.3,4.3,1.3,60.0,5.6,-0.3,116.3,108.3,227.3,296.0,22.7,32.7,2.7,1.0,30.0,-1.0,2.1,1
120.3,202.3,294.7,242.3,26.0,35.7,1.7,0.7,77.8,2.4,4.1,188.7,156.0,138.3,187.7,21.3,22.0,2.3,1.3,88.9,10.6,7.6,1
173.0,263.0,236.0,295.0,21.0,44.0,2.0,0.0,60.0,-5.4,-9.5,147.0,123.0,323.0,467.0,27.0,45.0,2.0,1.0,50.0,-16.7,-21.8,0
146.7,201.7,244.0,224.3,21.0,26.3,3.0,4.0,80.0,1.4,-0.4,278.3,268.0,168.3,210.7,29.0,42.7,1.7,0.7,30.0,-0.7,-2.5,1
192.0,137.0,317.0,244.5,26.5,19.5,1.5,2.5,80.0,-0.4,-9.8,139.3,151.7,283.3,265.0,26.7,35.7,1.3,0.3,50.0,-3.9,0.4,0
265.7,159.0,94.0,229.3,19.7,25.7,2.0,0.3,40.0,-11.5,-7.7,186.7,97.7,121.3,188.7,11.3,16.7,2.3,2.7,60.0,-15.6,-11.9,0
169.7,104.0,427.0,289.3,54.3,26.7,1.7,1.7,70.0,18.3,-5.5,161.3,152.3,239.0,204.0,34.3,18.0,1.7,0.7,70.0,5.2,-7.9,1
212.5,178.0,267.0,103.5,57.0,8.5,0.5,2.0,77.8,22.6,-8.6,260.0,162.0,318.0,63.0,44.0,7.0,2.0,4.0,30.0,5.8,-17.9,0
49.0,178.0,204.0,244.0,7.0,45.0,1.0,1.0,55.6,-3.8,-5.3,104.0,323.5,192.0,307.5,12.0,41.0,0.0,1.5,50.0,-11.7,7.6,1
213.7,29.0,261.7,178.7,37.0,7.0,1.3,1.0,88.9,33.6,8.9,153.7,188.3,207.3,170.7,30.3,17.0,0.0,2.3,40.0,14.0,7.1,1
146.7,180.3,283.7,229.0,33.3,28.3,0.0,1.0,80.0,15.2,5.7,181.3,148.3,361.7,334.3,38.3,32.3,1.7,1.3,70.0,11.3,2.7,0
177.3,138.7,250.7,184.0,30.0,31.0,1.7,1.7,90.0,10.9,5.9,187.0,163.3,167.7,203.7,22.0,26.7,1.3,1.7,45.5,7.0,2.6,1
240.7,155.7,210.0,191.0,28.3,25.0,1.3,2.0,55.6,-8.9,-10.9,175.7,354.3,284.7,215.0,42.0,49.0,2.0,1.3,70.0,-1.0,-2.8,0
125.3,158.7,215.0,148.3,25.3,20.3,2.3,3.3,33.3,8.5,5.1,121.3,169.7,299.7,276.7,31.3,33.0,1.3,2.0,80.0,-1.6,4.6,0
54.0,139.7,257.7,282.0,20.3,30.0,2.3,2.7,18.2,5.0,-2.1,103.0,155.3,212.0,235.0,12.3,23.7,1.0,2.3,60.0,-0.4,-3.3,1
115.0,71.7,251.0,291.7,21.7,20.0,2.0,1.0,70.0,1.7,-4.7,136.3,106.3,195.7,190.0,18.7,13.0,2.0,2.3,50.0,2.1,-4.2,0
131.3,193.7,183.3,144.0,18.7,19.7,1.3,2.0,33.3,14.7,6.4,259.0,91.3,141.7,255.0,28.7,21.7,0.7,1.0,77.8,-0.9,1.1,1
351.7,98.3,155.0,174.7,41.0,23.3,0.3,1.7,55.6,15.3,4.0,107.3,143.0,254.0,191.7,29.0,13.3,0.3,2.3,33.3,15.8,5.6,0
187.0,113.0,166.5,269.0,21.0,29.0,3.0,1.0,66.7,-9.2,-12.1,363.7,280.0,185.3,358.3,47.0,51.7,1.0,1.7,22.2,-0.7,1.8,1
184.7,227.0,131.7,274.7,22.7,33.7,2.7,3.7,30.0,-4.7,-4.7,135.0,113.7,196.0,173.3,26.3,14.7,1.3,2.3,80.0,-9.3,-9.3,1
269.3,84.7,69.3,130.7,23.0,11.0,0.7,2.0,30.0,1.2,-9.1,137.3,174.0,84.3,164.3,9.3,29.7,1.0,0.3,70.0,-20.0,-13.8,1
78.0,118.7,418.3,222.0,49.7,23.7,2.3,2.3,70.0,10.4,-12.0,88.0,211.3,286.3,125.3,17.0,25.7,1.3,1.7,30.0,-15.0,-10.5,0
251.0,100.7,78.0,237.0,20.7,15.0,1.0,1.3,70.0,-6.0,-1.8,60.0,322.0,224.3,118.7,20.7,31.0,1.7,2.3,80.0,-15.6,-11.1,1
114.7,116.7,187.3,148.0,18.0,12.0,1.0,1.7,60.0,11.6,5.0,143.3,171.3,207.7,235.0,10.7,39.3,3.0,1.0,80.0,-24.1,-11.4,1
176.7,76.3,229.3,291.0,25.0,26.7,1.7,0.3,100.0,13.6,10.7,261.0,36.0,182.7,132.3,32.3,8.7,1.7,1.0,33.3,-0.1,-12.5,1
81.5,206.5,180.0,275.0,15.5,45.5,3.0,1.5,30.0,-25.2,-21.0,39.0,116.0,303.5,327.0,20.5,28.5,2.0,0.5,50.0,-11.2,-11.8,0
182.7,208.0,196.0,191.7,23.7,27.0,1.7,1.7,72.7,2.8,-3.8,167.3,206.7,127.7,174.7,17.3,21.3,0.7,1.7,80.0,-2.3,2.5,1
188.0,95.0,196.0,174.0,22.3,9.3,0.7,1.7,80.0,19.7,6.1,134.0,170.0,181.7,200.7,22.3,27.3,2.0,1.3,40.0,6.6,3.0,1
178.3,73.0,246.7,315.3,43.0,26.0,1.7,4.0,50.0,-9.2,-8.8,210.0,170.3,189.7,254.0,31.0,36.3,3.3,1.3,20.0,-11.6,-6.4,1
279.7,90.3,194.7,185.7,47.3,18.3,1.3,3.0,100.0,19.6,-0.5,281.0,134.3,265.7,115.7,45.3,19.7,1.3,2.0,30.0,18.3,4.7,1
114.0,152.0,338.3,157.0,32.0,23.3,3.3,2.0,90.0,10.5,7.9,173.5,99.0,199.0,236.5,29.0,18.5,0.5,4.0,20.0,-5.7,-11.7,1
207.7,189.3,228.0,171.7,29.0,19.7,1.3,2.3,30.0,-7.6,-8.7,92.3,253.7,230.0,218.0,18.3,43.7,2.0,0.7,10.0,-26.3,-17.1,1
139.3,215.3,259.0,234.0,26.0,28.7,1.0,2.7,40.0,-2.7,-6.2,187.0,315.0,218.7,216.3,24.0,41.7,2.3,1.3,30.0,-19.3,-12.9,1
214.0,130.3,252.3,208.0,37.3,19.3,1.0,2.3,80.0,3.5,-4.5,111.3,77.3,201.0,242.3,24.7,22.7,1.3,1.7,70.0,-3.5,-6.7,0
189.0,241.5,177.5,174.0,13.0,30.0,1.0,0.5,72.7,1.0,-3.3,149.0,165.5,176.5,225.0,8.0,29.0,2.0,1.0,50.0,-12.2,-11.1,1
183.0,75.3,236.7,249.3,36.0,14.3,1.3,2.0,70.0,14.6,-1.9,122.3,175.7,270.3,227.3,26.7,28.3,2.3,2.3,60.0,12.8,5.3,0
169.7,87.3,230.0,162.0,27.3,20.0,1.0,2.3,30.0,5.2,2.5,174.0,135.0,175.0,134.0,45.0,14.0,3.0,3.0,90.9,13.0,-11.8,0
105.5,122.0,322.5,211.0,28.5,20.0,1.5,1.0,30.0,-5.4,-10.4,213.5,194.0,171.5,136.0,27.0,14.0,1.5,2.0,80.0,-4.9,-11.0,0
222.3,159.0,102.7,272.0,27.3,35.0,1.3,1.0,36.4,-17.5,-14.8,151.0,254.3,313.0,255.3,35.0,34.3,1.7,1.3,60.0,-0.7,-2.7,1
168.3,188.7,68.3,129.3,18.3,24.0,1.3,2.3,44.4,3.8,2.7,203.0,234.3,120.0,279.7,21.7,37.3,2.0,2.0,66.7,-12.0,-7.8,0
136.7,134.7,201.3,191.3,21.7,17.0,2.0,1.3,70.0,-0.4,-6.2,67.0,195.0,153.7,155.7,8.0,38.0,3.3,1.3,40.0,-12.5,-3.9,0
92.7,155.3,395.0,318.7,39.7,41.3,1.0,0.3,70.0,8.7,0.2,140.0,108.3,262.3,318.0,23.7,26.3,0.7,2.7,60.0,-4.8,-6.7,0
137.0,219.0,154.0,196.5,7.0,42.0,2.0,0.0,11.1,-9.6,-4.9,168.7,254.7,263.3,268.0,27.7,48.7,1.7,0.3,44.4,-3.9,-0.6,0
232.0,80.7,234.3,133.0,36.7,8.7,1.3,1.0,88.9,29.9,2.6,254.7,112.7,146.3,185.7,38.0,14.7,1.3,2.0,50.0,12.9,5.1,0
74.5,145.5,327.0,222.0,21.0,22.0,2.5,1.5,50.0,-11.6,-15.0,116.7,130.0,231.3,235.7,23.0,30.0,1.7,2.0,50.0,-9.2,-1.3,0
170.0,196.0,443.0,446.0,35.0,51.0,1.0,1.0,90.0,3.3,13.1,145.0,91.0,239.0,233.0,13.0,29.0,3.0,0.0,44.4,7.2,16.9,1
137.7,291.0,283.3,190.7,37.3,32.7,1.3,1.3,30.0,9.9,0.2,146.3,92.3,291.0,383.7,30.3,31.7,4.3,3.3,18.2,-1.6,0.2,1
346.0,126.3,110.0,221.3,35.0,30.0,1.0,1.7,70.0,4.0,0.2,241.7,182.7,201.0,356.0,27.3,50.0,2.0,1.3,50.0,0.5,0.2,1
188.0,189.3,278.3,232.7,26.0,20.7,0.3,2.7,90.9,15.1,9.1,264.0,80.7,175.7,165.7,33.0,10.3,1.0,2.3,100.0,16.0,6.1,1
230.7,78.0,176.7,226.0,33.7,19.0,3.0,2.0,50.0,15.6,5.5,139.0,138.3,294.3,259.3,26.7,28.3,0.7,1.0,40.0,6.4,1.6,1
243.3,215.3,252.3,171.7,40.3,17.0,1.3,1.3,70.0,6.5,-5.6,138.0,158.0,358.3,148.3,35.7,21.7,1.3,1.7,70.0,-9.5,-6.9,1
132.7,92.0,238.7,171.7,25.3,18.0,2.3,1.7,10.0,16.1,7.0,209.7,88.3,272.3,154.7,42.7,5.7,1.0,2.0,80.0,19.5,6.5,0
131.7,298.0,329.3,147.7,25.7,33.0,3.0,1.7,0.0,-15.6,-11.3,117.3,172.3,358.3,310.3,38.3,36.0,1.3,2.3,44.4,-12.1,-11.2,1
183.7,235.0,141.7,170.3,20.3,28.7,2.0,1.0,40.0,5.6,5.8,181.7,273.0,180.3,106.0,28.7,31.7,1.7,1.3,33.3,-7.3,-9.3,1
116.0,202.7,302.7,210.0,32.0,34.7,2.0,1.7,70.0,-14.1,-10.1,156.7,261.3,196.3,150.3,24.0,32.3,2.0,1.3,40.0,-12.6,-7.2,0
123.3,173.3,304.7,222.7,34.3,29.3,2.0,1.7,30.0,-12.4,-16.8,74.0,407.0,332.7,183.3,26.7,46.3,1.7,0.7,50.0,-17.6,-9.0,1
155.0,101.7,265.7,236.3,29.7,20.3,1.3,1.0,40.0,4.6,-2.5,189.3,220.7,123.0,159.0,16.0,34.3,2.3,1.3,70.0,-10.2,0.0,0
209.0,110.3,248.7,245.0,38.3,18.0,1.3,2.3,50.0,11.6,2.4,122.7,216.0,253.7,324.0,21.7,31.3,1.0,1.7,80.0,-13.5,-10.1,1
361.7,102.0,184.3,163.7,46.7,16.3,1.0,1.0,88.9,23.3,8.2,188.3,111.0,167.3,230.0,32.3,19.3,0.0,1.7,33.3,4.2,0.3,0
178.3,107.7,206.3,242.7,39.7,20.7,1.0,2.3,40.0,3.8,-7.6,140.0,106.7,272.0,264.0,30.0,27.7,1.0,1.7,70.0,-4.7,-6.0,0
238.7,179.0,401.0,306.3,44.7,35.3,1.0,0.7,66.7,17.0,2.7,202.0,203.7,203.7,264.7,37.7,34.3,1.3,3.3,77.8,4.1,6.4,1
168.7,122.7,136.7,94.7,26.0,7.7,1.7,1.7,50.0,10.6,-1.3,147.3,183.0,293.7,218.0,31.7,21.3,2.3,2.0,70.0,16.8,0.9,0
109.7,268.0,239.7,298.0,20.7,52.7,1.3,1.0,66.7,-23.4,-10.1,101.7,192.0,168.3,186.0,13.7,33.0,3.7,1.7,88.9,-9.2,-0.2,0
136.5,114.0,270.0,210.0,24.5,18.5,2.5,3.0,44.4,18.0,4.0,204.0,130.5,170.5,167.0,27.5,10.5,1.0,2.0,88.9,7.4,-6.4,0
249.5,95.0,243.5,79.5,39.5,9.5,2.5,2.5,30.0,27.5,0.6,206.5,97.5,210.5,185.5,36.5,13.5,1.5,2.0,50.0,3.6,-10.7,1
258.7,201.3,241.3,233.7,42.0,37.3,4.0,2.0,60.0,-11.0,-11.2,132.0,118.0,210.7,190.7,21.3,17.3,2.0,2.3,50.0,-19.0,-11.7,1
195.0,138.0,236.7,311.7,30.7,28.0,0.7,2.0,20.0,0.6,-0.7,288.7,138.0,110.3,142.7,19.0,16.0,2.7,2.0,80.0,-5.1,-8.5,1
310.3,135.3,162.0,258.0,38.3,27.3,1.3,3.3,90.0,6.8,2.1,219.0,47.3,210.3,209.0,37.7,15.7,1.0,1.7,30.0,18.7,9.1,1
219.3,85.3,200.7,172.0,30.0,7.3,1.0,2.3,30.0,16.8,6.2,76.3,185.3,163.7,209.3,16.0,33.3,1.3,1.0,81.8,-2.2,1.7,1
213.3,57.3,184.3,183.7,33.7,7.7,0.0,0.3,90.0,32.4,11.0,163.3,182.0,286.3,139.7,32.3,23.0,2.3,1.0,30.0,16.3,8.2,1
163.7,171.0,139.7,235.3,29.0,27.7,1.7,2.7,44.4,-8.6,-8.6,125.0,68.7,238.3,297.3,25.0,21.3,1.7,1.3,44.4,-0.5,-0.5,0
292.0,156.3,180.7,265.3,48.0,36.3,2.0,1.7,100.0,9.8,-1.5,183.0,68.7,260.7,205.3,37.3,16.3,1.0,2.3,40.0,5.1,-5.5,1
180.0,61.7,249.0,269.7,31.7,22.7,1.7,1.7,88.9,24.3,15.9,122.0,138.3,75.7,196.0,22.7,9.7,1.0,3.3,44.4,9.7,6.5,1
121.3,184.7,163.7,270.7,18.0,28.3,1.0,1.0,30.0,5.9,4.8,206.7,89.0,194.0,307.3,27.7,24.7,2.3,2.3,90.0,18.4,5.7,1
145.7,285.0,156.7,261.7,19.3,43.0,0.7,2.7,20.0,-6.3,-4.4,232.0,231.7,111.3,345.7,21.0,50.0,1.0,1.7,30.0,-13.4,-7.1,1
176.3,129.7,183.3,142.3,25.3,12.3,1.3,1.3,30.0,22.5,7.1,99.0,94.7,169.0,277.0,20.3,30.0,2.0,2.0,77.8,12.8,6.7,1
117.0,112.3,201.7,298.7,20.7,30.0,0.7,3.0,30.0,0.3,2.2,153.7,264.7,226.3,200.7,31.0,40.0,2.0,1.0,20.0,-4.8,-1.6,0
226.7,148.7,291.3,207.3,46.3,22.3,0.7,1.3,77.8,18.0,6.5,200.7,200.7,158.0,278.7,31.0,40.0,1.7,1.3,77.8,-2.4,1.8,0
129.3,221.7,260.0,228.3,32.7,38.0,1.7,1.0,70.0,-3.0,-6.7,88.3,284.7,121.3,250.0,5.3,46.3,1.3,1.3,30.0,-19.8,-10.1,0
100.0,203.0,117.3,195.0,13.7,33.3,3.3,2.3,70.0,-21.3,-13.3,129.7,186.0,265.3,259.7,33.3,35.7,0.7,1.7,50.0,-10.8,-7.0,0
364.3,66.3,184.0,146.7,50.7,7.3,0.3,2.3,88.9,32.5,7.3,187.3,151.7,239.7,253.0,35.7,40.7,2.0,1.0,22.2,0.8,-0.1,0
263.0,174.7,97.7,208.0,18.3,32.3,2.3,1.7,45.5,0.2,5.5,257.0,104.7,180.3,217.3,29.0,24.3,1.3,0.7,90.9,11.1,2.9,0
202.7,102.7,210.3,190.0,36.7,13.7,0.0,1.7,100.0,16.7,10.4,163.7,132.3,249.0,286.3,30.3,23.3,1.3,1.7,40.0,13.3,10.2,0
222.0,219.0,294.5,268.5,40.0,25.5,1.5,2.0,60.0,11.0,-2.2,51.5,134.0,259.0,161.5,22.0,16.5,2.0,2.0,66.7,6.2,-1.1,1
135.3,239.7,305.7,262.7,28.0,37.7,1.3,0.7,33.3,3.6,6.0,144.0,165.7,271.7,244.3,26.3,28.0,1.0,0.7,60.0,0.8,2.7,1
130.3,160.0,227.7,160.3,19.3,23.0,2.0,2.0,30.0,-13.0,-8.3,118.7,107.3,193.3,259.7,17.7,29.3,2.3,1.3,60.0,-14.2,-9.9,1
239.3,96.0,264.0,181.7,35.7,18.0,2.0,0.7,90.0,28.5,7.3,103.0,174.0,217.0,350.3,23.0,45.0,0.7,1.3,80.0,-6.7,-4.3,0
116.3,152.3,207.7,206.7,18.7,21.3,2.0,1.7,70.0,1.1,1.1,197.3,109.7,198.3,220.0,36.7,19.3,2.0,2.3,30.0,7.3,4.0,0
225.7,158.0,290.0,349.0,46.0,32.7,1.3,2.0,20.0,-5.9,-8.3,90.0,205.3,362.7,342.3,33.7,39.3,2.3,2.7,70.0,-11.6,-2.9,1
166.0,131.0,236.5,213.0,26.0,14.5,2.0,2.0,60.0,8.7,1.6,114.5,22.0,254.5,212.5,25.5,15.0,0.5,1.0,90.0,5.6,-4.3,1
334.7,121.3,204.7,302.3,47.0,28.0,0.3,3.7,44.4,0.8,-6.0,162.7,213.7,199.7,233.0,30.7,28.7,0.7,2.7,55.6,-8.3,-10.1,0
250.0,97.5,254.5,287.0,32.5,24.0,0.5,2.0,80.0,-2.6,-9.3,143.0,214.5,223.5,183.0,24.0,36.0,1.5,2.0,50.0,-6.9,-4.0,1
171.7,95.7,224.0,185.7,32.0,14.0,0.0,1.0,66.7,5.9,-2.0,160.3,341.3,357.7,218.0,39.7,36.7,0.3,1.7,11.1,-11.8,-4.9,0
217.3,90.0,166.0,254.3,33.3,18.7,0.7,1.7,50.0,-12.4,-10.6,193.3,173.0,284.0,386.7,26.7,45.7,3.0,1.3,44.4,-12.5,-10.5,0
125.7,130.7,176.3,300.0,22.7,25.0,1.0,1.7,60.0,-0.2,-1.4,155.3,291.3,227.3,310.3,25.0,42.3,1.3,1.7,60.0,-9.3,-4.1,0
152.3,100.0,380.7,261.0,46.7,25.0,2.0,1.7,80.0,23.6,5.8,209.3,102.3,154.3,295.0,41.3,24.0,0.3,2.3,50.0,7.4,0.7,1
50.0,106.0,319.0,170.0,27.0,38.0,7.0,3.0,33.3,-4.7,-5.5,253.0,129.0,225.0,197.0,49.0,24.0,0.0,2.0,77.8,19.0,10.3,1
95.7,126.7,370.0,223.3,36.3,26.3,1.0,2.7,90.9,5.5,1.8,159.0,116.7,296.0,346.7,42.7,22.7,0.3,3.7,60.0,2.7,1.2,0
165.0,58.0,220.7,89.0,47.0,2.3,0.7,1.0,30.0,18.8,-1.0,200.0,49.7,144.3,194.0,22.0,13.7,3.3,1.7,36.4,3.0,-3.7,1
349.7,107.0,54.3,290.0,29.0,27.0,2.3,2.0,44.4,-1.4,-7.2,27.0,190.0,144.5,179.0,7.0,42.5,1.5,0.5,33.3,-8.1,-2.6,0
196.0,242.0,308.0,253.0,34.0,46.0,1.0,0.0,70.0,-10.5,-12.8,80.0,259.0,45.0,396.0,0.0,65.0,5.0,0.0,36.4,-30.0,-23.3,0
197.0,219.0,124.0,82.0,35.0,14.0,1.0,0.0,30.0,3.0,-8.3,109.0,38.0,275.0,205.0,27.0,34.0,3.0,4.0,80.0,-2.4,-1.9,1
273.0,145.0,119.0,182.3,22.3,29.0,1.3,1.3,90.0,3.3,0.6,164.0,155.0,249.7,210.0,26.3,25.7,3.3,1.7,80.0,12.9,6.9,0
128.3,129.0,170.3,225.7,20.0,24.3,1.0,1.3,70.0,-7.9,-2.1,64.7,260.3,352.7,232.3,22.0,38.7,3.0,2.7,50.0,-8.8,-4.4,0
139.3,172.7,301.0,341.0,33.0,36.7,1.3,0.7,30.0,11.6,11.9,107.0,137.3,144.7,277.3,14.7,36.3,3.0,1.3,80.0,-12.2,-7.1,0
111.3,137.7,360.3,240.0,29.7,26.3,1.3,1.3,80.0,14.3,4.4,150.3,159.0,309.7,293.3,26.0,28.7,2.3,1.3,90.9,2.8,1.1,0
139.7,217.7,374.0,303.0,50.0,41.0,1.7,3.0,50.0,-5.0,-3.9,230.0,167.3,228.3,198.3,22.7,31.7,2.0,1.0,80.0,-13.7,-11.5,1
198.0,154.5,125.0,265.5,23.5,30.0,1.0,1.0,90.0,4.7,3.4,91.5,63.5,259.0,158.0,21.5,13.5,1.5,1.5,40.0,4.3,-5.0,0
176.3,134.3,262.7,133.0,28.3,11.3,1.7,2.7,45.5,10.6,10.6,68.0,241.3,276.0,164.3,30.0,36.7,2.0,1.7,70.0,-18.8,-18.8,1
182.7,144.3,186.7,171.0,22.0,22.0,1.7,1.0,80.0,12.4,0.8,143.0,149.3,169.3,97.7,9.3,16.0,2.7,1.3,70.0,4.9,-0.9,0
197.7,188.0,252.3,266.7,34.0,32.3,0.7,1.0,60.0,-7.9,-8.1,269.0,125.0,165.0,231.7,36.0,19.0,1.3,3.3,44.4,-4.9,-6.6,0
215.3,155.3,214.3,302.7,36.7,33.0,1.0,1.3,40.0,2.6,-5.8,194.3,222.0,241.3,258.7,33.7,42.0,1.3,2.7,80.0,-17.5,-9.9,1
148.0,154.7,224.7,138.0,34.0,16.0,0.3,2.0,70.0,10.7,-4.9,106.7,113.0,255.3,182.0,31.0,18.7,1.3,2.7,60.0,13.6,-1.9,0
194.3,181.7,310.3,229.7,36.7,25.0,1.7,3.0,60.0,11.5,1.3,78.0,155.5,390.5,250.0,34.0,24.0,0.5,2.5,44.4,-9.0,-16.4,1
239.0,55.5,144.0,213.0,32.5,8.5,0.0,2.0,88.9,27.6,12.0,139.5,148.5,321.5,253.0,30.5,22.0,2.5,3.5,22.2,1.0,-7.1,0
178.3,103.3,224.3,187.7,37.0,10.3,0.3,2.0,100.0,18.9,4.9,158.0,197.7,202.7,279.7,27.3,37.3,1.7,1.7,100.0,-6.1,-4.7,1
313.7,86.3,125.3,368.3,40.0,27.3,1.0,2.0,9.1,-1.3,-1.5,115.7,181.0,209.3,218.0,19.0,28.0,3.3,1.7,40.0,-2.7,-4.1,1
211.7,139.7,163.7,197.7,31.0,15.3,3.7,3.7,70.0,7.9,1.9,265.0,150.0,255.7,179.0,43.7,30.3,3.3,0.0,40.0,-3.6,-7.0,0
109.5,245.5,270.5,110.0,36.0,27.5,2.5,2.5,33.3,3.5,-2.6,83.0,329.0,168.0,15.0,13.0,28.0,3.0,0.0,50.0,-2.3,-12.8,1
229.7,154.3,258.3,194.7,45.0,29.0,1.0,2.0,70.0,-6.3,-11.2,209.3,200.0,335.7,270.0,32.7,31.0,2.0,2.3,30.0,-10.8,-8.9,1
153.5,189.0,366.5,220.5,58.0,29.0,1.5,4.5,90.0,25.4,14.4,140.5,159.5,256.0,175.0,13.0,22.5,3.0,0.0,80.0,0.1,-1.9,1
199.7,73.3,257.3,148.7,37.0,7.7,1.7,1.7,77.8,17.8,3.5,92.7,163.0,168.3,187.3,13.7,20.7,1.3,1.3,60.0,1.0,0.5,0
327.7,183.3,158.3,162.7,39.3,15.3,1.7,3.3,40.0,13.3,8.2,200.3,199.3,210.7,322.7,27.3,41.7,2.0,1.0,60.0,-0.9,4.4,1
150.0,189.3,319.7,272.0,40.7,32.3,1.0,0.3,70.0,10.0,6.8,189.0,221.3,177.7,240.3,20.7,34.0,1.0,1.0,80.0,-18.3,-7.4,1
0.0,0.0,0.0,0.0,35.3,12.3,1.7,1.0,60.0,17.9,17.9,0.0,0.0,0.0,0.0,31.7,30.3,0.7,1.3,18.2,9.5,9.5,0
157.0,183.7,221.7,268.0,28.7,39.3,2.3,0.3,70.0,9.0,6.5,170.0,113.0,186.0,222.3,26.3,15.7,0.7,1.3,50.0,6.2,2.9,0
243.7,150.3,293.7,226.7,44.3,30.7,1.0,1.0,60.0,0.6,-7.6,96.0,322.0,249.7,162.3,21.7,38.0,1.3,0.3,36.4,-26.6,-16.0,1
212.3,144.7,287.7,249.3,38.0,37.0,2.3,1.3,60.0,-9.5,-8.4,159.7,94.7,231.7,150.3,22.3,22.0,2.7,1.7,50.0,-10.3,-7.7,0
145.0,138.7,282.0,273.3,29.7,25.7,0.7,2.0,66.7,4.0,2.8,92.7,132.7,233.0,310.0,21.7,32.7,0.7,0.7,44.4,2.9,1.3,1
198.0,177.0,304.0,239.0,33.7,29.3,1.7,1.3,70.0,-5.3,-7.1,121.7,73.3,234.7,196.0,16.7,13.7,1.3,1.3,77.8,-4.5,-10.4,1
184.0,92.0,324.3,229.7,40.0,15.7,0.7,2.3,55.6,26.4,7.5,213.7,100.7,233.0,221.3,40.0,19.0,2.7,3.3,40.0,22.9,11.5,0
85.7,106.7,365.7,316.3,31.0,19.7,1.3,3.0,70.0,6.0,-1.3,133.0,232.7,209.0,181.7,16.0,40.0,2.0,1.3,30.0,-26.8,-12.7,1
267.3,162.7,231.0,241.0,35.7,29.0,1.3,1.7,60.0,-3.9,-11.3,95.0,123.7,330.7,203.7,25.7,17.0,1.7,1.0,50.0,-8.4,-7.1,0
211.3,128.5,241.3,39.0,32.7,12.3,1.3,1.5,60.0,16.9,3.9,210.0,110.0,291.0,225.7,49.0,18.0,2.0,1.3,60.0,15.7,-1.8,0
248.3,96.3,368.7,296.7,47.7,27.3,1.0,1.0,70.0,4.9,-2.0,88.7,122.0,134.3,159.7,9.0,21.7,2.3,0.7,72.7,-15.8,-9.0,1
87.3,158.3,170.0,225.3,13.7,30.7,2.7,1.0,18.2,-14.7,-13.8,123.0,280.7,268.7,240.3,25.0,41.3,2.3,1.3,70.0,-7.7,-5.2,1
192.0,189.0,309.3,302.0,38.3,31.0,1.7,4.0,60.0,-8.2,-6.8,81.7,184.3,194.3,294.7,24.7,25.0,1.7,3.0,55.6,-13.6,-12.7,1
182.7,127.7,334.0,223.7,30.7,22.0,2.0,2.0,100.0,-1.2,-10.2,167.5,89.5,245.5,269.5,21.0,29.0,2.5,2.5,33.3,3.6,2.6,0
143.0,137.0,207.0,294.5,31.0,29.0,1.0,1.5,22.2,5.4,0.8,106.0,250.0,440.0,380.0,56.0,54.0,3.0,2.0,33.3,-17.9,-6.1,1
362.0,163.7,100.0,191.0,44.0,26.0,1.3,1.0,66.7,-8.8,-13.2,157.0,265.0,218.0,159.3,23.7,26.0,1.3,0.7,11.1,-15.5,-14.3,0
230.0,212.7,283.0,266.0,40.0,33.0,1.0,1.3,30.0,16.0,9.7,84.3,121.3,429.7,487.3,42.0,48.7,1.7,0.3,60.0,0.2,0.4,1
167.0,181.7,254.3,187.3,31.3,24.3,0.7,2.3,80.0,-5.2,-7.5,144.7,212.7,238.7,155.0,10.3,30.7,2.0,1.3,30.0,-11.8,-7.0,0
171.0,139.7,120.3,184.7,21.3,21.0,2.0,2.0,36.4,3.4,-0.1,191.3,124.7,326.0,171.7,48.0,23.0,1.3,2.7,70.0,12.0,-2.0,1
156.7,210.3,236.0,221.3,23.0,32.0,0.7,1.0,90.0,2.5,0.9,74.0,232.7,230.7,241.0,13.7,40.3,2.0,1.0,30.0,-4.0,4.2,1
203.3,137.0,219.3,236.7,28.7,28.3,1.7,0.3,70.0,3.7,-0.2,134.3,263.0,284.7,218.3,32.0,33.3,1.0,1.7,70.0,2.5,-2.0,1
238.3,185.7,192.3,218.7,28.3,41.7,2.7,2.0,40.0,-13.9,-8.6,171.3,153.3,269.7,258.7,40.0,30.3,0.3,2.0,50.0,-2.9,-4.5,1
157.0,159.5,294.0,307.0,36.0,28.0,2.0,2.5,20.0,-0.2,1.6,178.0,172.0,245.0,187.0,13.0,31.0,3.0,0.0,66.7,0.1,-6.4,1
61.3,234.0,184.7,160.0,15.0,31.7,1.7,1.7,33.3,9.3,6.1,230.0,83.0,96.7,122.3,27.3,7.7,1.0,1.3,66.7,8.9,2.8,0
220.3,157.7,303.0,203.0,41.3,21.3,0.7,1.3,44.4,13.5,-4.3,98.7,117.0,269.0,265.3,21.0,42.0,2.0,0.7,66.7,-16.5,-10.5,0
120.0,183.7,355.3,262.0,28.0,39.7,2.3,0.3,50.0,13.2,7.4,221.0,236.7,219.7,204.7,31.0,36.0,1.3,3.3,55.6,7.6,2.4,1
60.0,114.5,384.0,267.0,28.0,26.0,1.0,1.5,77.8,5.5,5.7,158.0,212.0,266.0,192.0,21.0,45.0,3.0,0.0,50.0,-19.6,-15.6,1
135.0,231.3,282.0,154.0,26.7,29.7,1.7,0.3,90.0,27.2,10.2,89.3,309.3,301.7,197.3,19.3,43.3,4.0,1.0,18.2,6.3,3.8,0
189.7,202.3,124.7,315.0,12.0,37.0,1.0,0.0,50.0,-16.8,-9.7,61.3,257.0,374.3,390.0,29.0,49.3,1.7,2.0,50.0,-14.2,-8.5,1
238.7,196.7,229.3,179.7,34.7,24.0,1.0,0.7,20.0,-4.0,-6.9,276.0,363.0,123.0,92.7,33.3,38.0,0.7,0.3,30.0,-16.7,-10.1,1
122.0,219.3,70.7,277.3,4.7,41.7,2.0,0.7,50.0,-21.4,-8.8,134.7,187.0,268.0,190.3,24.0,13.3,0.3,1.7,44.4,-11.8,-15.5,0
57.0,69.0,451.0,170.0,33.0,14.0,1.0,1.0,18.2,3.6,-16.6,148.0,173.0,302.0,314.0,30.0,26.0,1.0,1.0,80.0,11.1,0.1,0
223.3,145.7,326.0,176.3,46.0,18.0,0.0,1.3,77.8,22.6,10.6,157.3,151.0,226.3,266.7,30.7,21.0,0.3,1.7,66.7,18.9,8.6,1
174.0,167.0,286.3,232.7,27.3,26.0,0.7,1.0,30.0,-1.9,-10.6,107.3,296.0,149.0,190.7,4.7,35.3,1.7,1.7,0.0,-22.8,-9.0,1
228.7,126.3,217.0,306.0,36.7,25.0,1.7,0.7,77.8,2.0,-3.5,307.7,101.0,58.7,203.7,25.0,15.7,1.3,1.3,55.6,0.9,-11.0,0
146.0,275.7,265.3,185.0,19.0,34.0,2.7,0.0,70.0,-8.0,-4.1,180.0,131.0,165.0,195.0,18.0,28.0,1.7,2.0,50.0,-7.8,-5.2,1
169.7,85.0,269.0,194.7,33.0,10.0,2.0,1.7,70.0,17.8,-2.7,189.3,72.3,144.0,187.0,19.0,17.7,3.0,1.7,70.0,-3.9,-2.9,0
127.0,173.0,181.3,210.7,15.7,15.7,2.7,2.7,66.7,0.4,-0.8,93.3,178.0,219.7,269.3,23.3,37.3,1.3,1.3,80.0,-4.2,-0.4,0
145.0,77.0,231.0,174.0,38.0,21.0,1.0,4.0,90.9,0.9,-5.7,141.0,174.0,259.0,165.0,17.0,23.0,3.0,0.0,50.0,-15.3,-22.3,0
143.3,177.3,267.7,160.0,25.7,33.0,3.3,1.7,90.0,9.1,3.1,124.0,188.3,201.3,256.3,21.3,28.0,2.3,1.0,70.0,0.7,1.9,0
183.0,140.7,219.0,206.7,38.0,13.7,1.0,4.0,60.0,7.9,-0.3,98.0,204.7,174.0,251.0,20.7,26.3,2.0,2.3,80.0,-2.5,-1.2,1
72.7,211.0,281.3,160.0,24.7,23.7,1.3,1.3,60.0,0.2,-1.8,93.7,115.0,182.7,191.3,19.3,17.0,2.3,2.3,72.7,-1.1,-8.3,1
125.7,188.3,252.0,367.3,19.7,45.0,2.0,1.0,55.6,-6.3,1.6,33.7,166.3,169.3,211.3,6.7,39.3,1.3,0.3,50.0,-19.5,-7.1,0
242.0,55.3,233.7,114.7,38.7,6.0,2.3,1.3,80.0,18.8,1.0,205.0,89.5,338.0,287.5,45.0,15.5,2.5,0.5,20.0,11.4,-13.3,0
182.3,83.7,371.3,261.3,52.0,14.3,1.0,2.0,70.0,20.9,5.2,213.3,213.0,141.0,178.0,25.3,26.7,1.7,1.7,30.0,6.9,6.2,0
276.5,115.0,195.0,276.5,27.0,35.5,2.0,0.0,44.4,5.3,8.4,48.0,71.5,468.0,278.5,29.0,27.5,4.0,2.0,50.0,5.3,6.6,0
97.7,171.3,242.0,156.3,32.0,22.0,1.3,2.0,60.0,0.3,-4.3,263.3,81.3,76.0,171.3,22.3,13.7,2.0,2.3,60.0,-0.9,-4.9,0
183.0,127.5,196.0,127.5,33.0,13.5,1.0,1.0,77.8,18.6,9.0,67.5,157.5,181.5,303.5,17.5,44.0,1.0,1.0,70.0,-11.7,6.4,1
150.3,155.0,224.0,192.3,24.3,30.0,3.7,1.7,70.0,-5.1,-4.8,167.3,233.3,237.7,208.0,26.7,38.0,2.3,1.7,70.0,-14.3,-8.5,0
174.0,192.7,159.0,189.0,20.7,18.3,0.7,1.3,40.0,-6.5,-7.3,105.7,151.3,257.3,315.7,30.0,33.7,1.0,2.7,50.0,-27.7,-17.0,1
258.7,146.0,163.7,209.7,32.3,17.0,1.0,1.0,50.0,-4.6,-7.4,134.7,225.3,243.7,261.3,19.7,39.0,2.7,1.7,10.0,-25.8,-15.7,1
400.3,148.3,51.3,328.3,38.0,43.3,0.7,0.3,66.7,-12.4,-13.5,210.3,245.7,206.7,227.3,26.0,42.0,2.7,1.3,33.3,-19.8,-15.5,1
253.7,151.3,281.0,219.7,38.3,26.3,1.7,1.0,60.0,-3.6,-11.6,79.3,213.7,286.3,195.0,14.0,27.3,1.7,0.7,30.0,-12.0,-7.3,0
162.7,178.3,293.3,204.7,38.0,18.3,2.0,1.7,20.0,3.3,-6.2,174.7,127.3,219.0,146.7,31.7,17.0,1.0,3.7,30.0,1.8,-2.5,1
114.7,154.3,250.7,158.0,20.7,16.0,1.7,2.0,30.0,-0.9,-5.4,78.7,195.7,255.3,293.3,27.7,25.3,1.0,3.7,50.0,-1.0,-1.9,1
101.0,134.0,290.0,337.0,31.7,35.3,1.7,1.7,20.0,5.1,3.2,192.7,168.0,280.3,225.0,40.3,27.3,1.0,3.0,40.0,10.3,-1.6,0
179.5,124.0,290.0,184.0,32.5,11.5,0.0,0.5,100.0,16.6,3.3,75.7,163.7,259.7,340.7,19.0,40.3,3.0,0.3,20.0,-3.1,-2.7,1
259.0,137.0,205.0,278.0,34.0,10.0,0.0,2.0,70.0,3.9,-11.4,133.7,193.0,215.0,170.7,24.7,17.3,1.7,1.3,30.0,5.4,-3.9,0
150.3,158.0,334.0,175.7,42.7,19.3,1.0,2.0,80.0,23.4,10.5,114.0,167.3,262.3,342.7,22.0,26.3,1.7,2.3,60.0,6.6,6.0,0
122.0,100.0,314.0,296.0,40.0,35.0,2.0,3.0,80.0,26.6,5.3,190.0,151.0,264.0,191.5,25.0,16.5,1.0,1.0,70.0,7.8,-4.7,0
215.7,62.7,150.7,207.3,26.0,16.0,1.7,2.0,30.0,5.5,1.2,146.0,223.3,205.3,240.0,19.7,37.0,2.7,0.7,80.0,0.1,-2.7,0
188.7,164.7,215.3,237.3,23.0,31.7,3.0,2.3,50.0,-12.5,-7.2,126.7,158.3,223.7,246.7,19.3,29.7,0.3,2.3,30.0,-13.7,-8.3,0
72.0,102.0,298.7,253.7,20.0,18.3,1.3,0.7,60.0,-0.6,-1.1,80.3,200.7,125.7,251.0,5.7,31.0,1.7,0.3,40.0,-17.9,-10.1,0
160.0,117.7,265.0,202.0,26.7,24.0,3.0,1.3,30.0,5.8,1.8,93.0,118.0,241.3,225.0,22.3,20.7,1.7,3.7,50.0,-5.1,-10.7,0
159.7,114.0,256.0,252.3,26.3,24.0,1.7,2.0,30.0,9.0,4.8,195.3,129.0,235.3,136.3,32.0,18.3,1.7,2.3,30.0,15.6,5.7,0
245.0,113.0,353.0,580.0,56.0,49.0,0.0,2.0,50.0,0.9,-3.6,170.5,269.0,210.0,223.5,24.5,36.5,2.5,2.5,50.0,-13.0,-3.1,0
144.3,227.7,171.0,263.3,17.3,43.7,2.0,0.7,36.4,-32.9,-10.0,207.0,348.7,149.7,175.7,17.0,52.0,1.7,0.0,30.0,-33.9,-9.0,0
157.7,207.0,286.0,94.0,36.0,22.7,2.0,1.0,50.0,1.8,-3.7,247.3,148.3,262.3,163.7,40.0,19.3,1.7,1.3,77.8,5.8,-7.2,0
119.7,214.7,240.0,153.7,24.0,22.0,2.0,1.3,80.0,4.1,1.5,256.7,156.3,115.0,200.0,29.0,31.0,1.3,1.7,55.6,-6.0,-9.3,1
357.3,128.3,89.0,228.7,37.0,25.3,2.0,1.7,90.0,11.0,5.7,141.0,171.3,150.0,195.0,11.0,21.3,1.3,0.7,80.0,-3.1,-2.7,0
203.7,211.0,80.7,210.0,13.0,29.3,1.7,1.7,55.6,-3.8,-8.5,381.3,153.7,118.3,256.0,50.3,32.0,1.3,1.0,77.8,6.2,0.6,0
115.0,270.0,262.7,301.0,35.7,49.0,1.7,1.3,70.0,13.8,7.8,131.3,220.3,429.0,405.0,43.7,53.7,3.0,1.0,50.0,2.8,0.2,0
229.7,207.3,44.0,166.3,13.0,30.7,2.3,1.7,55.6,-2.9,-7.0,111.0,265.3,193.7,227.3,20.0,40.0,1.7,1.7,88.9,-17.0,-11.2,1
104.0,132.3,215.7,212.7,22.7,14.7,0.7,1.7,66.7,16.0,10.3,213.3,132.7,253.7,173.0,41.7,14.3,0.7,2.7,66.7,12.1,0.3,0
152.7,137.0,209.0,136.0,23.0,12.0,1.0,1.7,70.0,12.9,6.4,198.0,193.7,309.3,239.0,42.0,37.7,2.0,1.3,80.0,13.5,3.3,1
155.7,145.0,273.7,248.7,29.3,28.0,2.3,1.3,40.0,5.2,0.5,149.3,222.0,277.0,233.7,31.0,38.0,1.3,2.0,30.0,-21.3,-11.8,0
127.3,175.0,240.3,277.7,30.3,30.7,1.7,3.0,50.0,19.5,8.6,157.0,157.7,288.3,181.3,25.7,16.3,1.3,1.0,70.0,12.6,6.2,1
265.3,206.7,263.3,163.3,47.3,20.7,0.7,1.3,66.7,21.7,2.2,256.7,354.7,260.7,191.3,40.0,47.0,1.0,2.0,60.0,2.3,2.7,1
140.5,133.5,200.5,239.5,27.5,10.5,0.5,2.0,55.6,13.1,4.5,91.0,98.0,403.0,157.0,37.0,20.0,1.0,1.0,55.6,2.3,-19.7,0
147.7,163.0,265.0,204.7,28.3,19.0,1.0,1.3,60.0,8.8,1.9,254.7,186.3,122.7,149.7,18.3,19.3,1.7,0.7,40.0,-9.0,-11.3,0
191.7,206.0,184.7,245.7,25.3,39.3,1.0,1.7,20.0,-15.2,-3.4,107.3,160.0,164.0,184.3,18.0,28.0,3.3,2.0,70.0,-27.7,-11.9,1
249.0,206.7,228.3,150.0,38.3,26.3,2.0,1.7,100.0,19.4,3.9,360.0,132.0,133.3,156.0,39.7,24.0,1.7,2.3,30.0,17.7,1.8,0
220.0,251.7,228.3,345.7,29.3,41.0,1.3,2.3,50.0,-0.7,1.2,136.3,108.3,186.3,261.0,26.0,16.3,1.3,2.3,30.0,11.7,1.0,1
126.0,217.7,270.7,187.0,32.3,34.7,2.3,1.0,80.0,-1.8,-8.6,109.3,169.3,335.3,196.3,28.0,25.7,2.0,0.7,70.0,-2.4,-3.5,1
200.3,124.3,220.3,295.3,21.7,21.0,2.0,1.0,60.0,-8.9,-12.2,222.0,265.3,216.3,196.3,23.0,31.7,1.7,1.7,50.0,-22.4,-13.1,1
199.3,237.0,367.0,243.3,44.3,49.0,2.3,0.7,50.0,-9.6,-6.2,199.7,158.3,144.3,186.0,20.7,33.0,2.7,1.0,70.0,-8.7,1.6,0
192.0,186.0,111.0,162.0,20.0,19.0,0.0,2.0,60.0,0.1,-2.5,211.0,211.0,185.0,292.0,27.0,49.0,1.0,1.0,88.9,-8.0,-9.5,1
236.3,120.0,245.3,252.0,30.3,28.7,2.7,2.0,70.0,3.8,7.4,155.7,145.0,224.3,218.0,19.0,24.0,2.7,1.3,60.0,11.0,6.5,1
271.0,172.3,226.0,250.3,32.7,17.7,1.3,2.0,100.0,18.6,7.1,169.0,125.0,250.7,245.7,33.3,26.0,2.0,1.3,66.7,13.9,4.8,1
162.7,122.0,264.7,291.0,36.3,20.3,0.3,3.0,70.0,5.5,5.5,182.3,183.3,258.7,273.0,30.0,36.7,2.0,2.3,18.2,-6.2,-6.2,1
320.3,109.7,61.7,150.7,38.3,14.7,1.0,1.7,55.6,8.5,3.0,186.0,101.3,239.0,263.7,37.0,21.0,1.0,2.7,50.0,-6.5,-7.1,0
88.7,196.0,288.3,191.3,24.7,31.0,1.7,2.0,22.2,-3.7,3.7,128.0,205.7,469.0,336.0,41.7,43.0,1.3,2.0,66.7,-13.0,-9.7,1
148.3,151.0,191.3,223.0,23.0,24.0,1.7,1.3,70.0,8.1,3.5,97.3,107.0,282.0,245.3,28.3,26.0,2.3,1.0,90.0,6.9,6.2,0
68.0,148.7,366.7,194.7,30.7,30.3,2.3,1.0,36.4,6.4,-0.3,130.3,74.7,303.7,253.3,32.0,22.0,2.7,2.3,30.0,-5.4,-14.5,1
136.0,112.3,203.7,299.0,17.0,22.3,2.3,3.3,30.0,-4.8,2.7,163.0,71.3,117.7,116.3,37.0,20.7,2.0,1.3,18.2,9.7,7.2,0
147.3,130.7,302.0,143.7,33.7,25.3,3.3,1.7,66.7,12.3,0.1,180.3,157.7,154.0,241.3,26.0,27.0,1.0,1.3,77.8,-9.6,-6.7,0
155.7,182.3,347.3,253.7,34.0,33.3,1.3,1.0,60.0,12.7,6.2,193.0,157.3,327.7,278.7,34.7,36.3,2.3,1.0,77.8,10.5,5.2,0
197.0,118.0,271.7,258.3,38.0,22.3,1.3,2.3,60.0,-1.4,-7.7,107.3,327.3,124.7,163.0,12.3,39.3,2.0,1.3,36.4,-20.6,-9.9,1
132.0,213.5,191.0,244.5,11.5,41.5,0.5,0.0,60.0,-12.5,-6.6,54.5,253.0,241.5,231.0,13.5,39.5,3.0,1.0,33.3,-10.0,-7.6,0
74.0,178.7,216.0,250.3,13.7,36.7,2.0,0.3,100.0,12.5,8.9,293.3,164.3,206.3,334.3,33.3,34.7,2.0,3.0,40.0,25.6,15.6,1
242.0,128.5,124.5,176.5,32.5,12.0,0.0,1.5,50.0,0.7,-7.7,228.0,185.5,390.5,255.5,53.0,39.5,1.5,1.5,50.0,5.9,-3.9,0
141.3,66.0,222.3,246.3,37.0,23.3,2.3,2.7,72.7,-18.6,-11.0,130.7,187.7,204.3,222.0,19.3,31.7,2.0,1.0,70.0,-17.4,-7.2,1
0.0,0.0,0.0,0.0,28.3,40.0,0.3,0.7,30.0,3.1,3.1,0.0,0.0,0.0,0.0,22.0,28.3,1.0,1.0,60.0,-8.6,-8.6,0
119.7,117.7,247.7,216.0,29.0,31.7,1.0,1.3,70.0,7.0,3.8,214.7,122.3,175.7,228.3,28.7,22.7,1.0,1.0,30.0,5.7,-1.5,1
138.3,47.7,258.3,265.3,28.3,23.0,2.3,2.3,80.0,-6.6,-7.4,115.7,281.3,73.7,138.7,7.3,34.3,0.7,0.7,70.0,-20.3,-12.5,0
124.0,116.3,237.0,330.7,28.0,31.7,1.0,1.0,70.0,0.2,3.0,118.7,161.0,200.7,319.7,16.3,32.7,2.7,1.0,30.0,-16.0,0.7,0
172.3,141.0,132.3,174.7,22.7,25.7,2.7,1.0,70.0,0.8,-1.0,117.0,86.0,209.3,370.7,21.0,30.3,1.3,2.7,72.7,-3.4,-4.9,1
250.0,40.0,270.0,75.0,45.0,3.0,1.0,2.0,70.0,9.7,-17.3,129.0,157.0,201.0,229.0,31.0,28.0,3.0,1.0,30.0,-0.1,-4.2,1
208.3,187.0,336.3,236.3,43.3,35.3,1.0,1.0,77.8,6.2,-2.5,168.7,177.0,196.7,213.7,21.7,25.7,1.3,1.3,44.4,-16.1,-12.3,0
403.0,135.3,42.0,219.3,40.3,19.3,1.7,1.0,77.8,7.0,-1.3,199.0,206.3,205.7,246.7,26.7,36.0,1.0,1.0,70.0,-21.8,-13.0,0
142.0,95.0,190.3,283.7,17.0,24.3,2.0,1.0,50.0,-1.0,-6.2,204.7,46.0,373.0,321.7,40.0,26.0,2.3,2.0,90.0,6.7,-4.4,1
134.0,178.7,268.7,268.7,27.7,25.3,1.7,3.0,40.0,7.8,-0.3,180.7,21.0,304.0,154.0,42.0,5.7,1.0,2.3,70.0,15.3,-6.8,1
263.0,208.0,280.0,238.0,50.0,47.0,1.0,0.0,77.8,8.8,10.8,289.0,139.0,229.0,206.0,38.0,22.0,1.0,0.0,22.2,-16.9,-29.5,0
70.3,101.3,209.7,258.0,21.7,29.7,0.7,2.3,40.0,-12.5,-9.0,65.3,185.7,169.3,267.3,18.7,34.0,1.0,1.3,50.0,-11.4,-8.0,0
0.0,0.0,0.0,0.0,27.0,21.7,0.0,1.0,60.0,8.9,8.9,0.0,0.0,0.0,0.0,9.0,30.3,1.3,0.0,70.0,-6.5,-6.5,1
116.7,158.3,153.7,190.7,28.0,28.7,1.7,2.7,66.7,11.3,8.7,82.7,301.3,311.7,231.3,29.7,47.0,1.0,1.0,70.0,-0.6,4.6,0
423.0,207.0,198.0,130.0,58.0,23.0,1.0,3.0,70.0,13.2,-18.0,145.0,185.0,279.5,200.5,29.0,34.5,0.5,1.0,30.0,-10.2,-10.6,0
128.3,116.7,367.0,419.7,38.0,29.0,0.7,2.0,80.0,8.5,0.0,175.7,227.0,318.3,247.7,25.0,30.7,1.3,1.7,22.2,-5.1,-4.0,0
103.0,229.7,186.0,208.7,12.3,37.0,2.0,0.3,40.0,-13.4,-8.2,373.3,62.0,61.3,249.3,37.7,22.0,0.3,1.0,55.6,3.1,-9.5,1
152.0,104.0,257.0,376.0,36.3,22.7,0.3,2.3,30.0,9.3,1.5,119.0,129.0,178.7,229.0,14.3,26.3,1.3,1.0,50.0,3.9,2.5,0
212.7,160.7,221.3,275.7,35.7,26.3,0.7,1.7,80.0,14.9,7.9,230.7,141.3,53.0,185.3,19.0,26.3,0.3,1.3,80.0,-8.2,1.6,1
118.7,182.3,190.7,227.7,25.0,22.7,1.0,2.3,70.0,12.9,3.4,71.3,343.0,86.3,200.0,4.3,64.3,3.3,1.3,50.0,-25.6,-9.6,1
104.3,69.7,235.3,380.3,21.3,28.0,0.7,1.7,72.7,-3.7,-5.0,251.3,160.3,265.7,202.7,35.3,25.0,1.3,2.3,70.0,7.0,-1.0,0
55.0,78.0,309.0,176.0,17.0,24.0,3.0,1.0,77.8,-4.2,-11.7,146.0,319.0,279.0,97.0,29.0,37.0,4.0,2.0,33.3,-10.1,6.2,1
46.0,149.0,373.0,221.0,17.0,30.0,3.0,0.0,66.7,-4.6,-8.0,180.0,145.0,85.0,270.0,17.0,22.0,1.0,1.0,55.6,-21.2,-22.2,0
395.7,164.0,91.7,189.0,32.0,24.7,1.3,0.3,77.8,5.2,-4.8,208.7,246.7,85.0,165.0,25.0,37.7,1.3,0.7,33.3,-1.6,-1.1,1
169.7,209.0,127.7,234.7,18.0,38.3,1.3,2.3,50.0,5.4,7.5,116.7,123.7,258.7,192.3,24.7,18.7,1.0,1.0,50.0,2.5,2.3,1
154.3,178.3,367.7,216.0,41.3,33.7,1.3,1.0,88.9,29.9,12.9,88.0,138.7,351.7,234.3,36.7,26.7,1.3,1.7,77.8,22.4,14.1,0
201.7,177.0,318.3,203.7,50.7,19.7,0.0,3.3,80.0,21.0,1.8,178.5,129.0,255.5,272.5,34.5,24.5,1.5,2.5,18.2,7.9,-1.9,0
135.3,188.0,191.0,166.3,25.0,24.0,1.3,1.3,40.0,-13.7,-0.8,113.0,230.3,213.7,202.7,22.3,30.7,0.7,1.3,36.4,-7.7,-2.6,0
142.0,225.3,252.7,314.3,28.3,40.3,1.0,1.0,40.0,-13.5,-7.6,234.0,270.7,176.0,229.7,29.0,43.0,1.0,1.0,80.0,-25.2,-9.8,0
94.0,117.0,230.0,209.7,17.0,22.0,0.3,1.7,10.0,-6.5,-8.5,151.3,165.7,196.7,197.7,31.3,21.7,1.0,2.0,50.0,-13.8,-12.4,1
168.3,178.3,175.3,100.0,29.3,20.7,1.7,2.0,30.0,15.5,7.5,208.0,63.3,229.7,280.7,36.0,20.0,2.0,2.7,70.0,-2.5,-6.1,1
177.3,125.0,356.3,241.0,32.7,24.3,1.3,1.7,50.0,-8.4,-8.8,274.7,90.7,182.0,311.7,39.0,25.0,2.0,1.3,60.0,1.0,-7.6,1
110.7,162.0,232.7,226.7,21.7,26.0,1.3,1.3,55.6,-6.3,-13.4,153.0,145.3,220.7,214.7,31.0,28.0,1.3,1.3,77.8,5.4,0.2,0
248.0,274.7,172.0,176.3,16.7,33.7,2.7,1.7,20.0,-11.8,-11.8,156.3,159.0,211.0,254.0,23.7,29.3,2.3,2.0,30.0,-11.9,-11.9,1
44.3,198.0,380.0,227.3,34.0,22.7,1.7,1.7,60.0,1.9,-0.1,102.3,177.3,244.7,271.7,24.7,35.3,4.3,1.3,30.0,-9.3,-11.4,0
234.3,116.0,204.7,259.7,44.3,22.7,3.0,3.0,60.0,4.0,-4.2,179.3,115.7,254.3,292.0,33.0,23.0,2.3,3.3,50.0,-4.3,-8.9,0
131.3,187.3,206.3,226.0,28.3,28.7,0.3,1.0,50.0,-4.3,-3.9,81.7,325.3,262.3,219.0,23.0,46.0,3.3,2.3,44.4,-15.7,-10.4,1
102.0,236.0,318.5,226.0,28.5,25.5,2.0,1.0,66.7,-10.3,-13.0,103.0,217.0,164.0,243.5,12.5,35.5,0.5,0.5,77.8,-19.9,-7.1,1
135.0,102.3,284.7,160.7,33.3,13.3,1.7,1.7,80.0,25.7,8.2,68.7,130.0,205.0,231.0,14.7,24.7,1.7,0.3,70.0,2.1,-1.2,0
127.0,163.0,47.0,376.0,7.0,56.0,3.0,1.0,30.0,-1.5,-0.4,122.0,225.0,384.0,311.0,12.0,35.0,2.0,4.0,90.0,-14.1,-14.1,1
197.7,97.7,234.3,287.7,27.7,24.0,1.7,2.0,77.8,-5.6,-11.3,132.0,143.3,269.0,239.3,24.0,18.7,0.7,1.3,55.6,-6.4,-6.9,0
182.0,193.0,352.0,272.7,35.0,24.0,1.0,1.3,60.0,4.6,-7.8,234.3,172.3,259.7,395.7,28.7,45.0,3.0,1.3,44.4,-12.9,-12.0,0
141.7,126.0,114.3,163.0,23.3,16.3,1.3,2.3,30.0,-1.1,-3.3,58.0,217.3,173.0,190.3,23.7,29.7,1.0,1.7,50.0,-3.0,-4.8,0
150.7,272.0,208.0,221.7,31.7,43.0,2.0,1.7,40.0,-18.5,-0.4,263.0,104.3,188.3,114.3,32.0,12.7,1.0,1.0,30.0,4.3,-1.1,1
142.7,216.7,219.0,116.0,26.3,16.3,1.0,4.3,60.0,7.2,-1.9,147.7,120.0,328.0,194.0,35.3,24.7,2.0,3.3,70.0,4.3,-2.7,0
185.0,81.3,343.7,313.0,50.7,21.0,1.3,2.0,20.0,11.1,5.6,184.7,230.0,129.7,146.0,17.7,28.0,2.7,1.7,45.5,0.6,4.6,1
81.0,158.0,186.0,426.0,10.0,45.0,0.0,0.0,40.0,-18.1,-16.2,83.5,271.5,282.0,140.0,15.0,22.0,0.5,0.5,22.2,-10.9,5.7,1
166.7,136.7,247.0,242.0,24.3,31.3,2.7,1.0,20.0,13.5,12.0,214.3,191.0,267.0,250.3,40.0,31.3,1.7,1.7,30.0,-7.1,-10.2,1
175.0,104.3,99.7,189.7,19.7,19.7,2.7,1.7,30.0,10.3,2.6,102.7,224.3,316.7,161.7,20.3,32.0,3.7,0.7,50.0,6.0,-0.5,1
169.0,180.3,321.0,252.0,40.0,33.0,0.7,1.7,66.7,6.9,-1.3,140.3,100.7,248.0,226.3,24.0,15.0,1.0,1.3,66.7,1.4,-3.5,0
107.0,194.0,254.3,122.7,13.7,22.0,1.3,1.0,20.0,-19.7,-10.8,119.0,245.3,94.0,157.7,7.7,32.0,1.0,0.7,70.0,-21.2,-12.4,1
183.3,137.0,398.0,286.0,40.3,31.7,1.3,1.3,70.0,7.3,2.7,66.3,259.3,187.0,284.0,4.0,52.3,2.7,0.3,70.0,-21.5,6.3,0
284.0,84.3,283.3,443.7,46.0,36.7,1.0,0.3,100.0,16.0,6.8,155.7,276.7,227.0,252.0,19.0,46.0,2.7,1.7,60.0,-10.3,-2.1,1
152.7,150.3,316.7,315.0,33.7,34.0,2.7,3.7,60.0,-2.5,-2.2,100.7,244.3,333.7,240.7,28.0,34.3,1.3,1.3,50.0,-11.0,-8.2,0
108.0,196.7,216.0,247.0,17.0,31.0,2.7,2.3,70.0,-2.1,3.9,158.0,158.7,230.3,254.3,20.3,29.0,2.7,1.7,60.0,-0.2,2.0,0
219.3,167.0,220.3,263.3,40.7,26.0,1.0,2.3,40.0,4.6,-6.3,69.0,138.7,224.3,330.3,14.0,36.3,3.0,1.7,72.7,-27.1,-7.2,0
189.3,183.0,238.0,233.3,34.7,35.7,2.0,1.0,70.0,-9.1,-10.1,167.0,151.7,311.3,251.0,37.7,35.7,1.3,2.3,50.0,-10.4,-9.3,0
233.0,93.0,225.0,348.0,30.5,27.5,1.0,0.5,30.0,-13.7,-21.2,212.7,47.7,276.3,283.3,36.3,18.0,0.7,2.3,60.0,7.9,0.7,1
242.7,157.3,168.7,211.7,33.3,26.7,2.3,2.3,30.0,-16.2,-9.4,140.0,180.3,213.7,262.0,11.3,35.7,1.7,0.7,50.0,-24.2,-13.4,0
175.3,115.0,246.3,278.3,36.7,23.7,1.3,0.7,30.0,0.6,-5.3,275.7,159.0,113.7,223.3,32.0,24.0,2.3,3.0,60.0,-1.1,-7.2,0
136.3,58.7,271.3,228.7,26.0,15.7,0.3,1.0,30.0,0.5,-6.0,109.0,225.0,376.3,327.3,35.3,34.0,2.0,1.7,50.0,-2.9,-4.4,1
2.0,121.0,178.0,135.0,3.0,10.0,1.0,2.0,50.0,26.2,20.3,273.0,165.0,156.0,136.0,21.0,22.0,1.0,1.0,90.0,-4.1,-18.0,1
72.0,180.0,254.0,318.0,17.0,49.0,2.0,0.5,72.7,-19.5,4.9,146.0,285.0,172.0,150.0,17.0,24.0,2.0,0.0,10.0,-7.0,-17.9,1
202.0,117.0,249.0,170.0,28.3,13.7,2.7,1.7,40.0,11.3,-1.3,107.7,200.0,242.7,259.3,35.0,30.7,1.7,1.7,100.0,0.7,-4.3,0
190.7,61.7,260.7,212.7,31.3,10.3,1.7,3.0,90.0,9.8,-2.9,112.0,126.7,222.0,236.0,17.3,24.7,1.7,1.7,80.0,-4.4,-6.1,1
240.5,85.0,219.0,292.5,39.5,23.5,1.5,3.0,10.0,-15.1,-22.8,313.3,122.3,120.3,288.3,36.3,27.3,0.7,1.3,90.0,8.0,-2.9,1
98.3,176.3,294.3,168.0,22.0,21.3,1.7,1.0,20.0,0.4,1.5,168.0,194.3,209.3,205.0,17.0,27.3,0.7,0.7,70.0,2.7,1.9,0
140.7,229.3,359.7,251.3,23.3,38.7,3.0,1.0,66.7,-5.9,-1.2,143.7,133.7,257.3,281.7,21.0,25.0,0.7,1.7,70.0,-7.1,-3.7,1
126.0,269.0,319.3,268.0,38.0,50.0,1.3,1.3,70.0,-15.4,-10.5,132.3,185.0,169.3,206.3,14.3,30.7,3.0,1.3,50.0,-15.2,-10.9,1
42.3,211.3,198.3,245.0,17.0,35.7,1.7,1.3,20.0,-2.3,-1.6,140.3,167.3,179.0,287.0,21.7,28.7,1.3,2.0,44.4,8.5,1.2,1
57.7,220.0,196.0,175.7,10.3,37.0,2.3,1.7,77.8,-9.6,-6.0,68.7,180.3,216.7,285.3,15.7,41.7,2.7,2.0,70.0,-21.8,-12.6,0
113.0,384.0,100.0,154.0,10.0,31.0,1.0,1.0,44.4,-1.3,-2.5,50.5,179.0,187.5,320.0,13.5,43.0,2.0,0.5,44.4,-19.0,2.8,1
163.7,59.3,213.3,205.7,31.0,13.3,1.3,1.7,44.4,5.6,-6.0,111.0,308.0,80.0,128.0,0.0,41.0,2.0,1.0,0.0,-38.7,-10.4,0
368.7,249.7,225.0,351.0,45.3,38.0,1.0,1.7,77.8,7.2,-0.6,130.0,245.0,177.7,138.0,27.0,14.7,1.3,3.0,44.4,1.5,-2.8,0
127.7,166.7,196.7,242.7,28.0,24.7,0.3,1.0,20.0,-1.9,1.5,91.3,146.0,194.7,281.3,20.3,31.3,2.0,3.0,66.7,3.1,2.5,1
90.3,114.0,290.3,230.7,35.0,20.0,0.7,3.0,77.8,13.4,2.7,239.7,133.3,172.0,254.7,29.0,22.0,1.3,1.7,33.3,8.3,4.7,1
155.0,209.0,392.0,259.7,47.7,41.3,2.3,0.7,80.0,3.1,1.7,127.0,268.0,269.3,115.0,30.0,27.3,1.3,2.3,50.0,-15.1,-10.1,1
236.3,114.0,341.0,222.3,44.0,26.0,2.0,1.3,50.0,6.4,1.4,256.7,148.7,232.0,180.3,42.3,18.3,0.0,1.3,70.0,8.8,4.5,0
316.0,76.0,192.0,143.0,41.0,14.0,1.0,2.0,60.0,15.1,-12.4,106.0,199.0,222.0,128.0,21.0,12.0,1.0,3.0,70.0,-0.2,-10.9,1
158.0,105.7,327.0,233.0,36.7,18.0,1.3,2.3,90.0,4.9,-2.5,139.0,42.5,167.0,245.0,14.5,5.0,0.5,1.5,60.0,4.6,-2.1,0
256.7,33.3,193.0,172.3,39.0,8.0,0.7,1.0,80.0,24.7,8.7,134.3,101.7,106.7,163.0,19.0,16.3,3.0,4.3,80.0,-0.1,-4.5,1
185.0,139.0,238.3,118.7,37.3,17.3,1.7,1.3,90.0,3.1,-2.8,74.7,208.3,290.3,226.0,28.0,29.7,2.0,1.3,70.0,-6.6,-10.1,1
198.0,173.0,262.3,292.3,30.7,38.0,0.0,0.7,20.0,-4.9,-3.1,159.0,186.0,312.0,408.0,32.7,43.7,1.3,2.0,33.3,1.8,8.1,1
181.7,129.3,192.0,121.0,42.0,12.7,0.7,1.7,30.0,18.1,-0.8,210.7,119.0,247.0,173.0,35.0,17.3,1.7,2.0,40.0,1.6,-3.1,1
179.7,116.3,241.7,204.3,35.3,28.0,1.7,1.3,80.0,15.9,15.9,73.3,122.0,380.0,391.7,32.0,41.3,2.7,2.0,70.0,-0.2,-0.2,1
56.0,87.7,383.7,311.3,24.0,28.7,2.3,0.3,9.1,7.9,1.0,135.7,140.7,131.0,223.7,10.0,37.0,3.7,0.3,80.0,-3.9,-2.4,0
172.0,217.0,189.3,300.7,25.7,37.7,2.0,0.3,44.4,3.2,6.1,200.3,184.0,203.3,277.7,23.7,29.0,0.7,1.0,60.0,-1.3,4.0,1
179.0,184.7,314.7,291.7,42.7,32.0,1.7,1.3,50.0,-1.1,-6.1,181.0,101.3,203.0,289.7,18.7,29.7,2.0,2.0,81.8,-4.3,0.6,0
239.0,79.7,136.3,238.3,24.7,20.0,1.3,1.7,30.0,-2.9,-0.8,117.7,157.7,225.3,230.0,25.3,34.3,1.7,1.0,88.9,-1.0,-0.3,1
131.3,106.7,238.7,198.3,22.7,22.0,1.0,1.3,30.0,7.7,1.2,74.0,117.3,162.0,249.7,12.7,24.7,1.3,1.3,45.5,-5.8,-1.3,0
86.3,189.7,172.7,212.3,16.3,35.7,2.0,1.3,30.0,-1.4,1.1,175.3,198.7,229.7,361.0,39.0,41.7,1.3,0.7,50.0,1.7,-5.0,1
45.3,160.0,458.7,253.7,38.3,31.0,1.7,1.7,90.9,11.4,2.9,103.0,122.0,219.0,189.3,28.7,16.3,1.3,2.7,81.8,4.3,-0.6,1
48.7,255.7,201.7,104.0,15.3,36.7,2.3,1.0,33.3,-20.6,-10.7,112.0,276.0,211.3,281.3,25.7,50.0,1.3,1.3,77.8,-13.6,-10.1,1
129.0,72.0,255.3,251.0,31.7,16.0,0.3,2.0,80.0,21.5,9.4,69.3,153.3,438.3,299.0,37.0,36.0,1.7,0.3,30.0,20.0,11.7,1
300.0,141.3,281.0,271.0,42.0,24.3,1.0,2.3,77.8,12.0,5.7,191.7,177.3,189.7,271.0,30.3,33.3,0.7,1.7,44.4,0.1,-0.5,1
131.3,148.7,111.0,298.0,22.3,33.3,2.0,1.7,30.0,-3.8,6.5,215.0,52.5,199.5,178.0,23.5,22.5,0.5,1.5,30.0,-11.6,-13.4,1
132.7,160.3,298.7,217.7,27.0,15.3,2.3,2.0,80.0,7.4,-0.1,66.7,271.7,200.7,219.0,17.3,37.7,2.3,1.3,50.0,-11.7,-9.2,1
234.3,121.7,242.7,219.3,34.0,28.0,1.7,1.0,60.0,4.5,-10.3,280.7,238.3,107.3,232.0,31.7,30.7,1.3,1.3,30.0,-9.2,-8.0,1
203.7,129.0,161.3,259.7,24.3,25.7,2.3,2.0,77.8,12.9,7.3,75.7,184.3,202.7,244.3,12.3,32.0,1.7,1.0,30.0,-4.5,-1.6,0
185.0,48.0,325.0,156.0,49.0,3.0,0.0,0.0,30.0,11.4,-19.8,162.0,350.0,214.0,157.0,26.0,46.0,1.0,2.0,60.0,-8.6,9.9,0
218.3,125.3,221.7,167.7,30.7,29.0,0.7,0.0,66.7,7.4,2.8,187.7,210.3,273.3,304.0,39.7,37.7,1.0,2.0,77.8,11.9,5.1,1
204.5,163.5,167.5,197.0,17.0,25.0,3.0,0.0,20.0,-5.0,-4.0,61.0,190.0,142.0,171.0,8.5,20.0,3.0,2.0,80.0,-2.0,6.6,1
246.7,64.0,200.7,151.3,35.3,8.3,0.7,1.7,80.0,21.0,3.5,279.3,65.3,180.0,198.0,40.0,11.0,1.3,2.3,30.0,17.9,-3.4,1
231.7,170.0,202.3,214.0,32.0,26.3,0.3,2.0,60.0,-0.6,-3.7,151.7,215.7,260.7,279.7,27.0,40.0,2.7,1.7,40.0,0.2,-1.4,1
108.5,82.0,289.0,219.0,18.5,12.0,1.0,3.5,30.0,-2.0,-7.4,151.0,307.0,81.0,223.5,15.5,57.0,2.0,0.5,50.0,-10.7,16.5,1
92.0,178.0,199.0,247.0,17.0,38.0,2.0,3.0,66.7,3.3,1.2,224.0,279.0,166.0,321.0,21.0,40.0,2.0,1.0,66.7,-7.3,-16.0,0
100.0,279.0,199.5,239.5,24.5,31.0,1.0,1.5,36.4,-9.5,-13.0,125.0,191.0,160.5,203.5,21.5,23.0,1.5,2.0,40.0,-15.3,-13.7,0
175.3,172.0,204.7,222.0,23.7,27.3,1.3,2.0,30.0,12.7,7.4,193.3,117.7,272.3,181.3,33.0,19.0,1.0,1.3,30.0,16.7,9.6,1
210.3,156.7,247.7,219.3,29.7,31.0,2.7,2.0,55.6,-2.0,4.1,172.3,161.3,269.0,228.0,34.7,23.3,0.3,1.3,11.1,-6.1,-7.7,1
261.7,89.0,181.3,281.7,34.0,24.7,2.7,2.0,70.0,1.3,-3.4,152.0,74.0,167.3,217.7,28.3,16.0,2.3,1.7,40.0,8.7,-6.4,1
43.7,160.7,186.0,250.7,14.7,27.0,2.3,1.3,70.0,-4.2,-1.8,77.7,135.7,262.0,270.3,30.3,33.0,1.0,0.3,50.0,-6.2,-4.5,1
180.3,163.3,286.3,285.0,31.7,35.7,1.7,2.7,60.0,-7.0,-1.2,145.3,252.3,169.7,193.3,19.0,32.7,2.7,1.7,40.0,-14.0,-13.5,1
46.7,110.7,373.7,285.7,22.0,26.3,2.7,0.7,9.1,6.9,-1.1,182.0,69.3,214.3,197.0,40.3,12.3,0.3,1.7,50.0,13.1,-0.2,1
191.7,277.3,288.7,281.3,36.3,39.0,0.7,1.3,80.0,-14.6,-11.6,191.0,345.7,330.0,171.3,35.3,42.3,1.0,1.0,20.0,-6.8,-4.6,1
165.3,118.3,195.7,233.3,25.3,22.7,1.3,0.7,77.8,-0.1,2.6,201.3,88.7,185.7,244.3,37.7,15.3,1.7,3.7,77.8,16.3,5.8,1
201.0,70.0,263.0,321.5,35.5,24.0,0.5,2.0,70.0,2.6,-7.1,183.0,129.0,237.0,291.7,29.0,39.0,1.7,1.7,50.0,-9.4,-5.1,1
72.0,190.3,348.3,258.7,26.7,29.7,1.0,2.3,70.0,9.1,2.4,198.0,208.3,179.7,190.7,27.7,36.3,1.3,1.3,70.0,-2.0,-2.3,1
84.0,195.3,244.3,194.7,19.3,31.7,2.7,0.7,60.0,-6.7,-6.1,211.0,130.0,202.0,282.3,26.3,15.3,1.3,1.3,60.0,-7.8,-12.2,1
139.3,131.0,152.7,194.0,23.3,21.0,1.3,1.3,55.6,6.7,6.6,159.0,95.7,192.0,191.3,27.7,22.7,1.3,2.0,66.7,13.7,6.3,1
211.3,35.7,111.7,163.0,23.7,13.3,1.0,2.0,60.0,3.3,-1.7,95.3,139.7,314.3,140.7,25.0,12.0,1.3,0.3,18.2,7.2,1.9,1
289.0,158.0,93.0,231.0,39.3,34.7,1.3,1.7,90.0,3.8,-1.3,140.7,259.0,220.7,305.0,20.0,44.7,0.3,3.3,50.0,-5.8,-4.4,0
160.0,104.5,237.5,247.5,29.5,19.0,1.5,1.5,70.0,6.8,-1.2,62.5,182.5,226.5,258.0,18.5,29.5,3.0,3.0,60.0,-2.0,-3.4,0
120.3,102.0,239.0,214.0,19.0,25.3,2.0,2.3,60.0,-6.6,-11.0,165.3,174.7,179.7,235.0,25.7,35.7,1.3,2.0,40.0,-19.0,-14.4,0
241.3,148.7,173.3,119.7,44.0,17.0,1.0,2.7,40.0,6.2,-1.4,321.3,112.0,188.0,219.3,41.3,19.3,1.0,1.7,50.0,-9.6,-11.7,0
160.7,133.7,368.3,152.7,48.7,21.0,1.0,0.3,80.0,15.8,1.2,240.0,199.7,215.7,227.7,31.3,43.0,3.0,1.0,22.2,-2.6,-9.6,1
147.0,151.0,126.3,218.7,25.7,26.3,2.7,2.7,90.0,7.9,6.9,203.5,86.5,275.0,200.0,43.5,17.0,0.5,3.0,60.0,16.9,-2.2,0
170.7,64.7,263.7,402.0,25.7,38.3,0.0,1.0,70.0,1.3,-0.5,124.3,120.0,201.0,306.0,19.7,38.3,2.0,0.0,60.0,-5.4,-5.3,0
266.0,251.3,335.0,169.3,50.7,35.3,0.7,1.0,60.0,6.7,-0.7,191.3,170.7,204.0,156.3,23.0,20.3,1.3,1.7,80.0,-7.0,-9.9,1
205.7,267.3,276.7,326.7,37.7,47.7,1.7,2.3,77.8,-1.3,0.9,77.3,131.0,246.3,155.0,25.7,22.0,2.7,2.0,80.0,8.2,2.6,1
132.3,149.0,204.7,284.0,27.0,28.3,1.7,2.7,50.0,-5.1,-7.9,152.7,229.7,343.0,193.0,34.7,31.7,2.7,1.3,70.0,11.6,0.7,1
67.3,210.3,235.3,179.3,20.7,25.3,2.3,1.7,40.0,14.4,8.9,71.3,232.0,295.7,266.3,23.7,45.0,1.0,0.0,40.0,0.8,1.9,0
181.7,150.0,305.3,225.3,37.7,32.3,2.7,2.0,60.0,-10.3,-11.1,220.0,241.3,247.3,217.0,31.0,37.7,1.7,0.3,60.0,-11.3,-10.6,1
99.3,138.7,300.3,229.0,31.0,17.0,0.7,1.3,70.0,13.1,0.3,177.0,98.0,210.3,207.3,28.7,13.3,2.3,4.0,70.0,8.6,-6.1,0
162.7,117.0,297.7,281.7,38.7,32.0,1.3,1.3,77.8,16.2,8.0,147.0,167.7,216.0,285.0,23.3,29.7,0.7,0.7,90.0,-2.1,1.7,0
155.3,124.3,265.0,215.0,42.0,21.3,2.7,4.0,50.0,1.8,-4.5,151.0,147.0,179.7,219.7,20.7,20.3,0.7,1.7,50.0,-5.1,-7.9,0
187.0,71.7,372.3,198.0,57.3,12.3,0.0,1.7,100.0,28.8,6.3,126.0,178.7,181.3,142.7,20.7,14.3,1.7,2.0,40.0,13.6,5.6,0
171.3,151.7,274.7,237.7,33.7,19.3,1.0,1.3,55.6,-8.3,-13.0,122.3,227.7,170.0,300.0,21.7,45.0,1.7,1.7,0.0,-38.2,-22.2,1
298.3,159.3,225.3,188.3,44.3,30.7,1.3,1.0,90.0,17.4,6.6,191.3,100.0,208.7,151.7,30.3,14.7,2.3,2.0,70.0,9.0,3.7,0
130.0,90.0,152.3,232.0,19.0,30.7,2.0,2.0,9.1,-4.5,-2.3,142.7,125.7,166.7,184.3,24.7,13.7,0.0,1.3,50.0,8.4,2.4,1
246.0,42.0,135.0,129.0,27.0,7.0,1.0,2.0,80.0,3.6,-7.1,123.0,85.0,243.0,323.0,24.0,31.0,2.0,2.0,60.0,-2.3,-1.2,1
89.3,132.7,197.7,277.3,21.7,31.0,2.3,1.7,60.0,-3.7,1.0,118.3,193.0,162.0,220.7,15.3,34.7,1.3,1.3,36.4,-8.4,2.8,1
214.7,146.3,274.7,206.7,32.7,24.3,1.7,2.0,80.0,20.0,7.1,128.7,122.0,170.0,304.0,19.0,37.3,1.0,0.7,100.0,1.1,6.7,0
82.3,224.3,342.0,279.7,26.7,38.0,2.7,1.3,70.0,6.7,3.4,131.0,109.7,191.7,327.7,20.7,39.0,1.7,1.7,70.0,-5.5,2.8,1
207.7,131.7,147.7,160.0,22.3,17.3,1.7,2.7,50.0,-13.0,-11.0,263.3,197.7,195.3,200.0,34.7,30.7,2.3,1.0,70.0,-2.2,-6.7,0
209.5,144.5,190.5,243.0,30.5,17.5,0.5,1.5,70.0,4.3,-11.7,148.5,254.5,354.0,232.5,34.5,41.0,2.5,1.5,10.0,-26.5,-24.4,1
199.0,133.7,216.3,123.0,40.3,13.3,0.3,1.7,80.0,22.2,4.9,236.7,100.7,257.0,217.7,30.7,17.7,1.0,0.7,70.0,12.6,4.4,0
394.7,162.3,29.7,161.7,37.3,20.0,0.7,2.3,55.6,-0.2,-7.6,146.0,113.0,294.0,194.7,23.7,19.3,2.0,1.3,50.0,-10.8,-10.9,1
251.0,75.0,293.3,181.7,39.0,10.0,2.0,2.3,44.4,31.1,8.7,284.0,205.5,245.5,154.5,46.5,36.5,1.0,0.5,11.1,-13.0,-18.9,1
213.7,85.3,199.3,209.0,36.7,16.7,1.3,2.3,10.0,-2.2,-8.3,143.3,130.3,244.0,334.0,30.3,26.3,0.3,2.3,70.0,1.6,-4.2,0
103.7,105.7,231.7,217.3,14.7,20.0,2.3,1.0,80.0,10.9,10.9,295.0,185.0,34.3,223.7,25.0,21.7,1.7,2.3,80.0,-1.8,-1.8,1
171.7,115.7,169.7,185.7,27.0,14.7,1.7,2.3,72.7,6.7,-3.3,198.3,127.7,244.7,191.0,42.0,21.7,1.7,2.3,70.0,12.3,4.5,1
106.5,223.0,210.0,139.5,17.0,24.0,3.0,0.0,10.0,-9.7,-17.3,129.0,101.0,164.0,315.5,19.0,39.5,1.5,2.0,40.0,-15.1,-6.2,1
269.3,79.7,204.3,103.3,35.7,4.7,0.7,2.7,100.0,16.2,2.6,115.3,98.0,230.3,187.0,22.3,18.0,3.3,1.3,60.0,8.0,1.2,1
0.0,0.0,0.0,0.0,35.3,21.0,1.0,0.7,40.0,19.5,9.8,0.0,0.0,0.0,0.0,19.3,37.3,0.3,0.3,50.0,-13.6,-7.5,0
89.7,164.0,457.3,253.3,46.7,20.7,0.7,3.3,77.8,7.3,-0.9,129.3,164.7,331.7,172.3,37.0,19.3,1.7,3.3,11.1,4.3,0.2,0
170.0,181.0,289.3,314.7,49.7,42.0,0.7,1.7,70.0,6.6,3.0,184.3,205.0,241.3,353.3,28.7,47.0,1.7,0.7,70.0,-11.6,-2.4,0
146.3,139.0,236.3,240.3,23.3,22.0,1.3,1.7,70.0,9.3,1.0,107.0,224.3,284.0,137.7,23.3,24.0,3.0,2.0,70.0,8.1,-0.5,1
144.0,113.7,166.7,174.7,21.7,16.7,1.0,3.0,30.0,-10.6,-8.8,172.3,140.3,168.7,234.0,22.0,36.3,3.0,2.3,50.0,-18.9,-9.2,1
125.3,137.0,188.3,182.7,27.7,27.0,2.7,2.0,50.0,-15.2,-16.8,88.0,166.0,345.7,239.7,21.7,27.3,2.7,2.7,0.0,-16.5,-11.4,0
124.7,251.0,219.3,135.3,19.3,23.0,1.0,0.7,50.0,-9.1,-6.7,133.3,229.7,43.0,303.0,2.0,39.7,1.3,2.0,40.0,-18.7,-7.9,0
211.7,129.0,172.0,244.0,30.0,20.3,0.7,1.3,60.0,16.8,12.0,257.3,162.0,252.7,210.3,32.0,29.7,0.7,0.3,30.0,1.3,-5.8,0
172.7,202.3,246.0,232.3,32.3,36.7,2.3,1.0,50.0,-3.1,-4.4,111.7,190.3,320.7,322.0,25.0,44.7,2.7,0.0,60.0,-10.2,-10.5,1
261.7,149.3,194.0,251.7,26.7,20.7,1.7,0.7,40.0,9.3,7.2,151.5,95.0,173.0,209.5,18.5,18.0,2.0,2.0,55.6,10.0,1.4,1
196.3,88.3,167.0,309.7,32.7,13.3,0.7,3.3,88.9,7.6,1.1,211.7,243.3,231.0,180.7,28.7,38.0,1.7,0.7,55.6,-7.7,-6.0,1
75.3,135.3,207.7,212.7,17.3,27.3,2.3,1.0,90.0,4.6,7.2,182.3,180.7,160.3,135.3,18.7,18.7,1.7,2.7,80.0,-1.8,-5.0,1
123.3,152.0,226.0,254.3,26.3,26.3,2.0,1.7,30.0,5.9,3.0,165.3,207.0,212.0,229.3,24.7,27.7,2.0,3.7,80.0,-4.8,-1.8,0
159.7,90.7,174.0,277.0,20.0,20.3,1.3,1.0,80.0,-1.0,-6.9,126.7,113.0,227.3,212.0,26.0,27.0,2.7,2.3,80.0,-17.7,-9.4,0
135.3,160.0,306.0,254.7,29.0,33.7,2.7,0.7,40.0,-2.6,-4.1,145.0,136.0,193.3,210.3,23.7,25.7,2.3,1.7,80.0,-3.8,-7.1,1
129.7,106.7,220.0,178.0,16.7,12.3,1.0,0.3,60.0,-0.3,-1.7,248.0,211.0,96.7,176.3,21.7,27.3,1.0,0.7,55.6,-5.6,-7.1,0
191.7,151.7,162.0,138.3,26.3,30.0,1.7,1.3,20.0,-12.4,-9.7,93.7,125.7,370.0,351.3,27.0,29.3,2.0,1.0,70.0,-16.5,-9.2,1
218.3,117.0,196.7,311.0,39.0,30.7,2.3,3.7,50.0,-11.2,-9.5,148.7,136.3,245.0,122.3,31.7,20.3,0.7,1.7,70.0,-3.4,-6.0,0
259.0,227.7,273.3,300.0,35.0,38.3,1.3,1.7,77.8,8.4,5.3,98.0,211.0,208.0,196.0,21.3,36.0,2.0,1.0,80.0,-2.7,-2.3,1
166.3,135.0,193.7,147.0,22.7,12.7,0.0,2.3,60.0,-0.5,-1.2,95.0,296.3,124.3,181.0,11.3,35.7,2.7,0.3,30.0,-3.1,3.3,0
99.0,120.0,400.0,72.0,31.0,7.0,3.0,2.0,20.0,12.0,-12.4,122.5,103.5,192.5,139.5,30.5,12.0,1.0,2.0,90.0,13.1,6.5,0
247.3,125.0,323.0,277.0,45.3,25.3,0.7,2.0,90.0,14.5,5.7,113.0,142.3,212.7,299.7,21.0,32.3,2.7,1.3,30.0,-15.0,0.8,1
112.7,66.0,257.7,295.7,24.3,20.3,2.3,2.0,70.0,4.3,-1.9,91.7,228.0,230.3,234.7,18.0,31.7,1.7,2.3,80.0,-10.5,-3.9,1
419.0,128.7,42.3,343.3,39.0,34.7,1.7,2.0,33.3,-0.7,-6.6,216.0,236.7,290.7,206.7,33.7,36.0,2.0,2.3,22.2,-13.0,-11.9,0
93.0,139.3,314.3,182.3,25.3,16.7,1.0,1.0,90.9,8.3,-1.0,213.3,137.7,236.3,127.3,41.3,15.0,0.7,2.0,100.0,7.4,-9.9,0
144.0,79.0,318.0,338.5,38.0,29.5,3.0,2.0,18.2,-1.0,-11.8,237.7,141.3,185.0,182.0,41.0,14.0,1.3,3.3,60.0,11.2,-0.7,1
141.3,96.7,180.0,243.7,26.0,18.3,0.3,2.3,30.0,0.7,-1.8,106.0,163.0,164.0,110.0,15.3,20.3,2.0,0.7,40.0,-0.5,-3.2,0
253.0,106.3,184.7,151.3,39.0,5.3,1.0,3.0,44.4,3.3,-7.5,76.3,271.3,182.0,185.0,18.3,39.7,2.7,0.7,33.3,-11.4,-4.6,0
130.7,86.7,287.0,278.3,24.3,21.0,1.7,2.0,50.0,5.1,2.7,108.3,134.7,254.3,249.7,24.0,27.0,1.3,2.0,40.0,0.8,1.3,1
121.7,135.7,203.0,256.0,26.3,22.0,1.3,1.3,70.0,-3.0,-3.4,143.3,120.3,150.0,290.7,21.3,22.0,2.3,2.3,72.7,-3.9,-3.8,0
306.0,182.0,70.3,220.7,15.0,33.0,2.0,1.7,55.6,-14.3,-10.5,140.3,161.0,210.7,273.0,13.0,25.7,3.0,2.3,50.0,-14.8,-14.4,0
99.3,115.0,275.7,208.7,23.7,23.3,2.0,1.0,60.0,-8.2,-7.4,37.7,191.3,163.3,162.3,2.3,27.7,1.7,1.3,50.0,-18.2,-8.1,0
324.0,198.0,327.0,347.7,51.3,44.3,1.3,0.3,77.8,21.0,5.6,195.0,141.7,360.3,307.0,43.3,32.0,1.0,2.3,40.0,17.2,6.1,0
218.0,163.0,267.3,214.7,30.3,26.0,2.3,1.0,40.0,-2.6,-4.4,156.7,196.7,230.7,164.0,15.3,24.0,3.3,0.7,30.0,-17.7,-11.1,1
117.0,110.5,340.0,122.0,34.5,15.5,2.0,1.0,70.0,4.2,-3.2,233.5,37.5,204.0,286.5,41.0,18.5,0.5,1.5,30.0,13.1,1.9,1
142.5,29.0,275.0,358.5,37.5,22.5,2.0,5.5,9.1,10.3,-2.9,259.0,-8.0,121.0,130.0,33.0,3.0,0.0,3.0,90.0,13.7,-5.2,1
135.0,176.3,236.7,186.0,24.7,20.7,2.7,1.7,50.0,15.5,3.6,376.3,158.0,78.7,157.3,38.0,17.7,2.0,3.0,90.0,13.4,4.1,0
173.7,85.3,262.7,271.7,22.3,20.3,1.0,1.3,60.0,7.4,2.9,285.3,157.7,248.0,266.0,38.0,28.0,0.3,0.3,60.0,11.8,6.2,0
216.7,148.3,244.7,165.0,24.7,21.7,3.0,2.0,77.8,4.1,2.9,190.3,160.3,263.0,305.0,38.0,29.7,0.0,2.3,66.7,10.8,6.3,0
124.0,122.3,230.7,256.3,22.3,23.7,2.3,0.7,60.0,11.3,4.1,45.0,118.3,169.7,182.0,9.0,25.0,1.7,1.0,30.0,-14.7,2.2,0
297.0,97.7,188.3,136.3,45.3,11.7,2.0,1.3,70.0,14.8,1.3,287.3,131.0,266.3,231.7,43.7,27.7,2.0,1.0,70.0,5.5,-3.9,0
226.7,165.3,154.3,153.7,33.0,24.3,1.7,2.3,60.0,3.8,-1.0,196.3,282.7,114.3,155.7,33.7,32.3,3.3,2.3,70.0,11.9,2.9,1
128.0,113.7,182.7,107.3,28.3,18.3,2.0,1.0,80.0,4.2,0.4,128.7,137.0,238.3,155.0,25.0,16.7,1.7,2.7,81.8,-2.7,0.0,1
213.0,164.0,124.0,199.0,26.0,23.7,0.3,1.3,60.0,16.5,8.6,137.3,74.0,210.7,273.3,30.7,13.3,0.3,3.0,90.9,25.2,11.0,1
222.0,46.7,202.7,319.7,35.0,19.3,0.7,2.3,50.0,-12.9,-9.8,206.0,198.7,217.0,204.3,19.3,32.7,2.3,0.7,50.0,-23.5,-13.2,0
262.3,156.3,209.7,327.0,35.0,39.0,1.0,0.3,40.0,-8.4,-6.5,152.0,212.5,302.5,274.0,22.5,27.0,2.5,2.0,70.0,0.0,-5.6,1
84.7,294.3,323.7,253.7,26.0,42.3,2.0,1.3,30.0,-4.3,-5.7,160.0,268.0,183.0,282.7,20.7,46.0,1.3,1.7,20.0,-8.8,-2.6,1
79.5,123.5,252.5,161.0,31.5,14.5,1.0,1.5,50.0,12.1,-0.5,138.5,140.0,231.0,288.5,31.5,38.0,1.0,1.5,30.0,-8.9,-10.3,0
200.7,169.3,272.0,221.3,37.7,27.7,0.7,1.7,60.0,16.4,7.4,221.3,118.3,229.3,350.3,30.7,29.7,1.7,2.0,70.0,20.6,12.1,0
221.0,136.0,147.0,148.0,31.0,10.0,2.0,0.0,88.9,13.1,-3.5,422.0,85.0,184.0,245.0,49.0,16.0,1.0,1.0,77.8,13.9,-8.1,0
143.7,196.0,202.3,305.0,32.3,26.7,0.3,2.0,40.0,4.8,-4.5,249.7,215.0,216.0,228.3,39.0,26.0,1.0,1.0,40.0,-4.0,-6.6,0
389.0,105.0,284.0,168.0,55.0,13.0,0.5,0.0,70.0,11.4,-12.3,108.0,111.5,258.0,221.0,27.0,25.5,2.5,2.0,80.0,2.5,-4.6,0
308.5,376.5,98.5,157.0,23.5,44.5,3.0,0.5,70.0,-18.9,-9.1,142.0,253.0,288.0,210.0,29.0,36.5,2.5,2.5,30.0,-23.3,-23.0,0
87.5,217.0,208.5,182.5,14.5,31.0,2.0,1.0,60.0,-4.7,0.3,89.5,182.0,204.5,255.0,15.0,45.0,2.0,2.0,60.0,-23.1,-17.9,0
0.0,0.0,0.0,0.0,36.0,16.0,0.7,0.3,90.0,3.0,-0.6,0.0,0.0,0.0,0.0,24.3,42.0,1.0,1.0,90.9,-2.9,-1.2,1
212.7,168.0,309.7,202.3,41.7,29.0,0.7,1.3,90.9,16.7,9.2,182.0,182.0,232.3,101.3,21.7,19.0,0.0,0.3,20.0,12.0,9.0,1
99.0,233.7,241.0,201.7,15.7,33.0,2.0,1.3,55.6,13.4,9.3,212.3,229.7,232.0,115.7,23.3,18.0,1.0,1.0,100.0,10.3,4.8,1
158.7,225.0,368.0,305.3,30.7,46.7,4.0,0.7,50.0,2.5,2.9,202.0,140.0,124.7,230.0,12.7,31.0,1.3,1.3,50.0,-7.3,0.8,0
59.0,159.3,327.3,215.7,27.0,27.3,2.7,3.3,70.0,1.4,3.1,124.0,129.3,183.3,199.0,14.3,22.7,3.3,1.7,30.0,6.0,3.2,0
403.0,76.0,6.0,283.0,28.0,23.0,2.0,1.0,80.0,-5.5,-13.1,142.5,320.0,228.5,175.5,22.0,41.5,2.0,1.5,30.0,-5.7,5.2,1
218.7,74.0,250.0,142.3,37.3,10.0,1.7,1.7,70.0,8.5,-12.1,138.5,24.0,201.5,188.5,13.5,20.5,4.5,1.0,18.2,8.8,5.8,1
93.0,144.3,263.0,203.7,23.7,20.0,1.3,1.0,88.9,6.9,2.9,143.3,314.0,205.3,193.0,24.0,28.7,1.7,2.0,66.7,-16.6,-8.5,0
156.7,308.0,294.0,139.3,24.3,31.7,1.7,0.7,44.4,-11.4,-4.6,137.5,268.0,130.5,200.0,28.0,35.0,2.5,3.5,66.7,-8.7,-12.6,1
73.0,128.5,329.5,314.5,29.5,38.0,3.0,1.5,50.0,-4.5,-7.6,106.5,248.0,239.5,281.0,29.0,40.5,2.0,1.0,72.7,-26.0,-20.6,0
105.3,222.7,178.7,279.7,18.7,43.3,1.3,0.7,30.0,-27.2,-15.4,196.7,145.3,257.3,153.0,32.7,16.3,1.7,1.0,40.0,9.2,-3.8,0
270.0,141.0,199.3,192.0,33.0,15.3,1.0,1.0,90.9,16.2,0.2,100.0,176.7,183.7,301.0,22.0,42.7,1.3,1.0,80.0,-6.3,-6.4,1
191.0,272.3,219.3,203.3,25.7,28.7,1.0,1.3,60.0,-2.5,-4.6,125.7,204.3,228.7,293.0,18.0,29.7,1.3,2.0,40.0,-13.2,-7.9,0
99.3,166.3,262.7,189.0,24.3,20.0,1.3,2.0,30.0,-4.0,-3.8,105.0,173.3,233.7,180.7,22.3,15.7,1.7,3.0,36.4,-6.0,-3.9,1
122.3,113.7,225.7,266.7,31.7,22.3,0.3,2.0,18.2,4.8,2.4,115.3,179.7,303.3,183.7,26.0,24.0,1.3,1.7,70.0,7.2,0.2,0
143.0,89.7,289.0,265.0,27.3,23.7,4.3,1.7,80.0,9.5,7.0,184.0,101.5,232.0,337.5,31.0,23.5,2.0,1.0,70.0,0.5,-9.2,0
169.3,222.7,268.0,284.0,22.0,27.3,2.3,1.7,90.9,2.6,0.8,149.7,319.3,192.0,180.0,23.7,45.0,3.7,1.0,50.0,-5.9,-4.5,1
114.0,172.0,167.7,118.7,24.0,13.3,1.0,2.3,44.4,-3.2,-5.8,353.3,238.3,66.7,178.7,30.0,30.3,1.0,1.0,33.3,-3.3,-3.6,0
59.0,225.0,79.0,180.0,7.0,35.0,1.0,2.0,20.0,-7.6,-7.9,150.0,428.0,140.0,24.0,16.0,37.0,2.0,1.0,33.3,-8.9,-10.4,1
141.0,140.0,167.0,261.3,20.0,28.0,2.7,1.0,60.0,-9.9,-12.0,53.7,284.3,236.7,229.0,30.3,40.3,3.0,4.3,30.0,-11.8,-5.8,1
195.0,81.0,348.0,456.0,51.0,52.0,2.0,3.0,50.0,0.8,-7.7,61.0,251.0,122.0,323.0,7.0,45.0,0.0,2.0,36.4,-21.3,-18.4,1
61.0,237.0,300.0,246.0,17.0,31.0,1.0,2.0,22.2,-7.5,-9.3,131.0,243.0,374.0,232.0,31.0,52.0,4.0,0.0,22.2,-14.8,-15.4,0
139.0,155.0,223.7,205.7,19.0,22.0,1.0,1.7,60.0,-0.6,-5.9,120.7,249.0,219.0,263.3,19.7,46.7,1.7,1.0,0.0,-29.4,-4.4,0
167.0,145.3,162.3,185.0,32.0,20.3,1.0,1.7,30.0,9.5,1.1,88.7,160.3,269.7,212.7,14.3,27.0,2.3,0.7,100.0,-7.2,-6.7,0
285.5,205.0,301.5,130.0,39.0,11.5,2.0,2.5,55.6,14.6,-13.4,75.0,173.5,414.0,299.0,36.0,34.0,1.5,1.5,11.1,9.4,-3.0,0
186.0,215.3,324.7,285.3,36.0,35.3,1.3,2.3,66.7,1.7,-4.7,82.7,174.3,284.0,239.7,17.7,28.7,1.3,0.0,55.6,-2.8,-6.7,0
171.0,212.0,193.3,113.0,32.0,31.3,1.3,1.7,80.0,-8.4,1.0,73.7,224.3,196.3,247.3,10.7,27.7,2.7,1.7,30.0,-5.5,3.6,0
108.3,117.7,158.7,191.7,22.7,18.7,2.0,3.0,9.1,6.0,-2.0,147.0,117.0,254.0,322.0,31.7,27.7,2.0,3.0,50.0,6.7,3.4,1
137.7,133.3,163.3,168.3,18.7,15.3,1.7,1.3,80.0,11.9,5.7,245.7,160.3,90.7,241.7,25.7,19.7,0.7,2.0,50.0,2.0,-2.1,0
230.0,112.0,282.0,128.3,45.3,13.7,0.7,1.3,60.0,13.4,3.1,143.7,97.7,215.7,303.7,29.7,28.3,1.0,0.7,50.0,5.3,3.3,0
157.7,141.7,290.0,184.7,41.0,18.0,1.3,3.0,11.1,12.0,-2.8,167.5,87.0,219.0,253.0,34.5,18.0,0.5,1.0,44.4,8.6,-7.8,0
168.5,153.5,410.0,303.5,45.0,19.0,0.5,0.5,100.0,22.6,5.7,-8.0,253.0,178.5,210.5,3.0,44.0,4.0,1.0,70.0,-15.7,1.0,0
272.0,127.3,151.0,150.3,32.0,12.0,0.3,1.0,66.7,14.9,7.7,201.0,41.7,112.7,252.3,19.3,11.7,1.7,2.3,55.6,3.6,2.7,0
194.7,88.7,242.7,198.0,33.3,16.0,1.0,2.3,30.0,4.8,-6.3,-4.7,237.3,119.7,114.0,4.3,34.0,2.7,1.7,80.0,-10.0,7.5,0
213.0,193.0,332.0,264.7,50.3,23.7,0.0,2.0,44.4,16.1,1.4,142.7,138.3,214.0,170.0,30.7,25.3,1.3,2.3,33.3,8.4,4.2,1
100.0,134.5,213.5,250.0,15.5,27.5,2.5,1.5,55.6,-2.7,0.9,187.0,194.7,230.3,202.0,25.7,27.0,2.0,1.0,22.2,-3.8,-8.9,0
154.3,103.0,248.0,215.0,21.3,27.0,2.0,1.0,30.0,3.0,1.8,162.3,126.3,263.7,234.3,29.0,27.7,1.3,2.3,81.8,-8.7,-3.8,0
161.7,180.7,250.3,240.3,21.3,23.0,1.7,0.3,40.0,12.7,5.5,110.0,96.3,270.3,190.7,19.7,21.7,1.0,0.7,100.0,13.1,10.8,1
165.7,102.7,294.7,298.3,34.3,23.0,1.0,2.3,44.4,-3.9,-8.0,195.3,183.0,293.3,246.7,41.3,41.3,1.3,0.0,60.0,-5.7,-12.5,0
281.7,114.0,139.0,137.7,39.7,12.7,0.0,3.3,77.8,0.8,-5.0,170.0,243.7,105.0,209.0,16.0,39.3,1.7,1.0,44.4,-19.7,-10.8,1
148.3,211.0,238.3,198.3,27.0,38.3,2.7,2.3,55.6,-3.3,-3.4,46.3,215.7,127.7,251.0,6.3,28.7,2.0,0.7,88.9,-6.3,-0.9,0
149.7,193.0,283.7,396.7,38.0,51.7,3.0,2.3,80.0,-7.7,-6.8,200.3,97.3,156.7,179.0,37.0,16.3,0.3,2.0,20.0,-10.7,-10.4,1
207.7,167.0,202.0,173.3,26.0,22.7,1.3,1.7,60.0,2.9,-5.3,145.3,228.0,185.3,269.0,23.0,35.3,1.0,1.0,90.0,-5.7,-6.4,0
216.0,127.0,250.0,319.0,32.0,26.7,1.3,1.3,44.4,-8.1,-10.4,258.0,131.3,206.0,305.7,38.3,28.3,1.3,2.7,60.0,-4.1,-8.7,1
184.3,95.3,222.0,261.7,29.7,26.0,1.7,1.3,44.4,-5.1,-8.1,146.0,188.7,202.0,291.7,21.0,37.0,1.0,0.7,77.8,-20.5,-7.2,0
171.0,141.7,329.7,166.3,28.7,23.0,1.0,1.3,50.0,-8.8,-7.9,344.3,235.0,92.3,265.3,32.0,35.3,2.7,1.3,77.8,4.3,0.3,1
152.0,106.3,133.7,211.3,19.3,7.7,0.7,2.7,70.0,14.5,5.6,103.7,186.0,255.7,175.3,24.3,27.3,1.7,2.7,30.0,-3.8,-0.2,0
213.3,141.7,146.0,274.3,24.7,23.0,2.0,3.3,30.0,-8.4,-9.7,240.0,260.3,98.3,207.7,19.7,22.7,0.3,2.7,70.0,-16.9,-11.6,0
109.7,73.7,260.7,271.0,25.3,32.0,3.0,1.0,40.0,0.0,-2.0,92.3,150.3,246.3,273.0,25.3,30.3,0.3,2.0,70.0,0.0,-2.0,1
132.3,97.3,324.7,352.7,25.3,38.3,2.7,0.7,55.6,6.5,3.2,59.7,113.7,246.3,289.7,25.0,34.7,1.7,1.0,44.4,0.6,1.0,0
247.0,95.7,220.3,237.0,31.0,16.7,1.3,0.7,40.0,12.2,-2.3,125.7,173.0,190.7,132.7,22.3,17.0,1.3,1.3,90.0,9.5,-0.1,1
172.3,79.0,357.0,333.0,39.3,24.0,1.0,2.0,100.0,28.1,8.1,191.7,101.7,253.0,430.7,35.3,31.3,2.0,1.3,30.0,11.1,4.6,0
180.3,109.0,177.7,126.7,31.3,9.3,1.3,2.0,80.0,14.6,1.8,116.0,213.3,203.0,176.3,12.3,22.7,1.7,1.0,40.0,1.9,-0.9,1
218.3,115.7,188.3,297.7,29.3,32.7,3.3,1.0,60.0,-2.0,-1.2,74.7,138.7,325.7,251.3,18.3,35.0,1.3,0.3,70.0,-3.2,6.5,0
232.3,85.7,119.7,206.0,34.7,24.3,1.7,2.3,50.0,-9.9,-10.1,14.5,183.0,152.0,242.7,15.7,38.3,1.5,2.3,30.0,-17.4,-10.6,1
249.7,152.7,306.7,282.3,49.7,25.7,1.0,2.0,90.0,23.0,7.7,191.3,152.7,104.3,247.0,23.0,21.0,1.3,2.0,80.0,12.9,6.2,0
109.0,96.0,297.0,258.7,24.0,24.0,2.3,1.3,60.0,-15.9,-12.1,105.3,160.0,280.3,274.3,27.0,30.7,1.3,2.3,30.0,-9.7,-7.2,0
147.3,121.7,240.3,445.0,25.3,39.0,1.7,1.0,30.0,9.0,6.0,117.0,86.3,281.3,227.0,25.3,11.7,0.3,1.3,40.0,15.2,8.6,1
155.0,180.0,383.0,399.0,51.0,49.0,1.0,2.0,70.0,-1.7,-5.1,41.0,199.0,196.0,372.0,7.0,49.0,2.0,1.0,72.7,-19.2,10.6,1
163.0,242.0,95.0,268.0,7.0,31.0,2.0,2.0,50.0,-5.0,5.7,168.7,106.0,187.7,314.3,23.3,25.7,1.7,1.3,80.0,-2.0,-1.6,0
319.0,99.7,277.3,317.7,43.7,23.0,0.7,3.3,80.0,6.7,-2.9,163.7,228.0,263.3,277.0,30.3,39.3,1.0,2.3,70.0,-15.4,-11.0,0
197.3,151.3,302.3,250.7,40.7,33.0,1.0,1.7,60.0,16.5,7.5,178.7,147.0,297.7,239.0,32.0,32.0,2.0,1.7,90.9,9.3,9.0,0
168.7,204.7,337.3,228.3,41.7,22.3,1.3,2.7,44.4,14.9,-2.4,211.0,189.7,284.0,169.7,29.3,22.7,1.3,0.7,77.8,5.5,-10.7,0
108.0,131.3,168.0,242.3,12.0,29.3,2.3,1.0,40.0,-14.8,-8.2,173.7,183.0,206.3,168.0,26.3,25.0,0.7,0.7,50.0,-9.3,-5.0,0
111.3,227.7,365.0,182.0,29.0,35.3,2.7,1.7,20.0,10.7,7.0,257.7,94.7,117.7,303.0,35.7,32.0,1.0,1.7,90.9,-1.2,-4.8,1
145.0,170.7,324.0,248.7,30.7,28.3,1.7,1.3,30.0,-0.5,-5.1,69.7,211.3,298.7,280.7,26.7,34.7,1.3,3.0,77.8,-2.6,-0.3,1
120.3,129.7,225.7,315.7,27.0,22.0,1.3,2.0,50.0,11.1,3.8,156.7,137.3,229.0,177.3,34.3,27.0,1.7,2.3,30.0,13.1,5.0,0
239.3,134.3,198.0,317.0,37.0,31.0,1.0,1.3,50.0,-5.7,-1.3,135.3,114.0,176.3,218.0,25.0,20.3,1.7,1.0,30.0,3.8,-1.9,0
192.3,85.0,265.3,249.7,44.0,18.7,2.0,3.3,60.0,1.3,-5.6,118.7,132.3,279.0,377.3,24.0,41.3,2.7,1.7,30.0,-15.9,-2.4,0
210.7,88.0,135.0,251.7,19.0,25.3,1.7,2.3,30.0,-7.5,-3.2,52.3,187.7,324.7,125.7,18.3,25.7,2.3,0.7,90.9,5.9,0.7,0
170.7,213.3,270.0,353.7,20.7,35.3,1.0,1.0,20.0,-9.7,-5.8,184.3,197.3,321.0,255.7,38.3,34.0,1.7,2.0,30.0,-6.0,-5.3,0
201.0,187.7,302.0,244.7,35.3,44.0,2.7,1.7,100.0,13.3,8.2,156.0,295.0,94.3,212.0,13.3,29.0,2.0,3.0,50.0,-13.2,-2.1,0
277.5,149.5,298.0,192.5,49.5,20.5,1.0,0.5,30.0,16.2,5.1,102.0,331.3,264.7,245.3,16.3,47.3,2.7,2.0,30.0,-28.6,-9.1,0
140.7,129.3,340.7,389.0,42.0,43.0,2.0,0.7,77.8,2.6,-2.6,239.7,156.0,243.0,208.0,40.3,17.3,0.7,2.3,70.0,-8.3,-12.0,0
219.0,230.7,261.0,96.0,41.3,16.3,1.0,1.3,30.0,12.8,1.4,121.3,163.3,306.0,221.7,30.3,26.0,1.3,2.0,40.0,5.7,2.6,0
144.5,221.0,427.0,311.0,51.0,37.5,1.0,0.5,70.0,-12.1,-10.8,148.0,257.0,292.0,320.0,27.0,45.0,2.0,2.0,50.0,-22.4,-19.2,0
121.0,150.5,316.0,416.0,30.5,37.5,1.0,1.0,30.0,9.6,9.0,328.0,88.0,131.0,203.0,45.0,21.0,1.0,1.0,90.0,20.8,9.5,0
259.3,219.0,213.7,336.3,35.0,44.3,1.7,2.0,70.0,2.7,3.6,175.3,103.0,153.0,274.7,37.7,22.3,1.3,2.0,80.0,4.4,3.9,0
120.7,133.7,277.7,161.7,26.0,26.0,2.3,1.0,60.0,-0.6,-5.1,218.3,149.0,201.7,251.3,34.0,32.3,2.7,2.0,40.0,-7.8,-8.5,1
148.0,147.7,314.3,293.7,37.7,38.0,0.7,1.7,40.0,-9.7,-7.6,162.3,147.0,345.7,255.7,36.3,29.0,1.0,1.7,72.7,-13.6,-13.2,1
172.5,102.0,260.0,148.5,33.5,15.5,1.0,2.5,72.7,0.0,-17.3,168.5,91.5,140.0,144.5,20.0,10.0,1.5,0.5,70.0,2.9,-6.4,0
186.7,57.7,212.3,152.3,42.7,4.7,0.3,4.0,80.0,30.8,4.2,115.5,315.0,221.5,281.5,18.5,43.5,2.0,3.0,40.0,-21.0,-16.0,0
165.7,148.7,206.3,270.7,33.7,13.3,1.0,3.0,11.1,-4.6,-7.1,97.0,168.0,198.3,187.0,19.3,25.3,1.0,1.3,22.2,-24.8,-15.9,1
182.0,87.0,264.0,215.0,41.3,13.7,0.7,3.7,60.0,6.2,-1.2,110.3,67.0,244.0,240.3,36.0,15.0,0.7,3.0,30.0,10.7,3.3,1
139.3,192.0,315.0,193.7,42.7,24.7,1.3,2.7,20.0,12.6,7.2,132.7,155.7,260.3,346.3,33.3,24.3,0.7,2.3,70.0,2.2,-1.5,1
224.7,185.7,227.7,202.3,35.0,28.7,1.0,2.0,60.0,-8.5,-8.0,92.3,235.3,275.3,168.3,25.7,25.7,1.7,2.3,60.0,-7.4,-8.3,1
273.0,120.0,233.0,193.7,50.0,15.0,0.7,2.3,80.0,10.6,-5.9,186.7,88.7,163.3,222.0,12.3,11.7,3.0,1.7,80.0,1.7,2.6,1
197.3,91.7,235.0,169.0,40.3,21.7,1.7,2.0,18.2,11.5,8.9,96.7,258.0,222.3,244.0,18.7,46.0,2.0,0.3,70.0,-6.6,8.2,1
161.0,126.5,337.0,323.5,46.0,30.5,0.5,1.0,10.0,15.2,-4.8,190.0,77.0,194.3,251.0,31.0,19.0,1.0,1.0,50.0,15.5,4.7,0
337.3,161.0,205.7,263.7,46.0,25.0,0.0,1.3,30.0,12.4,7.3,174.0,273.3,310.0,219.0,32.0,25.3,1.0,1.0,44.4,8.0,2.9,0
187.7,95.7,253.0,333.7,30.0,29.0,2.3,1.0,70.0,-13.6,-9.6,192.0,94.7,190.7,319.0,26.3,20.7,0.7,2.0,40.0,-4.3,-7.5,0
93.7,120.7,396.0,244.0,33.7,27.0,0.3,0.3,70.0,8.1,0.3,210.3,126.7,326.3,279.0,45.3,21.3,0.7,2.0,90.0,15.8,5.6,1
139.0,68.5,342.0,265.5,34.0,29.0,1.0,0.5,70.0,11.3,1.0,61.0,184.5,117.5,263.5,5.0,41.0,3.0,2.0,50.0,-20.3,10.9,1
147.3,178.7,296.0,360.0,37.3,39.0,1.7,2.3,20.0,0.6,0.3,155.3,175.7,190.7,214.3,20.7,25.3,2.7,2.0,70.0,-11.0,-7.1,0
182.0,73.0,197.0,165.0,34.0,12.0,0.5,1.0,70.0,14.5,-12.5,115.0,103.0,334.5,277.0,43.5,22.0,1.5,3.5,90.9,11.0,-8.7,0
97.3,145.0,195.3,270.3,18.3,24.7,1.7,0.7,30.0,-6.3,-2.5,219.3,141.0,226.0,193.7,31.7,23.0,1.7,1.3,40.0,-0.5,-5.0,1
59.7,127.3,228.3,273.0,19.3,23.3,2.7,2.0,50.0,-1.3,0.0,107.0,247.0,286.3,260.7,35.0,36.7,1.3,2.7,50.0,-9.5,-4.4,0
181.3,133.3,414.3,280.0,47.0,25.0,0.7,1.7,77.8,21.9,10.9,128.0,169.0,309.0,198.3,20.7,22.3,2.3,1.3,40.0,7.4,4.4,0
219.0,151.7,223.0,158.3,30.7,17.3,3.3,1.0,100.0,18.7,1.3,105.3,247.3,175.3,179.0,13.7,30.0,4.0,2.3,44.4,-9.0,-6.0,1
74.0,207.7,218.0,194.3,15.0,25.3,3.0,1.3,30.0,-13.1,-8.3,75.7,242.0,246.0,242.7,16.0,34.7,1.0,1.3,10.0,-24.9,-17.4,1
146.5,142.0,252.0,136.5,25.5,15.0,0.0,1.5,40.0,-4.5,-10.0,307.5,142.0,56.5,232.5,27.0,30.0,2.5,1.5,80.0,-4.2,-4.3,1
123.7,182.7,187.3,140.7,20.7,22.7,2.0,2.3,70.0,7.0,6.8,170.0,216.0,163.0,179.0,13.5,25.5,1.5,1.5,50.0,-15.0,-15.5,0
155.0,93.0,250.3,152.7,36.0,12.3,1.7,2.3,80.0,21.1,5.9,293.0,106.0,198.3,261.7,42.3,25.7,2.7,3.0,90.0,16.5,-1.1,1
135.0,190.0,217.3,190.3,23.3,40.3,2.0,0.3,60.0,-11.0,-4.7,134.0,154.0,191.7,227.7,21.3,35.0,4.3,2.0,80.0,-2.7,0.0,1
314.0,139.0,181.0,247.0,45.0,24.0,0.0,2.0,33.3,10.5,-1.7,88.3,150.0,254.0,275.0,13.0,30.3,4.7,1.7,55.6,-3.3,6.3,0
173.0,130.0,224.7,274.3,18.3,31.0,0.0,0.7,70.0,2.3,0.9,119.7,202.7,332.3,245.3,31.0,31.3,1.7,1.7,50.0,-13.4,-7.1,1
132.0,174.3,228.0,212.3,23.7,20.0,0.7,1.7,60.0,6.9,1.3,182.3,113.3,219.3,288.7,27.0,17.3,0.7,3.3,70.0,2.4,-3.7,0
281.3,133.7,128.7,202.3,32.0,23.7,2.3,1.7,80.0,-2.0,-6.3,56.0,189.7,295.7,210.7,23.7,35.3,3.0,1.0,80.0,-9.1,-7.2,1
184.0,185.3,320.7,220.0,40.7,21.0,3.3,2.3,44.4,23.1,10.6,171.0,87.7,310.3,267.7,24.0,20.7,1.7,1.7,44.4,13.9,10.0,1
205.0,125.0,248.7,341.0,33.0,36.3,1.3,1.7,50.0,-7.6,-7.6,295.0,190.7,120.0,253.7,22.3,27.7,0.7,0.7,70.0,-13.9,-13.9,0
325.0,126.7,56.7,169.3,39.0,20.7,1.0,1.3,80.0,4.8,-0.8,89.0,120.3,272.7,256.3,25.0,31.3,1.7,2.0,70.0,-1.1,-2.4,1
174.0,91.0,267.0,260.3,40.3,22.7,1.0,2.7,30.0,4.5,-2.3,181.3,188.3,221.0,255.7,29.7,26.0,1.0,2.7,40.0,-1.2,-2.8,1
216.7,144.0,195.7,251.0,27.3,25.0,2.0,2.0,50.0,10.4,2.9,82.7,213.7,365.7,293.3,30.7,37.0,3.0,1.7,70.0,-12.0,-3.9,0
142.7,149.7,176.3,200.3,19.7,16.3,1.0,2.0,60.0,-3.8,-8.2,144.7,200.3,240.3,287.7,20.3,37.7,3.0,1.7,50.0,-21.9,-12.5,0
159.0,131.5,178.0,336.5,20.0,39.0,4.0,1.5,60.0,-6.7,2.0,99.5,274.0,442.5,211.0,41.0,43.5,2.5,1.5,30.0,-1.3,-1.0,0
43.3,201.7,336.7,223.0,22.0,31.0,3.3,1.3,60.0,-7.9,-7.9,193.7,234.3,278.7,206.7,36.7,34.7,2.0,1.0,30.0,-16.9,-16.9,0
302.0,140.3,259.0,261.0,44.7,25.7,1.3,1.3,20.0,2.3,-8.1,111.0,229.0,327.7,254.0,29.3,36.0,1.7,1.3,40.0,-11.7,-11.6,1
280.0,144.3,122.0,200.0,23.7,18.3,2.3,1.7,80.0,-5.7,-8.4,169.0,120.7,184.3,252.0,21.3,25.7,2.3,2.3,70.0,-10.9,-7.8,0
104.3,187.3,241.3,321.3,20.3,36.3,1.3,1.3,60.0,8.7,8.9,184.7,153.0,449.7,329.7,48.0,29.0,0.7,1.7,90.9,7.6,6.8,1
172.0,105.3,165.0,235.7,16.3,23.7,1.0,1.0,50.0,-6.4,-8.9,146.0,269.0,189.3,231.0,25.7,46.0,3.0,3.3,90.0,-32.1,-9.2,0
182.7,194.3,244.7,190.7,36.0,28.3,2.0,1.0,44.4,-1.3,-9.5,71.3,238.3,103.0,194.7,4.0,38.7,1.7,0.7,0.0,-35.1,-6.0,0
247.3,122.7,151.3,107.3,38.3,12.3,0.7,3.0,30.0,21.7,2.4,165.0,99.3,266.0,219.0,41.0,13.7,0.3,2.0,30.0,10.7,3.8,1
123.0,245.7,352.7,278.0,42.3,49.3,2.7,2.3,70.0,10.9,4.1,199.7,163.0,190.0,151.3,27.0,19.7,1.0,1.3,9.1,1.5,-1.0,1
128.0,66.0,256.0,73.0,40.0,10.0,2.0,3.0,50.0,13.1,-18.1,95.0,102.0,176.0,257.0,22.0,14.0,3.0,5.0,50.0,-8.6,-7.8,1
206.7,210.0,159.7,282.0,27.7,28.3,0.3,1.7,44.4,-4.6,-5.3,121.0,200.7,156.0,274.3,13.3,32.7,1.3,0.7,70.0,-16.1,-12.1,1
129.3,128.0,149.0,272.0,8.7,24.0,1.3,1.0,50.0,-13.6,-7.5,165.3,179.0,106.3,81.7,21.7,19.7,1.7,2.0,90.0,-13.1,-11.7,1
159.0,204.3,243.3,207.0,35.7,28.0,1.3,2.0,50.0,-0.6,-7.0,77.0,170.3,188.3,278.3,17.0,44.7,3.7,2.3,70.0,-27.1,-12.4,1
162.7,192.0,338.0,253.3,36.3,26.0,3.0,2.3,40.0,-1.0,-11.1,99.3,181.7,137.0,191.0,10.7,29.7,2.7,1.3,81.8,-3.3,0.3,0
223.0,162.3,178.3,256.3,28.3,28.7,2.3,1.0,44.4,-6.6,-2.0,114.0,195.3,195.7,219.0,14.7,27.0,1.7,1.7,80.0,0.9,2.5,0
122.3,179.0,260.3,125.0,25.3,25.0,1.0,1.3,30.0,0.6,-3.6,156.3,118.0,180.3,212.0,21.0,21.7,1.3,2.0,70.0,1.1,-3.9,1
149.0,51.5,217.5,248.0,23.5,12.5,1.0,2.5,50.0,2.2,-8.1,77.0,181.5,180.0,312.5,15.5,43.0,3.5,0.5,20.0,-1.4,-2.2,1
261.7,219.3,246.0,353.7,33.7,39.3,2.0,1.7,70.0,12.4,9.6,370.3,76.7,148.0,215.7,40.3,19.3,1.7,1.0,70.0,12.8,5.0,1
346.7,85.0,207.0,167.0,47.0,11.0,0.0,1.7,88.9,31.0,7.3,77.5,166.5,396.0,220.0,31.5,27.0,2.0,1.0,90.0,0.0,-9.8,1
118.7,101.0,139.3,351.7,16.7,32.0,1.0,1.0,60.0,0.2,3.1,98.3,166.0,353.7,326.3,25.3,32.0,1.0,1.3,30.0,0.9,4.8,1
238.0,25.0,171.7,178.7,38.3,12.7,2.0,1.0,70.0,11.9,-0.4,155.7,85.0,196.3,286.3,26.0,26.7,0.7,1.3,60.0,-0.3,0.0,0
159.7,99.3,165.0,109.7,22.7,16.0,2.3,1.7,50.0,10.6,4.3,184.3,227.0,275.7,177.0,34.0,25.7,2.3,2.3,30.0,8.3,5.4,0
142.0,122.3,289.0,270.0,38.0,24.0,1.7,2.7,33.3,12.3,2.5,251.0,52.3,197.0,237.0,35.0,8.0,1.3,1.3,100.0,21.0,1.1,1
138.7,178.7,263.7,220.0,20.7,27.7,1.7,0.7,90.0,2.9,0.2,146.3,204.3,415.7,261.7,43.3,24.3,1.0,2.0,81.8,8.3,2.8,0
281.0,141.0,295.0,226.0,48.0,17.0,0.0,2.0,80.0,13.5,-14.4,350.0,153.0,210.0,127.0,52.0,14.0,1.0,0.0,80.0,13.9,-17.3,1
260.7,101.3,205.3,250.0,42.0,13.3,1.3,3.7,80.0,11.5,-4.2,204.3,208.7,370.0,212.3,42.3,33.3,1.3,1.0,80.0,7.6,0.2,0
187.7,207.3,211.0,283.0,34.0,32.3,0.7,2.0,44.4,-12.5,-9.7,223.0,207.3,144.3,385.7,24.3,41.3,1.3,1.7,50.0,-18.4,-4.4,0
233.5,136.5,302.0,259.0,48.5,23.0,4.0,2.5,18.2,9.5,-13.1,229.0,125.3,264.7,431.0,37.0,36.3,4.0,1.7,60.0,-1.1,-8.9,0
71.3,186.0,184.0,238.7,20.3,31.3,2.3,2.7,40.0,-16.4,-15.1,135.0,106.0,221.3,201.0,25.7,24.7,0.7,1.7,40.0,6.2,2.1,0
165.7,75.7,296.3,248.7,46.0,16.0,1.3,2.7,70.0,15.7,4.0,187.0,181.0,166.3,246.3,20.3,25.0,1.0,1.0,100.0,3.6,1.6,0
123.7,97.3,142.0,270.7,23.7,21.0,1.7,2.3,80.0,7.1,4.4,183.7,196.3,191.3,260.7,24.0,30.0,2.0,2.0,30.0,1.4,4.9,0
175.3,191.3,201.0,260.7,29.7,32.7,1.3,1.0,70.0,-2.3,-4.4,104.3,136.7,307.7,343.0,27.7,51.0,2.0,0.3,50.0,4.6,2.7,0
50.0,150.0,332.0,113.0,31.0,10.0,1.0,1.0,30.0,16.7,0.0,219.0,308.0,282.0,97.0,43.0,21.0,0.0,1.0,77.8,11.7,-12.7,1
132.7,81.0,345.0,305.0,33.0,21.7,1.3,3.3,18.2,7.5,3.5,87.3,146.7,190.0,286.0,16.3,32.0,2.0,1.0,80.0,2.0,4.1,0
249.0,102.0,273.0,126.3,50.0,17.0,1.3,1.3,100.0,33.6,7.3,72.0,144.3,188.0,190.3,15.7,15.3,0.3,2.0,60.0,6.7,3.4,1
111.0,69.0,303.0,253.0,38.0,19.0,1.0,2.0,88.9,26.0,8.6,183.0,105.0,189.0,150.0,17.0,12.0,3.0,2.0,100.0,11.2,-4.8,1
195.0,101.7,184.0,236.3,22.3,19.3,0.7,1.0,50.0,5.1,0.9,46.3,132.3,188.0,208.3,11.7,21.0,1.3,1.0,0.0,-19.4,-11.6,0
164.7,174.7,300.7,315.0,32.0,32.3,1.0,1.7,60.0,-15.2,-9.3,146.3,314.0,207.0,150.3,21.7,35.7,1.7,1.3,36.4,-19.6,-8.4,1
216.5,162.5,155.5,189.0,22.5,19.5,3.0,2.5,80.0,1.5,-4.3,197.0,17.7,215.3,200.0,45.0,11.3,2.3,2.7,40.0,11.0,-14.9,1
143.3,269.3,265.3,212.0,19.7,38.0,2.3,0.7,33.3,-2.0,7.1,192.7,142.7,209.3,186.7,29.0,24.7,1.3,0.7,77.8,4.6,3.1,0
208.0,184.0,195.0,173.3,29.0,25.3,1.0,1.3,40.0,11.1,1.9,239.7,273.7,210.7,308.7,31.0,47.7,2.0,0.0,70.0,-11.6,-2.0,1
144.0,169.0,335.3,254.7,25.0,33.3,1.7,0.7,72.7,-10.9,-10.5,198.0,102.0,236.0,220.0,24.3,18.3,1.0,2.3,50.0,-0.2,-7.4,0
196.3,95.7,427.7,310.3,47.7,28.7,1.0,1.3,70.0,5.7,-0.7,100.0,222.0,125.0,174.0,14.7,30.0,2.0,1.3,70.0,-12.5,-9.1,1
133.3,104.0,275.7,238.3,22.3,28.0,2.7,2.3,30.0,-5.9,-5.4,202.3,250.3,163.3,318.3,31.0,56.7,2.3,0.0,80.0,-26.2,-10.1,0
200.0,-1.5,222.0,130.5,45.0,5.0,2.5,3.0,40.0,12.3,-11.1,147.0,99.5,177.5,252.5,22.5,22.5,1.5,2.0,50.0,-11.4,-8.8,1
104.0,154.7,260.3,204.0,19.0,22.0,2.0,1.3,40.0,11.8,5.0,227.7,236.7,360.7,255.3,41.0,33.0,0.7,1.7,90.0,4.1,1.6,1
145.7,132.3,205.0,182.3,31.7,20.7,1.3,1.7,70.0,8.5,7.5,182.3,171.7,274.7,162.7,29.3,25.7,2.0,0.7,60.0,3.0,-1.3,1
133.7,187.3,308.7,164.0,41.7,20.7,0.7,2.3,30.0,10.1,-3.0,266.3,108.0,180.7,187.0,34.7,11.0,0.7,1.7,60.0,11.5,-7.3,0
195.0,129.0,166.0,138.0,28.0,7.0,2.0,1.0,66.7,18.4,2.4,99.0,69.0,394.0,424.0,54.0,32.0,1.0,3.0,70.0,-1.7,-20.9,1
208.7,189.0,358.0,279.3,43.3,36.7,1.0,1.0,60.0,5.4,-7.4,160.7,198.0,233.7,169.7,22.7,32.7,1.7,1.3,60.0,-2.9,-4.4,1
119.0,167.0,297.0,186.0,37.5,21.0,0.5,2.0,80.0,28.1,12.6,62.5,40.0,145.0,262.0,8.0,26.0,3.0,1.5,70.0,-14.2,-14.9,0
211.0,90.7,192.3,340.3,35.0,31.7,2.0,2.7,90.0,13.6,4.7,151.3,113.7,151.7,203.7,23.0,23.3,0.7,1.0,30.0,-6.6,-1.5,0
180.0,161.0,267.0,255.3,26.0,31.0,3.3,0.7,70.0,3.3,2.6,191.7,265.0,224.7,186.7,31.3,35.7,1.3,1.3,70.0,0.5,3.6,0
224.5,211.5,316.0,249.0,38.0,34.0,1.0,1.0,90.0,14.9,12.2,174.0,168.3,291.0,267.3,31.7,20.0,2.3,3.7,90.0,-4.2,-11.2,1
107.7,154.0,233.3,241.0,21.3,16.0,1.0,2.7,40.0,-0.8,-6.3,52.0,144.0,178.0,190.0,27.0,36.0,3.0,4.0,50.0,-4.9,-17.8,1
284.0,172.3,213.7,208.3,28.3,18.7,1.0,0.3,40.0,9.7,7.9,72.5,316.5,277.5,211.5,19.0,41.0,1.5,1.0,33.3,-16.2,-10.8,1
188.7,180.3,217.3,215.3,28.7,25.0,2.0,0.7,70.0,-1.3,1.4,179.0,219.3,280.0,236.3,32.3,32.3,1.0,1.7,90.0,1.9,0.1,0
193.7,295.7,165.3,189.3,26.3,23.0,1.3,1.7,20.0,8.4,7.1,157.7,307.0,235.0,190.3,23.0,48.3,1.7,0.3,50.0,5.2,8.6,0
185.3,143.0,104.3,132.3,26.3,10.3,1.0,1.7,60.0,-0.4,-2.7,93.3,170.7,221.3,152.7,17.7,18.3,2.0,1.0,36.4,-11.0,-4.3,1
116.3,118.0,469.7,186.7,59.3,14.7,1.7,3.0,70.0,14.6,-1.2,151.3,225.0,258.3,182.0,29.0,21.7,3.0,3.7,18.2,-2.4,-3.0,1
130.5,82.5,260.0,163.0,33.5,22.0,2.0,1.5,80.0,6.8,-1.0,99.5,270.0,210.5,250.5,20.5,46.5,1.0,1.0,50.0,-16.0,-0.6,0
258.7,148.3,255.7,180.0,49.3,16.0,0.3,2.3,70.0,18.9,-3.9,265.0,145.5,424.0,293.0,51.5,41.5,2.5,0.5,10.0,16.8,-1.7,0
198.3,144.7,126.7,327.7,22.0,21.7,2.0,2.0,66.7,-10.0,-10.1,277.7,113.3,235.3,215.3,30.7,20.3,1.3,0.3,33.3,3.4,-3.2,0
173.0,248.7,266.3,197.7,23.7,30.0,0.7,0.7,22.2,-8.7,-6.0,244.3,179.3,139.0,242.7,31.0,28.0,0.3,1.0,77.8,-10.8,-10.3,0
122.3,155.0,220.3,240.3,28.0,33.3,1.3,2.3,70.0,2.1,3.3,85.0,341.0,98.0,196.3,9.3,62.0,4.0,0.7,50.0,-25.5,-8.9,1
142.7,250.3,294.3,220.0,23.3,34.3,2.3,0.7,30.0,2.1,-1.3,159.7,165.7,211.3,210.7,12.7,22.7,3.3,1.7,30.0,-14.4,-13.4,1
103.7,191.0,255.7,238.7,25.0,28.3,0.3,0.7,50.0,-13.0,-10.6,44.0,140.3,200.0,181.3,23.0,42.0,1.3,0.7,20.0,-11.6,-8.7,0
0.0,0.0,0.0,0.0,30.7,28.0,0.7,0.3,50.0,-7.9,-8.7,0.0,0.0,0.0,0.0,33.7,38.3,1.0,0.7,90.0,-15.8,-11.5,0
355.0,109.0,52.0,212.0,30.7,16.3,2.3,1.0,88.9,8.8,-0.2,132.3,153.7,216.7,252.0,17.7,24.3,0.7,1.0,66.7,9.9,4.7,1
215.7,124.7,183.3,200.7,31.0,18.3,2.7,1.7,30.0,6.7,-4.2,134.0,74.3,167.3,176.7,25.0,12.7,2.0,3.0,30.0,4.4,-2.0,0
219.3,117.7,327.0,240.7,47.3,22.7,1.7,1.3,60.0,8.3,-0.3,181.7,126.3,219.0,259.3,22.7,20.0,1.0,2.3,50.0,10.3,3.0,1
53.5,295.5,152.5,179.0,13.5,34.5,1.5,1.0,50.0,-8.9,-5.5,87.5,147.5,477.0,293.5,35.5,27.0,2.5,4.5,70.0,-6.2,-11.6,0
166.7,131.0,225.3,156.3,29.3,18.3,0.0,1.7,60.0,-0.4,-6.6,212.7,106.7,281.0,233.0,36.0,31.0,1.3,0.7,60.0,-0.5,-2.8,0
136.7,163.7,207.7,254.3,15.3,35.0,3.3,1.0,90.0,4.3,3.4,68.3,45.0,55.3,38.0,31.0,28.0,1.0,1.3,80.0,3.4,-3.3,0
320.3,190.3,121.0,89.3,39.0,18.0,0.7,1.0,70.0,15.9,0.2,148.3,112.0,330.3,323.0,42.0,26.7,2.3,3.0,10.0,12.0,-3.1,1
203.0,134.3,233.3,163.0,31.7,16.3,1.0,2.0,80.0,17.5,1.6,170.0,145.7,226.0,241.7,27.7,22.0,2.3,1.7,18.2,8.1,2.1,1
94.3,57.3,376.7,154.0,39.7,7.7,0.7,1.3,33.3,21.3,11.2,170.7,154.0,288.7,344.0,37.0,39.7,1.3,2.0,80.0,5.5,1.8,1
73.3,120.0,225.0,169.7,19.7,24.3,2.7,1.7,30.0,2.9,-5.5,118.0,141.3,162.3,243.7,18.7,20.3,0.7,1.7,70.0,0.2,-1.9,0
282.0,159.0,344.0,137.3,43.7,15.0,2.7,2.0,20.0,2.9,0.8,194.0,168.0,260.7,236.0,35.7,32.3,1.0,2.0,30.0,-16.8,-13.2,1
185.7,137.7,218.3,204.7,26.7,23.3,1.0,1.7,100.0,6.2,-2.4,67.7,240.7,328.7,149.3,33.7,43.0,3.7,1.7,50.0,-2.9,-3.3,0
103.0,146.7,179.0,137.0,21.0,19.3,1.7,1.7,80.0,2.2,0.3,115.3,192.0,172.3,217.3,13.7,36.7,1.0,0.7,50.0,-2.1,0.9,0
268.3,142.3,383.0,296.7,46.3,41.3,2.0,0.7,10.0,16.1,4.5,143.7,239.3,222.0,233.0,15.0,35.3,2.3,1.7,50.0,-11.7,-7.9,1
72.5,166.5,176.5,212.5,14.0,38.0,2.0,2.5,50.0,-21.3,-19.0,225.5,181.5,293.5,212.5,41.0,28.5,1.5,1.0,30.0,-8.7,-13.5,1
132.7,143.7,220.0,249.7,33.3,23.7,2.3,1.7,77.8,14.8,8.3,149.0,163.3,265.0,274.0,22.3,39.7,3.0,0.3,80.0,3.2,7.2,0
173.7,222.3,181.0,182.7,20.0,31.0,2.0,1.7,50.0,-10.6,-11.1,199.7,295.0,158.3,123.0,29.3,25.3,0.3,2.0,55.6,-7.3,-3.1,1
75.7,65.0,360.7,207.3,20.0,12.3,2.3,2.0,40.0,4.9,-2.3,82.3,218.0,224.0,213.7,25.3,35.0,1.0,1.0,0.0,-19.8,-8.1,1
160.0,95.0,346.3,191.0,44.3,16.3,1.7,1.7,60.0,20.1,1.5,111.3,147.7,367.3,377.7,30.7,38.3,2.7,0.7,70.0,9.7,4.6,1
132.7,189.0,245.3,210.3,23.3,41.3,2.7,1.3,30.0,-22.0,-14.3,227.0,242.0,250.3,185.7,36.7,28.0,1.3,1.7,50.0,-4.6,-8.1,0
161.7,221.7,294.7,326.0,38.3,42.0,1.7,2.0,70.0,0.4,0.4,174.0,88.3,282.0,316.0,32.0,24.7,0.3,1.0,80.0,-8.0,-8.0,0
138.3,111.7,255.0,151.7,32.3,15.7,0.7,2.7,81.8,-0.1,-1.9,53.0,148.0,264.3,198.3,23.0,32.3,2.7,1.0,40.0,-10.6,-4.7,0
91.3,172.0,265.7,170.0,23.3,20.7,0.0,1.0,70.0,8.1,-0.1,181.0,152.7,270.7,282.3,36.0,27.3,0.0,2.0,70.0,5.1,0.4,1
170.5,152.5,120.0,186.0,21.5,18.0,0.0,2.0,60.0,-0.3,-4.6,158.5,126.5,169.5,236.0,20.5,16.0,1.5,1.0,90.0,-0.9,-5.2,1
115.0,181.3,163.7,186.7,21.3,28.0,1.7,1.0,45.5,-4.6,-1.1,126.3,172.7,297.3,218.0,34.3,40.0,2.3,0.7,50.0,9.9,5.4,1
142.7,151.3,204.7,150.3,16.7,16.7,2.3,2.0,66.7,2.1,0.7,217.0,128.5,220.0,201.5,33.0,19.0,1.5,3.5,60.0,-4.9,-14.4,1
187.3,118.0,267.3,166.7,37.0,14.3,0.7,2.0,90.0,12.1,3.9,95.3,206.0,291.7,227.3,33.3,35.7,1.3,1.7,50.0,4.5,2.6,0
93.7,187.0,226.3,275.3,14.3,31.3,3.3,3.3,50.0,-12.8,2.3,133.0,40.0,254.5,251.5,20.5,20.5,1.0,0.5,70.0,-5.9,-10.7,0
147.7,136.7,256.7,215.3,31.0,28.0,1.3,0.7,70.0,12.1,3.9,148.0,183.7,292.0,188.3,34.3,28.0,3.0,2.0,90.0,8.5,-1.7,0
146.0,236.0,212.7,220.0,21.0,36.7,1.3,1.0,20.0,-16.3,-0.8,123.7,236.0,208.0,181.7,27.0,34.3,1.3,2.0,80.0,-12.3,-2.1,0
159.7,228.7,253.3,231.3,36.0,24.7,1.3,1.3,100.0,14.9,8.1,192.3,147.3,143.0,269.7,37.0,35.0,1.0,2.7,44.4,-12.0,-11.0,1
104.7,107.3,156.0,165.7,27.7,27.7,2.7,1.7,80.0,1.8,-0.7,66.0,180.3,196.0,191.3,24.0,20.3,1.3,3.0,50.0,-4.7,-6.6,1
131.0,194.7,140.0,194.7,15.3,21.0,0.7,2.0,80.0,-10.1,-8.9,105.0,287.0,187.3,110.3,16.7,32.0,1.0,1.3,20.0,-19.4,-16.4,0
121.0,208.7,287.7,238.0,28.0,29.3,1.7,1.3,40.0,-12.3,-9.7,199.7,117.3,92.0,245.3,20.7,22.3,0.7,2.3,72.7,-19.5,-12.8,0
246.7,184.0,195.7,269.7,33.3,33.7,2.0,0.7,80.0,3.8,5.0,109.7,284.7,208.0,296.7,16.7,51.0,2.0,1.0,70.0,-24.9,-12.4,1
126.7,180.7,289.3,165.3,25.0,27.3,1.7,1.7,10.0,-6.6,-7.4,195.0,210.3,313.7,226.0,41.0,33.0,0.7,2.0,40.0,-11.5,-7.2,1
216.0,133.3,106.3,191.7,19.7,29.0,2.0,0.7,70.0,-6.7,-3.4,102.0,138.3,205.0,220.3,23.7,25.3,0.3,1.0,50.0,0.9,2.5,1
200.0,172.7,280.0,294.3,29.3,33.0,1.7,0.7,60.0,4.0,-1.5,68.0,205.3,244.7,132.3,10.3,34.0,4.0,1.0,70.0,-16.5,-3.2,0
243.0,136.7,435.7,401.3,49.7,38.7,1.7,1.3,77.8,14.1,7.9,136.3,212.0,244.0,221.7,16.7,39.0,4.0,2.0,50.0,-17.6,-7.6,1
74.3,218.0,272.3,205.0,26.0,40.7,1.3,1.7,60.0,-16.6,-8.0,96.0,283.0,227.7,197.3,15.0,31.7,2.0,0.7,36.4,-18.9,-11.4,1
272.3,135.3,256.0,140.3,42.3,10.0,0.7,2.0,44.4,8.7,-3.8,140.3,159.7,232.0,193.0,28.3,23.7,2.0,0.7,60.0,-13.3,-12.7,0
174.7,144.0,239.3,217.7,31.7,30.3,2.3,2.3,70.0,9.1,5.3,121.0,304.0,366.3,207.3,31.3,54.7,3.0,1.0,90.9,6.4,2.4,0
185.0,21.0,154.0,211.0,21.0,13.0,0.0,1.0,40.0,7.1,-3.6,145.0,164.0,127.0,188.0,10.0,42.0,2.0,1.0,70.0,-17.6,-17.0,1
181.3,114.7,214.0,265.7,26.3,27.3,2.7,1.3,10.0,2.1,-0.3,89.3,143.0,479.3,194.3,51.0,21.3,1.7,2.3,90.9,11.4,-12.0,1
104.3,220.7,300.7,294.3,33.3,38.0,2.0,0.7,55.6,3.8,5.9,259.7,171.0,248.0,209.7,44.0,30.3,1.7,1.0,44.4,-1.3,-11.2,0
69.7,138.7,380.0,238.3,31.3,13.3,2.0,1.7,90.9,10.9,-4.3,108.5,173.0,224.5,233.5,13.5,16.5,2.0,2.5,50.0,-9.8,-15.5,0
133.0,175.0,230.3,239.0,30.0,24.3,0.3,1.7,50.0,9.1,0.1,158.3,112.0,284.0,224.0,28.7,24.3,1.3,1.0,90.0,3.6,-1.4,1
122.7,183.3,153.0,199.3,11.3,28.7,1.0,1.7,33.3,-17.6,-10.5,181.3,234.7,157.7,223.0,23.7,35.3,1.0,1.0,77.8,-12.4,-10.8,0
135.0,163.0,221.0,192.3,24.0,14.3,1.7,1.7,66.7,9.5,5.1,253.7,61.7,328.3,185.7,52.3,22.0,1.3,1.0,100.0,29.9,10.7,0
63.0,184.3,345.7,186.7,25.7,27.7,1.3,1.7,30.0,-4.9,-5.7,135.7,167.0,209.3,213.3,27.3,26.3,0.3,3.0,50.0,-10.8,-20.8,1
225.7,141.3,133.7,160.3,25.3,23.3,2.0,1.7,70.0,6.9,1.7,153.3,141.7,192.7,215.7,19.0,28.3,1.3,0.0,70.0,-11.8,-1.3,1
235.0,201.7,266.3,329.7,31.7,41.3,1.3,1.3,20.0,8.3,8.4,165.0,308.3,214.0,141.0,20.3,37.0,2.7,1.0,40.0,2.9,5.5,1
217.3,140.7,238.3,196.3,27.0,14.7,2.7,1.3,90.0,11.0,3.3,262.7,127.7,104.7,254.3,22.7,27.3,2.3,1.7,90.0,9.6,2.2,0
124.0,111.0,255.0,305.0,20.0,56.0,4.0,1.0,60.0,-1.3,-2.6,329.0,44.0,236.0,351.0,28.0,33.0,3.0,0.0,70.0,1.6,0.5,1
98.3,58.7,268.7,183.3,26.3,13.3,2.0,3.3,9.1,7.6,2.8,154.0,233.3,190.3,202.7,18.7,34.3,2.7,2.0,50.0,-16.7,-4.8,0
263.0,84.0,221.7,293.0,43.3,27.3,2.7,1.7,60.0,-1.9,-4.0,98.3,134.7,171.7,213.0,19.3,32.3,2.0,1.7,50.0,-10.1,-6.3,1
98.3,151.0,218.3,225.7,17.0,26.3,3.0,1.7,30.0,-4.2,3.7,145.7,154.3,107.7,154.7,8.0,29.0,4.3,1.0,40.0,-15.6,-10.7,1
188.0,175.7,173.0,193.3,26.3,23.0,0.3,1.3,90.0,7.6,2.3,146.0,147.7,205.0,262.0,28.7,28.3,1.3,0.7,30.0,18.2,8.1,1
102.7,163.0,165.7,246.7,18.3,24.7,2.0,2.3,40.0,-5.0,-10.3,168.7,102.3,193.0,280.7,21.3,23.7,1.3,2.0,50.0,1.3,-4.9,1
167.0,127.3,196.3,289.3,16.3,28.3,1.0,0.3,66.7,3.4,9.9,120.0,234.7,216.3,314.3,17.3,39.0,0.7,0.3,80.0,-13.7,4.0,1
301.7,105.7,96.3,197.7,27.0,18.7,2.3,2.3,30.0,0.6,-3.3,103.7,208.3,140.7,202.3,19.3,37.0,2.0,1.0,80.0,-8.5,3.9,1
106.3,33.3,221.0,170.3,31.7,11.3,2.0,3.0,70.0,28.4,9.8,162.7,73.3,252.0,279.7,34.3,18.3,0.3,2.0,10.0,10.1,-0.5,0
238.3,82.3,220.3,140.7,46.7,13.3,1.7,2.3,100.0,19.5,0.4,92.7,200.3,396.0,198.7,36.0,27.7,0.7,0.3,100.0,-5.2,-13.9,1
159.0,197.3,165.3,247.7,27.0,34.3,1.3,2.7,80.0,5.9,5.9,264.0,177.7,228.7,207.0,44.7,21.7,1.3,3.0,50.0,5.0,5.0,0
197.7,180.3,94.0,191.7,19.7,15.3,0.7,1.3,80.0,-6.6,-5.6,107.7,289.0,300.0,275.0,35.0,42.3,0.3,1.3,100.0,-6.1,-7.3,0
178.7,146.7,298.7,288.7,33.0,31.7,0.7,1.0,30.0,6.8,0.4,290.3,111.7,153.7,199.3,38.0,16.3,1.0,2.3,90.0,19.1,7.6,1
181.7,169.7,280.0,270.7,26.3,38.3,0.7,1.0,40.0,-0.6,3.1,281.3,107.7,189.3,306.0,34.3,26.3,1.0,1.0,30.0,2.8,1.6,1
246.7,157.0,241.0,171.3,43.3,16.7,0.7,0.0,60.0,6.2,-11.3,70.0,106.0,119.0,365.0,19.5,30.5,0.5,2.0,30.0,-21.3,-15.0,0
167.0,145.7,177.7,228.0,17.7,35.7,1.0,1.7,30.0,-2.8,-1.0,140.3,189.3,131.3,144.3,11.3,14.7,2.3,1.7,60.0,1.2,-0.2,1
161.0,89.3,218.7,158.7,29.7,14.7,1.3,2.3,30.0,-0.2,-5.4,71.0,159.0,267.0,208.3,13.0,29.0,2.0,2.0,50.0,-11.8,-7.6,0
218.0,133.3,302.0,185.7,37.7,17.3,2.0,2.3,72.7,7.7,2.6,159.7,192.3,279.0,288.0,23.7,38.3,1.3,2.0,30.0,-16.3,-8.3,1
275.0,141.3,184.0,350.7,31.0,37.0,1.3,2.3,80.0,-18.4,-12.6,125.0,225.7,335.0,302.7,40.3,45.0,2.3,3.7,20.0,-7.7,-8.2,1
162.0,130.0,220.5,206.5,17.0,10.0,1.0,1.0,70.0,6.6,3.0,153.5,142.5,142.0,215.0,28.5,29.0,1.5,2.5,60.0,-3.9,0.0,0
161.7,185.0,186.3,223.0,23.3,33.7,2.0,3.0,70.0,-6.9,-0.9,108.3,192.7,128.7,149.7,11.0,30.3,4.3,2.0,30.0,-5.9,-0.2,0
161.3,234.3,138.7,319.0,24.3,40.0,2.0,3.0,30.0,-1.8,3.2,105.7,117.3,162.7,242.0,11.3,23.0,3.0,3.0,10.0,1.3,2.6,0
213.0,136.7,290.7,280.3,35.3,33.0,1.7,1.0,80.0,-7.5,-7.2,319.3,268.0,128.7,223.7,35.7,33.3,1.3,1.3,70.0,-14.8,-11.8,0
131.7,100.0,264.0,246.3,26.7,23.7,2.3,1.3,55.6,4.4,4.8,118.0,203.7,108.3,236.7,18.3,41.3,1.3,1.3,44.4,1.9,7.2,0
160.0,207.3,244.3,275.0,30.7,28.7,1.3,0.7,70.0,-9.4,-8.6,428.0,146.7,94.0,233.7,49.3,26.0,1.0,2.7,20.0,5.6,-3.7,0
128.7,129.0,162.7,198.3,26.0,11.3,0.7,2.3,50.0,-5.7,-10.4,103.0,194.3,214.3,272.3,11.0,37.0,2.3,1.3,10.0,-18.4,-11.5,0
197.0,57.0,214.5,202.5,33.5,12.0,1.0,1.5,60.0,12.6,0.3,82.7,231.3,211.3,130.7,7.7,21.0,3.3,2.0,45.5,-6.6,-5.1,0
415.0,80.0,41.0,325.0,45.0,21.0,0.0,2.0,77.8,3.5,-15.0,111.0,132.5,213.0,135.0,14.0,13.0,1.5,1.5,70.0,-13.8,-15.7,0
221.3,125.7,275.3,237.0,44.3,20.0,2.7,2.0,70.0,3.0,-3.3,94.7,182.3,132.3,186.3,15.3,18.7,2.3,3.0,50.0,-0.6,-3.5,1
241.0,166.0,227.7,297.3,29.0,24.7,1.0,1.0,70.0,12.1,8.5,178.0,211.0,122.7,255.7,15.7,35.0,2.3,2.7,50.0,-14.9,-1.7,1
212.3,66.0,243.0,156.0,37.7,10.0,1.3,0.7,100.0,18.4,8.8,195.3,123.7,334.0,166.7,38.0,20.7,1.0,1.0,80.0,14.2,4.9,1
109.0,178.3,319.7,145.3,28.7,25.3,2.3,1.7,22.2,-12.7,-9.0,161.3,192.0,228.0,184.7,26.0,28.7,2.0,1.0,77.8,-14.9,-6.9,0
248.3,68.3,243.7,187.0,36.0,7.7,0.7,1.3,88.9,27.3,7.5,141.0,149.3,212.7,228.0,19.7,33.7,2.7,1.3,66.7,-2.1,-6.5,0
264.0,175.0,261.0,303.0,48.0,42.0,0.0,4.0,30.0,-3.6,-2.9,197.0,269.0,216.0,227.0,14.0,35.0,0.0,2.0,30.0,2.4,16.6,0
310.3,236.7,137.3,174.0,32.0,22.0,1.3,1.7,30.0,0.7,-2.1,182.3,100.0,166.0,226.7,20.3,24.7,3.3,2.3,40.0,0.1,-1.7,1
107.7,163.3,364.7,184.7,28.7,17.3,1.0,1.3,11.1,-17.3,-14.7,118.7,229.0,275.0,177.0,34.0,34.3,1.7,2.7,60.0,-11.1,-9.7,1
108.0,99.3,189.3,260.0,22.0,24.0,1.7,2.0,80.0,2.6,-1.0,76.0,183.3,236.3,230.3,16.7,39.7,3.7,1.0,80.0,-11.8,-5.4,1
133.0,168.3,261.0,197.0,26.7,18.0,1.0,2.3,30.0,15.5,6.0,196.7,148.0,374.0,212.3,51.3,22.7,1.7,3.0,50.0,17.0,4.0,0
250.0,21.0,133.0,214.0,16.0,3.0,0.0,3.0,60.0,7.0,-3.4,8.0,302.0,199.0,142.0,12.0,42.0,1.0,0.0,30.0,-11.1,3.2,0
231.0,62.0,275.3,281.0,49.3,23.0,0.7,3.3,33.3,12.1,6.3,117.3,222.3,173.3,246.3,19.7,38.7,2.0,2.0,50.0,-14.0,-4.3,1
153.3,181.7,250.7,211.3,24.7,21.3,1.3,1.3,50.0,-1.1,-6.9,172.7,208.7,193.7,139.7,28.7,24.0,0.3,0.7,50.0,-4.7,-10.0,0
153.0,108.0,204.3,211.3,33.0,15.3,1.7,3.0,66.7,7.2,-0.2,166.0,159.7,220.3,217.3,18.3,28.7,0.3,1.3,66.7,1.9,-2.0,1
212.0,75.5,292.0,245.0,33.0,16.5,1.5,1.5,44.4,21.2,7.3,369.5,181.0,124.5,199.5,28.5,36.5,2.5,1.0,88.9,2.5,-3.4,0
158.0,242.3,355.0,252.0,42.0,33.3,1.3,1.3,40.0,8.8,2.3,121.0,281.0,307.3,291.0,25.7,47.0,2.0,1.3,55.6,-4.9,1.6,1
81.7,97.0,232.3,384.0,17.0,40.3,2.0,0.7,50.0,-9.1,-6.2,84.0,103.7,208.7,169.0,12.0,20.7,3.0,3.0,70.0,-12.5,-4.3,1
245.3,163.7,93.7,221.0,20.7,20.7,1.0,2.3,80.0,-1.3,-4.2,119.3,50.7,248.0,271.3,32.7,16.7,1.3,2.7,80.0,4.1,1.1,1
0.0,0.0,0.0,0.0,28.0,24.7,1.3,1.3,70.0,2.7,0.4,0.0,0.0,0.0,0.0,46.3,38.3,0.7,0.3,50.0,-16.0,-7.9,0
275.0,149.0,102.0,258.0,25.7,32.3,1.0,1.7,80.0,-5.4,-7.2,98.7,101.0,234.7,175.7,27.7,14.7,1.7,5.0,70.0,10.2,3.5,0
143.3,179.7,109.3,174.7,20.7,20.3,1.3,3.0,30.0,3.5,-1.1,189.0,86.3,261.3,261.0,40.0,14.3,1.7,1.3,70.0,6.4,-13.6,0
330.0,109.0,214.0,214.5,52.0,17.0,1.5,2.0,40.0,24.9,4.0,232.0,105.0,239.0,214.0,32.0,28.0,0.0,1.0,50.0,10.4,-6.2,0
147.3,178.3,241.3,176.0,23.7,26.0,1.7,2.0,30.0,-14.0,-11.0,156.0,140.0,199.7,140.7,30.0,11.3,0.7,1.3,10.0,-3.9,-8.1,1
181.7,105.7,166.3,258.7,31.0,18.3,1.3,2.7,77.8,9.6,-2.3,217.0,155.0,268.5,255.0,44.5,29.5,1.5,2.5,88.9,10.8,1.3,0
243.0,132.0,228.5,210.0,38.0,27.0,2.0,2.5,60.0,-4.0,-12.1,231.3,120.7,213.3,304.0,27.7,37.3,1.0,2.0,10.0,-8.5,-5.7,0
175.7,181.0,103.0,207.3,13.0,28.7,1.3,0.3,44.4,-21.0,-10.1,41.7,149.3,307.0,201.3,17.0,19.7,1.7,2.3,22.2,-13.2,-11.0,0
135.5,291.0,481.5,181.5,45.5,38.0,2.0,2.5,60.0,2.0,-3.5,204.0,170.5,262.5,155.5,45.5,27.0,1.0,0.5,77.8,9.8,1.9,0
324.5,120.5,179.0,169.5,43.5,13.5,2.0,3.5,70.0,14.3,-11.6,151.5,130.0,279.0,243.0,29.0,21.5,0.5,1.0,70.0,5.2,1.8,1
146.7,121.3,254.3,368.0,39.0,38.0,2.0,3.3,70.0,-6.2,-2.1,69.0,246.7,225.7,196.0,16.3,33.3,2.0,1.7,30.0,-16.3,-8.8,0
155.3,113.7,125.7,225.7,14.7,17.7,2.3,1.3,44.4,-3.2,-6.5,156.7,222.3,176.0,188.0,21.7,36.3,1.3,1.0,11.1,-12.1,-9.1,0
212.7,242.7,167.3,216.0,24.0,27.7,1.0,2.0,70.0,12.5,3.9,129.7,161.7,202.0,164.7,24.0,27.0,2.0,1.3,60.0,-5.9,-0.3,0
193.0,92.0,127.5,233.0,24.5,21.5,1.0,1.0,10.0,4.7,-1.7,234.5,32.0,136.5,250.0,31.0,12.0,0.5,1.5,50.0,5.5,-2.9,0
158.7,184.0,263.0,241.3,30.3,31.0,2.7,1.0,40.0,-7.1,-9.9,147.0,112.0,235.0,260.0,38.7,26.7,1.0,1.3,30.0,1.6,-5.5,0
105.0,154.7,269.7,126.7,23.7,13.3,1.0,1.7,66.7,5.5,4.8,97.3,252.3,81.0,257.3,7.0,39.3,2.0,1.3,80.0,-10.5,-2.8,1
151.0,200.3,193.0,175.0,20.3,35.0,2.7,0.7,40.0,-20.3,-9.9,158.0,187.7,226.7,162.0,28.0,43.3,2.3,1.3,30.0,-17.3,-10.9,0
286.7,137.0,228.0,238.3,39.7,23.3,0.7,1.3,40.0,20.1,8.2,83.3,234.0,202.0,131.0,17.3,26.3,2.3,1.3,100.0,4.6,2.9,1
154.3,186.0,324.3,301.7,47.7,28.3,0.7,3.0,44.4,14.5,-1.9,285.7,173.0,322.0,242.0,59.0,24.0,0.3,1.7,80.0,9.0,-2.3,1
240.3,80.3,222.7,145.3,31.3,5.7,2.0,1.3,88.9,29.9,10.2,235.0,120.0,133.0,298.0,23.3,19.3,0.7,1.0,40.0,16.8,5.9,1
301.7,62.0,186.3,200.7,44.7,10.3,1.0,2.0,88.9,32.5,6.6,105.7,210.7,132.3,116.7,8.7,23.0,1.7,0.3,66.7,-1.1,-0.6,1
142.0,151.5,215.5,305.5,17.0,35.0,2.0,2.5,60.0,-11.9,-2.2,304.0,74.0,287.0,165.0,52.0,14.0,1.0,1.0,50.0,-0.3,-31.5,0
191.3,208.3,103.0,201.0,15.7,32.0,2.3,0.7,40.0,5.9,2.8,147.0,158.3,270.0,176.3,27.0,17.3,2.7,0.7,90.9,11.6,2.0,1
126.0,176.0,225.0,338.0,26.3,36.7,0.7,1.7,40.0,-14.6,-8.6,178.3,198.7,193.3,214.7,26.0,26.7,2.3,1.7,70.0,-6.3,-3.0,1
263.0,83.0,184.3,149.7,36.7,18.3,1.3,1.3,100.0,27.2,12.2,174.0,113.7,306.0,329.7,32.3,25.0,0.7,1.3,77.8,13.8,6.8,0
218.3,124.3,229.7,161.3,36.0,9.7,1.3,2.3,66.7,5.5,-6.3,102.3,278.7,305.7,227.0,34.0,41.0,1.7,1.0,33.3,-14.0,-6.7,0
237.7,83.7,278.7,261.0,41.3,23.0,2.7,2.3,70.0,6.9,-4.0,221.3,128.0,296.0,235.7,31.0,16.0,1.0,1.3,20.0,2.2,-3.9,0
160.0,134.3,210.0,182.7,29.7,25.7,2.0,2.0,90.0,3.7,-3.7,170.7,75.7,198.7,304.0,28.3,21.3,1.0,1.3,60.0,-2.4,-6.6,0
269.3,138.0,110.7,267.7,28.7,39.3,1.7,0.3,55.6,1.5,-1.8,236.7,117.0,78.7,158.0,20.7,17.0,1.3,1.3,30.0,0.8,-6.7,0
37.0,213.0,169.0,248.0,13.0,17.0,2.0,4.0,60.0,9.0,13.2,16.0,294.0,313.0,244.0,10.0,56.0,3.0,0.0,50.0,-12.2,-11.3,1
180.0,169.0,394.0,123.0,48.0,13.0,1.0,6.0,90.0,6.8,-10.3,32.0,83.0,330.0,258.0,24.0,15.0,3.0,1.0,30.0,1.2,-4.7,1
226.0,149.0,107.7,299.3,20.7,32.0,1.3,1.3,60.0,-10.1,-3.5,127.3,190.3,141.7,172.7,9.7,26.0,2.0,1.0,50.0,-15.8,-3.2,0
192.7,146.0,202.0,168.0,23.7,17.3,1.7,1.0,50.0,-10.0,-5.3,107.0,185.7,239.7,183.3,24.3,27.3,1.0,1.7,30.0,-16.4,-10.1,1
126.0,144.0,267.3,169.7,30.7,11.0,0.3,0.3,60.0,10.4,1.8,65.3,120.3,233.3,173.7,11.0,20.7,0.3,2.3,90.9,-6.4,-3.3,0
230.0,215.7,255.0,197.3,24.3,27.7,1.3,1.0,66.7,0.8,-2.7,195.0,171.7,173.0,186.0,23.0,25.7,2.7,2.3,60.0,-1.0,-4.8,1
131.7,242.7,233.3,274.7,20.3,42.7,1.3,2.7,40.0,-17.0,-14.9,128.7,129.0,82.3,404.7,15.7,38.7,1.3,3.3,80.0,-21.4,-7.5,1
178.7,180.0,288.0,311.7,35.0,33.7,3.0,2.0,30.0,16.1,7.8,68.7,273.7,271.0,214.0,19.3,36.3,2.0,2.0,50.0,-15.9,-2.7,0
94.0,230.7,407.0,329.7,36.0,37.7,2.3,2.0,50.0,-3.0,-4.2,164.3,136.7,259.0,306.3,34.0,28.3,0.7,1.7,70.0,-4.8,-3.5,1
226.3,111.3,117.0,156.0,20.3,18.3,2.0,2.0,50.0,-9.5,-10.4,304.7,125.3,237.3,212.3,40.7,21.3,1.7,2.0,60.0,-12.4,-13.7,1
98.0,275.7,364.7,145.7,31.7,34.7,1.3,2.0,50.0,5.5,4.3,108.3,122.0,262.0,335.7,24.0,43.7,3.3,1.3,50.0,-3.0,-3.9,0
132.0,147.0,393.0,193.0,45.0,20.0,1.0,3.0,70.0,9.7,-13.2,229.5,81.5,234.5,198.0,43.5,6.5,2.0,3.0,30.0,15.2,-8.9,1
64.3,166.3,188.0,191.3,13.7,26.7,2.3,2.0,55.6,-13.2,-7.4,85.0,158.7,206.3,254.3,19.7,37.3,2.7,2.3,50.0,-20.7,-7.4,0
180.0,192.7,279.7,358.7,26.0,46.3,3.0,1.0,55.6,4.0,0.5,66.7,136.7,186.0,247.0,13.0,27.0,2.7,1.7,66.7,-4.6,1.4,0
185.3,145.7,183.0,222.3,30.7,29.0,2.3,1.0,30.0,0.7,-2.8,100.3,156.3,219.7,292.7,10.3,36.7,4.0,0.7,50.0,-22.7,-11.6,1
160.7,161.0,218.7,241.7,26.7,24.7,2.7,1.7,40.0,1.4,-2.9,83.7,192.7,249.3,168.3,25.0,32.0,4.3,3.0,70.0,-6.3,-2.2,0
282.0,195.3,180.0,258.0,36.7,37.7,1.3,1.3,77.8,3.9,-8.6,185.7,382.3,288.0,195.0,45.0,52.7,2.0,1.0,44.4,-4.5,-5.1,1
83.7,160.7,251.3,209.3,25.0,19.7,1.0,1.7,80.0,5.1,1.0,103.7,191.7,225.3,214.7,16.3,26.3,2.3,1.3,50.0,-6.6,-4.1,1
264.0,168.0,187.0,264.0,46.5,33.5,1.5,2.0,70.0,6.7,-12.6,129.0,77.0,267.0,437.0,28.0,27.0,1.0,6.0,40.0,-10.6,-18.7,0
206.0,130.7,229.7,168.7,29.7,16.7,1.3,2.3,60.0,4.8,-5.9,305.7,131.3,106.3,270.0,27.3,26.0,0.7,1.3,60.0,-9.0,-4.5,1
126.7,210.0,434.7,332.3,40.7,42.0,1.7,1.0,30.0,-2.5,-6.2,178.0,164.7,247.0,201.7,35.7,19.7,1.0,1.3,30.0,-6.8,-9.3,0
116.0,53.7,172.3,137.3,21.7,15.7,1.0,1.7,77.8,5.6,2.1,88.3,164.7,253.3,305.3,19.0,41.3,2.3,0.0,80.0,-7.6,0.3,0
131.0,164.0,347.0,333.0,41.0,44.0,1.0,0.0,60.0,-3.4,-8.0,73.0,247.0,86.0,322.0,0.0,52.0,1.0,1.0,36.4,-9.5,-9.4,1
180.0,157.7,288.7,190.3,40.0,24.7,2.0,2.0,50.0,1.0,-4.5,229.3,119.7,213.7,241.3,41.3,24.3,2.0,2.0,44.4,1.3,-2.0,0
182.3,42.7,287.0,198.3,39.0,10.3,1.0,2.7,77.8,21.4,5.4,159.3,181.3,261.0,324.3,25.0,43.7,0.7,0.3,66.7,-3.7,0.2,0
283.7,106.0,182.0,214.7,38.7,19.3,1.7,1.0,90.0,27.3,7.3,113.7,171.0,178.3,199.0,16.7,25.3,2.7,1.3,18.2,7.7,7.8,1
110.7,120.0,183.3,301.3,17.0,29.7,2.7,2.0,50.0,-9.6,-4.0,88.3,106.3,248.3,193.7,19.3,21.7,2.0,2.0,60.0,4.0,-0.3,1
246.0,50.0,218.7,121.3,36.7,6.7,1.0,1.0,10.0,16.6,5.9,120.0,150.7,249.0,232.0,31.3,23.0,1.0,2.7,80.0,16.2,5.0,1
153.0,109.3,237.7,222.7,34.7,23.0,1.3,1.7,70.0,8.9,-2.8,107.3,241.0,357.0,252.7,31.0,39.0,1.3,0.7,70.0,5.9,3.5,0
122.7,196.0,296.0,200.7,26.7,25.3,1.3,1.3,40.0,5.7,-1.2,83.0,285.3,270.0,155.3,23.0,33.3,2.0,1.3,100.0,-7.3,-5.4,1
224.5,126.5,265.5,238.5,42.0,21.5,2.5,1.5,66.7,17.8,0.4,212.7,129.3,407.3,203.3,54.0,17.3,1.3,2.0,11.1,23.6,-3.0,1
52.7,73.7,338.7,220.0,35.3,23.0,1.3,2.7,44.4,11.4,3.5,282.7,270.3,111.0,155.3,26.0,34.7,2.0,1.3,20.0,-4.7,1.9,0
149.3,171.3,213.3,152.0,22.3,24.0,1.3,1.3,77.8,6.1,2.1,228.0,191.3,107.7,177.7,17.0,26.3,3.7,1.7,55.6,-2.6,-8.2,1
94.0,156.0,156.0,220.0,13.0,41.0,5.0,2.0,50.0,-9.3,-11.8,87.0,281.0,96.0,155.0,8.0,52.5,2.5,1.0,50.0,-14.4,11.8,1
155.3,113.7,167.0,317.0,27.0,31.7,0.3,2.7,70.0,-3.3,0.0,164.0,225.0,50.0,275.0,13.7,47.3,2.0,2.0,50.0,-15.1,-4.0,1
163.0,86.3,238.0,135.3,28.3,13.3,1.3,1.0,80.0,10.4,3.8,245.0,117.7,319.0,290.3,49.0,23.0,1.0,1.3,30.0,16.1,2.4,0
177.3,163.7,183.3,188.7,18.0,20.7,2.3,2.7,36.4,-17.5,-11.5,280.3,183.3,286.0,308.7,41.0,30.7,2.0,1.0,60.0,-1.5,-3.5,1
208.0,130.7,178.0,237.0,22.0,32.3,2.0,1.7,40.0,-15.6,-9.1,151.3,137.0,163.3,171.0,16.7,21.7,1.3,1.0,50.0,-10.9,-4.6,0
149.3,203.7,184.7,216.7,19.7,29.0,2.0,1.7,70.0,7.5,2.2,117.7,127.7,235.3,221.7,25.3,24.7,1.7,2.0,60.0,2.5,-2.1,1
94.0,225.0,316.0,135.5,25.0,18.5,2.0,2.5,70.0,6.2,-8.4,95.3,73.7,201.0,224.7,23.7,21.7,1.7,3.0,50.0,-9.5,-12.3,1
137.0,161.3,267.7,259.0,25.7,29.7,3.0,1.7,30.0,4.5,5.1,42.7,181.7,427.3,176.7,29.0,21.7,2.7,1.7,90.9,11.3,-0.3,0
187.5,224.0,390.5,208.0,50.5,24.0,0.0,2.5,30.0,5.1,-15.8,160.7,100.0,132.7,195.0,20.3,27.3,2.3,2.3,70.0,-2.5,4.3,0
135.3,145.0,197.0,128.7,21.3,15.0,1.7,2.0,33.3,15.4,7.2,185.7,209.7,232.3,218.3,23.7,24.0,1.7,2.7,33.3,1.7,5.6,0
225.3,159.7,223.0,251.0,33.0,26.7,2.3,3.0,30.0,9.4,3.4,172.7,187.7,424.7,310.3,48.0,38.0,1.7,2.7,40.0,16.5,6.4,1
265.0,99.7,187.0,133.3,29.7,13.7,1.3,1.7,77.8,-0.5,-12.0,179.7,226.7,249.7,207.0,26.7,27.7,2.0,2.0,70.0,-11.2,-9.4,1
84.3,265.7,135.7,222.7,10.0,46.0,1.0,1.3,70.0,-3.5,7.2,137.3,214.7,171.3,265.0,17.0,34.3,2.0,0.7,30.0,-0.4,5.1,1
135.0,105.0,223.5,185.0,23.5,15.0,0.5,0.5,90.0,7.0,-3.5,172.0,179.0,238.5,162.0,32.5,24.0,2.0,2.0,80.0,9.8,-0.7,0
171.3,174.7,200.0,82.0,19.3,13.3,3.0,2.7,30.0,10.3,2.1,86.0,255.7,162.0,143.3,11.3,35.7,2.0,1.0,50.0,-7.5,-6.3,0
169.0,159.7,212.0,234.0,19.3,28.3,1.3,0.3,40.0,11.7,11.6,216.3,288.0,299.7,270.7,37.0,45.7,2.3,1.3,90.0,4.9,12.8,1
132.7,88.7,261.7,198.7,25.7,22.7,2.0,3.0,60.0,0.3,-5.0,96.7,171.0,205.0,170.0,17.3,23.3,1.7,0.3,36.4,-11.8,-4.8,0
78.0,185.0,354.0,133.7,27.0,24.7,2.3,1.0,30.0,-9.0,-8.1,154.7,220.3,194.0,281.3,14.7,45.7,2.7,2.3,50.0,-20.6,-10.5,0
143.7,224.0,339.3,219.0,35.0,33.7,1.3,1.7,60.0,-9.9,-12.4,346.0,164.3,26.7,142.0,31.7,18.3,1.3,1.3,44.4,-5.9,-5.6,0
76.0,174.3,312.3,290.3,27.3,39.0,1.7,2.7,50.0,7.1,4.4,63.0,190.0,144.7,235.3,12.7,39.7,2.3,1.3,60.0,-3.1,-2.6,1
192.3,240.3,288.3,175.0,39.3,22.3,2.0,2.7,40.0,5.2,-6.9,198.7,268.0,156.7,191.0,18.3,37.7,2.7,1.0,40.0,-15.8,-10.6,0
168.3,186.3,249.3,178.3,31.0,21.0,0.7,1.0,66.7,19.8,3.1,54.7,155.0,416.7,228.3,31.3,34.7,2.3,3.7,44.4,9.6,3.3,1
74.3,216.3,273.0,155.3,11.3,15.3,1.7,1.0,18.2,-4.5,-3.9,75.0,181.3,208.0,254.3,23.0,40.7,2.0,2.0,30.0,-1.6,-0.7,1
182.0,205.0,227.0,337.7,35.3,41.7,2.0,1.7,44.4,2.7,4.8,135.7,334.7,188.0,237.0,12.3,43.7,3.0,1.3,50.0,-21.4,-3.7,0
200.3,104.0,204.0,194.3,26.0,20.3,0.3,0.7,70.0,7.6,5.6,166.3,261.7,181.0,367.7,17.7,49.0,1.3,1.3,50.0,-14.2,-7.1,0
97.0,129.0,450.0,165.0,49.0,23.0,2.0,1.0,45.5,14.7,-0.5,162.0,170.0,299.0,62.0,38.0,20.0,2.0,2.0,70.0,-2.0,-4.5,1
209.7,292.3,232.0,161.0,35.7,29.0,1.0,2.7,40.0,-10.7,-10.7,101.3,210.3,231.3,200.0,21.0,36.7,1.3,0.3,70.0,-10.1,-10.1,1
147.7,51.0,264.0,292.3,29.7,16.7,2.7,2.3,70.0,10.3,-2.5,102.0,111.7,204.7,167.7,19.7,26.7,2.3,0.3,70.0,1.5,-1.4,1
121.3,197.0,289.7,194.3,18.0,26.3,1.3,0.3,55.6,-4.6,-4.4,132.3,294.0,210.7,121.3,15.0,29.7,2.0,0.3,66.7,-17.2,-9.0,0
201.0,78.7,310.3,349.0,44.0,23.0,0.3,3.0,50.0,-0.1,-4.5,190.3,225.3,376.0,316.7,38.7,40.0,1.0,1.3,60.0,-6.3,-7.1,1
148.3,141.3,250.3,282.3,31.3,33.7,1.3,3.3,50.0,5.9,2.7,181.0,155.7,318.3,259.3,41.3,24.0,2.3,2.0,70.0,20.2,6.0,0
88.3,193.3,237.7,183.0,26.7,28.3,0.3,1.7,50.0,-5.8,-4.8,123.7,137.3,210.3,208.7,18.7,24.7,2.3,2.0,60.0,-8.9,-6.6,1
117.0,102.7,160.7,225.0,22.7,19.3,2.0,1.7,50.0,7.8,2.5,338.3,149.7,91.7,173.0,33.0,18.3,1.3,2.3,90.0,3.8,-4.1,0
130.0,215.0,427.0,81.0,26.0,34.0,5.0,1.0,77.8,1.4,-6.0,-3.0,188.0,160.0,263.0,0.0,58.0,4.0,1.0,50.0,-22.9,-20.6,1
224.5,84.5,223.5,203.5,43.0,8.5,0.0,0.5,30.0,11.9,-11.9,218.0,278.0,267.5,193.5,45.5,35.5,1.0,2.0,30.0,2.7,-6.6,0
56.7,80.7,478.3,304.7,48.0,28.3,2.3,2.7,70.0,9.3,-13.1,198.3,192.3,175.3,208.7,29.7,20.3,1.3,0.7,70.0,-2.6,-6.2,0
133.3,191.3,188.0,290.7,25.0,36.0,1.0,1.3,70.0,-11.9,-3.8,109.0,207.0,211.0,200.7,13.3,37.0,1.0,1.0,50.0,-17.0,-11.4,1
139.0,92.0,137.7,223.3,19.0,19.3,0.7,2.7,18.2,5.3,5.3,262.7,202.0,248.0,281.0,34.0,37.3,2.7,1.3,70.0,3.9,7.1,1
175.0,101.7,245.0,238.7,36.0,14.7,1.3,1.0,80.0,6.0,2.1,62.3,134.3,205.3,330.0,11.3,29.7,1.3,2.3,70.0,-11.6,-5.6,0
535.0,148.0,120.0,221.0,41.0,42.0,2.0,0.0,88.9,5.7,-2.2,129.0,145.5,237.5,368.0,17.5,46.0,2.5,1.5,77.8,-3.1,2.3,0
151.3,90.3,305.0,221.0,36.0,13.7,1.7,2.3,70.0,12.1,0.8,136.7,290.3,209.0,248.3,11.3,40.7,2.3,0.0,70.0,-2.0,0.1,1
111.0,182.7,221.0,186.7,20.0,21.7,0.7,1.7,66.7,3.2,5.9,162.0,178.3,208.7,291.7,26.7,29.7,0.7,1.3,30.0,1.1,-0.3,1
169.3,108.7,157.0,220.7,34.0,17.7,0.3,3.3,70.0,3.7,-7.2,127.3,120.0,455.0,569.7,54.7,54.7,1.3,1.0,60.0,3.4,1.5,1
110.3,225.3,250.3,166.7,29.3,27.3,1.3,1.3,50.0,-1.5,-8.7,174.7,165.0,257.7,341.3,16.7,31.3,2.3,2.3,70.0,-10.3,-7.6,1
117.0,176.0,207.3,182.7,29.7,29.3,1.0,1.3,80.0,6.3,-1.0,166.3,145.7,210.3,215.0,22.7,28.7,1.7,1.0,60.0,6.3,3.8,0
87.7,164.3,187.3,221.3,12.3,33.7,1.0,0.3,36.4,-17.6,-6.5,131.7,200.0,146.3,223.7,11.0,29.3,1.3,2.0,50.0,-26.5,-11.8,1
97.3,252.3,248.7,201.7,19.3,35.3,1.3,0.3,90.9,-5.6,2.9,148.0,144.0,174.0,290.0,20.7,34.7,1.0,1.7,50.0,-10.0,-4.0,1
127.3,138.0,182.3,128.3,12.3,19.3,2.0,0.0,66.7,-1.3,-0.2,128.7,214.0,202.0,258.0,24.3,36.7,2.3,1.0,20.0,-6.6,-3.2,0
180.0,168.3,81.7,189.3,11.0,17.0,0.3,2.0,70.0,-3.7,1.9,133.0,121.0,227.0,191.7,24.0,14.3,2.0,1.3,40.0,16.5,8.0,1
345.7,165.7,85.3,141.0,19.3,15.7,1.3,1.3,30.0,6.5,-2.1,51.3,185.0,269.0,235.3,15.3,30.7,2.3,0.3,20.0,-16.4,-1.2,0
248.0,148.3,271.0,206.7,54.0,14.7,1.3,4.3,90.0,25.2,1.6,227.3,134.3,207.0,154.7,46.7,12.7,1.0,2.7,30.0,18.5,1.0,1
73.7,208.0,192.0,230.7,13.0,40.0,2.0,2.0,60.0,0.0,2.0,116.7,170.3,224.7,237.0,26.7,31.0,2.3,1.7,100.0,-4.7,-2.8,0
152.0,202.0,183.7,226.3,15.7,34.3,1.7,0.7,88.9,-10.6,-3.4,76.7,86.0,300.3,217.7,23.0,21.0,2.0,1.3,77.8,6.7,0.6,0
141.3,110.3,348.7,240.0,34.3,29.0,3.0,1.7,70.0,7.7,3.1,34.3,261.3,241.3,259.0,15.0,38.7,2.0,2.7,50.0,-16.4,-2.1,0
267.0,3.0,237.0,218.0,49.0,7.0,0.0,3.0,66.7,8.0,-23.2,165.0,25.0,287.0,319.0,38.0,31.0,2.0,2.0,33.3,13.0,-1.2,0
224.7,102.0,194.3,193.3,21.0,10.3,1.3,2.7,50.0,1.8,-3.1,218.3,86.3,219.3,222.7,36.7,29.0,1.3,2.3,10.0,-4.4,-4.1,1
314.0,169.7,268.3,242.7,48.7,21.0,1.0,2.7,30.0,5.6,-8.4,134.0,164.7,256.7,174.3,28.3,30.7,0.7,2.3,60.0,-24.4,-15.5,0
129.0,194.3,240.7,176.0,29.0,29.7,1.7,1.0,80.0,-2.4,1.8,52.5,130.0,423.5,290.0,26.5,35.5,1.5,0.5,90.0,-3.4,-7.1,0
105.3,135.3,223.3,164.7,20.0,19.7,2.3,3.3,40.0,-15.1,-7.4,130.0,108.0,167.3,191.7,17.7,18.3,2.0,1.7,90.0,-14.1,-7.3,0
99.3,159.3,241.3,271.0,23.7,33.7,1.3,0.3,50.0,4.7,4.6,180.0,211.0,268.0,187.3,31.7,28.7,1.3,0.7,90.9,-0.1,-2.0,1
387.3,117.0,102.3,287.0,39.0,22.0,1.0,2.3,50.0,0.6,-8.5,99.7,300.0,265.3,208.7,22.7,38.7,1.0,0.7,10.0,-24.3,-15.3,1
220.0,145.0,393.0,362.0,59.0,24.0,0.0,3.0,50.0,5.7,-17.3,151.5,175.5,328.5,222.0,31.0,31.0,0.5,2.0,30.0,-3.8,0.8,0
336.3,80.3,204.7,166.7,51.7,16.7,2.0,2.7,60.0,21.3,3.7,146.7,163.0,240.3,264.3,20.7,32.0,1.3,2.7,70.0,-17.9,-7.9,0
184.0,146.7,183.0,206.0,30.3,11.3,1.3,3.3,44.4,0.4,-11.9,190.3,247.0,200.7,334.3,19.3,55.3,2.0,1.0,88.9,-28.9,-8.3,0
163.0,197.3,162.7,278.3,15.0,39.0,2.0,1.7,66.7,-8.3,3.9,122.7,129.0,175.0,290.3,28.7,37.7,2.7,2.7,50.0,-1.9,6.6,0
202.0,181.0,236.0,151.5,21.0,18.5,2.5,1.5,44.4,5.4,-2.9,84.3,192.3,410.0,306.3,39.0,45.0,1.7,1.3,50.0,-6.3,-3.2,1
118.7,168.0,264.7,204.3,22.7,30.0,1.7,1.0,70.0,0.9,-3.9,152.0,209.0,235.3,219.0,21.7,26.3,1.7,1.7,72.7,-13.1,-9.9,1
51.0,187.7,263.0,191.7,21.7,25.3,1.0,2.3,70.0,1.2,1.7,189.3,110.3,137.7,227.3,12.0,20.7,1.3,2.0,30.0,-3.1,-0.8,0
126.7,260.0,213.3,177.0,24.0,35.0,2.3,1.0,30.0,-10.7,-7.9,135.3,135.7,239.7,247.3,23.0,29.3,2.7,1.3,36.4,-12.4,-7.9,1
125.3,166.3,185.7,222.3,15.7,29.3,2.0,1.3,66.7,1.2,2.9,202.0,147.7,155.0,197.3,23.7,20.7,0.7,2.3,33.3,10.1,10.7,0
89.7,226.0,279.3,236.7,23.3,36.3,3.7,1.0,10.0,-23.9,-13.7,149.3,150.3,169.7,197.7,28.0,27.3,2.3,1.3,50.0,-7.9,-4.9,1
201.0,50.0,329.0,242.5,39.0,11.5,1.0,1.5,50.0,13.1,-9.6,185.0,46.5,191.5,245.5,31.5,26.5,2.0,2.0,70.0,2.4,-14.7,1
198.3,171.0,273.0,182.7,37.7,22.3,2.0,1.3,90.0,7.0,0.4,186.0,136.0,257.3,175.3,31.3,24.3,3.7,3.0,70.0,2.0,-3.5,0
134.3,156.7,359.0,325.7,35.7,27.7,1.3,1.3,40.0,8.7,2.0,93.7,133.7,258.7,182.0,15.0,19.0,2.3,1.3,81.8,-2.8,-0.2,1
161.7,220.7,187.7,214.3,31.7,33.3,1.3,2.0,30.0,-7.6,-8.3,215.0,193.3,248.3,237.7,23.7,37.0,1.7,1.0,40.0,-10.6,-5.7,0
89.7,198.7,180.3,230.0,22.0,26.0,0.3,1.0,30.0,-5.2,-0.3,242.7,179.3,203.0,309.3,30.3,34.7,2.0,0.3,18.2,3.8,1.3,0
222.0,174.0,241.5,154.5,53.5,21.0,0.0,2.0,30.0,11.3,-5.3,162.0,78.0,85.0,236.0,20.5,16.0,2.0,1.5,80.0,-1.2,-6.9,1
199.7,129.3,197.3,196.7,29.3,23.3,2.7,2.7,60.0,8.2,-3.7,227.7,170.0,287.0,297.0,31.7,37.3,2.7,1.3,50.0,2.0,-4.4,0
274.0,203.0,190.0,261.3,28.7,45.7,2.3,1.0,30.0,-0.1,0.8,131.7,281.3,125.0,269.0,11.7,53.3,2.0,1.3,70.0,-31.2,-16.8,1
142.3,192.7,325.3,224.7,29.0,36.3,3.0,0.7,70.0,9.1,0.0,266.3,160.0,196.3,310.7,39.0,35.7,1.0,1.3,20.0,-4.0,-6.6,1
235.0,129.7,223.0,169.0,40.3,17.3,1.3,2.0,40.0,16.7,4.7,144.3,296.0,225.7,196.0,36.7,26.0,1.0,2.7,30.0,9.7,0.8,0
359.7,238.3,78.3,214.0,25.7,36.3,1.3,0.7,55.6,-16.6,-9.7,327.3,276.7,118.3,146.7,34.7,27.0,2.0,1.0,30.0,-5.3,-10.1,0
236.5,180.5,270.5,269.0,34.5,34.5,1.5,1.0,44.4,-9.5,-11.9,115.0,208.0,205.5,187.0,20.0,44.5,3.5,1.5,30.0,-18.0,-4.5,1
92.3,123.3,192.7,246.0,18.0,18.7,1.0,1.0,9.1,8.0,1.9,124.0,170.3,246.0,270.0,23.0,31.0,2.0,2.3,40.0,2.3,2.0,1
72.3,290.7,536.0,322.3,38.0,52.7,1.3,0.0,90.0,3.2,0.8,125.7,180.0,267.7,284.3,26.7,36.3,2.7,2.0,66.7,4.0,-1.0,1
126.3,240.0,410.0,215.0,47.3,32.0,1.0,3.7,80.0,2.9,-1.6,295.0,245.0,140.7,206.7,33.3,28.3,1.0,1.7,77.8,-3.9,-3.4,1
218.7,196.7,261.0,262.3,44.7,29.0,1.7,1.7,50.0,1.2,-7.6,235.0,200.3,187.3,249.0,26.3,33.3,1.3,1.0,30.0,-18.0,-12.6,1
133.7,62.3,201.7,268.0,29.0,21.3,1.3,2.7,40.0,7.0,-0.2,217.0,124.3,83.0,218.7,23.0,23.0,2.3,4.0,90.0,2.7,-2.8,1
59.0,218.0,260.0,160.0,21.0,27.0,2.0,1.0,60.0,-6.5,-10.7,120.3,198.0,220.0,228.0,19.0,37.3,2.0,1.3,30.0,-6.4,-0.7,1
45.0,168.0,327.0,297.0,39.0,41.0,2.0,3.0,80.0,-16.8,-24.3,143.0,237.0,178.0,305.0,14.0,40.0,4.0,1.0,50.0,-12.8,-14.5,0
224.5,92.0,224.0,194.0,40.0,10.0,0.0,2.5,66.7,10.2,-9.3,126.0,173.0,157.5,203.5,15.0,22.0,0.5,1.5,44.4,-0.5,-6.3,0
142.3,183.3,82.3,162.0,4.7,39.3,3.3,0.0,40.0,-21.5,-8.8,109.0,343.7,152.3,171.3,17.0,47.7,2.0,1.0,80.0,-19.8,-12.2,1
174.3,415.7,173.0,121.0,20.7,36.3,1.0,1.3,22.2,-7.3,-2.2,179.0,163.0,247.0,300.0,26.3,20.7,2.7,2.0,80.0,7.3,-0.3,1
162.7,192.0,353.0,207.3,29.3,16.7,0.3,2.0,44.4,-1.4,-12.6,93.0,219.0,290.0,211.0,35.3,24.7,1.3,1.3,44.4,-8.9,-12.6,1
101.7,82.3,405.3,279.7,28.0,29.7,2.7,0.7,90.0,6.6,4.0,240.0,81.0,124.5,280.0,20.0,14.5,1.0,2.5,30.0,2.9,0.3,0
215.0,115.5,244.5,364.0,29.5,26.0,0.5,2.5,33.3,7.5,-5.9,168.7,132.3,191.7,249.7,31.7,16.0,0.3,2.0,55.6,13.1,1.3,0
214.0,120.5,354.5,277.0,43.0,20.5,1.0,1.5,50.0,3.1,-20.0,69.0,106.0,208.0,319.0,3.0,21.0,0.0,3.0,36.4,-8.6,-9.6,0
30.0,232.0,141.0,150.0,7.0,38.0,3.0,0.0,40.0,-9.1,-8.8,191.0,41.0,314.0,228.0,34.0,6.0,0.0,2.0,55.6,6.4,-18.0,1
190.7,169.3,162.7,324.3,23.0,36.0,1.0,2.0,50.0,-2.6,1.4,82.7,231.7,282.3,308.0,33.7,39.3,2.0,1.7,100.0,-5.2,-1.2,0
0.0,0.0,0.0,0.0,35.3,15.0,1.0,0.3,80.0,22.1,8.5,0.0,0.0,0.0,0.0,19.7,29.7,0.7,0.7,40.0,-12.7,-11.4,0
127.0,160.3,177.0,182.3,23.3,25.3,1.7,1.7,70.0,-0.1,-0.5,28.7,152.3,157.7,232.7,7.3,26.0,2.3,2.3,70.0,-5.9,-0.9,1
205.0,186.3,234.7,210.3,33.7,35.7,1.7,1.3,40.0,5.5,-1.9,195.7,146.0,283.0,309.0,37.0,29.0,1.0,3.3,70.0,-2.1,-2.4,1
210.3,156.7,161.3,203.3,24.3,22.0,1.7,2.7,36.4,6.6,-1.3,127.0,127.3,208.7,231.3,14.3,28.7,3.3,2.0,70.0,4.1,-2.2,1
72.0,259.7,270.0,198.3,19.0,40.0,2.0,1.7,22.2,-18.8,-10.8,25.7,130.7,272.7,356.7,21.0,36.7,1.0,2.3,33.3,-18.3,-10.3,1
180.0,178.0,416.0,401.0,35.0,38.0,3.0,1.0,55.6,4.2,-3.2,185.5,46.0,199.5,249.0,27.0,12.0,0.5,3.0,77.8,-2.2,-11.1,1
157.3,262.0,364.0,202.7,43.0,27.7,1.3,2.3,50.0,-2.4,-5.8,105.0,146.3,244.0,271.3,24.0,26.3,1.7,1.3,60.0,-3.1,-6.2,0
156.0,142.0,318.3,209.0,29.7,28.3,1.7,1.3,70.0,3.7,2.2,111.0,174.0,239.7,243.3,15.0,34.3,2.7,0.7,100.0,-7.3,-4.2,0
135.7,176.3,305.0,133.0,23.3,23.0,2.3,1.3,70.0,12.1,7.6,122.7,261.0,298.7,175.3,36.3,29.7,2.7,2.7,18.2,12.9,6.8,0
354.0,241.0,332.0,167.0,49.0,31.0,2.0,0.0,77.8,20.1,-4.3,62.0,127.5,177.5,267.5,14.0,23.5,3.0,1.0,33.3,-0.3,-0.3,1
164.7,180.3,156.7,230.0,16.7,33.7,1.7,1.0,60.0,-13.6,-3.9,126.0,176.3,141.0,109.0,12.7,23.0,3.7,2.3,70.0,3.8,1.1,0
222.3,74.0,271.7,275.7,34.0,20.7,0.7,2.3,60.0,1.6,-8.4,149.3,281.0,182.0,248.7,11.7,45.0,1.3,1.0,0.0,-27.8,-6.9,0
118.3,245.3,468.7,213.3,41.7,39.0,0.7,1.0,60.0,3.1,3.1,221.3,169.0,187.7,277.7,21.7,36.7,2.3,0.3,70.0,-15.5,-15.5,1
163.0,216.0,241.7,187.3,26.3,27.7,1.7,0.7,40.0,-3.1,-5.4,161.3,178.0,243.0,307.7,33.7,32.0,1.0,0.7,10.0,-12.2,-13.6,1
245.0,157.7,198.3,327.0,31.7,33.0,1.7,2.7,11.1,8.8,5.0,144.0,264.3,301.7,266.3,31.7,40.7,1.0,1.0,50.0,-9.9,-3.8,0
240.5,257.0,342.5,180.0,38.0,23.5,1.5,2.0,40.0,-3.0,-9.5,175.0,223.0,103.5,332.0,20.0,47.0,1.0,2.0,30.0,-8.8,-4.9,1
224.7,214.7,374.3,262.3,47.0,32.7,1.3,1.3,90.0,8.2,8.4,12.3,119.3,241.7,342.7,16.0,29.7,1.0,2.0,50.0,1.4,7.7,1
192.0,43.5,176.0,178.0,31.5,15.5,2.0,1.0,70.0,5.6,-1.5,92.0,186.5,141.5,178.5,23.0,28.5,1.5,2.0,50.0,0.2,5.7,1
158.7,113.0,264.7,147.7,36.0,8.3,0.7,1.3,70.0,19.7,5.0,125.3,147.3,303.7,189.0,31.7,16.7,1.0,1.3,70.0,9.1,-7.1,0
191.5,166.0,250.0,214.0,28.5,27.5,2.0,1.0,77.8,6.6,-1.0,166.5,233.5,250.0,140.0,23.0,19.0,1.0,0.5,77.8,10.5,7.4,1
278.3,120.0,287.3,209.3,49.0,15.0,1.0,2.3,66.7,4.2,0.0,113.7,146.0,287.0,241.3,26.3,31.7,2.0,0.7,80.0,-4.9,-0.8,1
131.7,155.3,206.7,114.7,21.3,17.0,2.0,1.0,70.0,0.8,1.8,175.0,119.3,128.0,133.0,24.0,16.0,1.0,1.7,50.0,11.3,1.1,0
67.0,200.0,291.3,186.0,19.3,30.7,2.0,2.7,50.0,-13.4,-7.6,69.3,181.0,87.0,175.7,6.7,31.3,3.0,1.3,40.0,-18.0,-8.5,0
253.0,121.3,209.0,171.7,38.7,18.3,1.3,0.3,60.0,20.4,1.1,62.3,195.3,295.0,277.7,17.3,38.7,2.0,0.3,20.0,-18.0,-4.2,1
82.3,236.3,265.0,246.3,21.7,26.3,0.7,1.7,30.0,8.1,3.1,96.7,207.0,402.0,211.7,30.3,29.3,2.0,1.3,70.0,-6.5,-4.2,1
139.0,185.3,240.0,228.7,27.0,24.7,2.0,1.0,30.0,-10.1,-11.0,120.0,104.7,211.7,258.0,23.3,25.7,3.3,1.7,36.4,-10.4,-10.7,1
222.3,164.3,187.3,242.7,26.3,28.0,4.0,1.7,10.0,-15.5,-15.6,197.0,189.0,112.3,178.3,19.3,28.3,1.3,2.3,80.0,-17.3,-10.2,1
286.3,188.7,161.0,335.0,31.0,31.3,1.7,1.3,60.0,-2.0,-6.6,279.7,191.7,281.3,247.7,40.3,25.7,1.7,2.7,60.0,-1.3,-6.1,1
206.0,210.0,290.7,216.7,37.0,32.3,1.7,1.3,50.0,-1.0,0.0,228.0,125.0,271.7,382.0,31.7,49.3,1.7,2.0,50.0,-11.4,-3.4,1
189.0,155.0,324.7,266.3,35.3,35.0,2.0,1.7,10.0,-15.0,-12.4,99.7,154.3,160.0,174.0,17.0,29.3,1.7,1.0,40.0,-21.3,-8.0,0
141.7,142.7,168.3,254.3,23.0,27.0,2.3,2.7,30.0,-3.7,-7.1,163.0,153.3,171.7,272.0,26.3,27.7,2.0,2.3,70.0,-4.3,-3.8,1
118.7,136.7,377.0,219.3,41.0,28.7,1.3,2.0,33.3,20.5,12.7,190.0,203.0,232.7,189.0,29.3,25.3,0.7,3.0,22.2,4.7,9.3,0
130.3,205.7,383.7,217.0,20.7,24.7,2.7,0.0,60.0,-7.1,-6.2,100.0,155.3,223.0,224.0,16.0,31.3,3.3,0.7,30.0,-17.2,-11.7,1
111.7,215.3,335.0,143.0,33.7,13.7,2.0,3.0,90.9,14.1,1.1,198.7,123.7,241.3,217.7,34.7,28.0,2.3,2.0,80.0,4.6,3.1,0
209.5,184.5,300.0,219.5,33.5,27.5,2.5,2.0,80.0,3.8,-8.1,94.0,94.0,218.0,282.0,13.0,27.0,2.0,1.0,80.0,-22.7,-21.9,0
183.7,145.0,201.0,231.7,26.7,19.0,1.7,1.7,90.0,-1.5,-1.3,87.7,124.3,302.7,260.7,25.3,29.7,3.0,2.7,18.2,-1.7,1.0,1
134.5,116.5,159.0,260.5,14.5,22.5,2.0,2.0,72.7,-12.8,-6.6,189.0,205.5,291.5,335.5,25.0,36.0,0.5,2.5,50.0,-1.7,-4.5,0
185.3,185.0,216.3,281.7,25.3,38.7,0.7,0.3,11.1,-15.9,-11.7,261.7,141.7,205.0,255.3,31.0,26.0,1.3,2.3,11.1,-7.8,-4.2,0
172.3,190.7,249.7,185.0,31.3,26.0,1.7,2.7,30.0,1.9,-0.2,202.3,199.7,94.7,283.0,21.3,45.7,2.0,0.3,50.0,-12.2,3.7,0
139.0,107.0,246.7,236.7,18.0,19.0,2.3,2.7,60.0,-4.0,-5.9,144.7,112.7,323.0,244.0,34.0,19.3,0.3,1.3,11.1,-13.8,-14.8,1
236.0,225.0,288.7,223.0,40.0,35.7,1.3,1.3,90.9,13.6,2.1,111.7,183.3,258.0,202.7,22.7,32.0,2.3,2.3,100.0,10.6,8.5,1
431.0,298.0,131.3,166.0,41.3,40.0,2.7,0.7,33.3,-3.3,-4.1,206.7,146.3,302.7,263.0,32.7,26.7,0.3,0.3,22.2,3.1,-4.0,1
251.7,133.3,119.3,180.0,30.0,18.0,2.0,3.0,44.4,1.4,-7.3,138.7,186.3,329.7,305.7,27.3,38.7,3.3,2.0,11.1,-23.6,-20.1,0
135.0,130.0,351.0,207.7,38.7,19.0,1.0,2.3,60.0,22.0,4.9,285.3,209.7,198.3,235.0,23.7,39.3,2.3,1.3,20.0,0.0,5.3,1
167.5,120.5,260.5,207.5,39.5,8.5,0.0,3.0,80.0,17.4,0.6,174.0,187.0,192.5,207.5,30.0,36.0,1.5,1.0,18.2,-16.8,-17.0,1
292.3,126.7,203.0,155.3,32.0,23.7,2.0,1.7,77.8,20.2,5.5,180.0,193.3,221.7,205.3,38.7,16.7,1.3,3.3,55.6,13.6,3.7,1
180.0,138.7,159.0,352.7,26.3,28.7,1.3,2.3,40.0,-14.0,-11.3,119.0,275.0,154.3,169.7,12.3,41.7,1.3,1.0,36.4,-18.4,-6.4,1
105.0,111.0,144.0,265.5,13.5,29.0,2.5,2.5,70.0,0.8,2.3,133.0,158.7,225.3,180.0,20.7,29.3,2.7,2.3,50.0,-9.8,2.4,1
295.7,55.7,176.7,191.0,33.3,8.0,1.0,1.0,33.3,1.4,-11.2,145.0,78.0,233.3,137.7,23.3,20.3,2.7,2.0,77.8,-10.2,-12.7,0
163.7,227.7,267.0,215.7,30.7,31.0,0.7,2.3,22.2,3.6,10.3,104.3,183.3,163.3,254.0,15.0,42.0,2.7,1.3,66.7,5.3,11.3,0
208.7,150.7,90.3,226.7,20.7,28.7,1.7,1.3,40.0,-12.4,-13.9,183.7,218.0,317.3,230.0,31.7,28.7,1.0,1.3,30.0,-7.6,-9.4,0
184.3,185.3,410.3,321.0,40.7,32.7,1.7,2.7,30.0,-6.0,-4.0,158.7,155.0,293.7,372.3,26.7,32.3,0.7,1.3,80.0,-12.9,-10.1,0
99.7,305.7,355.7,150.7,32.7,43.3,1.7,1.0,30.0,-7.7,-5.3,226.0,180.7,463.7,167.7,52.7,20.3,0.3,1.0,70.0,6.2,-8.9,1
169.0,99.0,258.0,169.0,30.0,7.0,2.0,5.0,60.0,10.7,-10.1,28.7,258.0,165.3,272.0,4.0,48.7,2.7,1.0,70.0,-17.3,6.6,0
0.0,0.0,0.0,0.0,44.3,25.0,0.7,0.7,40.0,18.8,7.9,0.0,0.0,0.0,0.0,33.3,20.7,1.3,0.7,90.0,27.6,8.2,1
178.3,163.7,234.0,162.7,21.0,30.0,4.0,1.3,80.0,-4.9,-5.6,70.0,193.0,267.3,281.7,14.0,40.0,3.7,1.0,30.0,-13.4,-9.6,0
160.3,97.0,296.0,299.0,39.7,28.3,1.3,2.0,10.0,9.8,1.1,104.7,201.7,227.0,247.3,25.3,32.7,1.0,1.0,60.0,-3.0,1.7,0
301.3,175.0,402.7,204.7,59.3,24.7,2.0,2.0,50.0,24.4,0.1,174.3,152.0,228.3,315.7,34.3,31.3,1.0,2.7,60.0,-0.4,-0.7,0
177.7,196.0,191.0,206.7,26.3,29.7,3.3,2.0,70.0,3.8,3.1,226.7,136.7,266.7,188.7,38.3,20.0,2.0,2.3,30.0,14.9,4.9,1
130.0,71.7,277.7,153.0,41.0,10.3,1.0,2.7,70.0,29.4,9.9,76.7,195.0,221.3,171.7,16.0,30.0,2.7,1.0,50.0,4.5,1.2,1
68.0,203.0,285.0,139.0,13.0,27.0,1.0,1.0,40.0,2.8,-0.7,203.0,169.0,149.0,159.0,47.0,14.0,0.0,0.0,55.6,11.6,-9.9,0
335.3,249.3,173.0,232.3,31.7,32.3,2.0,2.0,44.4,-2.9,-2.2,219.0,64.7,220.3,196.3,35.3,18.3,3.0,1.7,77.8,22.1,6.8,1
122.0,229.7,311.3,245.3,25.0,40.7,1.7,1.0,90.0,4.8,4.6,92.7,138.3,307.7,264.7,27.0,28.3,1.0,1.0,55.6,-4.9,0.0,0
143.3,122.3,202.3,185.7,31.0,25.7,1.7,2.0,40.0,-11.2,-11.1,129.3,159.3,356.3,304.7,30.0,32.0,2.0,2.0,60.0,-7.3,-5.0,1
127.7,245.7,122.0,190.0,20.7,36.7,2.3,2.0,40.0,0.6,3.2,91.0,134.3,213.3,243.3,15.0,24.0,1.7,0.7,81.8,-3.5,-3.2,1
83.0,163.3,245.3,180.7,24.3,21.3,1.7,1.3,70.0,-2.0,-3.7,227.3,109.0,91.0,256.7,27.7,18.3,2.3,2.7,70.0,7.3,5.7,0
196.0,242.5,219.0,200.5,32.0,34.5,1.0,3.0,30.0,-6.6,-11.8,108.7,172.3,153.3,152.3,11.3,28.7,3.0,2.3,80.0,-8.4,0.9,0
52.7,151.3,468.7,220.0,36.7,34.3,2.3,3.3,90.9,12.7,1.6,76.7,165.7,196.7,215.7,22.3,24.3,2.3,2.7,50.0,1.5,-1.0,0
147.7,126.0,194.0,250.3,22.3,23.7,1.0,2.0,80.0,6.6,0.5,101.0,241.3,235.0,185.3,21.7,25.0,2.0,0.7,90.9,-3.9,0.2,0
150.3,272.3,234.3,217.3,29.7,35.3,2.0,1.7,50.0,-3.2,0.7,190.3,269.7,243.0,182.0,30.7,30.0,1.7,1.3,40.0,-0.1,2.7,0
166.0,130.3,199.7,200.0,38.3,19.3,0.7,1.7,70.0,9.4,-1.0,104.0,111.0,193.0,243.3,22.7,22.7,1.3,1.3,50.0,-8.3,-7.9,0
179.3,95.0,181.7,237.7,21.3,23.7,2.0,1.0,70.0,2.0,0.2,164.7,108.3,194.0,175.7,20.7,17.7,2.0,1.0,30.0,-1.9,-9.1,0
167.7,210.7,350.0,226.3,51.0,26.0,0.7,3.7,10.0,21.7,8.7,174.7,219.0,329.3,268.3,37.3,39.0,2.0,1.3,50.0,5.0,1.3,1
128.7,256.3,279.7,154.0,23.0,33.0,2.7,1.3,22.2,-15.0,-7.9,235.0,122.3,218.3,351.0,28.7,33.7,3.0,1.0,66.7,-19.5,-15.8,1
182.5,210.5,248.5,364.5,25.5,27.5,0.5,3.0,60.0,-1.1,2.1,95.5,113.0,254.5,248.5,17.5,20.0,2.0,1.5,30.0,-3.7,-3.7,0
184.0,204.3,202.3,197.0,28.7,29.7,2.0,1.3,66.7,0.7,2.2,303.7,110.3,140.7,269.0,29.3,27.7,2.3,1.0,30.0,11.0,5.9,0
78.0,132.0,234.3,259.0,15.7,22.3,1.0,1.7,33.3,10.2,8.2,192.0,134.7,363.3,324.7,45.7,18.3,0.3,1.0,20.0,12.7,4.1,1
92.3,208.0,141.0,199.7,12.3,23.7,0.7,1.0,66.7,5.6,1.8,117.3,236.3,132.3,173.0,17.0,38.3,2.3,0.3,66.7,-7.7,-2.0,1
154.7,275.3,208.0,327.3,27.3,48.7,0.0,1.0,50.0,-8.8,-3.8,159.3,192.7,341.7,340.0,33.0,34.0,1.0,3.0,90.0,0.8,1.7,1
120.0,102.3,240.0,272.7,23.3,27.0,2.0,1.7,50.0,-4.9,-3.5,287.3,161.3,182.0,254.7,36.0,25.7,0.7,1.7,50.0,-3.2,-7.4,0
189.0,170.7,128.0,255.0,16.0,31.0,1.3,1.0,77.8,-8.5,-5.6,147.0,134.7,178.7,320.0,28.0,26.0,0.7,1.7,30.0,0.8,-5.2,0
430.3,122.7,95.0,235.0,38.0,22.0,0.7,1.7,30.0,-0.5,-11.7,190.3,157.3,184.7,182.0,39.7,25.7,1.0,2.3,40.0,-5.4,-15.3,0
45.7,123.0,456.3,180.3,48.0,24.7,1.7,3.0,44.4,8.6,-11.8,170.3,117.0,312.0,257.7,33.0,22.7,2.0,3.3,77.8,16.9,6.1,0
107.3,159.0,297.0,273.7,30.3,31.7,2.0,1.7,70.0,8.4,5.3,189.7,135.7,210.7,263.7,31.7,31.0,1.3,2.0,30.0,6.0,0.3,0
95.3,122.3,213.3,164.0,21.7,17.0,0.7,2.7,60.0,11.0,4.2,121.3,192.7,231.7,291.7,20.7,30.0,1.0,2.0,100.0,-8.1,-5.3,1
193.7,87.3,205.0,202.0,40.0,14.7,2.3,2.3,70.0,11.1,-3.0,128.0,162.7,213.3,345.0,24.3,38.0,3.0,2.3,30.0,-15.2,-9.1,0
147.0,145.7,318.0,183.3,51.0,22.3,0.7,3.3,60.0,17.3,-0.4,248.7,208.7,211.3,279.3,29.0,29.7,1.0,1.7,50.0,-9.8,-7.1,1
164.3,123.3,305.7,279.7,38.0,27.3,0.3,0.7,80.0,18.9,6.4,139.7,179.7,378.7,325.3,34.7,39.3,1.0,0.3,70.0,-7.2,-3.8,1
90.3,137.3,191.0,159.3,28.0,16.7,1.0,4.0,44.4,-3.8,-6.5,190.0,263.0,294.7,234.7,33.0,37.0,1.3,0.7,22.2,0.6,-5.2,1
213.7,59.0,93.0,260.7,24.3,17.3,0.7,1.3,30.0,-1.5,-8.6,140.7,302.3,140.0,164.3,20.0,40.0,1.0,2.7,36.4,-20.8,-8.6,0
229.7,125.0,299.3,303.3,40.3,31.7,1.3,1.7,50.0,27.9,8.8,94.0,137.3,296.0,232.3,26.3,26.7,2.7,2.0,60.0,4.5,3.7,0
201.7,84.0,319.0,229.3,43.3,12.0,0.7,1.0,30.0,26.3,-0.9,94.7,186.0,326.3,216.3,26.7,32.3,2.0,1.7,50.0,0.6,-4.8,0
214.7,218.3,206.7,204.0,34.3,32.0,1.3,2.3,60.0,-9.8,-7.9,51.7,130.7,173.7,192.0,14.7,22.7,2.3,2.7,30.0,-15.1,-8.9,1
127.7,278.0,139.7,181.3,16.0,35.0,1.7,2.0,50.0,-3.8,0.4,62.0,192.0,190.7,174.3,19.3,24.0,2.0,1.7,40.0,2.7,3.5,0
131.0,129.7,86.0,171.0,22.0,20.3,2.0,2.3,70.0,9.5,3.1,103.3,235.3,254.3,174.3,27.3,33.3,0.7,1.7,50.0,1.1,-0.9,1
293.0,157.0,365.0,161.0,48.0,17.0,1.0,0.0,77.8,7.6,-13.5,121.0,414.0,293.0,431.0,28.0,62.0,2.0,3.0,30.0,-3.2,-3.9,0
156.0,275.0,171.0,139.0,23.7,35.3,2.0,2.0,40.0,2.8,0.3,168.7,197.0,327.7,182.3,31.7,28.7,2.0,0.0,72.7,-2.5,-8.4,0
103.7,231.3,189.7,232.7,25.3,35.0,3.0,1.7,40.0,-18.3,-14.5,85.7,197.7,153.3,276.3,6.7,41.3,2.0,1.0,36.4,-27.4,-11.1,1
187.3,147.7,169.3,131.0,23.7,14.0,0.3,0.7,44.4,7.1,-3.0,317.0,224.3,181.0,259.0,37.0,33.0,1.0,1.0,11.1,-9.4,-8.6,0
185.7,82.7,264.0,291.7,40.3,21.0,0.7,2.3,50.0,2.1,-8.2,103.3,170.0,244.7,208.7,18.0,23.3,2.0,1.7,50.0,-10.5,-8.2,1
259.0,152.0,129.3,280.7,29.0,28.0,1.0,1.7,50.0,2.4,-0.4,137.0,165.0,177.0,164.7,16.7,17.7,1.3,1.3,30.0,4.9,3.1,1
233.0,264.0,145.0,52.0,21.0,22.0,4.0,1.0,80.0,7.2,-5.2,107.0,117.0,242.0,426.0,7.0,41.0,1.0,1.0,11.1,-21.8,-18.2,1
177.0,138.3,228.3,336.7,29.3,31.3,1.7,0.7,60.0,-15.4,-10.8,102.0,180.3,341.3,312.7,46.0,37.0,1.3,1.7,36.4,-5.2,-9.9,1
127.3,146.0,230.3,205.0,31.0,20.7,0.7,0.7,70.0,10.2,-1.6,188.7,81.0,132.7,179.3,21.0,16.7,2.0,2.3,72.7,3.4,-3.4,0
142.7,111.0,226.0,189.7,25.0,18.0,0.7,1.3,70.0,11.1,-4.6,152.0,273.7,296.3,235.3,38.7,35.0,1.0,2.0,80.0,7.5,1.9,1
246.3,92.3,108.7,182.7,20.3,9.7,1.0,1.0,60.0,11.5,2.8,188.0,76.3,112.0,92.3,16.0,16.0,1.3,0.7,30.0,9.9,4.9,0
121.3,360.7,219.3,192.7,28.3,31.7,1.3,1.7,100.0,12.0,9.8,202.7,121.0,281.0,266.3,24.3,27.7,2.7,1.7,36.4,10.7,8.4,1
123.0,150.0,175.7,207.0,22.7,25.7,1.3,2.0,90.0,3.4,-0.7,87.7,166.7,177.7,203.7,14.3,30.7,2.0,0.3,40.0,-12.9,-1.8,0
68.3,223.0,233.7,186.0,26.3,28.0,2.0,2.0,50.0,-5.8,-3.9,127.3,221.7,279.7,264.0,20.3,37.0,2.0,1.7,36.4,-16.7,-8.1,1
169.7,138.3,342.7,306.0,40.7,29.3,1.0,1.0,77.8,15.1,6.2,131.7,172.7,205.0,216.7,26.7,29.7,1.3,0.7,40.0,-4.2,-5.5,0
170.7,163.0,215.0,251.3,43.7,28.0,1.3,3.7,20.0,-5.9,-4.5,184.7,136.7,287.7,139.0,23.7,27.0,2.3,1.0,80.0,-14.9,-13.8,1
166.7,192.3,332.7,213.3,31.3,32.7,2.0,0.3,60.0,15.5,11.7,109.3,200.7,271.7,148.3,23.0,22.7,0.7,1.7,18.2,7.8,6.6,1
196.0,204.7,446.3,130.7,39.7,17.7,1.7,1.7,77.8,4.6,-0.2,189.0,150.0,270.3,357.3,42.3,42.3,2.3,2.3,22.2,-6.3,-6.3,1
156.0,168.3,166.3,265.3,16.3,28.0,1.7,1.3,50.0,0.1,0.6,139.0,310.7,331.7,197.3,30.0,42.7,2.3,1.3,70.0,-5.9,-1.0,1
135.0,97.7,174.7,214.0,24.7,17.3,0.7,3.3,50.0,1.1,-5.5,199.7,122.0,49.3,141.7,15.0,19.0,1.0,1.7,55.6,-14.4,-11.8,1
195.7,110.0,125.3,187.3,23.3,13.7,1.0,2.3,100.0,11.3,3.3,151.7,172.0,204.7,241.7,31.7,20.7,0.3,3.0,30.0,8.9,0.6,1
295.3,64.0,88.0,124.3,24.7,9.0,1.7,2.0,30.0,11.6,7.7,111.0,96.7,224.3,244.0,27.0,19.3,1.7,4.0,60.0,14.9,5.1,1
140.7,64.0,172.7,176.0,18.0,18.3,0.3,1.3,88.9,3.3,4.1,299.0,193.0,182.0,150.3,31.7,24.0,2.0,0.7,44.4,-2.7,-1.0,1
206.7,73.0,203.3,244.3,30.3,13.3,1.3,2.3,60.0,6.1,-1.4,180.0,107.0,129.3,220.0,18.7,20.0,0.7,3.3,40.0,-14.6,-12.2,0
129.7,170.0,263.7,216.0,33.3,23.3,1.0,1.7,70.0,16.4,2.4,78.0,314.7,244.7,185.0,28.0,37.7,1.0,1.7,70.0,6.7,-0.6,1
79.7,112.0,261.3,178.3,19.3,21.3,3.7,1.7,50.0,-13.6,-10.1,119.0,153.0,144.0,285.7,13.3,41.0,2.3,2.0,36.4,-27.2,-11.7,0
193.0,147.7,256.0,253.0,41.0,28.0,1.7,3.3,50.0,14.4,5.3,80.0,168.3,134.3,245.7,14.7,31.3,1.3,1.3,81.8,-2.8,0.4,1
136.7,136.7,225.7,143.0,27.3,11.3,1.7,2.0,80.0,5.2,1.0,172.0,114.3,175.7,263.0,21.7,30.0,1.7,1.3,80.0,9.8,6.5,0
190.3,177.3,296.3,222.0,36.7,32.3,1.0,0.3,77.8,5.3,-3.9,110.7,216.3,192.7,202.0,21.7,38.0,1.3,1.0,44.4,-11.8,-12.4,0
113.3,87.3,242.0,275.0,23.3,25.0,1.0,1.3,40.0,-2.9,-4.9,92.7,111.0,177.7,240.0,16.3,33.0,1.7,3.0,9.1,-4.0,-1.5,1
87.0,110.3,240.7,213.0,30.3,17.3,2.3,4.3,50.0,4.6,-3.1,343.0,253.3,113.7,213.7,30.0,40.7,0.7,1.0,80.0,-2.1,-5.0,0
201.3,222.0,212.3,335.0,24.7,45.0,2.0,1.0,40.0,11.7,10.8,185.3,244.7,362.3,340.0,36.7,51.0,3.0,2.0,90.0,5.6,5.0,0
116.0,203.3,229.7,264.7,19.7,39.3,1.7,0.7,30.0,-1.9,3.1,102.7,165.3,290.0,186.0,19.3,27.7,1.7,2.3,60.0,5.7,1.8,1
285.7,85.7,163.7,203.3,33.7,14.7,2.0,2.7,20.0,8.3,0.6,73.0,103.3,253.7,246.0,26.3,25.7,2.0,3.0,45.5,-6.5,-1.8,0
104.3,204.0,327.0,309.7,27.3,42.0,2.0,1.7,60.0,1.2,3.5,99.3,175.7,253.0,219.0,24.3,32.7,0.7,1.7,18.2,2.2,1.5,0
345.3,70.7,123.3,217.3,39.0,12.7,0.7,2.3,77.8,23.5,8.3,135.7,269.3,305.3,221.0,26.7,32.7,0.7,1.0,66.7,9.4,5.7,1
195.5,267.0,193.0,309.5,34.0,47.0,1.0,1.0,66.7,1.7,2.0,154.0,133.5,191.0,309.5,15.5,38.0,3.0,1.5,66.7,-5.0,5.7,1
38.7,166.7,298.0,331.3,15.0,35.7,2.0,1.0,40.0,-7.2,-0.6,202.0,125.7,198.3,279.3,36.7,26.0,0.3,1.7,44.4,8.0,4.9,0
254.0,169.0,208.3,214.3,31.0,27.7,0.3,1.3,33.3,13.7,7.5,203.7,184.7,250.0,216.7,37.3,29.7,1.0,1.7,77.8,22.4,9.4,1
192.3,61.3,327.0,207.3,43.0,22.7,2.3,2.3,60.0,22.1,5.7,106.0,212.3,196.3,199.3,11.7,29.3,2.7,1.3,90.9,-6.5,-0.6,1
177.5,240.0,184.5,191.0,25.0,39.0,1.0,1.5,22.2,3.7,2.4,109.7,167.7,338.3,210.7,31.7,23.0,1.3,3.0,33.3,-11.6,-9.6,1
148.3,212.3,279.7,171.7,32.7,18.0,0.3,0.3,66.7,8.9,-4.2,248.0,145.0,183.7,283.0,38.0,29.3,0.7,1.7,88.9,7.0,3.9,0
46.0,220.7,417.7,158.3,23.7,26.3,3.0,1.0,90.9,10.1,-0.6,23.0,207.0,247.7,253.0,11.0,46.7,5.3,1.7,50.0,-13.8,-5.1,1
94.3,143.7,336.7,253.7,37.3,28.0,1.7,1.3,70.0,21.9,8.9,135.0,153.7,194.7,250.0,21.3,25.3,0.3,1.0,50.0,-4.2,-1.9,1
248.0,86.3,205.3,212.7,47.0,15.7,0.7,3.0,60.0,8.7,-2.8,178.0,209.0,181.0,251.3,32.3,32.0,1.7,2.0,70.0,12.5,8.1,1
139.3,134.0,242.0,304.3,37.7,34.3,1.3,2.3,77.8,14.9,7.6,167.0,94.0,322.0,149.3,34.0,20.3,1.3,2.0,40.0,6.2,0.2,1
214.7,103.3,140.3,245.7,26.7,23.3,2.0,1.3,70.0,-5.0,-8.4,115.3,225.7,285.7,295.3,32.7,41.3,1.7,2.3,20.0,-10.0,-9.8,1
174.7,204.7,302.7,374.3,27.7,37.0,1.7,0.3,33.3,-15.3,-14.9,159.0,141.0,238.3,240.7,29.0,26.3,1.7,2.7,44.4,-3.5,-9.7,1
133.0,152.3,202.7,136.0,28.3,16.3,0.7,2.7,10.0,-9.0,-6.2,135.3,210.7,245.7,254.3,25.0,37.3,0.0,2.3,72.7,-13.4,-12.5,1
99.0,92.7,155.7,194.3,6.7,19.7,1.7,2.3,40.0,-8.2,-8.2,110.3,174.0,180.7,248.0,15.7,30.0,1.7,1.7,60.0,-9.1,-1.2,0
66.0,100.7,174.0,232.0,20.3,18.0,1.7,2.7,70.0,-2.5,1.6,174.0,124.3,253.7,160.0,22.3,27.7,3.0,2.3,90.0,8.0,3.0,0
216.3,292.0,388.0,235.7,32.3,42.7,3.3,1.7,50.0,3.5,2.6,147.7,150.0,395.7,296.3,45.7,27.7,1.7,1.7,80.0,26.6,8.4,1
204.3,54.7,273.7,297.7,43.0,28.3,0.3,2.0,50.0,17.1,3.2,83.0,157.0,198.3,231.7,19.3,34.7,2.0,0.3,9.1,-6.5,-4.6,1
109.7,237.3,199.7,265.0,10.0,30.7,1.7,2.7,22.2,-13.8,-8.7,166.3,108.7,319.0,368.7,25.0,37.3,1.3,0.3,50.0,-11.4,-5.5,1
170.7,58.0,237.3,200.0,35.3,15.3,1.3,2.0,33.3,9.6,-3.2,264.0,142.5,165.0,310.0,41.5,30.5,0.5,1.5,66.7,13.4,2.3,1
314.7,110.0,157.3,294.3,42.3,20.0,1.0,2.3,70.0,12.9,12.9,190.3,261.0,338.7,305.0,42.0,43.0,2.3,3.0,70.0,-11.3,-11.3,1
316.3,51.0,187.0,325.0,38.7,28.7,0.0,3.0,20.0,-1.6,-5.1,214.3,77.0,124.7,269.3,33.7,23.0,1.0,2.0,50.0,-10.0,-10.5,1
101.3,125.3,273.0,222.7,12.7,18.3,1.7,3.0,50.0,4.0,2.1,213.7,160.3,231.7,111.3,34.0,26.0,2.3,1.3,90.0,9.1,3.4,0
130.0,76.0,215.3,198.7,24.0,22.0,2.7,2.3,77.8,2.6,2.7,176.7,188.3,171.7,250.7,24.3,33.3,1.0,0.7,88.9,-8.3,-1.8,1
236.7,117.7,201.3,95.3,44.0,7.7,0.7,2.0,50.0,16.9,6.9,236.7,117.7,247.3,193.3,34.3,20.3,1.0,2.3,30.0,9.4,7.5,0
66.0,220.5,189.5,161.5,12.0,26.5,1.0,2.0,70.0,-2.3,-5.0,149.7,41.7,207.0,276.0,30.3,14.7,1.0,3.0,30.0,13.5,1.0,1
129.3,104.0,189.3,293.7,22.7,30.0,2.3,2.0,72.7,-4.9,-3.9,104.7,172.0,204.3,131.7,22.3,10.7,1.3,1.3,50.0,4.1,-1.5,0
213.0,175.0,355.0,325.0,38.0,37.0,1.7,3.3,50.0,1.3,2.7,221.7,164.0,317.0,217.7,38.7,27.7,1.0,2.3,30.0,12.8,5.3,0
149.7,276.7,291.0,234.3,18.7,44.7,3.0,1.3,90.0,-26.9,-10.5,213.0,193.7,147.3,243.7,17.0,30.3,1.7,2.0,30.0,-14.2,-3.2,1
110.0,157.0,240.0,168.5,27.5,19.5,3.0,1.5,80.0,13.9,8.6,216.5,207.0,198.5,236.0,29.5,18.5,0.5,2.0,50.0,7.6,-1.8,0
134.0,80.7,200.7,328.0,22.0,30.7,2.3,1.3,40.0,-15.4,-12.2,119.3,199.0,144.0,212.0,8.7,36.0,1.3,1.0,36.4,-20.4,-8.6,0
218.7,84.0,266.7,344.7,37.0,28.0,1.3,2.3,18.2,5.4,-0.6,114.0,176.3,308.3,194.3,31.0,19.3,1.7,2.0,70.0,6.8,0.1,1
176.7,157.3,231.0,251.3,33.7,27.3,1.7,2.3,70.0,13.1,6.3,41.0,107.0,448.7,371.0,31.0,45.0,1.7,0.7,50.0,1.3,4.9,1
199.3,121.7,259.3,217.0,37.3,19.3,2.3,1.7,72.7,7.1,1.1,65.0,172.0,159.7,273.7,14.7,25.0,2.7,2.3,50.0,0.9,-4.7,1
160.7,178.0,228.3,211.7,29.3,28.0,1.7,1.3,9.1,2.4,-3.0,108.7,210.3,270.3,185.3,28.0,29.7,2.0,2.0,90.0,0.9,2.4,0
198.7,124.7,276.3,90.0,37.7,17.0,2.7,3.0,40.0,2.8,-4.5,112.7,174.3,219.3,170.0,12.3,23.7,1.3,0.0,70.0,-12.3,-7.4,0
227.0,146.0,131.3,137.0,28.3,24.3,2.0,2.3,30.0,0.6,-6.0,145.7,270.3,248.3,208.3,29.7,40.3,1.7,0.7,80.0,-11.0,-6.4,0
90.0,178.7,352.7,232.7,26.0,30.7,0.7,0.3,30.0,-0.3,-4.6,226.0,106.7,196.3,198.7,31.0,12.7,1.3,1.7,44.4,24.1,9.6,1
148.0,235.3,381.0,234.7,32.0,32.0,2.7,1.7,60.0,-7.0,-7.0,108.0,174.3,298.0,206.7,23.7,42.0,2.7,1.0,30.0,-13.2,-13.2,0
140.3,93.7,234.3,178.7,23.0,19.3,1.7,1.0,36.4,5.9,-2.0,108.7,203.3,190.7,176.3,26.0,28.0,1.3,2.3,80.0,-10.9,-3.0,1
222.3,130.3,207.0,232.0,37.7,26.0,1.7,0.7,40.0,-0.9,-7.5,127.0,241.3,213.7,199.0,18.3,35.3,2.3,1.7,10.0,-26.1,-16.5,1
155.0,109.3,326.3,220.0,40.3,25.0,2.0,1.3,40.0,17.7,9.8,183.0,177.0,171.0,178.3,26.3,26.7,0.3,1.7,40.0,7.9,3.5,1
132.0,149.3,226.7,247.0,18.0,28.3,1.7,1.7,70.0,-7.5,-3.7,103.0,153.3,162.3,233.3,19.3,32.0,2.0,2.0,72.7,-22.7,-15.3,1
240.3,159.7,84.0,155.0,25.7,16.7,0.3,2.0,55.6,2.9,-2.2,210.0,104.3,136.7,240.7,24.0,28.3,1.3,1.3,70.0,-1.7,0.6,0
145.3,103.3,230.7,307.0,24.7,32.7,1.3,0.7,55.6,-0.9,-7.5,114.3,258.7,263.0,347.7,26.0,45.7,1.7,2.3,30.0,1.3,0.2,0
252.0,121.0,221.0,214.0,45.0,28.0,2.0,3.0,9.1,3.9,-24.2,145.0,195.5,196.5,168.0,29.5,42.5,2.0,1.0,50.0,-18.6,-14.9,1
172.0,151.0,195.0,348.0,24.0,32.0,4.0,1.0,80.0,5.1,8.2,168.0,40.5,241.0,173.5,34.5,11.0,1.0,1.0,100.0,9.4,-9.4,0
225.7,93.0,174.0,193.3,34.7,6.7,0.3,3.0,55.6,11.7,5.2,194.7,262.3,147.7,215.7,24.7,35.7,0.7,1.7,44.4,-1.0,0.0,1
140.7,157.0,179.0,282.0,23.0,27.3,1.3,1.7,40.0,-9.7,-3.8,112.0,121.3,160.7,260.0,21.0,25.3,1.0,1.7,50.0,0.4,8.8,1
112.0,141.0,250.0,221.3,27.3,20.7,1.0,2.0,33.3,3.7,0.3,126.7,202.0,174.3,144.3,12.3,26.7,2.7,1.3,66.7,-0.4,-0.4,0
302.7,140.0,277.7,256.0,51.0,24.7,1.0,1.3,30.0,2.1,-5.0,263.7,184.3,319.3,183.3,50.7,20.7,1.7,1.3,60.0,6.9,-6.3,0
192.0,132.7,248.7,249.0,29.7,23.0,1.0,1.0,60.0,8.9,7.6,92.0,216.7,131.3,289.3,12.7,46.7,1.7,1.0,50.0,-16.8,3.5,0
249.3,121.0,204.0,274.3,38.7,32.7,0.7,0.7,77.8,4.4,0.5,122.7,107.3,332.7,293.3,31.0,22.7,1.0,3.0,80.0,-4.0,-4.1,0
91.3,169.0,414.7,207.0,42.3,25.3,2.0,1.7,90.9,12.5,4.3,60.7,150.3,365.7,240.0,28.0,35.0,2.0,1.7,50.0,8.3,-0.2,1
177.7,151.3,401.3,246.0,47.3,26.7,0.3,1.3,100.0,28.5,10.9,221.7,67.0,175.7,154.0,34.7,10.0,1.0,0.7,80.0,14.9,3.4,0
223.0,34.0,106.0,269.7,21.0,17.3,1.7,1.3,30.0,19.4,12.0,172.3,188.0,265.3,289.3,26.7,45.3,1.3,0.3,60.0,-11.5,0.1,1
236.0,132.7,120.3,193.7,25.0,25.3,0.7,1.0,77.8,12.4,4.9,169.3,163.7,134.0,157.0,20.3,21.3,2.0,2.3,66.7,3.0,-2.3,1
88.7,169.7,168.3,232.7,7.7,21.3,1.0,2.0,60.0,-2.0,-2.4,238.0,114.0,170.0,294.7,36.7,33.0,0.7,1.3,30.0,4.7,-1.8,1
213.0,158.0,94.3,195.0,18.0,23.0,1.7,1.0,70.0,-1.1,-0.8,144.7,114.7,230.0,147.7,16.3,12.3,1.7,2.3,40.0,4.4,1.6,1
200.3,210.3,239.0,216.0,34.0,28.0,1.3,2.3,50.0,3.0,-1.3,68.7,136.3,177.0,309.3,5.7,36.3,2.3,1.7,50.0,-24.9,-0.7,1
77.0,235.3,199.3,188.7,10.3,31.0,2.3,1.0,33.3,-17.1,-9.0,77.0,281.0,143.0,140.7,11.0,29.0,1.7,1.0,22.2,-21.6,-10.3,1
198.3,39.7,171.3,173.0,33.3,9.0,2.0,2.0,50.0,-2.5,-8.3,147.7,77.7,214.7,191.3,28.0,18.0,1.7,2.3,40.0,-9.8,-11.6,1
119.7,225.3,255.0,242.7,23.3,33.3,1.3,3.0,40.0,-11.1,-4.7,197.7,283.3,135.0,274.7,26.0,39.3,0.7,2.3,40.0,-21.8,-14.0,1
161.0,244.0,353.0,197.0,33.3,37.3,1.7,1.0,40.0,-14.2,-8.0,126.0,118.3,213.0,217.3,19.3,17.3,2.3,1.7,50.0,-4.3,-5.1,0
110.3,207.0,161.0,252.3,26.7,31.7,0.0,1.7,18.2,8.4,11.9,189.5,162.5,299.0,253.0,25.0,31.0,3.5,1.0,70.0,2.4,0.0,1
251.7,116.7,225.7,125.7,45.0,5.7,1.0,2.7,80.0,12.2,-5.4,214.3,181.7,345.3,161.0,37.7,19.3,0.7,1.3,77.8,4.2,-1.8,1
208.3,115.3,274.0,249.3,23.7,20.7,2.3,1.7,90.9,9.6,7.5,262.3,100.3,169.3,305.0,28.7,35.3,2.0,1.0,90.0,11.1,4.3,1
177.0,76.7,190.7,197.0,31.0,14.7,2.3,3.0,36.4,4.3,-5.1,183.0,176.7,205.7,227.3,29.7,23.7,0.7,3.0,72.7,4.5,-0.9,0
156.3,115.3,295.3,159.0,35.3,14.0,0.0,1.7,66.7,6.6,-2.5,193.7,296.3,203.3,111.3,22.7,28.3,1.0,1.0,22.2,-0.2,-5.2,1
205.7,154.0,340.0,138.0,35.7,24.0,3.3,1.3,44.4,20.2,6.1,304.0,179.0,191.0,268.3,44.7,27.3,2.0,2.0,44.4,16.3,3.3,1
113.0,272.7,280.3,220.0,19.3,32.3,1.3,1.3,50.0,-5.6,-4.3,137.0,133.0,249.0,270.7,25.3,25.7,1.3,1.3,40.0,2.5,-3.2,0
72.7,334.7,209.3,165.7,8.7,34.3,2.3,1.0,30.0,-19.6,-8.1,112.0,336.7,70.0,237.0,8.7,44.0,2.3,1.3,30.0,-26.9,-13.2,0
67.0,146.0,241.0,232.7,22.7,23.7,2.0,2.7,40.0,-4.7,0.2,64.3,216.7,143.3,203.3,13.7,38.7,1.7,1.0,50.0,-13.4,1.0,0
117.3,185.3,175.3,201.3,31.3,15.3,2.0,3.3,44.4,0.2,-11.3,95.7,168.3,259.3,159.3,19.3,22.3,3.3,3.0,44.4,-14.8,-10.5,0
254.0,84.0,358.0,215.0,56.0,23.0,0.0,0.0,60.0,7.7,-14.2,25.5,281.5,129.5,244.0,8.0,64.0,2.0,2.0,50.0,-19.2,10.2,1
146.7,113.0,211.7,232.7,24.7,22.0,1.3,1.3,66.7,3.6,4.4,167.7,104.3,278.7,125.3,35.3,16.0,2.0,3.0,33.3,-8.5,-20.8,1
53.5,180.0,187.0,196.5,10.5,34.0,4.0,2.5,40.0,-15.4,-13.3,53.0,177.0,214.7,258.3,8.7,46.0,3.7,1.0,50.0,-22.9,1.5,0
87.3,100.3,246.0,249.3,19.0,21.7,2.0,1.0,40.0,2.0,6.4,167.7,214.0,260.3,139.0,29.7,21.7,2.0,2.0,80.0,2.2,-2.8,0
117.7,176.7,335.7,293.3,34.0,32.3,1.7,2.0,60.0,-3.4,-5.9,128.3,249.0,309.7,183.3,28.0,33.7,1.3,0.3,40.0,-12.3,-7.9,0
188.7,119.7,373.7,157.3,52.0,15.7,1.0,2.7,44.4,33.2,9.8,96.0,325.3,221.0,214.0,27.3,32.0,0.7,3.7,30.0,-8.1,-2.8,1
108.0,158.0,204.3,281.0,25.7,23.0,0.3,1.3,50.0,-10.1,-8.8,159.0,195.0,207.0,229.0,22.0,26.7,1.7,0.7,40.0,-12.3,-9.9,0
219.3,92.7,291.3,174.0,49.0,18.0,2.0,2.3,77.8,8.9,-3.4,220.0,73.0,396.3,246.0,59.7,21.7,1.3,3.3,77.8,2.3,-7.0,0
216.3,148.3,175.7,245.3,27.7,25.3,1.0,2.0,70.0,-3.5,-4.5,121.3,92.0,224.0,232.7,28.0,20.3,2.3,1.7,30.0,13.1,4.6,0
247.7,70.3,242.0,240.3,44.7,17.7,0.7,1.7,88.9,28.5,9.3,230.3,186.0,167.0,258.0,28.7,32.3,3.0,1.0,44.4,-8.5,-6.0,1
153.3,187.7,272.3,341.3,21.7,55.3,1.0,0.7,60.0,-2.6,-2.6,123.0,165.0,277.3,275.3,20.7,30.3,1.3,0.3,50.0,4.8,4.8,0
103.0,207.0,283.0,259.5,15.5,30.5,1.5,1.0,40.0,-13.7,-13.3,113.0,265.3,174.7,323.7,19.0,39.0,0.3,1.3,40.0,-9.7,-1.2,1
103.0,209.3,290.0,245.3,21.3,29.7,1.0,3.0,40.0,-3.6,-5.9,325.0,221.7,303.3,221.3,55.0,29.7,1.7,4.0,60.0,-11.4,-11.6,0
165.5,48.0,125.5,209.5,16.5,14.0,3.0,2.0,72.7,0.7,-2.3,197.0,126.0,169.0,143.0,24.0,21.0,1.0,4.0,50.0,3.7,6.6,0
181.0,100.7,193.7,242.3,26.3,19.3,0.7,1.7,66.7,12.8,4.1,111.0,104.7,387.3,235.0,39.7,16.0,0.7,3.0,44.4,11.8,1.0,0
307.7,213.7,134.3,197.0,40.0,29.7,0.7,1.7,60.0,-1.7,-2.8,224.3,329.3,186.0,256.0,24.3,55.0,1.7,0.3,36.4,-27.3,-11.9,1
118.0,209.0,302.5,378.0,32.5,41.0,1.5,1.0,44.4,-0.7,1.0,197.0,79.0,169.0,253.0,17.0,7.0,0.0,0.0,70.0,-10.5,-20.4,0
144.0,199.7,216.7,219.7,23.7,24.0,1.3,2.0,40.0,-3.1,-4.8,86.0,138.3,224.3,115.3,13.7,11.3,2.7,3.3,70.0,7.5,2.1,1
232.0,182.0,217.3,291.3,43.3,28.7,1.3,3.7,30.0,3.5,-6.7,130.0,248.3,166.7,199.7,15.0,31.0,1.0,1.3,40.0,-12.8,-8.8,1
278.0,112.0,197.0,105.0,41.0,21.0,2.0,0.0,30.0,10.1,-6.6,89.0,261.0,86.0,334.0,3.0,48.0,1.0,1.0,30.0,-17.7,13.5,0
146.3,172.0,231.3,161.0,27.3,27.7,1.7,3.0,90.9,3.2,0.3,139.7,108.0,333.7,294.3,27.7,24.0,1.7,1.7,20.0,1.8,2.5,1
217.7,213.0,411.3,273.3,53.3,32.7,1.3,1.0,55.6,26.4,12.4,195.0,78.3,244.7,172.0,29.3,13.0,1.0,0.3,100.0,14.6,9.7,0
162.7,159.7,213.0,162.3,28.3,19.3,1.0,1.3,90.0,10.1,0.1,147.7,97.0,188.7,190.7,20.3,18.0,0.7,1.3,90.0,4.0,3.2,0
176.0,74.7,266.3,185.0,21.0,6.3,2.3,2.7,40.0,6.9,0.3,161.3,165.7,176.7,206.3,25.7,26.3,0.3,1.3,18.2,-3.0,-10.4,0
257.7,58.7,176.0,307.7,34.3,16.7,1.0,1.7,90.0,30.6,11.7,214.3,162.0,304.0,238.3,40.7,29.7,1.0,0.3,100.0,29.6,11.7,0
239.0,101.0,205.0,299.3,34.3,15.7,1.0,2.3,70.0,17.9,4.2,260.0,90.0,359.0,228.3,48.0,19.7,1.3,1.3,90.9,11.0,7.2,1
112.0,139.0,166.0,138.0,7.0,16.0,1.0,2.0,22.2,2.9,12.9,233.5,235.5,412.5,229.5,50.0,24.5,1.0,4.5,44.4,16.0,-2.5,0
136.7,210.3,356.3,230.0,32.0,37.3,1.7,1.0,90.9,8.7,9.3,165.3,104.7,246.3,316.7,32.0,29.3,0.7,1.3,36.4,8.8,6.1,1
176.0,117.7,240.0,233.3,37.3,15.0,0.3,2.3,80.0,13.1,5.9,217.0,51.0,139.3,237.7,23.3,14.0,1.0,1.7,30.0,19.8,11.3,0
125.3,104.0,192.0,198.0,24.7,13.3,0.7,2.3,50.0,12.8,1.4,106.7,160.0,192.3,183.3,19.3,20.7,1.7,0.7,30.0,7.7,3.7,0
134.3,140.7,222.3,209.0,18.7,24.3,0.7,1.0,70.0,9.8,4.2,146.7,216.3,121.0,99.7,6.3,23.0,1.7,0.3,50.0,-5.8,2.5,0
153.0,81.7,213.7,156.7,21.3,13.3,3.3,2.7,60.0,4.1,-0.4,80.3,176.7,247.7,241.3,22.0,45.3,4.3,1.3,80.0,-11.8,-4.3,1
203.0,129.0,269.3,182.7,36.7,11.0,1.0,3.0,33.3,21.0,0.9,140.3,196.3,267.3,232.0,35.7,27.7,1.3,1.0,100.0,5.7,3.3,0
147.3,87.0,220.0,144.0,23.0,15.0,1.7,1.3,40.0,2.4,-2.1,95.0,229.0,170.0,274.5,19.0,25.5,0.5,2.0,60.0,-9.3,-11.7,1
0.0,0.0,0.0,0.0,23.7,26.0,1.0,1.0,50.0,5.0,5.0,0.0,0.0,0.0,0.0,15.3,25.7,0.3,0.7,70.0,-1.5,-1.5,0
275.0,113.0,138.0,235.0,38.0,13.0,0.0,0.0,60.0,9.8,-13.3,150.5,222.0,397.5,217.0,37.5,22.0,2.5,2.5,70.0,7.8,-2.2,1
0.0,0.0,0.0,0.0,36.0,12.3,0.3,1.0,70.0,25.6,25.6,0.0,0.0,0.0,0.0,17.3,36.7,0.0,0.7,30.0,-9.0,-9.0,1
160.0,119.0,268.0,212.7,26.3,21.7,1.3,1.7,70.0,1.1,-6.1,156.3,272.7,132.7,210.7,17.3,40.7,2.3,1.3,70.0,-9.7,-2.9,0
310.0,83.3,278.7,248.3,41.3,17.7,1.3,0.7,44.4,3.1,-7.2,118.7,232.3,224.7,168.3,29.7,31.0,1.0,3.7,36.4,-8.7,-6.3,1
128.0,303.0,232.0,151.0,16.0,27.0,2.0,2.0,33.3,5.8,-5.7,86.3,252.0,369.0,298.0,27.0,38.3,1.3,1.7,22.2,-13.5,-6.5,0
220.0,191.7,107.3,214.3,27.0,30.3,1.3,2.3,30.0,-1.4,-6.1,50.3,286.0,227.7,155.7,20.7,31.0,1.3,2.0,80.0,-14.2,-12.0,1
112.0,96.7,186.7,176.3,16.3,15.7,1.7,1.7,66.7,3.3,-5.5,195.0,159.7,163.3,242.0,24.3,30.7,1.0,1.3,33.3,3.5,4.2,0
180.3,112.7,182.7,223.0,28.3,16.3,1.7,3.3,44.4,15.9,5.4,214.7,203.7,142.0,179.3,24.3,34.0,1.7,1.7,88.9,14.6,7.1,1
108.7,194.7,268.7,370.3,24.0,44.3,1.3,0.3,60.0,-10.8,-10.0,75.5,213.0,122.0,327.5,5.0,43.0,1.0,0.5,10.0,-27.3,-20.1,0
269.0,132.0,231.3,417.3,31.7,36.7,2.3,1.3,10.0,3.9,0.7,106.0,172.3,300.0,371.3,27.3,32.7,2.3,2.0,70.0,2.7,0.3,1
92.0,137.7,496.3,214.3,64.0,12.3,1.3,2.7,70.0,13.4,-1.5,269.0,88.7,148.7,242.0,31.7,18.0,0.3,0.7,30.0,-2.6,-7.6,1
80.7,144.0,217.0,191.7,21.7,17.7,1.7,1.3,30.0,0.5,0.1,147.7,120.0,157.3,235.3,26.7,24.3,0.3,3.3,30.0,7.3,0.7,1
182.0,62.0,278.3,154.0,35.0,7.0,1.0,1.0,88.9,34.2,9.6,340.0,111.0,216.7,183.3,46.0,19.3,1.0,0.3,88.9,25.3,9.9,1
180.3,98.0,214.7,176.7,36.3,17.7,2.7,2.0,88.9,25.6,11.7,249.3,123.0,213.3,301.7,23.0,27.7,1.3,0.7,22.2,9.9,7.4,1
181.0,153.7,160.7,134.7,29.3,22.0,3.3,1.7,50.0,16.9,1.0,247.7,98.3,264.0,196.0,41.3,22.7,1.3,2.0,30.0,6.5,-9.9,0
155.0,132.7,214.7,149.0,23.7,20.0,3.0,2.0,50.0,1.3,-4.3,284.7,160.7,144.3,165.7,34.0,21.3,2.0,2.0,80.0,-1.0,-7.5,1
90.7,154.0,196.0,262.7,13.3,30.7,0.7,2.0,40.0,-13.7,-8.7,120.0,234.3,264.0,222.3,14.7,38.0,2.3,1.0,40.0,-13.0,1.3,1
156.7,106.3,293.7,261.3,28.7,17.7,1.0,0.3,60.0,16.0,9.4,151.7,131.7,208.0,255.3,28.7,28.7,2.0,1.0,90.0,12.5,5.6,0
244.3,90.0,174.3,169.3,35.7,5.7,0.0,3.3,50.0,-5.7,-10.9,205.7,276.3,203.3,257.7,23.0,34.3,1.3,1.7,40.0,-13.1,-6.8,0
128.3,144.7,247.0,179.0,36.3,17.3,1.3,2.7,66.7,15.6,5.4,201.0,252.0,233.7,174.7,31.3,25.7,1.7,3.3,70.0,1.8,2.7,1
236.0,95.3,170.3,211.0,28.7,31.0,3.3,1.3,70.0,11.0,5.1,112.7,228.3,368.0,234.0,27.3,40.0,2.3,1.0,90.9,1.4,-2.7,1
119.3,134.0,149.3,171.0,19.3,25.0,2.0,1.0,60.0,-3.1,-8.0,166.7,152.7,62.3,259.0,14.7,29.0,1.7,2.3,80.0,-6.7,-7.0,0
149.7,122.7,139.3,214.7,11.7,21.7,1.3,2.0,80.0,-5.7,1.6,136.7,238.0,242.0,303.0,28.0,42.7,3.3,2.0,70.0,-9.9,-2.6,0
225.0,185.0,136.7,207.0,21.0,15.7,1.3,3.7,36.4,6.8,-0.9,103.3,154.7,182.3,232.7,17.7,26.0,3.3,1.0,40.0,4.6,-0.3,1
117.7,205.0,110.7,218.7,14.7,31.3,1.3,3.0,44.4,-10.5,-8.8,106.0,188.0,182.7,239.3,10.0,33.7,1.3,0.7,33.3,-23.4,-13.8,1
85.0,158.3,404.7,236.0,38.3,23.0,1.7,2.3,70.0,7.2,-11.3,161.7,89.3,329.7,155.3,50.7,7.0,1.0,1.7,60.0,13.1,-6.0,1
134.5,130.0,210.0,269.5,14.0,28.0,2.5,1.5,11.1,-17.0,-16.9,220.0,163.7,169.7,189.3,34.7,36.3,2.0,1.0,66.7,-21.6,-15.8,0
197.0,165.0,271.0,258.0,43.0,19.0,1.0,3.0,50.0,4.0,-14.9,156.5,280.0,216.0,209.5,41.5,36.0,0.5,0.5,40.0,9.2,1.5,0
195.0,209.7,314.7,160.3,34.0,33.7,3.7,2.3,60.0,4.8,-1.2,178.7,108.3,277.3,310.7,26.3,36.0,3.0,1.7,90.0,7.4,0.1,1
258.7,180.3,261.3,303.3,31.0,40.3,1.3,1.7,33.3,-24.8,-15.0,113.3,120.3,180.3,288.3,26.0,25.7,0.7,1.3,40.0,-12.6,-12.8,1
242.3,74.3,294.3,120.3,47.0,3.3,2.3,3.0,80.0,29.6,8.1,170.7,153.0,225.7,216.0,37.7,21.7,0.7,2.3,70.0,12.2,-1.4,0
155.0,290.3,311.3,208.0,39.0,51.0,3.0,1.0,90.0,-25.3,-11.0,263.0,146.7,150.3,237.0,16.7,32.3,3.7,1.3,80.0,-9.1,-13.5,1
102.0,131.5,245.0,335.5,22.0,35.5,3.5,2.0,30.0,1.3,0.7,87.0,146.0,281.0,231.0,31.5,28.0,3.0,2.5,80.0,-14.0,-18.9,1
203.7,88.7,239.0,136.7,37.3,20.3,0.7,1.7,50.0,11.2,0.5,70.0,202.5,233.5,334.0,12.0,47.0,2.0,1.5,50.0,-11.3,-5.7,1
137.0,95.3,379.0,273.7,36.7,26.3,2.0,1.7,60.0,-3.8,-10.5,230.3,157.7,203.3,371.0,31.7,40.0,2.3,2.3,60.0,-7.9,-9.1,0
153.7,41.7,175.7,178.0,29.7,9.0,1.3,1.3,77.8,17.2,4.8,155.0,151.7,160.7,198.7,22.0,29.3,2.0,1.3,66.7,-2.0,-1.7,0
247.0,76.7,268.3,251.3,43.0,15.3,0.3,2.3,44.4,15.1,-2.0,104.0,253.0,328.3,311.7,27.3,44.3,1.0,1.0,66.7,-23.6,-11.6,1
87.3,219.7,222.0,151.7,26.0,23.3,2.7,1.0,50.0,2.7,-2.3,153.3,99.0,272.3,333.0,28.0,27.0,2.3,2.3,70.0,9.2,-0.8,0
118.0,162.0,203.7,203.3,14.3,23.7,2.3,1.3,88.9,11.2,6.1,155.3,201.7,267.7,290.0,21.3,41.3,2.0,1.0,44.4,-2.1,1.0,1
148.3,123.3,214.3,220.7,26.7,19.3,1.7,1.0,40.0,13.2,-0.6,109.3,173.0,178.0,201.3,26.7,23.7,1.0,0.3,60.0,11.7,6.5,1
166.3,159.0,275.7,106.7,37.0,15.7,1.7,2.7,77.8,18.6,8.6,291.3,213.0,167.3,335.7,32.0,41.3,1.3,0.3,10.0,-0.9,-3.3,0
186.0,198.0,222.3,140.0,33.0,23.3,0.3,3.3,90.0,19.9,8.4,91.3,261.7,235.0,166.7,14.7,35.3,0.7,0.7,50.0,1.8,1.0,0
154.3,175.3,257.0,146.3,35.3,14.3,0.7,1.7,40.0,4.1,2.5,80.7,211.3,226.3,169.0,19.7,22.0,0.7,2.0,70.0,1.7,1.9,0
48.3,226.3,142.0,257.3,5.7,38.7,1.0,1.3,30.0,-18.7,2.6,98.7,235.0,123.7,198.3,12.3,36.3,2.3,1.7,50.0,-16.9,-4.3,0
140.0,142.0,252.0,169.0,32.0,25.0,2.0,1.5,50.0,-4.3,-7.8,178.0,229.5,168.0,214.0,20.5,28.5,2.5,1.0,22.2,-7.5,-6.6,1
86.0,148.7,321.0,229.7,25.7,25.0,2.3,0.3,77.8,-9.3,-10.3,114.0,312.3,130.0,217.7,13.7,51.0,3.3,0.7,22.2,-8.1,-2.0,0
86.7,174.0,230.0,240.0,28.0,30.0,2.7,2.3,60.0,1.4,0.7,94.3,178.0,263.3,204.7,21.0,26.3,3.7,1.3,18.2,1.4,0.2,1
139.7,175.0,235.0,406.0,20.7,29.7,1.7,2.0,60.0,5.1,7.7,290.0,191.0,54.7,335.3,21.7,34.3,1.0,1.0,50.0,-6.9,2.7,1
125.7,186.3,233.0,91.0,24.0,27.0,3.0,1.7,40.0,0.7,-0.2,150.0,157.7,147.0,173.7,20.3,16.7,2.3,3.7,80.0,4.5,-2.1,0
153.0,189.7,106.7,253.0,17.3,35.7,2.3,1.7,50.0,-6.1,-3.5,76.0,221.7,207.0,194.7,16.7,20.7,2.0,2.3,20.0,5.0,4.6,0
101.3,77.0,249.3,182.7,13.7,12.7,1.0,1.7,77.8,-4.6,-9.9,236.7,133.7,344.0,281.0,43.0,20.7,2.0,2.3,88.9,0.8,-1.0,0
69.0,299.5,228.5,181.0,7.0,29.5,2.5,2.5,44.4,-17.3,-1.0,184.0,78.0,245.0,279.0,13.0,45.0,2.0,1.0,50.0,-8.8,-8.5,1
128.0,170.0,186.0,215.0,30.0,33.0,0.0,2.0,30.0,5.1,2.1,158.0,141.5,323.5,355.5,50.0,38.0,0.5,2.0,70.0,-1.4,-11.0,0
225.7,223.7,329.3,290.3,47.3,48.3,1.7,1.7,70.0,4.2,2.4,110.3,140.3,286.0,185.7,27.3,27.7,2.7,1.0,72.7,4.5,0.0,1
182.0,143.7,333.7,264.0,38.7,24.3,1.0,1.7,50.0,7.4,-2.0,197.0,18.3,204.0,192.3,24.3,9.0,2.0,1.7,30.0,10.2,-7.8,0
200.7,235.7,187.3,229.7,28.0,35.7,2.0,1.0,90.9,9.9,9.4,99.0,105.0,267.0,153.7,19.3,20.3,2.7,1.3,60.0,10.5,8.5,0
275.0,59.5,199.5,281.0,43.5,13.0,1.5,3.0,100.0,14.7,-2.3,110.0,220.0,255.0,230.0,24.0,31.0,2.0,1.0,60.0,-2.7,-11.1,0
148.3,118.3,208.3,197.3,31.7,19.3,1.7,1.3,81.8,3.1,-2.2,177.7,122.3,199.7,188.3,33.3,13.7,1.0,3.0,72.7,6.3,-9.1,0
198.3,216.3,132.0,189.3,21.7,27.7,1.0,1.7,40.0,4.9,2.6,147.3,142.0,189.0,191.3,18.7,16.3,1.0,0.7,44.4,0.5,-2.7,1
266.0,162.3,227.3,243.7,35.3,24.0,1.3,1.3,33.3,22.7,8.7,104.7,137.0,291.0,322.7,22.0,36.0,2.0,1.7,100.0,0.1,0.8,1
214.3,157.7,166.0,239.0,23.3,31.7,1.0,1.0,22.2,-19.1,-8.7,123.0,255.0,319.3,192.0,38.0,33.7,2.7,1.7,50.0,-6.5,-7.6,1
321.7,157.3,131.7,164.0,27.7,25.3,2.0,1.0,33.3,-1.1,-3.2,97.7,224.3,275.3,229.7,18.3,37.3,2.0,1.0,22.2,-18.0,-9.8,1
177.0,125.0,307.7,340.7,29.7,36.0,1.0,0.7,33.3,9.0,4.3,183.0,225.7,220.3,196.3,22.3,41.0,2.3,1.0,44.4,-8.3,-2.3,1
73.3,149.7,201.7,171.0,14.3,25.3,1.7,1.0,40.0,-11.9,-0.9,102.0,180.7,195.0,164.0,14.7,21.7,1.0,1.7,50.0,-3.3,-0.5,0
211.7,85.0,209.0,224.0,34.3,18.3,1.7,2.0,44.4,23.5,9.7,143.3,105.3,178.0,243.0,33.0,20.0,1.0,3.0,77.8,14.6,5.4,0
158.7,111.3,222.3,243.7,21.7,27.3,1.7,1.3,80.0,-11.9,-9.0,114.3,151.7,196.3,320.7,15.0,39.0,2.0,0.7,20.0,-20.6,-12.6,1
11.0,215.0,181.0,218.0,17.0,33.0,3.0,2.0,33.3,7.7,16.1,148.0,535.0,221.0,120.0,42.0,41.0,0.0,2.0,66.7,7.2,-2.4,1
167.3,183.3,318.7,321.3,35.7,38.7,2.3,2.0,30.0,-14.5,-9.7,144.3,211.7,331.0,212.0,38.0,35.3,0.7,2.7,50.0,-10.1,-8.4,0
188.7,231.0,219.3,179.3,29.7,27.7,1.3,1.7,80.0,-10.4,-8.3,156.3,112.3,262.7,232.3,32.0,27.3,3.0,2.0,80.0,-5.6,-6.4,0
192.0,220.3,312.3,277.7,31.3,30.3,1.3,2.7,66.7,8.8,-1.8,156.3,211.7,188.3,252.0,20.7,26.3,2.3,2.0,30.0,1.1,-3.5,1
128.0,354.0,353.0,223.0,29.0,45.3,1.7,1.3,70.0,-6.0,0.1,40.3,317.3,175.0,232.7,11.7,46.3,2.0,1.3,18.2,-18.1,-3.0,1
137.0,140.3,312.3,247.0,35.0,26.3,1.3,2.3,50.0,-8.8,-7.4,123.3,181.3,317.7,291.7,31.0,46.7,1.3,1.3,30.0,-28.0,-16.3,1
215.0,148.0,282.0,297.0,30.0,33.0,1.0,2.0,55.6,2.6,-4.6,157.0,230.0,169.0,185.0,7.0,31.0,1.0,1.0,70.0,-12.8,-12.9,0
201.0,119.0,261.3,287.7,40.7,24.0,1.3,4.0,30.0,12.8,7.2,132.3,192.0,244.0,215.0,25.3,29.3,2.0,1.7,70.0,9.1,8.8,1
69.7,140.7,261.0,226.7,20.7,21.3,1.3,1.7,77.8,-5.1,-13.6,108.0,297.0,134.3,179.3,17.0,46.3,2.3,1.3,22.2,-26.6,-10.7,0
158.0,189.0,139.0,214.0,15.0,21.7,1.3,2.0,10.0,-3.5,4.0,132.3,196.3,348.3,231.3,29.3,29.7,2.0,1.3,77.8,10.1,4.1,0
214.0,25.0,158.0,217.0,23.7,11.7,1.3,2.3,80.0,11.8,0.5,119.0,166.3,251.3,265.7,25.0,42.7,2.7,1.0,100.0,-7.2,-2.9,0
134.3,150.0,322.0,243.3,33.0,39.3,1.7,1.7,36.4,6.9,-1.5,149.3,111.7,251.7,276.0,29.3,24.3,2.0,2.3,70.0,10.4,-0.9,0
113.0,153.3,326.7,251.7,38.3,21.0,1.0,3.3,44.4,11.0,1.9,115.0,190.0,238.3,256.0,26.7,25.3,1.7,0.7,60.0,7.6,5.4,1
161.7,120.3,216.3,217.7,32.3,17.7,0.7,2.0,50.0,6.7,4.2,147.7,245.3,307.7,269.0,30.3,39.3,1.7,1.0,70.0,-3.7,1.7,0
182.7,103.7,189.3,198.0,30.7,16.7,1.3,2.3,44.4,9.5,3.3,113.7,202.7,519.3,304.0,56.3,44.0,1.3,0.7,90.0,6.4,-6.5,1
141.0,245.7,169.0,215.3,11.0,44.0,2.0,0.7,50.0,-16.8,-9.2,98.7,204.7,243.3,336.0,19.7,33.7,0.7,1.7,30.0,-3.0,3.7,1
107.0,178.0,118.5,175.5,15.5,13.0,1.0,0.5,100.0,12.8,3.9,262.0,76.5,192.5,350.5,37.5,27.0,0.5,2.5,20.0,8.4,1.1,0
158.7,106.0,268.0,118.3,27.7,9.3,2.0,3.0,9.1,7.4,2.0,67.3,165.0,193.3,225.7,18.0,16.3,0.3,1.0,40.0,0.0,-1.0,1
76.0,170.0,282.0,265.0,18.0,38.0,0.0,0.0,40.0,-1.7,-3.5,134.0,293.0,212.0,92.0,9.0,29.0,1.0,0.0,60.0,-15.0,-16.3,0
137.7,147.3,150.3,211.7,14.7,28.3,1.3,1.0,50.0,-6.7,-8.0,207.7,168.3,275.0,184.3,38.3,23.3,2.3,3.3,40.0,-9.7,-8.1,0
157.0,185.0,370.7,269.0,35.7,32.3,2.3,1.0,60.0,-2.6,-6.7,94.0,185.3,233.7,164.0,19.7,23.0,1.7,2.0,40.0,-14.7,-11.8,1
204.7,128.3,327.0,375.0,40.3,48.0,2.0,2.0,36.4,3.5,5.1,161.3,220.7,210.3,327.0,26.0,30.3,1.3,2.0,60.0,6.4,6.9,0
275.7,101.3,274.3,107.7,44.3,6.7,1.3,2.0,60.0,25.8,4.3,122.7,98.0,261.7,215.0,34.0,25.7,3.0,1.3,80.0,-1.1,-7.9,1
123.3,190.0,186.7,213.3,16.0,28.3,2.0,0.0,70.0,7.6,2.8,128.7,139.7,117.3,254.7,19.3,27.0,3.0,2.3,30.0,12.9,9.6,0
135.0,164.0,201.7,153.0,30.7,25.3,1.7,2.0,33.3,7.3,1.7,210.3,81.7,206.0,155.7,38.0,15.7,0.7,1.0,55.6,7.6,-9.8,0
146.7,157.7,197.7,147.0,21.7,14.7,2.0,2.0,80.0,17.4,5.5,135.3,139.0,266.0,214.0,26.0,25.0,1.7,1.7,70.0,14.4,3.9,0
177.0,205.0,113.7,212.0,12.3,30.3,1.3,1.7,50.0,-7.8,-5.0,82.7,227.7,287.0,224.0,19.7,38.0,3.0,0.0,80.0,-9.0,-6.8,0
161.5,58.0,253.0,190.0,32.0,8.0,1.0,2.0,88.9,25.8,11.0,182.5,107.5,225.5,254.0,33.0,19.5,0.0,1.5,66.7,11.4,3.9,0
250.7,141.0,199.3,192.3,34.7,12.0,1.3,2.7,60.0,8.9,-0.4,40.3,260.7,305.0,213.0,17.7,46.3,2.7,1.3,80.0,-14.2,-5.8,1
167.5,57.5,212.0,189.0,38.0,7.0,0.5,3.5,80.0,24.5,1.1,96.0,138.0,281.0,412.0,31.0,34.0,2.0,1.0,20.0,4.1,-9.7,0
117.7,167.7,182.7,184.0,18.3,21.3,1.3,0.0,80.0,12.0,9.9,199.0,261.5,318.0,273.5,49.0,44.5,2.0,0.5,40.0,5.7,-2.9,1
203.7,125.3,252.0,103.3,39.0,3.0,0.7,1.3,80.0,18.9,6.9,87.0,337.0,142.0,227.0,10.7,42.7,2.3,1.0,30.0,-5.0,2.5,0
287.0,287.7,260.7,229.7,37.0,49.0,2.3,0.3,70.0,0.0,-1.5,81.7,128.3,164.7,185.3,11.0,22.3,2.7,1.7,30.0,-3.1,-0.3,0
92.7,181.7,247.3,273.3,15.7,33.7,2.3,1.7,60.0,-6.2,-0.2,151.0,136.0,131.0,358.0,9.0,38.0,1.0,0.0,50.0,-1.5,-2.3,0
70.0,151.0,147.0,199.0,13.5,18.0,2.0,1.5,81.8,-1.6,-4.4,79.0,64.0,344.0,406.0,31.0,34.0,2.0,0.0,40.0,-8.3,-13.2,0
166.0,126.0,230.0,405.0,23.0,45.0,0.0,2.0,70.0,6.0,-0.5,38.5,264.5,141.0,202.0,1.5,41.5,1.5,1.0,36.4,-25.6,1.6,1
212.0,71.3,232.0,113.3,39.3,16.0,0.7,1.0,77.8,21.4,6.8,261.3,150.0,186.0,261.0,30.0,21.7,0.7,1.3,30.0,15.2,-0.2,1
167.7,234.7,251.0,280.0,25.0,46.3,1.7,1.3,77.8,-16.7,-11.1,180.3,75.0,203.0,169.7,23.7,21.3,2.0,0.7,77.8,-0.7,-2.9,1
134.0,184.0,187.3,250.0,20.0,26.7,1.7,1.3,70.0,-9.3,-8.6,96.3,179.3,247.7,252.0,21.3,29.7,2.0,2.0,40.0,0.3,-6.0,1
231.0,30.0,252.3,98.3,45.7,2.3,0.7,3.0,60.0,28.7,0.4,167.5,190.0,206.0,138.0,22.0,13.0,0.5,0.5,30.0,6.0,-4.1,0
58.5,213.5,294.0,231.0,19.0,30.0,1.5,1.5,60.0,-4.1,-1.4,205.0,103.5,250.5,260.5,28.5,27.5,1.5,1.5,50.0,3.4,-2.9,1
44.0,235.7,206.0,311.7,4.3,49.7,1.3,0.0,44.4,-2.5,1.0,80.3,254.3,115.3,264.3,9.0,40.3,1.0,1.7,50.0,-15.0,-3.9,0
164.3,204.3,232.0,188.7,39.7,27.0,1.7,3.7,60.0,-6.0,-7.1,218.3,119.7,173.3,244.7,38.3,25.0,2.0,1.0,30.0,0.6,-5.1,1
218.7,105.0,210.0,190.3,38.0,17.0,1.0,1.7,77.8,10.6,6.1,263.0,156.7,160.3,328.7,33.7,31.3,1.0,0.7,80.0,5.6,5.4,0
197.3,93.3,129.7,179.7,29.7,12.0,1.0,0.3,20.0,4.8,-1.3,124.3,182.7,175.3,226.7,15.3,23.0,2.0,4.7,30.0,-11.0,-8.8,0
107.5,307.0,248.5,196.5,28.5,52.5,1.5,2.0,60.0,-8.7,13.1,151.5,85.0,225.5,204.5,28.0,20.5,1.5,1.0,10.0,6.9,2.6,1
215.3,189.3,253.0,285.3,32.3,38.0,1.3,0.7,66.7,-4.1,-1.4,116.3,65.3,302.0,427.0,31.7,40.0,1.3,1.0,55.6,7.3,2.6,0
86.7,121.0,234.7,346.0,16.0,36.3,2.0,1.3,80.0,10.8,1.0,254.3,68.7,259.3,191.0,48.0,8.0,0.7,3.3,90.0,0.9,-2.5,0
85.5,46.0,248.0,270.5,40.5,6.5,1.0,5.5,70.0,17.1,-1.0,86.0,311.0,224.5,115.0,13.0,39.5,2.5,0.5,50.0,-15.2,-7.7,0
113.3,137.3,232.0,139.0,19.7,14.3,1.0,2.0,50.0,-1.7,-1.6,116.0,283.3,236.0,246.3,12.3,45.0,2.3,1.0,70.0,-24.6,-13.3,1
163.7,245.3,255.7,236.3,32.0,34.3,1.0,1.3,50.0,-6.0,-5.8,190.3,226.7,215.3,255.0,21.3,39.3,2.0,2.0,33.3,-13.2,-7.8,0
174.0,75.7,182.3,145.0,36.7,5.3,0.3,1.7,30.0,14.9,-0.5,142.0,80.0,223.0,229.7,26.0,16.0,1.0,4.0,90.0,7.8,5.0,1
105.3,145.7,221.3,227.3,25.7,28.3,1.3,1.3,70.0,9.2,5.0,138.0,180.0,171.3,199.3,21.0,23.7,2.0,3.0,80.0,12.8,7.0,0
270.3,170.7,277.7,230.3,41.7,30.7,1.0,1.0,40.0,-10.6,-9.7,169.0,239.0,284.0,168.0,27.0,32.7,1.3,0.7,50.0,-4.9,-5.8,0
175.3,91.0,252.0,184.0,42.3,12.3,1.0,2.7,60.0,18.6,2.2,218.3,121.7,235.0,194.3,33.3,21.7,1.0,2.0,50.0,-7.2,-8.0,0
78.5,144.5,308.5,358.5,34.5,35.0,0.0,3.0,44.4,5.4,5.4,116.0,214.0,325.0,262.0,56.0,63.0,3.0,2.0,90.0,-3.7,-5.1,1
188.0,119.3,198.7,210.0,43.0,22.0,0.3,2.0,80.0,-2.8,-8.3,163.3,257.3,230.7,246.7,25.0,44.0,2.0,1.7,80.0,-17.0,-9.2,0
121.3,229.7,195.7,152.0,22.0,32.3,1.3,1.3,30.0,-20.8,-10.1,87.0,229.3,168.0,163.0,16.7,24.3,3.3,1.0,36.4,-10.9,-7.0,0
226.7,230.0,232.7,213.0,34.7,40.3,1.0,1.0,40.0,8.8,3.0,180.7,310.0,399.7,164.7,51.7,33.3,0.7,1.3,70.0,12.4,0.8,1
136.7,228.7,374.3,267.3,32.3,35.7,1.3,1.7,40.0,-8.2,-5.5,172.7,151.0,256.0,237.0,33.0,25.0,1.7,1.7,60.0,-6.7,-10.6,1
0.0,0.0,0.0,0.0,42.0,8.7,0.3,1.0,30.0,22.5,9.0,0.0,0.0,0.0,0.0,22.7,37.3,0.3,0.7,30.0,-19.4,-10.8,0
273.3,91.3,222.3,227.0,42.7,22.3,1.3,3.0,30.0,14.4,3.3,295.0,157.7,157.3,261.7,31.0,35.3,1.7,0.7,100.0,-1.7,-2.9,1
160.3,127.7,211.0,243.0,29.7,27.0,2.3,3.0,70.0,8.4,3.0,293.0,222.7,144.0,276.3,33.3,40.3,2.0,0.7,70.0,4.1,4.9,1
207.0,73.0,117.3,252.0,28.0,15.0,0.7,2.3,30.0,-1.7,-7.6,97.7,167.0,192.7,147.3,12.7,22.7,3.3,2.0,36.4,-11.2,-7.1,1
159.0,184.0,222.7,274.3,34.3,24.0,1.0,2.0,70.0,6.5,3.3,361.0,131.7,147.7,223.0,50.0,18.0,1.0,3.7,20.0,10.8,-0.2,1
289.0,138.0,186.0,205.0,30.0,10.0,0.0,1.0,80.0,5.2,-2.5,157.0,102.0,205.0,220.0,23.0,12.0,1.0,2.0,80.0,3.8,-6.0,1
325.7,173.0,193.7,239.3,46.3,18.3,0.7,3.3,90.0,17.7,0.3,164.0,185.0,280.5,208.5,27.0,22.5,1.0,0.5,30.0,-6.4,-8.1,0
142.3,183.7,239.3,212.7,26.7,24.0,1.3,1.7,11.1,-6.9,-3.1,120.3,100.0,238.0,205.7,26.0,30.3,1.3,1.3,11.1,-16.9,-14.4,0
268.0,126.0,50.0,239.0,24.0,28.0,2.0,1.0,30.0,14.0,7.3,164.0,187.0,354.5,458.0,38.0,50.5,1.0,0.5,30.0,-3.8,-7.6,0
353.0,134.3,135.0,128.7,39.0,3.3,1.7,2.3,80.0,15.3,-0.7,170.3,189.0,183.7,257.3,24.3,25.3,0.7,1.7,50.0,-2.4,-4.6,1
165.0,100.0,193.3,262.3,31.0,19.7,0.3,2.0,55.6,14.7,9.1,178.0,170.7,303.7,290.0,30.7,35.3,1.7,1.3,90.0,3.6,2.0,1
188.7,149.0,209.0,152.7,27.0,9.7,0.7,1.0,66.7,1.8,-2.5,132.3,187.0,266.0,245.3,22.7,29.3,1.7,3.0,88.9,-11.0,-6.2,1
313.7,109.0,238.0,270.3,43.3,29.0,3.3,1.7,90.0,14.1,0.3,83.7,329.3,151.7,146.3,11.0,50.0,3.3,0.7,50.0,-15.1,-7.8,0
218.0,69.0,349.0,208.0,48.0,16.0,4.0,4.0,100.0,7.6,-18.0,167.0,99.0,204.0,96.0,14.0,19.0,5.0,2.0,50.0,-12.9,-2.9,1
213.0,136.3,220.0,174.7,34.3,15.0,2.0,1.0,66.7,15.0,9.4,161.7,113.7,153.0,227.7,12.0,19.0,1.7,1.7,66.7,3.5,2.6,0
0.0,0.0,0.0,0.0,21.7,13.3,0.0,0.7,40.0,-13.0,-8.0,47.3,101.0,126.0,184.3,13.7,34.7,1.0,0.3,10.0,-4.9,-4.9,0
156.7,148.7,258.3,282.0,33.3,26.7,1.0,2.7,20.0,9.4,6.8,82.7,201.3,275.3,122.0,11.0,20.3,2.0,1.3,30.0,3.1,2.0,1
159.7,84.0,460.0,233.7,56.3,16.0,0.3,2.7,30.0,6.6,-1.3,101.0,226.0,300.3,171.7,21.7,31.0,1.7,1.3,60.0,-8.9,-10.1,1
88.0,123.0,140.0,228.7,14.3,29.0,3.3,1.3,60.0,-9.4,-9.0,60.7,267.3,248.7,240.3,18.3,51.0,2.0,1.0,36.4,-22.3,-5.0,1
220.3,135.7,172.7,204.3,26.7,27.7,2.3,1.0,50.0,12.3,6.3,351.7,162.7,242.3,154.0,46.0,16.0,0.7,2.0,77.8,13.5,6.1,1
93.7,161.0,197.3,226.3,19.3,22.7,1.0,1.3,60.0,9.5,1.6,199.7,145.0,186.3,153.3,29.0,11.7,1.0,2.7,70.0,13.2,3.5,1
167.3,183.7,214.3,176.3,29.7,17.3,1.7,3.0,70.0,8.8,-3.8,183.0,139.7,207.7,217.7,18.0,21.7,1.3,0.7,40.0,-7.8,-5.4,0
164.0,100.0,300.0,236.0,38.0,30.0,2.0,2.0,18.2,2.9,-12.8,168.0,131.0,341.0,263.0,27.0,31.0,3.0,1.0,80.0,-0.6,-4.6,1
244.7,51.7,281.7,131.7,39.3,3.3,1.0,1.0,80.0,25.5,7.3,176.7,218.0,158.7,253.7,16.7,42.3,2.3,0.3,20.0,-2.8,-1.0,1
81.0,186.7,131.0,244.3,10.0,31.0,1.3,2.0,60.0,-9.0,0.6,22.5,265.0,319.5,291.0,12.0,38.0,0.5,2.5,40.0,-10.1,-8.6,0
240.3,165.0,153.0,293.7,24.0,39.7,2.0,1.0,77.8,-13.0,-12.6,86.3,318.0,240.7,229.3,22.7,47.7,1.3,0.7,66.7,-14.2,-7.4,0
261.3,155.3,232.0,201.3,36.3,20.7,1.7,2.0,40.0,25.6,13.3,204.3,181.0,224.7,187.7,35.3,33.3,1.3,1.0,30.0,7.5,4.1,0
95.0,270.0,190.3,250.0,14.0,43.0,0.7,0.7,11.1,-12.9,-4.6,182.0,202.7,131.0,264.0,18.0,32.3,0.7,1.3,44.4,-6.0,-5.1,0
120.3,211.3,134.7,140.7,23.0,28.7,1.7,1.0,90.0,-12.9,-11.1,167.3,173.7,174.0,277.0,30.0,32.3,1.3,2.0,50.0,-14.3,-11.1,0
331.5,178.5,237.0,269.0,49.5,29.5,2.0,1.5,90.0,14.9,-7.5,209.0,180.5,353.5,316.5,41.5,27.5,1.5,2.5,70.0,8.7,1.2,0
201.0,146.0,219.0,355.0,55.0,42.0,0.0,2.0,50.0,2.3,-5.0,114.5,111.5,236.0,344.0,33.5,34.0,1.5,2.0,80.0,8.4,8.1,0
70.7,198.3,371.3,201.3,28.7,30.0,1.3,1.7,11.1,-20.8,-14.8,186.0,335.0,159.7,174.7,23.3,28.7,2.0,1.0,33.3,-18.9,-13.9,1
152.0,136.0,212.0,198.0,26.3,25.3,2.0,0.3,36.4,-5.5,-4.6,67.7,177.7,143.0,161.3,16.0,32.3,2.3,2.3,50.0,-14.5,-6.4,1
168.0,219.7,174.7,218.0,24.3,30.0,2.7,1.0,70.0,2.3,8.9,100.7,128.7,289.0,237.3,27.0,32.7,1.0,0.3,20.0,2.0,4.1,1
180.0,89.0,233.7,213.0,22.7,12.7,0.3,2.3,50.0,-11.6,-10.2,186.0,196.0,160.3,159.0,31.0,22.3,0.7,2.0,10.0,-13.0,-14.3,0
230.3,176.0,347.0,319.0,43.0,31.7,1.0,2.0,100.0,15.4,3.4,148.0,220.0,225.3,156.3,22.0,26.0,1.7,1.3,90.9,8.4,8.2,1
123.3,108.7,228.3,191.3,21.3,17.0,2.3,1.7,70.0,3.2,-3.2,316.7,184.0,83.0,234.3,32.0,15.7,1.3,3.3,30.0,0.8,-2.5,1
281.0,121.7,258.7,215.7,34.7,21.3,0.7,0.7,30.0,-0.9,-8.1,264.7,80.3,205.0,322.0,31.0,23.3,1.3,1.3,60.0,-4.3,-11.6,1
257.0,122.7,278.3,250.3,55.0,27.7,1.0,2.0,30.0,28.0,4.8,88.7,196.7,304.3,170.3,26.7,28.7,3.0,2.0,18.2,-0.9,1.8,1
82.0,227.0,221.0,240.0,24.0,49.0,1.0,0.0,30.0,-3.5,-7.1,88.0,161.5,116.0,178.5,15.5,31.0,1.5,2.5,90.0,-7.5,-3.7,0
108.0,208.0,212.0,458.0,34.0,61.0,2.0,3.0,40.0,-16.1,15.1,-9.0,183.0,99.0,299.0,7.0,48.0,1.0,5.0,40.0,-14.0,17.2,1
185.0,116.0,171.0,412.7,29.3,48.0,2.0,2.0,11.1,-11.2,-5.5,81.3,225.7,185.3,206.0,11.3,36.3,2.7,1.3,33.3,-26.4,-13.0,1
201.7,148.0,202.7,215.3,22.3,28.0,1.7,0.7,40.0,-14.8,-12.2,153.7,110.3,228.3,233.3,35.7,13.7,0.7,3.0,50.0,-5.2,-8.5,0
161.3,156.7,276.3,218.0,24.3,28.0,1.3,1.3,77.8,-6.8,-11.8,288.5,87.0,183.5,149.0,30.5,12.0,1.0,1.0,44.4,-2.0,-11.8,0
207.5,113.0,337.0,378.0,46.0,28.5,1.5,3.5,50.0,9.6,-3.7,11.0,181.0,193.0,116.0,13.0,26.0,4.0,1.0,60.0,-13.9,-12.5,0
251.7,118.3,314.7,209.0,46.0,24.3,1.3,1.7,20.0,0.8,-9.3,158.0,266.0,272.0,276.7,27.3,42.7,1.3,1.0,80.0,-18.6,-12.0,0
150.0,301.0,272.0,167.0,9.0,38.0,1.0,1.0,50.0,-2.2,-4.0,178.0,108.0,319.0,339.0,34.0,31.0,2.0,0.0,60.0,-2.1,-20.5,1
130.0,192.0,157.0,280.0,14.0,50.0,5.0,0.0,20.0,-8.5,5.0,55.0,221.0,74.0,239.0,7.0,38.0,1.0,3.0,50.0,-5.9,9.4,0
174.0,120.0,240.3,204.7,30.0,19.3,2.3,2.7,70.0,10.5,-2.1,104.5,104.5,225.5,452.0,20.5,50.5,2.0,1.5,50.0,-21.0,-15.1,1
161.3,210.0,340.7,303.0,37.0,32.3,1.3,2.0,11.1,8.0,-0.1,83.7,159.7,244.0,320.3,16.3,42.7,3.7,2.3,50.0,-17.1,-8.5,1
249.0,140.7,318.3,187.3,44.7,21.0,1.3,0.3,77.8,23.8,3.5,109.7,169.7,239.3,238.3,24.7,34.7,2.3,1.3,40.0,-4.7,-1.0,1
84.7,111.7,182.3,286.7,17.7,21.0,1.7,0.7,70.0,1.4,-2.3,61.3,208.7,241.3,191.7,23.7,28.3,1.0,1.7,50.0,-3.5,-6.1,1
58.5,150.0,346.5,221.5,34.0,28.0,2.0,0.5,70.0,8.1,6.0,143.3,161.7,215.0,206.0,14.7,26.7,0.7,0.3,50.0,-13.4,-9.2,1
313.7,131.0,190.3,313.7,35.0,29.7,1.0,2.0,88.9,5.4,2.0,146.0,61.0,258.3,326.0,34.7,26.7,1.3,1.0,66.7,6.3,5.5,1
221.0,193.0,99.0,226.0,51.0,23.0,1.0,2.0,60.0,1.7,-17.9,104.0,359.0,242.0,356.0,7.0,56.0,3.0,3.0,30.0,-23.6,7.6,1
150.7,170.0,138.0,155.0,20.7,25.7,1.7,1.7,60.0,-10.3,-6.5,54.0,57.3,219.0,276.3,23.7,20.3,2.3,2.3,30.0,-1.3,-4.3,1
125.3,151.7,252.3,228.3,20.3,20.3,2.3,3.0,36.4,-7.0,-4.4,215.3,244.0,171.0,244.0,25.0,44.3,2.0,1.0,40.0,-15.2,-7.7,1
250.3,221.7,275.3,140.3,41.7,25.0,2.0,1.7,77.8,17.7,6.5,140.3,170.7,269.0,238.3,28.3,24.0,1.7,1.7,77.8,19.7,6.3,0
217.7,107.7,273.0,216.7,38.0,14.7,1.7,3.0,66.7,12.7,6.7,212.7,74.3,289.7,347.0,47.3,33.3,2.3,3.3,77.8,1.9,-5.4,0
100.0,192.0,170.0,178.0,14.0,23.0,2.0,2.0,50.0,-7.9,-12.2,133.5,183.0,171.5,270.0,14.5,32.0,3.0,2.5,50.0,-15.6,-16.8,0
75.7,165.0,207.7,231.0,13.3,27.3,0.7,2.7,60.0,-0.2,-2.8,264.3,130.0,113.0,317.7,28.3,20.0,1.7,3.3,70.0,4.1,0.7,0
168.7,282.0,427.3,338.0,31.3,51.0,2.3,1.0,50.0,4.2,3.9,82.7,317.7,128.3,176.3,10.3,38.3,1.7,1.7,50.0,-14.4,-2.8,0
127.3,332.7,146.3,135.7,10.0,46.3,2.7,0.7,44.4,-25.7,-16.2,121.7,172.7,112.7,272.7,12.3,35.3,1.0,1.3,22.2,-28.2,-19.8,1
182.3,117.7,237.3,311.7,39.7,28.7,1.0,3.0,80.0,18.5,18.5,109.7,284.7,175.7,190.3,12.7,35.3,3.0,2.7,50.0,-12.3,-12.3,1
171.3,178.0,329.3,216.7,28.0,26.7,2.3,0.3,66.7,7.9,-2.3,112.0,207.7,192.0,165.3,15.7,25.3,0.0,1.3,33.3,-16.5,-10.6,0
100.3,171.3,163.3,237.0,12.7,32.7,2.3,2.0,80.0,10.7,0.3,90.0,136.7,266.0,230.7,35.7,32.3,3.0,1.3,80.0,0.4,-4.9,1
109.0,87.0,180.7,197.3,27.0,12.7,0.7,2.0,60.0,15.3,3.2,145.7,116.0,355.3,256.7,29.0,19.0,1.3,2.0,40.0,10.2,-0.1,0
106.3,125.3,354.0,258.0,30.7,15.7,1.3,2.7,90.0,6.2,-1.0,126.7,205.0,87.0,178.0,5.7,27.7,3.0,1.7,80.0,-10.6,-0.4,0
65.0,173.5,205.0,239.5,17.5,20.0,0.5,1.5,40.0,14.5,15.1,70.0,104.0,207.5,289.5,15.5,25.5,2.5,3.0,22.2,-0.3,11.4,0
151.0,117.0,275.0,270.0,36.3,27.3,1.3,2.0,70.0,24.5,14.5,110.0,57.0,192.7,194.3,19.0,15.0,2.0,1.0,70.0,3.4,3.6,0
183.3,197.7,183.7,168.7,25.0,28.0,2.0,0.7,50.0,15.4,6.0,192.3,133.7,204.0,173.3,35.3,13.7,1.0,4.0,70.0,12.0,5.0,1
300.3,185.0,145.0,254.0,36.7,33.7,1.0,1.7,55.6,2.2,-3.5,188.7,160.7,262.7,188.0,30.0,28.7,3.3,0.7,40.0,3.2,-4.6,1
186.3,202.0,254.3,300.3,26.3,43.3,2.0,1.3,70.0,-23.0,-15.4,147.3,191.0,179.3,266.0,21.3,32.0,1.7,2.3,44.4,-17.1,-7.8,1
167.3,282.7,155.0,133.3,14.7,28.3,2.0,2.7,66.7,-17.1,-8.3,158.7,167.7,383.7,219.3,33.7,26.7,1.7,2.7,66.7,-9.1,-13.1,0
99.0,174.0,180.7,167.3,9.3,29.3,3.0,1.7,70.0,-9.2,-5.7,282.3,56.7,220.0,275.3,42.3,27.7,2.3,2.0,30.0,4.3,-3.7,1
207.7,73.0,217.3,314.3,28.7,19.0,1.7,2.0,10.0,16.4,6.7,119.7,165.0,230.0,332.3,17.3,40.7,1.7,1.3,60.0,-9.3,-6.0,0
228.0,190.0,219.7,236.0,33.0,30.3,1.7,1.0,40.0,-9.6,-9.1,118.3,194.0,165.7,296.0,13.7,38.0,1.0,1.0,22.2,-21.6,-11.9,1
121.0,80.5,401.5,256.0,39.0,13.5,1.0,2.0,55.6,5.1,-11.0,188.3,140.3,227.3,181.3,29.3,18.0,1.7,2.0,80.0,1.9,-5.4,1
15.0,156.0,179.0,253.0,19.0,26.0,2.0,1.0,40.0,-8.4,-8.8,108.5,174.0,296.0,202.5,25.0,35.5,2.0,0.0,50.0,-6.9,-0.9,0
126.7,240.7,291.7,216.7,32.0,35.3,1.7,1.7,11.1,11.4,11.4,133.7,130.7,317.0,362.7,34.0,36.0,2.3,2.0,60.0,-8.7,-8.7,1
226.3,155.0,246.0,230.7,43.3,37.7,1.3,1.3,90.0,17.3,7.3,185.0,73.0,273.3,162.0,40.3,15.0,1.0,1.3,18.2,9.5,3.3,0
121.3,164.0,266.7,280.3,31.7,25.7,2.0,2.0,11.1,-5.0,-3.3,82.7,193.7,339.0,201.0,23.0,36.0,2.0,0.3,22.2,-17.8,-11.3,0
92.3,226.7,241.3,246.7,18.7,39.0,1.7,1.3,50.0,-3.1,-0.5,192.3,210.0,290.0,247.3,34.3,28.0,1.0,3.0,70.0,13.9,6.9,1
119.3,126.0,204.0,187.0,18.0,20.3,1.0,1.3,66.7,3.4,8.8,136.3,153.0,294.0,263.0,23.0,33.3,2.0,0.3,80.0,-11.5,4.6,0
280.7,207.3,188.7,185.7,36.7,31.7,2.7,1.3,70.0,-1.5,-6.1,92.0,158.3,191.3,285.0,12.7,36.0,2.7,2.3,50.0,-20.9,-8.7,1
60.7,165.7,248.3,246.3,17.0,36.0,3.7,2.3,60.0,-14.3,-12.2,171.7,179.0,97.3,267.0,14.7,28.7,1.7,1.7,40.0,-11.7,-10.3,0
125.7,167.3,420.7,291.0,39.3,35.3,2.0,2.0,70.0,-8.5,-4.2,68.3,131.3,214.0,342.3,14.3,44.7,4.0,2.0,72.7,-15.7,-6.0,0
294.0,108.7,116.0,261.3,31.7,18.0,1.7,2.7,70.0,3.1,-0.8,196.7,116.0,174.3,250.0,24.7,20.0,1.7,0.7,30.0,5.4,-4.6,1
124.7,136.0,175.3,207.7,17.0,29.3,3.0,0.7,60.0,-17.9,-14.1,179.7,391.0,167.3,176.7,19.3,48.7,2.0,2.0,33.3,-24.8,-14.1,0
186.7,86.0,254.7,212.0,33.7,25.0,2.7,3.0,81.8,2.5,1.3,211.7,119.7,190.3,209.0,24.0,23.3,2.0,1.0,70.0,1.7,-7.8,1
180.3,219.0,221.3,221.7,32.3,40.0,1.7,2.3,60.0,-17.5,-11.2,139.7,220.3,242.0,187.7,27.7,35.3,2.7,0.0,60.0,-12.3,-12.1,0
366.7,90.7,225.7,150.0,55.3,8.7,0.0,2.0,88.9,34.8,8.2,233.7,114.0,225.3,234.3,39.7,27.0,1.3,2.3,100.0,4.1,-3.2,0
161.7,168.7,125.3,269.3,21.3,25.0,0.7,1.7,80.0,1.0,1.8,85.3,104.7,345.3,291.0,29.0,25.3,1.7,1.3,77.8,2.7,-1.5,1
166.0,107.0,200.7,251.7,23.3,16.7,1.3,2.3,77.8,12.1,4.3,234.0,186.5,296.0,293.5,28.5,29.0,2.5,1.0,66.7,2.9,-2.6,0
145.3,201.0,88.0,186.7,19.7,31.7,1.7,1.7,30.0,-14.1,-3.3,137.0,174.3,202.3,103.7,20.0,24.7,3.3,1.3,80.0,1.5,-0.8,1
135.3,93.0,207.3,301.7,31.0,26.3,1.7,2.7,80.0,24.3,4.5,109.0,125.0,201.0,332.3,12.3,44.3,3.0,2.0,60.0,-17.3,-8.9,0
307.3,228.7,79.3,162.7,26.3,30.0,1.3,1.3,80.0,-2.2,-4.1,68.3,118.0,267.3,227.0,27.0,25.7,1.0,2.0,70.0,0.0,-1.4,1
74.0,98.3,137.0,220.0,13.3,21.3,2.0,3.0,40.0,-16.2,-9.2,141.0,206.0,326.0,223.3,26.0,29.3,1.3,0.7,60.0,-15.1,-10.5,0
149.0,147.0,211.7,230.3,22.7,22.0,2.3,3.0,72.7,7.0,4.4,79.3,225.3,224.3,342.3,9.0,47.3,2.3,0.3,70.0,-25.1,-1.0,1
228.5,76.5,244.5,230.0,38.0,8.5,2.0,3.0,90.0,20.1,5.2,-21.0,142.0,234.0,121.0,7.0,27.0,5.0,1.0,80.0,1.3,-7.7,0
55.7,165.7,250.0,181.0,25.3,27.0,2.7,1.3,80.0,-11.2,-8.2,119.7,184.7,197.7,268.3,17.3,33.0,1.7,1.3,20.0,-5.9,-1.4,1
122.3,180.3,486.3,329.3,46.7,41.0,1.3,1.0,80.0,-2.3,-5.9,336.7,217.0,126.0,207.3,30.0,25.3,1.7,1.3,80.0,3.2,3.3,0
119.0,191.0,288.0,333.0,21.0,35.0,4.0,1.0,50.0,-2.8,7.0,147.0,3.0,225.0,56.0,37.0,0.0,3.0,1.0,72.7,5.2,-22.2,0
72.0,168.3,251.3,168.3,19.3,29.7,2.3,0.7,36.4,5.1,5.5,123.3,209.0,264.3,233.0,29.0,39.3,2.7,1.0,70.0,9.4,6.3,0
275.0,103.0,227.0,220.0,42.0,21.0,1.0,2.0,80.0,5.3,-1.8,208.0,211.0,239.0,200.0,33.0,17.0,1.0,5.0,80.0,2.7,-6.2,1
187.0,109.0,175.0,114.0,16.0,19.0,1.0,2.0,90.0,5.9,1.3,359.0,104.0,356.0,242.0,56.0,7.0,3.0,3.0,70.0,16.1,-15.1,1
139.7,141.3,303.3,361.7,36.7,40.7,2.7,1.3,70.0,17.2,7.4,95.0,182.7,201.7,164.0,19.3,23.0,2.0,1.3,50.0,0.3,-2.5,0
203.7,101.3,178.3,362.3,37.0,34.7,1.3,2.0,50.0,-10.2,-10.6,146.3,210.0,192.3,115.7,24.0,21.0,1.3,1.3,30.0,-2.4,-6.0,1
194.7,63.0,228.7,342.7,39.7,25.7,1.0,2.0,30.0,11.3,3.0,128.0,210.7,215.3,172.7,30.0,25.0,0.7,1.0,30.0,4.0,2.6,1
89.3,216.0,221.7,252.3,20.3,33.3,1.3,1.7,50.0,-18.8,-9.0,46.7,204.3,370.0,276.3,26.7,43.0,2.0,1.3,0.0,-21.3,-7.1,1
146.0,144.7,131.7,225.3,16.7,26.3,1.7,1.0,80.0,-13.1,-10.2,147.0,158.7,268.0,263.3,30.0,30.3,0.7,2.3,90.0,-14.3,-7.1,0
142.7,111.7,244.0,213.3,32.0,18.3,1.0,1.3,60.0,2.1,-5.5,64.7,136.3,201.0,223.0,17.0,29.7,1.3,1.0,20.0,-19.0,-14.5,1
169.0,43.0,126.5,210.0,27.0,8.0,0.5,1.0,80.0,9.7,-2.5,63.0,297.0,219.0,153.0,13.0,31.0,1.0,1.0,80.0,-11.6,-12.3,1
172.0,136.3,298.0,157.3,38.7,15.0,1.7,2.0,50.0,27.7,27.7,173.7,171.7,339.0,252.7,34.7,30.3,1.7,2.3,10.0,12.3,12.3,1
131.3,151.3,176.7,310.0,20.3,40.7,2.3,1.3,30.0,-5.1,-2.8,63.7,219.3,218.3,272.7,20.0,34.7,2.0,0.3,50.0,-8.9,2.0,0
0.0,0.0,0.0,0.0,14.3,23.0,0.3,1.0,30.0,0.3,0.3,0.0,0.0,0.0,0.0,22.7,41.7,1.3,0.7,80.0,-10.9,-10.9,0
329.7,151.7,154.3,268.7,37.7,36.3,2.7,2.3,20.0,5.5,4.3,64.0,176.7,378.0,359.3,20.3,51.3,3.3,1.3,90.0,-22.2,-9.5,1
255.3,54.3,280.3,122.0,45.0,9.3,1.0,2.7,60.0,8.8,-2.2,159.3,129.0,230.0,111.0,23.7,9.0,2.3,1.7,30.0,0.1,-4.9,0
170.0,191.0,350.0,305.7,31.0,40.0,1.7,1.7,22.2,-6.4,-3.4,107.7,258.3,256.7,196.3,21.7,45.3,2.3,1.3,70.0,-15.4,-8.1,1
118.5,158.5,228.5,294.5,22.5,37.5,1.5,0.5,55.6,-8.0,-8.7,126.5,107.5,246.0,333.5,17.0,32.5,1.0,0.5,22.2,-24.9,-23.1,1
106.3,241.7,288.7,191.0,19.7,33.3,1.3,0.7,70.0,-0.8,1.5,159.0,218.7,219.0,129.0,17.3,16.0,2.3,1.7,20.0,4.7,4.2,0
153.5,111.0,240.5,214.5,21.5,28.5,4.0,1.0,20.0,-21.8,-21.7,133.5,131.5,207.0,255.5,17.0,29.5,0.5,1.5,70.0,-19.4,-20.7,0
134.0,218.3,299.3,200.3,27.3,33.0,2.0,1.0,70.0,0.7,1.8,30.7,215.3,224.0,226.7,10.7,34.0,1.7,1.3,50.0,-5.2,-2.3,1
156.0,201.0,185.0,491.0,27.0,48.0,4.0,1.0,44.4,-9.0,-17.1,149.0,278.0,125.0,163.0,14.0,34.0,1.0,0.0,77.8,-5.4,-5.8,1
201.0,71.0,349.0,212.0,49.0,0.0,2.0,3.0,45.5,16.5,-14.7,338.0,71.0,152.0,201.0,48.0,10.0,2.0,1.0,30.0,-6.1,-32.9,0
243.0,126.7,267.7,275.0,34.3,19.7,0.3,2.0,100.0,23.8,12.4,357.0,123.0,193.0,261.0,44.0,16.0,1.0,1.0,77.8,-9.6,-19.4,0
194.0,104.0,109.3,234.3,30.7,11.7,0.7,3.0,80.0,8.1,3.7,96.3,188.3,331.7,238.3,24.0,33.3,1.0,1.3,50.0,-1.3,1.1,1
115.0,129.3,385.0,231.3,39.0,18.0,1.7,1.3,40.0,15.3,2.1,214.3,198.7,180.0,231.0,30.0,29.3,0.3,2.3,50.0,-5.2,-6.7,0
167.0,23.3,218.3,198.7,23.7,11.7,1.3,1.7,90.0,13.2,7.6,108.7,123.0,109.3,217.0,11.0,20.7,2.7,3.0,80.0,-0.7,-0.8,1
101.0,117.7,143.3,265.3,16.3,23.3,1.0,2.7,30.0,-6.4,-1.1,110.0,226.3,310.3,212.0,22.7,25.7,1.3,1.3,30.0,-3.4,-1.6,1
215.0,174.0,245.0,238.0,49.0,22.0,1.0,0.0,60.0,4.7,-21.7,135.0,220.0,224.0,296.0,3.0,28.0,1.0,1.0,50.0,-1.3,-4.9,1
180.0,85.7,201.0,338.3,22.7,21.3,1.0,1.0,60.0,5.2,-1.3,140.3,155.7,241.0,211.0,22.7,30.0,2.7,1.0,60.0,-13.0,-7.9,1
312.0,137.0,262.0,177.0,48.0,14.0,0.0,1.0,44.4,18.5,-5.1,115.0,104.0,235.0,247.0,18.5,26.0,1.5,2.5,30.0,6.6,9.4,1
213.0,165.3,270.3,328.0,44.0,33.0,2.0,1.7,88.9,23.2,23.2,234.7,232.3,174.3,189.3,22.7,38.0,2.7,0.3,30.0,14.5,14.5,1
181.0,218.3,464.0,228.3,41.3,35.0,0.7,0.0,60.0,10.0,8.1,285.0,250.3,160.3,191.7,32.0,34.7,2.3,0.7,33.3,2.5,-2.7,1
146.0,151.3,253.7,184.3,26.7,22.3,1.3,1.7,90.0,9.3,4.7,203.7,165.7,194.3,157.7,33.7,20.0,1.7,2.3,80.0,-1.5,-1.2,1
112.0,167.0,142.0,239.0,23.0,27.5,2.0,3.0,90.0,8.0,10.0,242.0,120.5,266.5,182.5,29.5,15.5,2.5,1.0,80.0,7.1,-10.1,0
149.7,99.7,243.7,257.3,19.0,23.3,1.7,1.3,40.0,-0.2,-6.3,67.3,139.7,209.0,304.7,18.7,26.7,2.0,2.7,72.7,-25.7,-14.6,1
82.3,166.7,356.3,229.7,22.3,29.7,4.0,2.0,50.0,-2.3,2.9,269.0,160.7,169.3,160.7,29.0,20.3,1.0,2.3,70.0,5.2,7.8,1
238.0,93.0,396.0,360.0,53.3,26.3,0.7,1.3,77.8,15.2,6.5,139.0,188.0,268.0,266.0,21.0,32.0,1.7,0.7,60.0,-5.2,0.1,0
231.7,101.7,188.0,196.0,35.7,20.3,1.3,1.3,88.9,1.2,0.3,191.0,144.3,208.0,200.7,27.7,40.7,2.7,1.7,60.0,-6.9,-6.9,0
228.7,121.3,166.3,290.7,28.3,34.3,4.0,2.0,30.0,1.7,9.9,137.3,174.7,158.0,385.3,15.7,36.7,2.0,2.0,90.0,-18.4,-4.5,0
152.7,178.3,300.0,244.3,33.0,28.3,1.3,1.3,90.0,5.9,-1.5,184.3,143.7,262.3,301.7,30.7,35.7,2.0,1.0,60.0,2.7,5.7,0
276.3,191.7,191.7,168.0,36.7,34.3,3.3,1.3,70.0,10.3,1.1,238.0,159.3,170.7,239.0,31.0,27.0,1.3,1.7,50.0,-0.2,-5.3,0
135.7,189.0,195.7,232.0,14.0,30.0,1.0,1.3,90.0,-7.5,-4.3,102.3,295.3,159.0,270.0,14.7,42.3,1.3,2.3,40.0,-17.1,-10.1,1
291.3,182.3,251.7,262.3,35.3,37.7,2.0,1.0,30.0,13.9,8.0,147.3,145.7,325.3,325.3,38.7,29.7,1.3,2.0,70.0,12.7,4.9,0
106.3,232.0,233.7,274.3,21.0,40.3,2.0,1.7,70.0,-10.3,-4.2,169.0,154.0,346.3,238.0,40.0,30.3,2.0,0.7,80.0,14.5,0.5,0
83.0,247.0,299.7,175.7,26.7,34.7,2.3,1.0,66.7,-3.5,0.4,218.0,226.0,222.3,335.0,29.7,41.7,1.7,2.0,70.0,-13.2,-10.6,1
136.7,112.3,298.7,232.0,34.7,25.7,2.0,1.7,80.0,10.8,7.6,39.3,195.7,237.3,146.3,14.7,28.3,1.3,1.3,50.0,-5.6,-3.8,0
24.0,112.0,504.0,514.0,42.0,47.0,0.0,0.0,60.0,-5.9,-14.8,48.3,159.7,256.3,285.7,15.7,39.3,2.0,0.7,36.4,-28.5,-13.7,1
298.0,216.3,273.3,343.7,47.7,39.7,1.3,2.0,88.9,9.5,6.2,181.0,78.7,222.3,282.0,30.7,25.0,0.7,1.7,77.8,17.8,8.1,0
191.0,101.5,77.5,150.5,23.5,8.5,0.5,1.0,77.8,3.2,-8.3,118.0,173.0,246.0,379.0,31.0,45.0,2.0,3.0,60.0,-9.0,-13.2,0
0.0,0.0,0.0,0.0,19.3,25.3,1.0,1.7,30.0,-1.9,-1.9,0.0,0.0,0.0,0.0,19.7,27.0,1.0,0.0,20.0,-11.2,-11.2,0
221.0,83.7,189.7,122.3,34.7,10.3,1.3,2.0,60.0,6.3,-2.4,70.3,132.0,204.7,268.7,14.7,26.3,1.0,1.0,20.0,-3.8,-2.2,0
128.7,206.7,213.7,208.3,19.3,31.3,1.3,1.0,81.8,2.0,0.6,267.7,164.3,221.0,314.0,37.0,30.3,0.7,0.7,60.0,9.9,6.5,1
123.3,203.7,148.0,251.7,19.7,35.0,1.3,2.3,44.4,-23.8,-16.3,62.3,154.0,138.0,261.0,11.3,34.3,2.0,1.7,70.0,-21.5,-11.3,0
181.7,176.0,240.7,218.7,31.0,23.7,2.3,2.3,100.0,2.3,-4.9,137.3,177.7,268.0,336.7,25.7,39.0,4.3,0.7,60.0,-3.8,-3.4,0
109.0,147.7,94.3,199.0,18.0,22.0,2.3,3.0,40.0,9.1,2.8,57.3,200.3,232.7,205.7,25.0,39.3,3.7,2.0,50.0,-1.6,-0.7,1
194.3,97.7,256.7,152.3,27.3,10.0,1.3,0.7,9.1,7.8,-1.6,163.7,168.0,174.3,289.3,22.3,30.0,1.3,1.0,70.0,-5.7,-1.8,1
135.3,200.0,328.7,227.0,35.3,25.0,2.0,2.7,40.0,0.0,-9.4,92.0,308.7,203.7,158.7,11.3,37.3,3.3,0.7,60.0,-24.6,-12.5,1
160.0,215.7,160.0,129.0,21.7,28.0,1.7,1.7,100.0,7.7,7.7,59.3,165.3,383.0,241.3,18.7,23.0,1.7,0.7,50.0,-4.9,-4.9,0
162.7,208.7,256.3,278.7,32.0,36.7,1.3,0.7,80.0,17.0,9.3,126.7,131.0,234.3,288.7,19.7,24.3,1.7,1.7,70.0,3.7,-0.6,0
162.0,171.3,247.3,252.7,30.7,29.7,1.7,1.3,30.0,-15.2,-13.1,159.3,83.3,273.7,265.0,35.7,19.0,0.3,3.3,60.0,2.3,-2.8,0
126.0,161.5,292.0,173.0,29.5,9.5,1.0,1.5,100.0,8.7,1.9,35.0,90.0,221.0,267.0,15.0,33.0,3.0,3.0,70.0,-3.5,-7.8,1
154.0,84.0,218.7,91.0,22.3,7.3,1.3,1.3,80.0,24.6,7.5,130.7,232.7,155.0,201.7,19.3,37.7,2.3,1.7,40.0,0.8,2.0,0
247.3,151.0,246.0,281.7,36.7,34.3,1.0,1.0,70.0,9.1,3.3,85.3,189.7,209.0,181.7,15.3,23.3,1.7,3.3,30.0,1.5,-0.1,1
245.7,202.0,178.7,161.7,30.7,29.7,1.3,1.3,70.0,7.7,-1.3,131.0,112.3,220.0,178.0,25.0,17.3,2.0,1.3,30.0,11.0,5.3,0
168.3,309.0,314.0,278.3,33.3,48.3,2.7,2.7,30.0,-9.7,-9.3,167.3,185.0,189.0,344.7,20.0,32.0,1.0,1.7,60.0,-14.4,-12.2,0
154.7,121.0,221.7,192.7,31.0,14.7,1.7,2.0,50.0,5.9,1.3,76.7,180.0,170.0,148.7,20.0,15.7,1.3,1.3,30.0,1.4,0.6,0
208.3,96.3,200.7,340.0,23.3,21.7,1.7,0.3,70.0,6.9,2.2,201.3,134.3,148.3,176.3,22.7,21.3,1.3,1.3,66.7,1.4,-0.5,1
229.3,90.7,201.0,157.0,38.7,11.7,2.3,4.0,20.0,4.2,-3.6,139.0,184.3,206.3,321.3,19.7,44.0,2.3,2.0,50.0,-20.0,-5.8,1
113.0,212.0,399.0,211.0,34.0,37.0,2.0,1.0,66.7,4.9,2.6,211.0,79.5,371.5,257.5,61.0,29.5,1.0,2.0,77.8,16.0,-3.3,1
159.3,138.3,282.0,169.0,27.7,20.3,1.3,1.3,80.0,19.7,8.0,76.0,163.7,380.0,297.3,24.3,35.3,1.0,0.7,40.0,-1.0,2.3,1
116.7,160.0,262.3,198.3,23.0,30.7,3.0,1.3,60.0,12.2,6.6,139.7,130.7,297.0,240.7,18.0,27.7,1.7,1.3,50.0,-1.5,3.5,0
269.0,197.0,227.0,216.0,35.0,14.0,2.0,0.0,88.9,17.8,3.6,229.0,122.0,227.0,329.0,38.0,28.0,1.0,0.0,44.4,0.8,-3.8,1
219.3,146.7,179.3,156.3,30.0,15.0,1.0,1.7,70.0,8.5,-0.4,160.7,149.3,158.3,196.0,22.3,16.3,1.7,2.7,40.0,6.7,-0.1,0
184.3,311.3,263.3,298.0,30.3,54.7,1.7,0.3,33.3,-18.4,-10.8,78.0,225.0,230.3,173.7,22.7,43.3,3.3,1.3,22.2,-19.9,-11.1,0
162.7,104.0,245.0,249.3,28.3,31.0,3.0,2.3,80.0,10.0,-0.8,287.3,204.7,89.7,229.3,21.3,40.7,2.3,2.0,77.8,-11.7,-7.9,0
209.7,53.7,242.7,251.7,42.3,22.3,1.3,1.3,30.0,6.7,-0.8,168.0,104.7,276.0,197.7,29.7,19.7,2.0,1.3,80.0,11.5,6.3,1
186.7,153.0,203.0,282.0,21.7,26.3,0.7,0.7,77.8,-0.5,3.6,126.3,193.0,194.3,148.3,19.3,25.3,2.0,1.7,80.0,-3.1,-4.6,0
254.0,88.7,160.0,99.0,33.7,9.0,0.7,2.0,77.8,25.7,9.8,116.7,245.0,116.7,130.3,13.0,27.7,1.7,1.3,50.0,-15.0,-4.8,0
166.5,212.0,218.0,242.5,18.0,28.5,1.5,1.0,80.0,-8.8,-6.0,102.0,116.0,356.5,209.5,37.0,24.0,1.5,1.5,60.0,5.0,-2.8,0
166.0,86.5,323.0,260.0,40.5,20.5,0.5,0.5,40.0,16.4,6.6,210.0,54.0,168.0,275.0,24.0,16.0,2.0,0.0,40.0,4.8,-14.1,1
199.7,245.3,269.7,193.0,27.7,21.3,1.3,2.0,77.8,6.1,5.0,97.7,271.0,428.3,369.7,34.3,46.0,1.7,0.3,90.0,3.6,1.5,1
220.7,122.3,276.3,367.7,43.7,30.3,1.3,2.7,66.7,19.1,7.3,188.7,105.0,149.7,292.0,24.7,24.7,1.3,1.3,44.4,8.8,-0.9,1
145.7,117.0,189.7,192.3,21.7,16.7,1.3,1.3,60.0,0.7,-7.6,270.0,146.0,202.7,299.0,31.7,29.3,0.7,1.0,100.0,0.4,-3.1,0
71.7,181.3,215.3,254.7,23.7,23.7,1.7,2.7,70.0,0.7,-2.3,155.3,137.7,260.7,192.0,28.3,17.0,1.7,2.3,40.0,-0.5,-2.4,1
140.3,197.7,186.0,197.0,22.0,31.0,2.3,1.3,50.0,-13.3,-7.3,165.3,213.0,144.7,268.3,25.7,40.7,2.3,2.7,60.0,-17.0,-10.6,0
178.3,180.0,225.7,255.7,36.0,25.0,1.3,1.7,44.4,-2.7,-7.0,132.7,247.3,235.3,183.3,22.0,32.3,1.7,1.7,11.1,-7.3,-4.1,1
163.7,133.7,332.0,188.7,45.3,16.7,0.7,1.0,88.9,15.1,-4.9,175.0,263.0,279.5,80.5,45.5,21.5,0.0,0.5,66.7,13.4,-2.6,1
131.7,153.0,226.3,174.7,21.0,20.0,2.0,1.7,77.8,5.8,0.9,81.0,193.3,253.7,270.3,16.0,25.7,1.0,0.3,77.8,12.1,5.1,0
186.0,88.0,193.3,199.3,26.3,15.7,1.3,0.7,30.0,7.0,-3.7,168.3,123.7,189.3,155.3,25.3,14.7,1.7,2.3,30.0,4.7,-8.2,1
227.7,123.3,206.7,232.3,37.0,25.7,2.0,2.0,60.0,9.5,5.2,132.3,148.3,193.0,205.3,27.7,23.7,2.0,1.0,44.4,5.7,3.6,1
164.7,135.3,183.0,267.0,24.0,26.3,1.7,1.3,80.0,6.9,4.1,258.3,232.3,103.3,230.7,24.0,33.3,1.7,1.0,30.0,-14.0,-7.6,0
74.7,209.0,188.7,234.0,17.3,29.7,0.7,0.7,44.4,-13.1,-11.9,193.3,276.0,279.7,232.0,39.3,41.7,1.3,2.3,11.1,-3.0,-7.1,0
95.7,159.0,270.7,209.3,25.0,30.3,2.0,0.7,70.0,0.7,2.0,245.7,103.7,295.7,148.0,43.0,13.7,1.3,2.3,30.0,5.3,-7.0,0
149.5,137.0,245.5,229.0,45.5,25.5,2.0,3.5,55.6,8.5,-0.4,209.0,54.0,164.0,471.0,27.0,33.0,1.0,1.0,33.3,-2.3,-9.4,1
203.3,193.7,94.7,218.3,11.7,22.3,2.0,1.3,80.0,-8.0,-4.4,95.7,268.3,314.0,226.7,30.3,45.3,1.3,1.3,60.0,-14.8,-6.4,0
7.0,218.0,103.0,253.0,3.0,23.0,2.0,2.0,81.8,0.8,9.1,15.0,189.0,154.0,298.0,14.0,45.0,3.0,1.0,50.0,-16.7,-0.1,0
112.0,142.0,262.3,177.7,31.7,19.7,2.0,2.7,30.0,0.0,-0.2,228.3,154.0,136.3,172.7,27.0,24.0,1.7,1.7,20.0,-2.3,0.2,1
228.7,74.7,245.0,251.7,33.7,20.0,1.7,1.0,80.0,3.9,-0.2,161.7,152.3,250.3,181.3,27.7,24.0,2.0,1.7,60.0,3.1,-1.6,0
127.7,106.3,131.0,157.3,23.3,23.7,1.3,2.0,30.0,2.8,0.6,140.3,145.0,226.3,186.3,17.7,18.3,1.7,0.3,40.0,-1.1,-4.6,1
192.3,139.7,239.3,221.7,35.7,19.3,2.0,1.3,30.0,15.8,8.0,210.7,163.7,231.3,288.3,33.7,29.0,1.0,1.3,77.8,7.3,2.5,0
124.0,235.3,181.0,97.7,20.7,22.3,1.3,1.3,70.0,3.8,-0.4,71.0,197.7,286.3,216.7,24.0,28.7,1.7,0.7,30.0,1.6,3.3,0
59.0,166.0,176.0,246.0,3.0,31.0,3.0,2.0,80.0,-20.0,-18.8,71.0,299.0,141.0,212.0,0.0,39.0,1.0,0.0,30.0,-12.2,19.0,0
160.3,71.3,246.0,221.7,33.3,13.3,0.3,3.0,30.0,11.3,0.3,181.7,204.7,198.0,186.3,24.3,23.0,1.7,1.3,60.0,0.4,-2.1,1
49.0,66.3,167.3,176.3,15.3,21.7,1.7,2.0,30.0,-3.7,-1.9,29.7,68.3,96.3,92.7,19.7,30.7,0.3,2.0,30.0,-7.6,-4.4,0
158.7,281.3,177.0,235.3,22.7,38.7,1.3,1.3,36.4,-19.7,-9.0,423.3,255.0,96.0,179.7,29.3,37.0,1.3,0.3,55.6,-16.3,-9.7,1
207.7,167.3,382.7,194.7,55.3,22.7,0.0,2.3,88.9,33.2,4.1,230.3,118.3,266.7,360.3,34.7,39.0,2.0,1.0,66.7,8.7,5.5,0
70.0,134.0,284.0,142.5,20.0,25.5,2.5,1.0,50.0,2.4,0.1,120.3,95.7,212.7,190.0,20.7,28.3,1.0,2.7,90.0,4.2,9.3,0
180.3,125.7,163.3,262.0,28.7,21.0,0.7,2.7,88.9,7.0,4.4,78.0,228.0,260.7,235.3,17.7,24.3,1.0,2.0,77.8,-6.3,-6.0,0
161.0,112.7,101.7,184.7,7.7,14.7,2.0,0.7,60.0,15.8,11.9,139.0,258.7,206.7,246.7,29.7,29.3,1.3,1.7,100.0,12.4,9.8,0
308.7,141.7,84.3,189.7,25.0,16.0,0.3,0.7,50.0,4.1,-6.2,103.3,152.3,307.3,199.7,34.7,21.7,1.7,1.7,50.0,-8.9,-8.5,1
86.5,113.0,246.0,268.5,15.5,21.0,2.5,2.5,50.0,-0.6,5.7,126.0,183.0,182.0,215.0,31.0,33.0,4.0,1.0,30.0,-18.5,-24.5,0
162.7,121.7,295.7,330.7,42.7,28.7,0.7,1.3,10.0,16.8,3.4,105.3,201.7,329.7,184.0,26.3,32.7,2.7,1.3,90.9,8.4,7.4,0
118.0,210.7,250.0,217.7,20.0,32.0,1.7,1.0,55.6,-6.4,-3.1,151.7,137.0,148.0,348.0,19.0,40.0,1.0,1.0,22.2,-14.8,-12.4,0
181.0,166.0,187.7,243.0,29.0,45.0,3.3,0.0,40.0,-7.4,-5.3,264.7,188.0,375.7,284.3,41.0,36.3,2.3,1.0,30.0,-2.9,-4.2,1
219.0,188.5,256.0,112.0,43.0,22.0,0.0,2.0,50.0,6.6,-8.0,55.0,204.0,111.0,229.0,3.0,29.0,0.0,3.0,36.4,-20.5,-18.7,1
384.0,95.7,23.0,215.0,30.3,22.7,0.7,1.0,55.6,0.2,-5.9,351.0,143.7,38.3,234.0,24.7,29.3,1.3,1.7,77.8,2.7,1.3,0
279.3,149.7,94.3,253.0,34.3,30.0,1.0,2.0,88.9,2.4,-2.5,128.3,149.3,180.7,250.3,15.7,24.0,2.3,1.0,77.8,-4.4,-4.3,0
233.0,89.7,301.0,172.3,49.3,8.7,0.3,1.7,100.0,32.1,11.2,223.0,155.0,220.7,141.3,33.0,21.0,0.7,1.0,33.3,2.6,2.5,1
240.3,158.7,270.0,267.0,34.3,29.7,3.3,1.7,90.0,7.5,10.4,124.0,249.7,159.3,267.7,19.0,40.7,1.3,1.3,33.3,0.9,6.3,1
122.7,138.3,379.3,252.0,37.3,31.7,2.0,2.0,80.0,-0.8,-5.2,141.3,205.7,175.0,187.7,16.0,33.7,1.3,1.0,80.0,-15.1,-9.3,0
239.0,102.0,196.3,237.7,41.7,17.7,0.7,3.7,40.0,-1.4,-4.0,86.3,296.3,168.3,192.7,7.7,42.3,2.7,0.7,30.0,-19.8,-9.6,0
171.0,98.3,227.0,136.3,24.0,15.3,2.7,1.7,70.0,-0.2,-12.3,93.7,157.3,167.0,126.7,14.3,26.0,2.0,2.0,72.7,-13.1,-9.3,1
158.0,150.3,240.7,185.0,23.0,21.7,3.0,2.0,70.0,-1.6,-2.0,87.3,300.7,166.7,199.0,8.0,45.0,2.7,0.7,50.0,-20.9,-12.3,0
258.7,170.7,219.3,151.7,38.7,12.3,0.3,1.3,40.0,6.5,-4.9,163.7,165.3,361.0,243.0,49.0,30.3,1.0,1.7,60.0,-5.9,-11.5,1
171.0,332.7,353.7,243.3,34.3,39.3,1.0,0.3,66.7,9.8,7.5,191.7,152.0,242.3,228.0,23.3,26.0,2.0,0.7,30.0,4.4,4.1,0
150.3,126.7,292.7,259.7,28.7,22.3,0.3,1.3,44.4,14.1,2.8,131.0,209.3,199.7,244.0,27.3,37.3,2.3,1.0,30.0,-1.9,-2.7,0
212.0,261.3,189.7,225.7,19.3,35.3,2.3,1.0,60.0,-9.2,-9.6,191.3,204.3,206.7,240.7,26.7,23.7,1.0,1.0,40.0,-14.1,-11.5,1
167.7,157.7,210.7,246.3,21.7,30.3,2.7,0.0,18.2,5.8,3.7,144.7,228.0,237.0,271.3,25.7,42.0,2.7,0.3,30.0,-0.7,4.2,1
34.7,119.7,396.3,235.0,30.7,25.0,1.3,2.3,50.0,-4.3,-6.3,108.0,190.0,203.7,144.3,25.3,16.7,0.7,2.3,81.8,-0.6,-0.6,1
329.0,83.0,15.0,168.0,28.0,13.0,0.0,3.0,55.6,-1.6,-0.1,105.0,97.0,183.0,552.0,14.0,46.0,2.0,0.0,50.0,-16.7,8.7,0
131.7,244.0,153.0,190.7,18.7,27.0,2.0,1.7,44.4,2.7,-0.4,221.0,127.3,238.3,206.3,37.7,34.7,1.7,0.3,66.7,7.7,1.4,1
117.7,65.7,194.7,174.3,22.3,8.7,2.7,1.7,40.0,4.1,0.4,117.0,165.3,226.7,185.7,23.3,17.7,1.0,1.0,70.0,10.7,4.4,0
59.5,143.5,127.0,259.0,8.0,26.0,1.5,2.5,30.0,-4.2,8.9,194.0,176.0,260.5,307.5,18.5,31.0,3.5,2.5,88.9,-3.8,6.1,0
96.7,87.0,361.0,136.0,36.0,19.3,1.7,0.7,44.4,5.4,-5.5,95.5,144.5,212.0,133.0,12.0,13.5,2.5,1.5,77.8,5.4,-0.3,1
78.3,118.7,315.7,297.7,24.0,22.7,1.3,1.3,40.0,14.5,9.2,181.0,165.7,124.0,213.7,20.3,23.0,1.3,2.3,50.0,0.7,2.3,0
301.7,110.0,204.3,192.3,44.7,20.0,0.3,1.0,80.0,12.0,2.7,297.0,87.7,181.7,205.0,38.7,23.0,1.3,1.3,90.0,12.2,3.1,0
156.7,146.7,257.0,177.3,34.3,23.7,0.3,2.3,36.4,-11.0,-11.1,101.0,128.7,220.0,247.3,28.3,30.7,0.7,1.3,30.0,-5.7,-10.4,1
160.7,77.7,294.3,280.7,31.7,16.7,1.0,2.0,70.0,12.3,0.5,199.3,217.0,135.0,235.3,20.7,41.0,2.3,0.7,30.0,-1.2,4.9,1
0.0,0.0,0.0,0.0,30.0,33.7,0.0,0.7,50.0,1.4,1.4,0.0,0.0,0.0,0.0,24.3,17.7,1.0,1.7,70.0,3.7,3.7,1
161.0,59.0,112.0,208.3,18.3,17.7,1.3,2.0,18.2,5.8,5.5,146.0,127.3,342.0,214.3,25.7,14.7,1.7,2.3,50.0,0.4,3.9,0
252.0,115.5,174.0,297.5,27.5,33.0,2.0,1.0,70.0,-2.3,-0.1,209.0,153.5,137.0,211.5,26.0,25.0,1.5,1.0,70.0,-0.8,-2.4,0
120.7,194.7,186.3,286.7,21.3,50.3,1.3,0.3,70.0,-6.1,1.7,66.7,215.7,324.0,229.3,24.0,42.7,3.0,2.0,30.0,-10.0,-7.7,0
0.0,0.0,0.0,0.0,24.3,24.7,1.0,0.0,60.0,9.0,9.0,0.0,0.0,0.0,0.0,25.0,20.0,1.0,0.7,40.0,7.4,7.4,1
79.5,147.5,177.0,197.0,14.0,19.0,1.0,1.5,20.0,-13.8,-18.0,227.0,78.0,221.0,286.0,38.0,42.0,0.0,0.0,50.0,-3.7,-5.8,1
264.7,217.7,131.0,169.0,30.0,20.7,0.7,2.0,30.0,-5.6,-11.7,160.0,99.3,212.3,239.3,27.0,25.3,2.0,3.3,60.0,-14.7,-12.5,0
116.7,220.7,193.0,215.3,21.3,38.7,2.3,1.0,18.2,-3.2,-1.7,190.7,279.0,161.7,216.7,20.3,49.3,1.3,1.0,100.0,-15.8,-5.3,1
132.3,232.0,194.7,133.7,18.0,24.0,2.3,1.3,60.0,-5.3,-5.8,79.0,99.7,275.7,260.3,33.7,22.7,1.7,3.7,90.9,7.0,-3.5,0
188.7,136.0,213.7,243.3,29.0,27.3,2.3,1.7,30.0,7.3,3.6,132.7,225.3,218.7,203.7,22.3,29.0,1.7,2.0,100.0,11.8,9.3,1
178.0,247.0,257.0,232.0,40.0,33.0,1.0,4.0,44.4,1.9,-8.1,254.0,208.0,140.0,232.0,17.0,13.0,0.0,3.0,33.3,8.0,6.6,1
78.0,295.0,232.5,325.5,16.5,55.0,1.5,1.0,50.0,-15.2,-8.0,40.5,210.5,254.0,187.0,21.0,28.0,1.5,3.5,72.7,-7.2,-4.8,0
60.3,78.3,168.7,185.7,6.3,25.0,3.7,1.3,50.0,-3.8,-3.0,230.3,95.7,233.0,223.0,35.3,26.3,2.0,3.0,70.0,3.0,-1.5,0
177.7,109.7,208.7,186.3,18.7,25.3,2.7,1.0,40.0,0.8,-2.1,194.7,157.7,202.7,207.7,32.3,18.3,1.0,1.0,60.0,8.7,4.7,0
244.3,135.7,356.3,293.7,45.3,13.3,2.0,2.0,100.0,19.5,3.8,197.3,140.7,272.7,354.3,51.3,31.0,1.0,3.7,50.0,4.2,-8.4,0
223.0,165.3,212.3,139.7,33.3,17.0,2.7,1.0,80.0,8.4,6.6,210.3,105.3,225.3,302.3,40.7,25.7,1.7,2.7,18.2,5.6,-3.6,1
192.0,121.3,254.0,177.7,42.3,20.7,2.0,1.3,33.3,12.4,0.2,116.0,228.7,374.3,213.0,40.7,31.3,1.0,0.7,44.4,9.4,3.4,1
146.7,207.0,237.3,277.0,21.7,26.3,1.3,2.3,77.8,-18.1,-12.2,106.0,147.7,218.3,231.7,17.0,26.3,1.3,1.3,55.6,-6.9,-8.2,1
155.7,108.0,223.3,258.3,30.3,20.3,1.3,3.3,70.0,8.8,4.5,169.0,131.0,271.3,240.7,39.7,15.3,0.7,1.3,70.0,11.5,1.9,0
243.3,90.3,132.7,215.3,30.3,25.0,2.3,1.7,33.3,-0.2,-5.2,118.3,149.7,215.3,151.3,22.3,11.0,1.3,2.7,50.0,-6.5,-10.9,1
247.5,40.5,225.0,107.0,46.5,3.5,0.0,4.0,60.0,27.4,0.5,141.5,272.0,244.5,298.0,28.0,42.5,4.0,1.0,10.0,-9.1,-1.2,1
195.7,149.3,241.7,225.7,28.3,22.0,2.0,1.0,50.0,-10.0,-6.9,134.3,150.7,269.7,252.7,28.7,29.0,3.0,1.7,60.0,-4.9,-9.7,0
179.3,116.3,418.3,312.7,49.7,23.3,0.3,2.3,30.0,2.6,-2.6,176.3,155.0,135.0,242.0,14.0,20.7,1.0,2.0,40.0,-14.4,-10.1,0
190.5,33.5,349.0,159.5,65.0,11.5,2.0,2.0,80.0,26.9,-0.8,115.0,181.0,142.0,160.5,17.0,27.5,1.5,1.5,50.0,-14.8,-4.1,1
192.7,175.7,260.0,225.7,42.0,33.7,2.0,2.3,70.0,-1.8,-8.5,195.3,240.7,342.7,180.0,38.0,28.3,2.3,1.3,80.0,0.4,-7.2,0
260.7,175.3,244.7,236.3,40.7,26.0,1.3,2.3,30.0,3.1,-3.3,280.7,178.7,317.0,203.3,46.3,25.3,1.0,2.0,60.0,1.5,-3.0,1
142.3,99.0,268.0,298.7,27.7,28.3,1.0,1.3,60.0,-7.2,-5.1,89.3,145.0,120.0,234.0,11.3,20.7,2.0,2.7,50.0,-5.0,-3.5,1
94.7,136.7,154.0,208.3,14.0,21.0,2.0,2.3,45.5,6.4,5.0,108.3,205.0,208.0,329.3,18.7,33.7,2.3,3.3,30.0,-18.2,-8.4,0
356.7,110.7,206.3,259.3,34.3,20.3,1.0,1.7,30.0,1.2,-10.8,218.7,296.3,189.0,220.3,22.3,49.3,2.7,0.3,36.4,-26.2,-12.3,1
246.0,78.0,170.0,271.7,40.3,16.0,1.3,3.3,60.0,-6.1,-13.2,76.3,135.7,280.3,294.7,24.3,46.3,3.0,2.3,40.0,-20.0,-10.1,0
110.0,92.0,369.0,294.0,45.0,21.5,1.0,2.0,88.9,27.3,8.0,154.5,302.0,381.5,298.5,38.5,46.0,0.5,1.0,90.0,4.4,10.2,0
140.0,100.7,131.3,205.0,18.7,19.7,3.0,1.7,30.0,12.4,4.7,81.3,140.0,195.3,196.3,17.3,20.7,2.0,0.3,30.0,9.8,5.9,0
128.7,93.7,147.0,303.3,20.7,33.0,1.0,2.0,44.4,-20.5,-10.0,198.3,304.7,118.7,147.3,14.7,34.3,2.0,1.0,22.2,-32.0,-21.4,0
201.3,162.0,209.0,335.3,35.3,30.3,1.7,0.7,77.8,1.3,-3.2,201.3,185.0,218.7,196.3,32.3,28.3,1.7,2.3,66.7,-9.0,-4.5,1
109.3,66.0,248.0,260.0,16.3,39.3,6.0,2.3,18.2,3.3,4.6,93.3,117.0,367.0,303.0,34.0,31.3,2.7,2.0,70.0,1.1,1.0,1
210.3,81.3,216.3,127.3,46.3,3.3,0.3,1.7,40.0,10.2,-8.1,251.7,198.7,109.7,256.0,24.7,36.3,1.7,0.3,20.0,-3.7,-4.2,1
225.0,186.0,156.0,266.0,31.7,31.7,1.7,1.3,60.0,-2.4,-3.7,246.3,152.3,190.7,235.7,34.7,23.0,1.3,2.7,60.0,-1.0,-5.2,1
198.7,116.3,184.0,190.0,28.7,15.7,0.7,2.0,30.0,14.8,9.1,144.7,226.0,202.0,231.0,25.3,31.3,1.3,1.0,40.0,1.8,2.6,0
95.0,97.0,405.7,249.3,42.0,30.7,1.7,2.0,44.4,28.9,10.5,172.3,177.3,232.3,292.0,24.3,36.7,1.3,1.0,33.3,6.7,5.7,1
113.0,165.0,198.3,229.7,20.0,17.3,1.7,1.3,66.7,7.6,3.3,117.7,182.3,166.7,262.7,16.3,27.3,1.7,1.3,66.7,-10.4,-5.9,1
129.3,266.7,354.7,310.0,36.0,44.0,2.3,1.0,50.0,-7.1,-4.5,109.7,266.0,200.0,231.0,22.7,35.0,1.0,2.7,33.3,-16.1,-11.2,0
274.3,185.0,256.3,196.0,43.0,17.7,1.0,1.3,50.0,10.5,-12.9,87.7,81.7,331.0,279.0,21.3,28.7,2.7,1.0,70.0,-17.1,-8.7,1
207.7,143.3,337.3,320.3,44.7,48.0,2.0,1.7,50.0,-9.9,-9.9,67.7,269.7,344.3,162.0,24.0,36.3,1.7,1.0,50.0,-18.2,-18.2,0
234.7,78.7,322.0,180.3,54.0,9.3,2.0,3.0,50.0,33.6,6.9,388.0,188.7,157.3,331.7,45.3,36.0,1.0,0.7,40.0,17.8,8.8,0
0.0,0.0,0.0,0.0,30.0,22.7,0.0,1.7,50.0,12.9,6.1,0.0,0.0,0.0,0.0,23.7,37.0,1.0,0.7,30.0,-17.3,-11.7,1
181.0,211.7,205.7,377.0,20.3,49.0,2.7,1.3,40.0,-13.0,-10.5,146.0,260.0,233.3,231.3,19.7,39.0,2.3,1.7,70.0,-12.6,-2.6,1
251.3,65.0,175.7,212.7,29.7,11.3,0.7,1.3,88.9,24.1,10.3,188.3,86.7,176.7,186.0,29.3,14.3,1.3,2.3,33.3,15.2,5.9,0
91.0,166.3,362.0,361.7,34.7,40.7,1.0,2.0,100.0,-4.5,-1.3,124.7,150.7,137.0,265.0,9.3,33.7,1.7,1.0,30.0,-4.7,0.9,0
58.7,228.0,195.0,187.7,13.3,37.7,2.0,0.7,50.0,-14.6,-2.4,133.7,214.7,199.3,224.7,24.7,26.3,2.0,1.0,20.0,-13.9,-19.0,1
203.0,88.0,398.0,160.0,40.0,13.0,1.0,1.0,66.7,8.2,-16.5,271.5,117.5,202.5,291.0,23.0,25.5,2.5,0.5,20.0,-0.1,-3.1,1
176.3,145.0,191.0,252.3,25.7,16.7,0.7,2.3,90.0,4.5,-1.7,106.5,328.0,177.5,267.5,10.0,43.5,2.0,1.5,70.0,-13.3,-7.5,0
218.0,182.3,161.3,216.3,24.7,26.0,2.3,1.0,50.0,-7.7,-3.9,93.0,211.3,225.0,190.0,22.0,32.0,1.0,2.0,72.7,-10.8,-5.9,1
112.0,268.0,222.0,205.0,24.0,49.0,1.0,0.0,60.0,1.1,-1.1,95.0,139.5,208.5,364.5,23.5,38.0,2.5,2.5,11.1,-7.6,-10.8,1
68.7,334.3,268.0,236.0,21.3,52.3,2.0,2.0,80.0,-13.8,-7.7,104.0,111.7,258.0,260.3,19.3,35.0,1.7,2.3,70.0,-18.8,-7.4,0
174.0,217.0,162.0,207.0,17.0,16.0,0.0,0.0,70.0,2.5,-11.1,66.0,103.0,456.0,297.0,42.0,34.0,3.0,3.0,70.0,-4.3,-11.9,1
132.7,175.0,217.3,148.0,32.3,20.7,2.3,0.7,80.0,13.3,4.1,113.3,270.0,240.0,201.0,15.3,33.3,2.3,2.7,40.0,-6.3,-1.3,1
101.0,136.0,332.0,236.0,24.5,26.0,2.5,1.0,55.6,-7.8,-11.0,105.0,224.0,137.0,218.0,14.0,31.0,1.0,1.5,44.4,-13.6,-14.9,1
243.0,99.0,127.3,307.7,34.7,27.3,0.7,2.3,90.0,11.6,2.4,50.0,155.0,175.7,220.0,8.0,26.3,2.7,2.0,70.0,2.4,2.2,0
145.3,140.7,298.0,352.0,36.3,44.7,2.0,1.7,30.0,-11.2,-6.2,111.0,177.0,179.0,344.3,14.7,44.7,2.3,1.0,72.7,-27.1,-6.9,1
274.0,211.3,182.3,239.3,38.7,31.7,1.0,2.7,60.0,-2.4,-3.8,186.3,175.3,223.0,157.3,26.3,14.0,0.3,0.7,30.0,-1.0,-8.2,1
298.0,135.0,133.0,308.0,34.5,16.5,1.0,2.0,40.0,9.9,-4.2,111.0,286.0,222.0,146.0,3.0,21.0,2.0,0.0,45.5,5.2,2.9,0
66.5,161.0,292.5,166.0,26.5,38.0,3.0,0.5,60.0,-3.8,2.5,161.0,51.0,190.0,377.0,21.0,19.0,2.0,0.0,50.0,-1.6,-13.3,0
227.0,102.7,325.3,327.7,41.7,23.7,1.0,2.0,90.0,14.7,5.2,251.3,73.3,187.0,202.7,36.0,14.7,1.3,2.0,80.0,18.3,5.9,0
207.0,118.0,90.3,128.7,22.3,9.7,1.7,2.3,80.0,11.6,3.6,93.7,107.3,464.7,199.7,42.7,27.3,1.7,3.0,90.9,5.0,-0.1,1
208.3,84.0,254.3,156.3,41.3,12.7,0.7,4.0,100.0,18.9,-1.8,142.7,256.7,189.7,161.0,20.7,37.0,2.7,1.0,36.4,-21.2,-7.7,1
231.0,352.0,130.0,169.0,14.0,38.0,0.0,0.0,50.0,-22.5,-19.3,367.0,92.7,85.0,177.0,41.7,13.7,0.0,2.3,55.6,4.6,-7.9,0
297.3,168.7,123.0,183.0,26.7,25.7,2.0,0.7,40.0,-12.0,-9.1,146.7,163.0,93.0,303.0,10.0,35.3,1.7,2.3,90.0,-19.9,-6.7,0
165.3,204.0,144.7,302.7,11.0,45.3,1.0,1.3,50.0,-11.9,-2.5,120.0,123.0,273.7,322.7,27.3,36.3,3.3,2.7,36.4,-2.4,2.3,1
144.0,120.0,200.0,208.7,23.0,24.7,2.0,1.3,30.0,-2.2,-3.2,135.0,186.0,149.3,246.3,5.3,30.0,1.7,2.0,40.0,-19.2,-8.7,0
259.0,129.3,245.3,253.7,34.7,25.0,0.7,1.3,80.0,0.6,-6.5,262.3,152.3,180.3,240.3,33.3,23.3,0.7,1.0,70.0,2.7,-0.4,0
158.7,102.3,244.0,312.0,29.3,33.0,2.0,2.0,60.0,-7.9,-11.2,141.0,218.3,130.3,225.7,12.3,28.3,0.7,0.7,22.2,-20.5,-11.8,0
135.5,80.0,183.0,260.0,28.0,19.5,1.5,2.5,100.0,3.6,0.4,160.0,231.5,249.5,194.5,25.0,42.5,2.5,0.5,80.0,-5.2,5.3,0
145.3,96.3,217.7,276.0,22.3,25.3,2.3,1.3,90.9,2.6,1.7,105.0,188.3,115.3,186.3,17.3,24.3,1.7,2.0,40.0,3.2,-1.7,0
172.0,162.3,157.7,207.3,29.0,31.0,1.3,0.7,50.0,-5.5,-6.4,157.7,154.0,196.0,186.7,21.0,38.7,4.0,3.3,50.0,-13.2,-6.1,1
263.3,122.0,106.3,225.0,32.7,17.7,0.7,1.3,44.4,-4.2,-8.9,133.3,132.7,223.3,317.3,18.0,42.7,2.7,1.3,11.1,-19.7,-12.8,0
258.0,249.7,390.7,368.3,47.7,41.0,1.0,1.0,66.7,11.2,7.9,141.3,259.3,232.3,135.3,20.7,29.0,1.7,1.0,55.6,10.1,6.6,0
298.0,100.0,236.0,224.0,48.0,10.0,1.0,1.0,90.0,7.4,-10.9,212.0,168.0,124.0,183.0,28.0,19.0,1.0,1.0,70.0,1.2,-4.7,1
225.0,115.0,117.3,181.7,17.3,19.3,1.3,0.7,30.0,0.3,-5.7,155.0,224.7,248.3,192.7,20.0,28.3,1.3,0.7,20.0,-7.4,-7.4,1
181.0,109.0,244.7,250.0,31.3,23.0,1.7,1.0,77.8,8.8,-2.0,225.0,156.5,227.0,227.5,35.0,26.0,2.5,0.5,66.7,14.8,7.4,1
228.7,237.3,179.7,187.7,39.0,28.7,1.0,2.0,80.0,9.4,1.9,255.0,233.7,188.0,125.3,32.7,29.0,1.7,1.7,40.0,10.2,1.0,0
147.3,328.3,223.7,113.7,19.7,24.0,1.0,1.3,40.0,-5.0,-6.9,79.3,183.3,281.7,323.0,21.7,36.0,2.0,1.0,50.0,-17.8,-16.3,1
91.0,177.0,150.0,204.7,12.7,36.3,1.0,1.3,80.0,-14.2,3.5,73.0,233.7,193.0,303.0,10.3,60.0,3.0,2.0,70.0,-25.9,5.3,1
198.5,216.0,185.0,264.0,14.0,28.0,0.5,1.0,50.0,-0.9,-2.2,106.0,173.0,130.5,215.0,13.5,43.5,1.5,1.0,70.0,-17.5,-11.8,1
103.3,160.7,273.3,228.3,17.0,19.7,0.7,0.7,55.6,5.2,4.7,31.7,216.7,331.7,245.7,23.0,44.3,3.0,0.7,20.0,-13.2,-6.1,1
41.7,178.0,291.0,195.0,10.0,23.3,2.0,1.0,72.7,-7.5,-7.2,159.0,176.3,204.3,217.0,31.0,17.3,0.0,2.0,70.0,1.1,-2.9,1
192.3,99.3,295.3,183.3,38.0,13.7,1.7,1.0,44.4,15.4,8.5,103.0,161.7,191.3,220.0,15.3,16.0,1.7,1.7,33.3,10.9,2.9,0
228.7,184.7,231.0,236.7,37.7,29.0,0.7,1.0,80.0,9.7,3.1,52.0,198.3,274.3,203.3,18.0,27.3,2.7,0.3,30.0,1.0,3.1,1
216.3,111.3,130.3,277.3,29.3,25.3,0.7,1.7,50.0,3.1,-1.5,171.7,252.0,326.3,225.7,40.0,37.7,0.3,1.3,90.9,5.4,-4.2,0
180.3,97.3,337.3,281.3,44.7,23.7,2.0,2.0,60.0,9.8,2.7,182.0,254.3,328.0,202.3,40.0,34.0,1.3,2.7,20.0,-7.3,-6.8,0
172.3,180.3,248.0,253.7,30.3,29.3,1.3,1.7,70.0,10.3,2.8,220.0,150.3,163.0,213.3,23.0,23.3,1.0,1.3,30.0,-4.8,-2.1,1
71.3,185.7,286.3,185.0,25.0,22.3,2.0,1.7,30.0,-4.6,-3.6,103.7,190.3,200.0,194.7,18.3,34.3,1.3,1.3,36.4,-14.3,-7.9,1
276.0,99.3,171.3,199.3,39.7,24.7,0.3,1.0,50.0,-4.8,-9.1,169.7,186.0,153.3,192.0,20.7,38.7,3.0,2.3,30.0,-28.6,-17.3,1
97.7,162.0,175.3,149.7,13.7,17.7,3.3,0.7,50.0,3.0,-3.4,90.7,99.7,283.3,182.0,30.0,33.0,3.7,0.7,9.1,2.7,-4.9,0
258.0,7.0,150.3,186.7,28.7,7.0,1.3,2.7,60.0,14.0,2.6,168.7,180.3,87.7,146.3,7.7,36.3,4.3,0.3,40.0,-20.6,-9.7,0
131.3,183.0,294.3,253.3,23.0,35.7,1.7,0.3,50.0,-6.5,3.1,286.5,247.0,186.0,193.5,38.5,31.5,1.0,2.5,20.0,-11.9,-20.5,0
92.7,157.3,257.0,159.0,22.3,24.3,1.3,0.7,40.0,8.5,5.6,112.0,103.0,206.7,238.7,20.0,24.3,2.0,1.3,50.0,8.0,4.4,0
165.0,180.0,197.5,210.5,22.0,36.0,1.5,0.5,88.9,-6.9,-4.9,107.5,354.0,155.5,98.0,13.5,47.0,2.0,1.0,44.4,-21.4,-15.4,1
167.7,191.0,259.3,199.3,30.7,27.0,2.3,2.3,50.0,2.6,-3.3,39.0,196.0,227.0,235.7,12.0,26.3,1.3,1.7,30.0,-14.4,-13.0,0
215.3,154.3,175.0,246.3,35.3,27.7,1.7,2.7,10.0,7.8,-0.3,160.0,141.3,173.0,112.0,29.3,17.7,2.0,3.7,77.8,15.2,3.1,0
193.0,143.3,229.7,230.3,36.7,33.3,2.0,1.0,77.8,6.5,4.0,135.0,226.7,211.3,79.3,14.0,15.0,2.0,0.7,100.0,10.0,6.0,1
100.0,53.5,327.5,272.0,18.5,13.5,1.0,1.0,18.2,4.6,4.2,169.0,196.3,316.7,300.0,27.7,34.7,2.7,2.7,70.0,2.6,2.3,1
207.7,141.0,220.7,281.0,24.0,30.3,2.7,2.3,45.5,6.9,4.9,184.0,248.0,212.0,184.3,20.7,33.7,3.3,2.7,80.0,0.5,0.5,0
216.0,150.0,100.3,255.3,29.0,32.0,0.7,1.3,44.4,-2.2,-8.8,223.3,249.3,159.0,263.7,23.3,40.3,1.7,0.0,11.1,-19.2,-11.0,0
156.0,130.7,184.3,166.3,28.0,15.3,2.3,5.0,70.0,7.8,2.9,108.0,169.7,323.0,313.7,29.7,34.7,1.0,4.0,40.0,-12.7,-7.5,0
139.7,189.0,115.3,210.7,24.0,33.7,1.3,1.0,50.0,-0.5,-1.8,147.7,134.3,201.7,208.0,32.3,19.3,2.3,3.7,70.0,-1.6,-3.9,0
218.0,159.0,84.0,268.0,10.3,37.7,2.7,1.3,88.9,4.7,2.6,141.0,191.7,220.0,228.7,19.0,27.0,2.3,1.3,77.8,4.4,1.3,0
229.3,135.3,225.7,211.7,24.7,21.7,2.0,1.7,55.6,10.2,7.3,269.0,181.0,206.7,281.3,39.7,32.7,1.3,1.7,66.7,4.3,4.2,1
373.7,95.3,227.0,231.7,50.3,19.0,1.0,1.0,70.0,11.6,-6.6,119.0,162.3,333.7,284.0,34.3,37.7,2.3,1.7,70.0,-7.0,-8.8,0
209.3,101.0,185.0,323.7,40.3,35.3,2.0,2.7,30.0,3.4,-5.0,112.0,191.3,196.0,234.0,14.7,27.3,2.7,2.0,20.0,-10.4,-4.0,0
162.0,193.0,299.0,237.3,34.3,31.7,1.0,0.7,60.0,15.1,8.6,143.7,104.7,275.7,289.7,34.3,26.0,1.7,1.3,80.0,31.8,15.5,0
159.7,57.3,209.7,277.0,42.7,18.3,1.0,4.0,70.0,16.1,1.5,185.7,81.3,230.7,313.0,29.3,16.3,1.3,2.3,70.0,10.7,-2.2,1
165.7,113.3,267.0,227.0,30.0,21.7,1.7,2.0,30.0,-12.7,-9.8,176.3,245.7,133.3,214.3,18.0,37.7,1.0,0.7,90.0,-19.1,-7.8,1
163.3,128.3,268.0,205.0,30.0,26.7,3.0,1.3,70.0,6.7,2.5,153.0,156.7,262.3,224.3,21.7,26.7,1.7,1.0,33.3,12.0,5.7,1
220.0,137.0,155.0,137.0,17.0,10.0,1.0,1.0,44.4,-4.7,-11.3,140.5,103.5,193.5,253.0,8.0,28.5,1.5,0.5,33.3,-21.1,-14.5,1
254.0,139.3,271.3,301.0,36.7,36.3,1.7,0.7,60.0,-6.0,-9.2,158.3,193.0,232.0,240.3,32.0,37.0,1.0,1.0,60.0,-13.3,-14.5,1
193.7,123.3,193.3,221.0,34.3,23.7,0.7,0.3,30.0,9.4,2.1,138.3,154.7,101.0,241.0,12.7,36.7,2.0,1.7,18.2,-10.9,-7.7,1
66.3,187.0,278.3,278.0,18.7,29.0,1.0,0.7,77.8,11.5,5.8,201.3,159.0,202.3,271.3,39.3,34.7,1.0,0.3,77.8,6.0,2.8,0
174.3,114.7,154.7,217.7,16.7,18.0,1.7,1.7,55.6,10.0,5.1,148.3,161.0,378.3,282.7,33.0,25.0,2.7,2.0,66.7,10.1,-0.8,0
260.7,111.0,169.0,186.3,28.7,17.0,1.0,2.3,60.0,16.4,16.4,203.3,115.0,194.3,247.7,22.7,24.0,2.7,1.7,30.0,18.0,18.0,0
294.7,163.7,387.0,175.7,59.7,24.7,1.7,1.7,50.0,28.5,1.3,94.7,185.3,129.3,252.3,17.3,38.3,2.0,2.7,50.0,-10.5,-5.8,1
218.7,153.7,232.3,183.0,36.3,26.3,2.7,2.3,77.8,0.8,-9.2,193.7,286.3,154.7,210.7,19.7,37.0,2.0,0.7,50.0,-18.6,-6.1,1
157.3,104.0,192.0,179.3,28.0,17.0,1.7,1.3,81.8,2.9,-1.8,175.7,145.0,196.3,279.3,28.7,27.0,1.3,2.7,40.0,1.1,0.6,1
160.0,119.0,238.3,280.0,31.7,20.0,2.3,3.3,77.8,16.0,6.4,138.7,142.0,269.3,223.0,34.7,21.0,2.3,3.3,77.8,5.9,-1.3,1
159.7,329.7,298.3,193.0,32.0,40.3,1.0,1.3,40.0,-16.4,-9.8,77.3,216.7,160.0,283.0,9.3,46.3,2.0,0.7,30.0,-27.0,-14.8,1
159.7,194.0,128.3,155.7,11.0,31.0,2.0,0.3,33.3,-5.5,-3.4,177.7,200.0,154.7,197.0,25.3,17.0,1.0,1.7,55.6,-2.5,-5.8,0
132.0,139.0,260.0,209.0,24.0,23.0,1.0,2.0,50.0,9.3,2.0,181.5,207.5,196.0,186.5,13.5,22.5,2.0,0.5,70.0,4.1,8.8,0
170.7,234.0,314.0,244.7,43.7,31.7,2.0,1.7,30.0,6.8,-1.6,133.3,293.0,200.0,295.7,19.3,37.3,1.3,0.7,44.4,-14.5,-8.9,0
101.0,259.0,276.0,206.3,20.0,32.0,1.7,1.7,90.9,9.3,10.1,158.3,174.3,288.0,226.3,39.0,25.3,1.0,1.0,60.0,19.6,7.7,0
267.3,259.3,77.0,153.7,22.0,22.7,1.0,2.3,70.0,-15.4,-9.8,88.7,210.7,238.3,280.3,20.0,31.3,2.0,2.0,80.0,-19.0,-7.9,0
98.5,76.5,106.5,275.0,11.0,27.0,2.0,2.5,60.0,-14.0,-1.7,89.0,299.0,238.0,186.0,14.0,38.0,2.0,1.0,60.0,-9.2,-10.4,1
151.0,128.7,173.0,160.7,24.0,14.0,1.0,2.0,30.0,1.5,-2.3,68.0,148.7,217.3,174.0,12.0,29.7,2.0,1.3,50.0,-14.4,-7.8,1
0.0,0.0,0.0,0.0,16.3,24.3,0.3,0.3,30.0,-2.3,-2.8,0.0,0.0,0.0,0.0,15.7,27.0,0.3,0.3,70.0,-9.1,-1.5,0
346.0,96.7,161.0,205.0,37.3,24.0,2.7,1.3,36.4,14.4,1.2,183.3,86.0,146.3,190.0,19.0,10.7,1.0,2.0,70.0,0.9,0.5,1
91.7,118.3,176.0,240.0,19.0,23.3,2.0,1.0,70.0,-5.1,-3.6,81.7,117.0,209.3,317.0,21.0,27.0,1.7,2.0,40.0,-12.0,-9.5,1
228.0,167.7,341.3,166.7,47.0,14.7,1.0,4.3,80.0,25.1,6.8,202.7,162.0,296.7,188.3,33.0,9.0,1.3,2.0,70.0,12.1,-3.3,1
179.5,153.0,228.5,277.5,28.0,29.0,2.0,0.5,44.4,-13.9,-12.0,87.0,307.0,232.5,240.0,17.0,44.5,2.5,0.5,0.0,-10.5,-7.1,1
160.0,91.0,262.0,234.0,36.3,17.3,2.0,2.3,70.0,3.4,-2.7,206.0,120.0,237.3,213.3,32.3,22.7,2.0,2.0,80.0,0.7,-7.6,1
232.0,138.3,313.7,283.3,40.7,29.3,1.3,1.0,70.0,5.5,-5.6,195.3,150.3,62.7,161.3,19.0,27.0,1.3,0.7,80.0,-11.9,-0.2,0
139.0,242.3,177.0,183.7,13.3,27.7,0.7,0.3,80.0,-10.6,-2.1,197.3,93.7,278.0,213.7,38.0,17.0,1.3,2.3,66.7,13.8,-2.0,0
195.0,156.7,322.7,201.7,44.7,18.3,3.0,2.3,30.0,-1.2,-5.8,77.3,377.7,122.3,121.7,8.7,35.0,2.7,1.7,55.6,-16.9,-9.8,0
109.5,95.5,284.0,215.0,21.0,15.5,2.0,1.0,80.0,7.3,-4.3,121.0,80.0,178.0,326.0,36.0,29.0,1.0,1.0,30.0,-4.9,-13.1,1
58.0,159.0,378.0,195.0,20.0,21.0,4.0,2.0,77.8,-10.0,-22.7,147.0,206.5,295.5,319.5,28.0,44.0,2.0,1.0,50.0,-21.8,-15.6,0
253.0,87.3,178.0,149.7,37.7,13.0,2.7,2.3,80.0,12.1,8.7,99.7,155.0,225.0,249.7,15.0,39.3,3.7,1.7,70.0,-7.5,-3.7,0
298.3,40.0,80.3,211.3,34.7,12.7,1.0,1.0,30.0,0.2,-9.1,301.7,129.0,70.0,207.7,21.0,26.0,1.7,0.7,40.0,-15.7,-13.3,1
113.3,201.3,317.3,213.3,24.3,28.7,2.7,1.0,50.0,-13.2,-6.5,153.7,147.0,210.3,252.0,30.0,36.0,1.0,1.3,30.0,-17.0,-10.8,0
301.0,132.5,350.0,130.5,64.5,17.0,1.0,2.0,100.0,26.4,-4.8,247.0,131.0,146.0,111.0,42.0,12.0,2.0,1.0,66.7,14.6,-11.5,0
61.0,140.3,277.3,226.0,26.0,21.7,2.3,1.3,50.0,-10.2,-7.2,110.3,206.7,198.0,281.0,19.7,29.0,1.3,1.7,36.4,-23.1,-13.0,0
197.0,116.7,234.0,325.0,29.7,36.7,1.7,1.3,50.0,-0.8,-2.7,96.0,169.3,244.3,199.3,19.0,28.0,1.3,2.3,40.0,-2.8,3.4,0
150.3,209.3,241.3,140.0,23.3,26.0,2.3,1.3,40.0,-10.9,-5.2,122.0,222.0,274.0,282.0,30.3,39.7,2.3,1.3,90.0,-28.7,-7.3,1
177.7,123.0,249.7,286.3,33.3,27.0,1.3,2.7,30.0,3.8,-3.8,103.7,162.7,212.7,228.7,25.3,24.0,2.0,1.7,60.0,1.9,0.6,0
141.3,165.0,187.7,302.3,16.0,34.3,1.7,1.7,90.0,-17.4,-3.1,78.3,151.7,148.0,251.0,16.0,37.0,1.7,1.0,40.0,-17.1,2.3,1
128.7,94.0,283.0,212.0,30.0,15.7,2.0,2.0,70.0,-2.6,-4.9,150.7,221.0,183.7,147.0,21.3,20.0,0.7,1.0,70.0,-24.7,-16.4,1
272.0,80.0,180.0,160.3,38.3,10.3,1.3,2.3,50.0,14.7,7.4,225.3,220.7,314.3,156.3,45.0,35.0,2.7,2.3,0.0,-13.4,-13.0,0
201.0,199.7,174.3,174.7,27.7,19.7,1.0,2.3,30.0,-5.3,-11.4,182.7,81.3,270.0,226.7,41.3,12.3,1.3,3.0,60.0,-4.1,-10.8,0
138.3,156.3,327.3,245.3,34.0,27.3,1.7,2.0,60.0,-1.2,-1.2,123.7,172.3,286.7,344.0,37.0,34.3,1.3,2.3,40.0,-5.4,-10.2,0
191.0,152.3,273.3,262.7,34.3,34.0,2.0,1.3,88.9,-8.0,-6.9,226.3,140.0,244.7,170.0,30.0,18.3,1.0,1.3,44.4,-3.7,-12.0,1
244.0,172.0,244.0,154.0,52.0,24.0,3.0,2.0,18.2,9.1,-13.8,166.0,165.5,212.0,344.5,29.5,41.5,0.5,0.5,60.0,-7.5,-4.1,0
126.7,158.0,247.7,249.0,22.0,34.7,1.7,1.3,11.1,-20.4,-9.2,168.0,219.0,136.0,308.0,34.0,36.0,0.0,0.0,44.4,-12.9,-7.5,1
193.3,91.3,171.0,194.3,20.3,11.0,1.0,1.0,30.0,15.7,10.8,110.0,205.3,130.3,239.3,18.7,36.0,1.7,0.7,66.7,-5.8,-2.2,1
93.0,227.5,264.5,284.5,27.5,41.0,0.5,1.0,66.7,7.7,6.2,139.0,124.0,285.0,266.3,27.3,33.0,3.0,2.7,80.0,3.8,6.2,0
194.3,132.0,142.3,202.7,22.3,27.3,0.7,1.7,60.0,-1.3,-4.9,134.7,185.3,335.0,359.3,39.7,43.0,1.3,1.7,100.0,1.6,0.7,1
226.0,69.0,327.7,254.0,54.3,19.0,1.0,1.7,77.8,10.3,-2.7,198.3,217.7,299.7,298.0,41.3,33.3,0.7,1.7,80.0,7.4,-0.7,1
232.0,195.7,186.0,266.3,21.7,34.3,2.3,1.7,66.7,-12.3,-9.9,182.3,245.0,250.0,203.7,33.7,34.0,1.7,1.7,11.1,-17.9,-9.3,1
232.7,178.7,186.0,300.0,28.0,35.3,0.3,1.3,40.0,-8.6,-6.3,141.3,109.0,187.7,162.0,21.3,13.3,1.7,2.3,30.0,-13.0,-9.2,1
133.0,163.3,128.7,231.7,20.3,22.3,1.3,2.0,60.0,12.8,6.0,120.7,170.3,125.3,173.3,13.0,27.3,3.0,1.7,70.0,-13.5,-0.8,0
125.3,208.7,186.7,183.3,24.0,25.0,1.7,1.7,70.0,4.8,1.1,150.3,211.0,208.7,178.7,11.7,36.3,3.0,0.7,70.0,-16.6,-6.2,0
197.0,90.7,236.0,247.3,33.0,26.0,3.7,2.0,36.4,3.8,-4.6,179.3,154.3,152.7,192.7,25.0,15.7,1.3,2.3,50.0,-8.2,-10.2,1
219.3,87.0,179.3,319.0,36.0,32.0,2.0,1.3,60.0,-6.7,-12.3,152.3,221.7,236.0,282.3,24.3,29.0,1.7,2.7,30.0,-16.8,-8.6,0
258.0,241.3,267.0,286.0,33.7,31.7,2.7,2.7,40.0,10.3,4.0,193.0,190.0,309.0,354.3,26.7,47.0,3.7,1.0,55.6,4.2,0.1,1
328.7,66.3,87.3,225.3,28.3,28.3,2.7,1.0,77.8,14.7,14.7,130.0,163.0,209.7,230.7,26.0,29.3,2.0,2.3,36.4,-8.5,-8.5,1
187.0,161.0,209.0,132.0,27.7,17.0,2.0,1.0,80.0,2.3,2.1,124.3,141.3,101.7,295.3,13.7,37.0,1.0,1.0,50.0,-7.3,4.1,0
215.3,122.0,221.7,144.3,36.7,22.7,1.7,1.3,30.0,-0.3,-6.2,165.3,209.3,294.7,170.7,38.3,11.3,1.0,1.7,50.0,4.5,-5.8,0
218.7,208.0,254.3,142.3,36.0,27.0,2.3,3.3,0.0,-11.6,-11.6,217.7,132.7,235.3,232.3,28.3,20.3,1.0,2.3,88.9,-9.2,-4.5,1
148.0,70.3,125.3,168.3,10.0,16.0,2.3,0.3,80.0,0.3,-2.1,131.0,134.3,303.7,169.7,26.7,14.7,1.7,2.7,9.1,7.8,1.2,1
137.0,188.7,309.0,160.7,42.7,23.0,1.0,3.0,30.0,1.4,-5.1,86.3,122.7,195.7,159.7,10.3,20.3,1.0,0.7,50.0,-14.1,-3.9,0
165.3,175.3,220.0,258.7,18.0,24.3,2.0,1.0,50.0,-5.1,-7.1,155.3,175.0,195.3,258.3,21.7,29.0,0.3,1.7,100.0,-1.7,-0.7,0
316.3,107.0,354.0,231.3,59.0,16.7,1.7,2.3,77.8,24.6,5.8,227.7,224.0,339.0,205.7,46.0,29.7,0.7,2.7,55.6,23.3,1.2,0
244.0,251.0,86.0,172.0,14.0,38.0,5.0,0.0,70.0,3.2,2.1,170.7,199.3,120.3,296.3,19.7,50.0,1.0,0.3,80.0,-18.6,0.7,0
199.7,170.7,193.0,202.7,28.0,30.0,1.7,1.0,80.0,10.3,3.6,129.0,230.7,163.7,181.3,17.0,40.0,2.7,1.3,60.0,-6.9,1.3,1
203.7,50.0,115.0,223.0,22.0,17.7,1.0,1.7,40.0,2.8,-0.6,157.0,101.7,277.7,269.7,39.0,28.0,2.0,2.7,80.0,11.2,6.9,1
192.0,96.0,168.0,260.0,32.3,24.0,3.3,3.3,50.0,-0.6,-2.9,65.3,61.7,169.3,161.3,39.0,17.3,0.0,1.7,60.0,1.9,-4.1,0
181.5,117.0,275.5,151.0,39.5,10.5,0.0,2.5,30.0,8.8,-3.2,70.0,98.0,356.0,308.0,31.0,35.0,1.0,1.0,18.2,11.2,4.0,0
154.0,129.7,392.0,289.7,39.0,29.3,3.0,1.3,70.0,3.9,-0.7,145.3,109.7,166.7,173.0,18.3,23.0,1.3,0.7,70.0,-3.1,-2.4,0
122.7,53.3,190.0,190.0,19.0,12.3,2.0,0.7,90.0,5.4,-1.3,100.0,218.0,221.0,307.0,17.0,59.0,3.0,0.5,70.0,-14.7,-10.6,1
115.0,71.0,298.0,430.0,28.0,26.0,0.0,2.0,44.4,20.2,9.0,341.0,108.0,154.0,216.0,34.0,13.0,1.0,2.0,44.4,-2.3,-19.1,0
134.3,111.3,167.0,171.3,20.0,19.3,4.0,1.3,40.0,3.2,-3.2,110.5,116.5,453.5,304.0,31.5,34.0,2.0,1.5,30.0,-8.5,-10.7,0
93.3,148.0,304.7,177.3,29.7,26.3,1.0,1.0,80.0,2.4,-4.2,180.0,247.0,250.0,170.7,19.7,38.0,2.0,0.3,40.0,-12.9,-6.8,0
90.0,52.0,198.0,324.0,17.0,20.0,2.0,1.0,18.2,4.4,1.8,180.0,329.0,186.0,267.0,26.0,37.0,1.0,1.0,36.4,-16.8,-15.3,0
233.7,137.0,253.3,210.7,40.3,20.7,1.0,1.0,66.7,14.4,9.2,97.3,233.7,196.7,191.7,18.0,40.3,2.3,0.7,22.2,-6.3,-0.8,1
210.0,74.3,289.7,199.0,47.7,12.3,2.0,4.3,50.0,17.5,-1.0,168.7,140.7,245.3,245.3,30.0,31.3,2.7,2.0,30.0,4.4,4.1,1
219.0,111.0,255.0,157.3,36.3,12.3,1.3,1.7,77.8,18.9,5.3,180.3,154.3,231.3,186.7,26.3,23.3,1.7,0.7,77.8,4.0,3.0,0
355.0,109.3,174.0,345.3,38.3,30.7,2.3,0.3,80.0,20.2,10.4,106.7,194.0,305.3,316.0,26.0,36.0,1.3,1.7,50.0,-9.2,-2.2,1
189.7,114.0,265.7,178.7,35.3,18.7,1.3,3.3,50.0,-1.6,-8.7,135.0,239.3,221.0,224.0,11.3,37.0,3.0,0.7,10.0,-17.3,-11.7,1
202.5,124.0,142.5,147.0,36.0,13.0,1.0,4.5,30.0,17.5,-4.4,182.0,249.0,151.0,202.0,13.0,48.0,1.0,1.0,70.0,4.4,3.4,1
165.0,81.0,299.0,238.7,38.7,18.7,3.3,2.0,40.0,8.2,-2.5,335.0,110.3,230.3,254.0,48.0,22.0,1.7,2.0,60.0,14.9,-0.1,1
129.0,205.3,233.0,240.0,35.3,38.0,1.3,2.0,90.0,11.7,6.0,324.7,197.3,90.3,233.7,20.3,27.7,2.0,2.0,90.0,0.8,-2.0,0
230.0,120.7,220.3,311.0,27.0,34.3,4.3,1.0,45.5,-3.6,0.2,127.7,193.0,288.3,264.0,25.3,27.7,1.3,3.3,10.0,-6.8,-5.7,1
220.0,85.0,131.0,260.0,56.0,37.0,4.0,5.0,30.0,13.5,-4.6,137.0,129.0,236.0,261.0,21.0,35.0,1.0,1.0,90.0,9.1,21.5,1
284.3,162.0,330.0,177.0,52.7,18.0,1.7,1.0,30.0,15.9,1.2,179.0,134.7,284.7,339.0,32.7,30.0,1.3,0.7,80.0,10.5,4.6,1
16.0,184.0,114.0,193.0,7.0,55.0,3.0,1.0,40.0,-16.0,15.2,43.0,367.0,323.0,241.0,26.0,52.0,0.0,2.0,50.0,-11.0,13.0,0
180.3,164.0,181.7,183.0,18.0,28.0,2.3,0.7,30.0,24.1,12.2,166.3,190.3,229.7,261.0,21.7,34.3,1.0,1.0,70.0,2.3,1.9,0
35.0,286.7,392.0,270.3,27.7,44.7,2.7,2.3,50.0,1.2,5.3,104.3,108.0,144.0,220.7,14.3,27.7,2.3,0.3,80.0,10.1,12.0,1
216.0,76.3,217.0,180.7,34.7,16.3,0.3,0.0,80.0,13.8,3.2,200.0,128.0,213.7,255.3,27.7,30.3,0.7,1.3,90.0,10.6,4.1,1
81.7,148.0,293.7,281.0,23.3,28.7,1.3,2.3,72.7,-2.3,-3.1,150.7,122.3,212.0,197.0,22.7,16.0,0.3,2.3,80.0,-4.0,0.9,0
196.0,151.7,264.3,240.3,28.3,23.7,1.0,1.7,30.0,-1.7,-8.7,125.0,163.3,249.3,290.3,20.3,33.7,2.0,1.7,36.4,-15.6,-8.0,0
162.3,187.0,221.7,239.3,21.7,20.0,1.3,1.7,60.0,-1.9,-1.9,174.0,179.3,114.7,267.0,13.7,29.7,2.7,1.0,40.0,0.1,0.1,0
279.7,226.0,195.7,212.7,30.3,39.3,1.0,0.3,66.7,7.0,0.1,83.7,270.0,284.0,239.3,24.7,37.7,1.7,1.3,30.0,-4.5,-7.7,1
328.0,219.3,160.7,324.7,29.3,34.3,1.7,2.3,88.9,4.3,3.5,90.3,198.3,211.7,224.0,19.7,31.0,3.0,1.3,80.0,-4.7,0.4,1
173.0,200.0,255.0,294.5,33.0,39.0,1.5,0.5,70.0,3.8,3.0,177.5,145.0,202.0,312.5,26.0,38.0,4.5,1.5,50.0,-4.5,-2.4,0
188.3,144.0,189.3,244.3,35.3,22.7,1.0,2.7,60.0,-14.3,-12.5,200.0,191.7,163.7,220.3,26.7,30.7,2.7,2.3,80.0,-4.6,-7.2,0
208.0,177.0,97.3,280.7,19.3,25.3,2.0,1.0,70.0,10.2,10.2,207.7,124.0,219.3,194.7,30.3,15.0,1.3,1.7,90.0,-6.7,-6.7,0
188.0,155.0,381.0,200.0,43.0,24.0,0.0,2.0,90.9,12.9,-3.3,100.0,122.0,296.0,314.0,35.0,40.0,3.0,2.0,80.0,8.9,7.4,1
117.7,189.7,217.0,186.3,25.7,31.7,1.3,2.3,55.6,5.2,5.2,113.7,190.7,134.3,236.0,9.3,34.0,2.7,0.3,44.4,2.3,3.5,1
141.3,148.0,371.0,235.0,36.7,20.3,2.0,1.0,60.0,8.4,1.1,300.3,72.0,189.7,184.3,41.0,22.7,1.3,1.0,66.7,10.0,-3.1,1
226.7,118.3,345.3,306.3,45.0,34.3,2.3,1.0,77.8,15.4,9.7,56.7,203.0,474.0,224.0,36.7,37.0,1.3,0.7,90.0,3.0,-1.2,0
223.3,290.3,163.0,212.0,23.7,39.3,1.7,0.3,70.0,-13.9,-10.4,267.3,219.0,103.3,229.7,24.0,33.3,1.3,0.7,30.0,-14.7,-8.3,1
110.3,101.3,212.3,260.0,22.0,26.3,1.0,2.3,60.0,-10.5,-2.4,122.3,129.3,177.0,337.7,18.3,33.3,2.0,2.3,30.0,2.6,5.9,0
106.5,103.5,234.5,293.5,15.0,20.5,1.5,2.0,40.0,-2.8,-1.3,149.0,293.0,192.0,197.0,10.0,50.0,4.0,1.0,80.0,-8.5,13.8,1
253.0,91.0,146.5,192.5,29.5,20.5,2.5,3.0,44.4,3.3,-3.0,195.0,184.3,231.3,246.7,23.7,39.0,1.7,0.3,44.4,-26.4,-20.4,0
112.7,47.0,269.0,230.7,32.0,20.7,1.7,2.7,66.7,12.4,1.9,65.0,241.0,175.7,174.3,9.3,28.7,2.0,1.0,70.0,-8.2,-2.5,1
192.3,139.0,281.0,353.0,32.7,31.3,1.0,1.3,70.0,4.2,3.6,143.0,149.7,226.7,253.7,20.3,28.7,1.7,0.7,9.1,2.8,-3.2,1
98.7,31.7,267.3,302.0,32.7,22.0,1.3,0.7,50.0,7.4,2.7,151.7,60.7,232.3,189.7,29.0,11.3,1.3,1.7,36.4,10.1,0.2,1
0.0,0.0,0.0,0.0,41.0,15.7,1.3,0.0,90.9,9.5,9.5,0.0,0.0,0.0,0.0,26.7,25.0,0.3,1.0,72.7,-7.0,-7.0,1
88.3,179.3,207.7,227.0,16.3,26.0,1.0,1.3,40.0,1.5,-1.1,215.3,159.3,275.7,338.3,29.0,35.7,2.7,0.3,80.0,2.1,-2.4,1
213.3,186.7,230.7,176.7,29.7,17.0,1.3,2.3,60.0,3.4,-5.5,151.0,178.3,210.3,201.7,34.3,25.0,1.0,2.0,50.0,-12.6,-11.1,1
173.7,109.3,185.0,128.3,30.3,10.0,1.7,1.7,80.0,14.5,2.0,93.7,115.7,192.7,183.3,15.7,23.3,1.3,0.7,45.5,-7.5,-4.2,0
100.0,177.7,116.3,247.3,13.3,42.7,1.7,1.7,50.0,-7.6,-0.4,239.3,158.7,69.7,225.0,21.7,30.7,0.7,1.0,55.6,-17.1,-13.5,0
141.7,238.0,346.0,203.3,37.7,18.3,0.7,2.7,80.0,6.8,0.0,213.0,134.7,170.3,224.0,34.0,15.7,1.0,2.3,70.0,1.7,-6.8,1
207.3,275.3,269.7,163.0,27.7,39.7,1.7,2.0,50.0,2.9,5.1,69.7,119.7,283.0,118.0,35.3,20.7,3.0,4.3,50.0,3.2,-4.5,0
167.7,211.3,179.0,165.3,28.3,31.3,1.7,1.3,50.0,11.9,4.9,197.3,168.0,109.3,212.7,27.3,23.3,1.3,2.3,50.0,3.9,2.2,1
240.3,131.3,262.7,158.3,51.0,18.7,1.3,1.3,77.8,8.1,-3.8,188.0,159.3,348.0,197.3,36.7,12.3,1.0,2.0,44.4,1.9,-11.3,0
197.3,111.7,239.0,253.3,38.0,13.7,1.0,3.3,70.0,10.3,-3.7,159.0,201.7,258.0,279.0,32.3,33.7,1.0,0.7,70.0,4.4,2.5,0
145.7,161.7,249.3,229.0,18.7,26.0,1.7,2.3,50.0,-29.0,-19.2,112.7,311.7,306.3,241.3,36.3,40.0,1.0,2.7,50.0,-14.4,-9.2,0
236.5,136.5,136.5,254.0,50.5,39.5,3.0,4.0,30.0,14.1,6.0,410.0,124.0,100.0,153.0,40.0,14.0,3.0,5.0,80.0,2.3,-16.7,0
245.3,159.3,228.0,187.7,33.3,19.7,1.7,2.0,55.6,17.4,10.4,169.7,145.7,104.0,174.7,12.0,16.7,0.7,1.3,50.0,16.2,6.1,0
275.7,96.3,211.3,266.0,50.7,15.7,2.3,4.0,90.0,20.7,-4.6,172.3,108.7,332.3,141.0,38.3,13.7,0.7,1.7,70.0,11.4,-1.9,1
309.7,114.7,234.3,275.0,45.7,22.7,1.0,2.0,100.0,20.3,1.3,83.7,203.3,238.3,173.7,10.3,37.7,3.0,1.3,18.2,-16.1,-4.0,0
350.3,110.3,164.3,176.7,47.0,11.3,0.0,0.7,80.0,22.2,1.6,135.0,90.0,145.0,169.5,39.0,10.5,0.0,3.5,50.0,4.6,-9.5,1
99.0,198.3,348.0,285.0,40.0,25.3,1.3,4.3,80.0,7.7,-2.6,90.7,149.7,110.0,247.3,14.0,21.3,1.3,1.7,70.0,-14.2,-6.2,1
101.7,289.3,240.0,151.7,14.0,36.0,2.7,1.0,20.0,-19.5,-10.1,73.7,307.3,164.0,160.7,12.3,44.7,3.0,0.3,70.0,-21.9,-12.3,1
269.3,104.0,99.0,280.0,27.0,14.3,0.3,2.3,45.5,9.3,5.7,155.7,110.0,284.7,195.0,19.0,26.7,2.0,1.7,30.0,-10.7,-5.7,0
234.0,81.5,307.5,197.5,37.5,19.0,0.5,2.0,60.0,2.6,-6.7,132.0,331.0,413.0,324.0,34.0,69.0,2.0,1.0,50.0,-10.0,-10.0,0
83.3,172.7,233.3,198.7,20.3,21.7,2.0,2.0,40.0,-3.2,-2.4,235.3,108.7,139.3,290.7,21.3,22.3,1.7,2.7,72.7,-0.2,-5.8,0
149.0,231.3,204.0,271.0,22.7,49.7,2.3,2.0,60.0,-13.6,2.7,150.5,158.5,152.5,139.5,14.5,18.0,2.0,1.5,60.0,-13.7,-12.9,1
132.0,264.7,259.7,262.0,22.3,35.0,2.0,1.7,60.0,-20.5,-10.5,134.0,178.3,275.7,226.7,26.7,34.3,1.0,1.3,60.0,-24.0,-14.3,1
193.3,187.7,150.7,166.7,19.0,16.3,0.7,1.7,36.4,4.8,0.1,141.7,97.0,153.7,198.0,26.0,15.0,1.0,1.7,50.0,3.6,-3.2,1
187.7,194.7,225.0,265.7,30.7,27.3,0.3,2.0,60.0,-5.5,-14.4,198.3,297.3,261.3,199.0,32.7,38.0,1.7,1.3,36.4,-18.3,-8.9,0
128.5,142.0,305.5,200.5,30.5,27.5,1.0,1.0,50.0,-7.5,-13.0,31.5,298.5,171.5,232.0,8.5,48.5,3.0,1.0,81.8,-10.9,-5.5,0
79.7,149.3,389.7,241.3,45.0,18.3,2.0,4.7,80.0,0.2,-6.2,165.0,121.7,178.0,324.0,19.0,27.7,1.0,1.7,40.0,-6.1,-8.5,1
169.3,72.7,228.0,233.0,30.7,20.7,2.0,3.3,70.0,6.0,6.0,197.7,196.3,250.3,172.3,32.3,20.3,1.0,2.3,60.0,8.8,8.8,1
227.7,171.3,166.7,153.7,29.7,22.0,1.0,1.7,40.0,3.0,-4.9,87.0,251.0,312.7,379.0,29.3,50.0,2.3,0.7,50.0,-6.1,-5.1,0
77.7,178.7,173.7,183.7,17.0,23.0,2.7,1.3,70.0,-4.6,-4.0,140.0,119.7,148.3,175.3,14.3,26.3,2.0,0.7,70.0,-18.4,-15.0,1
219.7,55.3,239.7,342.7,32.3,24.7,0.7,1.0,80.0,15.5,7.7,138.7,141.7,350.0,297.0,36.0,35.7,1.3,1.3,30.0,-6.6,-3.4,0
204.0,110.5,290.5,378.5,39.0,38.5,2.0,0.5,80.0,8.8,1.1,368.5,120.5,152.0,213.5,28.0,20.0,1.5,1.0,90.0,8.6,0.4,1
136.0,186.3,241.3,264.3,30.7,39.0,2.0,0.7,40.0,-16.8,-12.6,117.7,199.0,164.3,298.0,17.0,44.7,1.3,0.7,33.3,-26.9,-14.7,1
223.0,130.3,299.7,191.0,45.0,17.0,1.0,1.7,77.8,16.7,7.1,221.3,151.0,248.3,294.0,30.7,26.0,2.7,1.7,40.0,10.5,3.3,0
126.0,166.0,267.0,114.0,24.0,7.0,2.0,3.0,30.0,-10.4,-24.3,131.0,84.0,178.0,284.0,14.0,30.0,2.0,0.0,50.0,-8.3,12.0,1
229.5,60.5,243.5,403.0,32.5,26.0,0.5,2.5,100.0,22.6,15.1,322.0,119.0,17.0,193.0,21.0,17.0,0.0,2.0,55.6,1.1,-17.9,0
53.3,192.7,157.7,169.0,12.3,27.3,2.3,0.3,30.0,10.3,6.7,255.3,153.0,191.7,220.0,33.3,28.3,3.0,2.0,80.0,1.5,0.9,0
137.0,204.0,52.7,204.0,12.3,28.0,1.3,2.0,80.0,-7.9,-5.5,128.3,255.3,213.3,224.0,17.7,50.0,2.0,1.3,70.0,-31.0,-20.2,1
212.3,229.0,223.0,265.3,31.7,29.7,2.0,2.7,70.0,-7.4,-5.7,193.0,167.0,197.0,338.3,24.0,28.0,2.3,1.7,70.0,-12.2,-7.3,1
111.3,198.7,256.0,199.3,20.7,23.7,1.7,1.7,30.0,-18.6,-10.7,118.0,176.3,203.0,332.3,8.7,41.7,2.0,1.3,70.0,-26.5,-16.2,0
178.0,89.0,331.0,359.0,50.0,27.5,0.5,2.5,36.4,7.8,-13.7,194.5,203.5,386.5,330.0,53.0,33.0,1.0,3.0,50.0,5.7,-8.4,1
195.7,144.7,312.0,272.0,26.0,27.0,1.7,1.0,80.0,-1.7,-3.3,107.0,161.3,248.7,216.3,23.0,31.3,4.7,1.7,40.0,1.6,-0.9,0
79.0,187.5,203.0,224.0,17.0,28.5,3.0,0.5,50.0,-7.4,-8.7,103.3,123.3,297.0,340.7,31.7,26.7,2.3,2.0,9.1,3.2,1.0,1
153.3,152.7,153.7,190.3,16.3,23.7,2.3,2.3,60.0,-15.4,-11.7,116.3,206.0,172.7,123.3,14.0,16.0,1.3,2.0,40.0,-14.5,-5.9,1
219.0,87.0,188.7,205.7,37.0,18.3,1.0,1.7,44.4,7.9,-3.7,177.3,186.3,300.3,262.7,38.3,36.0,1.7,1.3,60.0,-8.1,-10.4,0
214.3,91.7,358.0,259.0,41.0,22.0,2.0,1.0,60.0,-2.6,-5.3,179.3,97.0,230.0,231.0,25.7,27.0,2.3,2.7,30.0,-5.4,-3.7,1
276.3,165.3,247.0,325.0,43.7,28.3,2.3,2.7,45.5,20.1,9.6,162.7,135.3,251.0,134.0,30.0,25.3,2.7,1.0,20.0,13.4,10.0,1
158.7,142.0,158.0,191.7,18.3,29.3,3.0,2.3,90.0,15.2,5.5,256.3,80.0,215.3,282.3,48.0,21.3,1.3,4.7,70.0,14.1,4.6,0
110.0,416.7,308.0,128.3,25.3,41.0,2.0,1.0,11.1,-16.6,-12.9,103.3,305.3,249.0,143.0,20.7,38.7,1.7,0.3,55.6,-7.7,-5.7,0
217.0,121.0,189.0,235.7,39.7,23.7,2.0,3.3,18.2,9.4,7.1,158.7,69.7,265.7,288.3,31.7,19.7,0.3,1.3,40.0,3.0,1.9,1
135.7,323.0,314.0,210.0,26.3,45.0,4.0,1.7,18.2,8.0,6.0,169.3,138.7,248.3,186.7,41.3,19.3,1.7,3.3,60.0,8.6,0.7,0
226.0,81.0,323.0,451.0,52.0,42.0,2.0,2.0,70.0,13.7,-4.8,224.0,124.0,264.0,297.0,19.0,35.0,2.0,2.0,20.0,-4.8,-7.1,1
164.3,183.0,286.3,172.3,36.0,18.3,1.0,0.7,66.7,10.8,-3.1,164.3,254.3,273.7,183.0,24.0,31.0,1.3,1.0,22.2,-11.3,-9.5,0
152.0,164.0,280.7,271.0,38.0,28.3,0.3,2.0,40.0,16.0,5.6,107.3,173.3,244.0,208.0,22.3,30.7,1.3,1.0,66.7,7.3,5.9,1
69.3,166.7,264.7,175.3,21.7,34.7,1.3,1.0,100.0,1.3,4.5,111.7,223.0,161.0,136.0,12.3,25.7,2.0,1.7,66.7,-10.9,-2.8,1
69.7,109.7,168.7,228.3,16.3,20.3,1.0,2.3,40.0,-10.7,-1.4,108.0,296.7,183.0,180.0,13.7,38.3,2.3,2.3,50.0,-16.4,-3.4,0
139.0,87.0,318.7,349.0,28.3,22.3,2.3,1.7,50.0,0.7,-1.9,32.3,88.0,244.3,242.0,22.3,21.7,2.3,1.3,40.0,-6.3,-6.9,0
212.0,161.0,191.7,389.7,44.7,36.0,0.7,1.3,72.7,6.0,2.4,135.7,160.3,170.0,195.7,14.7,28.0,2.3,0.7,70.0,1.3,-1.1,0
252.0,120.7,291.3,132.7,44.7,6.3,1.3,2.0,80.0,22.4,-2.6,76.0,129.5,390.0,162.5,31.0,15.5,1.5,1.5,20.0,13.4,1.8,0
241.3,112.3,244.7,223.0,36.7,12.0,1.7,2.7,80.0,21.0,5.1,198.7,124.0,209.7,199.3,39.0,15.0,1.0,3.3,30.0,20.1,0.1,0
266.7,187.7,225.0,168.0,30.7,16.3,1.0,1.0,40.0,13.1,7.5,215.0,116.3,236.0,232.3,31.3,24.0,1.0,2.0,50.0,4.6,-1.5,1
92.7,140.7,275.7,192.7,31.3,22.0,2.3,2.3,70.0,4.3,-6.2,78.0,156.7,240.3,191.7,30.0,35.7,2.0,2.0,60.0,-2.9,-5.4,0
312.3,56.7,149.7,209.7,37.0,15.7,0.3,1.3,55.6,1.8,1.8,246.3,191.7,206.3,241.7,34.0,26.7,1.0,2.0,60.0,-18.4,-18.4,0
238.7,67.7,125.0,223.7,24.0,22.0,2.0,2.3,10.0,11.4,4.0,94.7,170.0,239.7,191.3,20.7,29.0,2.7,2.0,30.0,-5.3,-1.9,1
149.0,238.0,293.7,204.0,32.3,26.0,1.7,1.7,66.7,-9.0,-13.4,107.7,233.0,101.7,287.7,9.7,38.0,1.3,0.0,55.6,-19.0,-3.4,1
281.0,194.0,370.0,165.0,55.0,23.0,3.0,0.0,80.0,7.4,-18.2,162.5,277.5,462.0,195.0,39.0,43.0,1.0,2.0,30.0,-5.1,2.0,0
195.7,131.7,266.3,139.7,37.7,11.0,1.0,1.3,80.0,27.7,14.3,225.7,166.0,264.3,282.7,33.3,21.3,2.7,2.0,45.5,17.2,7.1,0
39.0,255.7,375.7,369.0,27.7,56.3,4.3,2.3,50.0,-0.3,3.8,277.0,172.0,237.3,242.7,34.3,26.3,1.3,1.3,70.0,10.0,2.9,0
103.7,116.0,244.7,120.7,17.7,21.7,1.0,1.0,88.9,3.3,3.6,373.7,83.3,150.3,292.0,39.7,16.0,0.3,1.3,40.0,18.8,8.4,1
112.3,137.0,352.3,260.3,30.0,27.3,1.7,1.3,80.0,1.7,-7.5,234.7,119.3,249.0,171.3,33.0,20.7,1.0,1.7,30.0,3.1,-8.1,1
192.7,134.0,188.0,244.0,23.7,22.3,0.7,1.7,30.0,6.9,-4.3,115.3,231.7,266.3,194.0,24.0,31.7,1.3,2.0,60.0,-8.7,-7.3,0
246.0,93.3,239.7,275.0,35.7,20.0,2.0,1.3,40.0,12.5,0.1,161.3,74.0,197.0,155.0,21.7,6.3,1.3,1.7,80.0,8.9,-1.4,0
195.3,238.7,163.7,194.7,29.3,20.0,1.7,3.3,50.0,6.7,-4.0,223.7,98.3,238.0,209.3,34.0,24.3,2.0,2.0,81.8,2.0,0.3,0
81.0,160.7,223.7,227.3,23.3,28.0,1.7,0.7,70.0,-4.3,-6.4,175.7,138.0,206.7,235.3,26.0,29.3,2.7,0.7,30.0,3.3,-1.9,1
159.0,232.0,310.0,322.0,38.0,34.0,1.0,1.0,80.0,1.4,0.8,97.0,208.0,204.0,193.0,16.0,41.0,1.0,2.0,90.0,-19.2,-0.4,1
224.0,113.0,223.0,325.0,31.0,24.0,1.0,2.0,20.0,11.2,7.6,79.0,200.0,227.0,111.0,35.0,14.0,2.0,1.0,30.0,9.8,-2.7,0
113.7,224.7,226.0,142.7,32.3,16.0,1.7,4.3,50.0,5.6,-8.9,140.3,197.3,255.3,289.0,24.0,43.0,2.3,0.7,30.0,-16.8,-9.2,0
244.7,136.7,188.0,126.0,34.3,13.3,1.7,2.0,30.0,18.5,0.1,167.7,108.3,289.0,167.0,33.7,15.7,3.0,0.7,9.1,7.5,-1.4,0
256.0,115.7,318.0,144.7,49.3,19.3,1.3,1.3,44.4,23.3,7.6,141.3,177.7,313.7,168.0,34.0,21.3,0.3,1.7,44.4,14.3,1.6,0
370.3,81.7,136.7,192.3,39.7,21.3,2.0,2.0,30.0,18.4,2.1,263.3,182.3,119.3,181.3,34.3,23.0,0.7,2.7,60.0,4.8,0.8,1
120.0,206.7,183.0,208.0,18.7,31.3,3.3,2.0,70.0,-8.6,-3.9,120.3,120.0,165.7,333.7,8.3,27.0,1.7,2.0,50.0,-12.9,-7.4,0
137.3,229.3,373.7,336.7,45.0,46.7,0.7,0.3,70.0,5.9,-0.3,238.0,134.0,165.0,295.3,30.0,29.7,1.7,0.7,77.8,4.4,1.4,0
63.3,181.7,399.3,203.0,39.3,27.0,1.3,0.3,44.4,7.2,-1.9,74.7,192.7,262.0,276.7,19.3,30.3,1.7,1.0,30.0,9.3,5.7,0
195.0,141.3,198.3,224.0,42.7,21.3,0.7,2.0,55.6,9.9,-2.7,178.0,102.7,182.3,238.0,25.0,24.0,1.0,0.7,66.7,-8.8,-10.0,1
248.7,148.3,180.3,188.0,30.3,31.7,2.0,0.3,44.4,-2.9,-5.8,116.0,166.3,353.0,257.3,21.7,34.7,2.3,0.3,66.7,-2.5,-1.1,1
192.3,172.0,299.3,240.0,48.7,26.7,1.0,1.7,55.6,11.2,-1.3,114.0,140.3,139.3,260.0,10.0,26.0,0.7,0.7,44.4,-11.7,-6.3,0
178.7,168.7,237.0,191.7,36.7,21.3,0.7,1.7,30.0,16.7,16.7,154.7,139.0,206.7,222.0,15.3,35.3,2.3,1.7,81.8,-5.0,-5.0,1
129.3,201.0,469.3,305.0,54.3,57.3,2.7,0.0,70.0,1.7,4.3,130.3,117.0,318.0,192.0,25.0,18.7,0.7,2.0,60.0,-8.6,-8.9,0
103.7,156.3,164.3,227.3,22.0,18.7,0.7,1.3,40.0,0.5,-0.4,84.7,68.7,209.7,188.3,17.7,20.7,2.7,2.3,80.0,1.4,-2.2,0
60.0,207.3,295.7,298.0,26.3,34.0,1.3,1.3,40.0,-8.8,-10.8,97.0,320.3,166.3,174.3,20.0,39.0,0.3,1.3,50.0,-9.1,-4.4,1
86.3,268.7,260.0,281.0,15.0,43.3,2.3,1.7,50.0,-11.5,3.9,43.0,189.7,241.7,325.0,19.3,37.0,1.0,2.3,30.0,-11.5,3.7,1
149.0,192.7,319.7,164.3,39.0,21.3,1.3,2.3,80.0,17.4,4.7,200.7,151.0,417.3,219.0,45.3,19.3,1.0,1.7,10.0,14.1,1.1,1
350.0,160.3,272.7,129.7,58.3,14.0,1.0,1.7,70.0,28.4,7.2,213.3,194.3,170.0,367.3,20.3,44.7,2.3,1.3,100.0,1.3,0.8,1
232.0,143.3,248.3,234.3,36.3,28.7,1.0,1.3,45.5,5.8,3.4,88.3,241.0,126.3,266.7,14.0,35.7,0.3,1.3,50.0,-4.0,2.5,1
208.3,73.0,229.0,312.0,38.0,21.3,0.7,3.0,50.0,18.0,0.3,270.0,212.7,281.7,271.7,40.3,30.3,0.7,3.0,10.0,7.3,3.4,0
190.7,162.3,172.0,223.0,28.0,26.3,0.3,1.7,40.0,13.7,9.1,98.0,264.0,280.3,233.7,27.3,36.3,1.0,1.0,20.0,9.0,6.0,1
157.7,189.7,246.3,245.7,16.0,24.0,1.0,1.3,90.0,-9.3,-5.6,197.0,146.0,243.3,263.0,37.7,32.7,1.3,2.0,40.0,-3.5,-9.0,0
293.0,128.0,86.0,170.0,12.0,9.0,2.0,2.0,72.7,3.4,-9.6,32.0,215.0,155.0,340.0,7.0,52.0,4.0,2.0,81.8,-8.0,-7.7,0
153.0,162.7,264.0,273.7,34.7,25.3,2.3,2.0,44.4,1.5,-8.3,103.7,101.7,123.0,158.0,10.0,15.7,1.0,1.7,70.0,-7.3,-4.1,1
209.0,118.7,221.3,228.7,28.3,17.3,1.7,3.0,70.0,0.7,-2.4,225.0,140.3,269.7,346.7,41.7,27.7,0.3,2.3,30.0,-8.6,-6.3,0
111.0,162.0,292.7,169.3,26.7,25.3,2.7,1.3,70.0,2.7,2.6,106.0,67.3,168.3,157.7,14.7,19.7,2.0,1.7,60.0,-1.7,-4.4,0
135.0,90.3,239.7,171.3,35.0,11.7,0.7,3.0,60.0,19.4,6.0,177.3,107.3,251.3,202.0,32.0,11.0,0.7,1.7,40.0,15.5,4.2,1
147.5,197.5,113.5,331.0,19.5,42.5,2.5,3.0,22.2,-16.8,-2.0,76.0,218.0,100.0,205.0,7.0,35.0,3.0,4.0,33.3,-22.2,-20.5,1
179.0,209.0,274.0,220.7,26.7,34.7,2.0,2.0,22.2,-4.0,4.2,248.7,151.7,315.7,237.7,49.3,26.0,1.0,1.7,44.4,15.8,1.2,0
209.3,122.7,299.0,221.7,42.0,28.3,2.0,2.3,88.9,10.8,-3.8,127.3,135.0,300.7,269.0,27.3,25.3,3.3,2.7,60.0,-0.5,-0.8,0
294.7,315.3,120.0,101.0,25.7,26.0,2.3,0.7,30.0,-7.3,-11.8,210.7,162.7,303.0,215.7,38.3,34.7,1.7,1.0,20.0,-0.9,-9.7,0
122.0,98.7,290.7,225.0,19.7,24.7,2.3,1.0,40.0,3.7,1.9,113.7,141.7,303.0,197.7,33.3,12.7,1.7,3.3,70.0,3.4,2.8,0
143.7,103.0,274.7,281.0,28.0,35.0,1.0,1.0,30.0,-10.6,-7.1,153.3,199.7,221.3,204.7,19.3,27.7,3.0,2.3,10.0,-15.4,-11.7,0
162.0,165.0,289.5,146.0,36.0,26.0,1.0,2.5,30.0,6.7,1.2,318.5,210.5,238.5,197.5,38.0,30.5,0.0,1.5,88.9,7.9,-0.4,0
315.7,158.7,233.7,130.7,46.3,15.7,0.7,1.0,50.0,12.5,-13.1,166.7,215.3,148.0,196.0,24.0,37.7,1.3,2.0,30.0,-8.4,-8.2,1
227.3,128.3,226.0,246.0,43.7,21.7,1.3,1.7,30.0,19.3,3.2,261.7,168.7,277.0,161.7,34.3,14.3,1.3,1.3,70.0,16.5,2.0,0
73.3,201.3,455.0,216.3,37.0,32.0,1.0,1.7,44.4,3.4,1.2,198.7,162.7,350.3,246.0,38.7,18.3,1.0,2.0,33.3,13.4,3.4,0
212.3,155.7,222.0,252.7,28.0,29.3,1.3,1.7,66.7,1.7,-0.3,143.7,125.7,211.0,255.7,22.3,33.0,0.7,2.0,30.0,1.3,-2.2,1
127.7,313.3,259.3,224.0,39.0,35.0,1.7,3.0,30.0,10.2,2.1,121.0,241.0,198.7,196.7,10.0,44.7,2.3,1.7,70.0,-13.0,-0.8,1
173.7,133.7,382.3,265.0,47.0,17.7,2.7,3.7,10.0,25.3,9.0,157.7,123.3,253.7,229.0,29.7,31.7,2.7,2.3,30.0,23.9,7.3,0
112.7,160.7,339.3,266.3,37.3,41.0,2.7,0.3,70.0,6.2,1.9,105.0,213.3,122.7,267.0,11.0,48.7,1.3,1.0,50.0,-7.5,-1.0,0
120.3,143.7,227.0,322.0,22.7,38.7,1.3,1.0,50.0,-17.0,-5.8,111.0,261.3,260.7,151.3,26.3,33.7,3.0,2.0,80.0,0.0,-7.4,1
106.7,179.3,326.0,295.0,27.3,40.0,2.3,1.3,50.0,-7.8,-3.4,235.0,145.0,217.0,257.5,40.0,31.5,2.5,2.5,11.1,-3.6,-4.3,0
38.3,134.3,420.3,233.3,39.3,30.7,1.0,2.0,18.2,4.9,-3.2,109.0,94.0,400.0,201.0,41.0,27.0,0.0,2.0,30.0,-8.3,-16.9,1
126.3,194.7,195.7,222.0,23.3,22.7,1.0,1.3,80.0,11.2,7.6,214.3,168.3,389.0,331.7,44.7,30.3,1.3,3.3,50.0,6.6,5.4,0
185.3,76.7,220.7,220.7,29.3,12.7,1.7,1.0,90.0,31.2,11.5,175.0,172.7,224.7,168.0,21.0,26.3,2.0,1.7,90.0,-6.5,1.0,0
177.0,248.3,179.7,208.0,27.0,37.0,1.3,1.7,44.4,-0.5,-4.7,91.7,193.7,388.3,331.3,22.0,46.0,3.0,1.0,33.3,-28.2,-15.8,0
230.3,142.3,238.0,391.3,36.0,37.0,1.7,2.0,10.0,-4.6,-4.0,52.3,247.0,252.7,218.7,18.7,37.7,1.7,1.7,70.0,-21.2,-13.3,0
156.7,106.7,192.7,296.7,21.0,31.3,1.7,1.3,36.4,-8.9,-6.9,141.0,203.0,223.3,255.0,18.3,28.7,1.0,2.0,0.0,-14.6,-4.6,0
209.3,96.3,163.3,168.3,18.7,15.0,1.3,1.0,90.0,7.5,1.3,105.0,176.0,217.0,254.7,26.7,28.3,3.3,2.3,55.6,-15.3,-12.4,0
196.7,188.0,164.7,241.0,26.3,34.0,2.3,1.3,9.1,-2.5,-2.5,151.0,138.3,111.0,228.3,12.0,34.0,3.3,2.0,0.0,-22.9,-22.9,1
176.0,161.5,212.0,326.5,30.5,39.5,2.0,2.0,60.0,-6.5,-5.7,149.7,250.3,209.7,214.7,28.7,42.7,2.0,1.3,0.0,-14.3,-11.3,0
225.0,83.3,114.0,254.7,16.3,34.7,2.3,0.3,40.0,-19.7,-10.5,69.7,116.0,148.7,154.0,16.3,19.7,1.0,1.7,70.0,3.2,3.7,1
224.7,115.0,210.0,84.0,33.7,13.7,1.0,1.3,77.8,23.4,8.2,165.7,160.7,209.7,280.0,26.7,24.3,1.7,2.0,33.3,19.9,6.3,1
180.7,129.7,240.7,256.0,26.7,25.7,0.3,1.7,60.0,0.9,-6.1,133.3,193.3,186.3,199.3,26.3,13.0,1.3,2.7,36.4,-6.1,-5.4,0
137.7,146.0,222.3,147.3,19.3,20.3,2.0,1.3,44.4,8.5,4.8,282.3,212.0,188.7,221.7,35.7,32.0,0.7,1.3,88.9,4.1,0.9,0
77.3,152.0,446.0,202.0,47.3,26.0,3.0,2.0,70.0,12.9,-9.6,125.7,195.0,101.3,293.7,13.7,37.0,2.3,2.0,50.0,-16.3,-5.4,1
125.7,128.3,190.3,341.0,24.3,28.0,1.0,0.7,100.0,12.9,5.6,158.7,307.0,261.7,235.0,35.3,46.0,1.3,1.3,70.0,-2.3,-3.8,1
186.0,183.5,335.5,177.0,53.5,21.0,0.0,4.0,80.0,18.8,0.9,132.0,179.0,360.0,219.0,32.0,35.0,0.0,0.0,70.0,1.7,-4.7,0
263.3,90.7,195.3,129.0,50.0,11.0,0.7,1.3,77.8,22.1,5.7,117.0,129.7,307.3,250.3,24.0,29.0,1.7,1.0,55.6,2.7,2.8,0
264.0,134.0,143.0,215.0,32.0,34.7,1.3,0.7,50.0,-5.6,-7.0,133.0,205.0,217.5,297.0,21.0,32.5,1.0,3.5,40.0,-12.7,-15.2,1
181.0,87.0,222.0,192.7,30.3,15.7,1.7,2.3,60.0,-0.7,-4.5,189.3,55.7,215.3,287.3,28.7,22.0,2.0,2.7,60.0,-1.3,-6.7,1
243.0,119.0,212.0,204.0,27.7,15.7,1.7,2.0,44.4,4.4,-7.9,136.3,220.3,196.0,312.3,22.7,42.0,1.7,1.7,33.3,-14.7,-7.0,1
111.7,199.3,199.3,256.7,16.3,36.3,1.7,1.0,50.0,-23.6,-11.0,221.7,280.3,219.3,318.7,23.0,56.7,2.3,0.3,30.0,-24.2,-12.6,1
127.7,124.3,195.3,180.7,23.3,25.7,2.3,2.3,80.0,4.0,-1.0,75.0,191.7,273.0,265.0,25.3,28.0,1.3,1.7,50.0,-11.1,-1.7,1
203.0,81.0,264.0,321.0,38.0,31.0,2.0,1.0,60.0,8.3,0.8,117.0,171.0,82.0,196.0,13.0,39.0,1.0,1.0,50.0,-5.1,10.4,1
195.3,142.0,195.0,270.7,25.0,33.0,3.0,0.7,50.0,7.0,4.8,124.7,233.7,283.3,393.3,33.0,43.7,1.3,3.0,36.4,-3.1,-0.1,0
182.0,63.0,191.7,293.7,28.7,13.0,0.7,2.3,40.0,-13.7,-10.5,229.7,112.3,191.3,206.3,25.0,20.0,0.3,0.3,36.4,-15.9,-14.3,1
134.7,44.3,148.7,222.7,22.3,9.0,0.0,1.0,88.9,24.5,10.6,154.0,207.7,146.3,236.0,18.7,34.7,1.7,0.3,88.9,-10.5,-2.8,1
116.3,112.7,317.3,240.3,32.3,21.3,1.0,1.3,50.0,17.9,3.9,38.7,30.7,76.0,84.3,29.7,37.3,0.7,1.7,50.0,-26.6,-11.2,0
163.5,140.0,184.0,277.5,30.5,30.5,2.0,3.0,60.0,2.3,1.8,154.7,297.0,229.3,218.3,32.0,43.7,0.7,2.0,33.3,-25.3,-15.1,1
249.3,83.0,248.0,446.3,37.3,37.3,2.0,0.3,100.0,14.1,7.0,260.0,182.3,308.3,216.7,46.7,31.0,2.3,1.7,50.0,6.0,-3.3,0
122.3,101.0,261.3,313.7,28.0,24.7,2.0,3.7,77.8,16.4,7.6,115.0,176.3,139.3,294.0,14.7,47.3,2.3,0.7,20.0,-13.9,-3.1,1
95.0,159.0,205.0,165.3,17.3,20.7,2.0,0.3,30.0,6.0,-1.4,72.7,151.7,256.0,264.3,20.3,31.0,3.0,1.0,40.0,-10.2,-7.9,1
42.0,112.3,254.0,271.0,25.0,22.3,2.0,3.0,60.0,7.5,1.8,198.3,135.0,256.0,227.7,35.3,29.7,3.0,1.0,60.0,4.5,-4.6,1
110.3,128.7,349.3,392.0,20.0,33.3,2.3,1.7,20.0,-2.4,2.0,121.0,186.0,109.0,206.7,10.3,34.3,1.7,1.3,50.0,-4.4,2.7,1
97.7,244.0,182.7,180.3,17.0,34.7,2.3,1.0,70.0,-5.9,-4.8,157.7,108.3,271.0,114.0,35.7,9.7,0.3,1.0,30.0,-0.7,-7.8,1
247.0,68.0,201.7,158.7,33.0,8.0,1.3,2.0,50.0,10.2,0.4,131.0,159.0,228.3,162.0,28.3,20.0,2.7,3.0,80.0,14.1,9.2,0
145.3,77.0,252.3,173.3,20.3,13.3,2.0,1.7,30.0,7.1,3.6,174.5,360.5,165.0,225.5,21.0,45.5,2.0,1.5,36.4,-18.7,-11.1,0
210.7,105.0,185.0,241.3,33.7,14.0,1.3,3.0,66.7,5.8,-1.8,170.7,152.0,171.3,152.0,17.0,19.0,1.3,1.0,55.6,6.4,4.7,1
232.0,312.3,199.0,239.3,28.0,41.7,3.3,1.7,30.0,-19.1,-8.6,123.7,216.3,84.7,142.0,7.7,28.7,2.0,2.0,40.0,-21.1,-8.4,0
108.0,82.0,210.3,257.0,21.3,21.0,2.7,1.0,50.0,-1.4,-1.4,41.3,194.7,393.3,299.0,37.0,37.3,2.3,2.3,50.0,4.9,4.9,1
174.7,83.3,155.3,265.7,26.0,19.7,1.0,1.0,80.0,-17.8,-12.8,114.0,90.0,281.3,229.3,32.7,20.3,1.7,1.7,40.0,-9.7,-13.2,1
239.7,174.0,345.0,251.7,40.0,28.7,1.3,1.0,77.8,20.5,9.7,222.7,107.7,323.0,231.3,40.7,21.7,2.3,3.0,11.1,21.2,8.0,1
0.0,0.0,0.0,0.0,23.7,26.3,1.0,0.0,30.0,-3.4,-3.4,0.0,0.0,0.0,0.0,21.7,37.7,1.0,0.3,36.4,-12.2,-12.2,1
154.7,128.0,279.7,146.0,34.3,11.7,2.0,2.7,90.9,22.1,7.1,188.7,222.3,382.0,205.7,41.3,27.3,1.7,1.0,100.0,21.6,9.6,1
97.0,122.0,325.0,268.0,32.0,28.0,1.3,2.0,40.0,3.8,0.7,143.3,222.7,328.7,326.0,43.3,49.7,1.7,1.3,70.0,-7.1,-4.0,1
197.3,153.3,290.0,187.7,38.0,25.0,2.0,0.7,70.0,4.2,-6.8,102.7,216.7,266.3,276.7,24.0,40.0,3.0,0.7,80.0,-4.0,0.7,1
200.7,66.7,260.7,306.0,41.0,20.0,1.7,2.7,60.0,23.1,9.6,166.0,261.7,284.7,299.7,23.0,35.0,1.7,1.3,60.0,-6.8,0.6,0
259.3,89.3,170.7,230.3,35.3,14.0,1.0,3.0,30.0,0.4,-7.8,206.3,121.0,221.0,198.3,35.7,17.3,1.0,3.0,60.0,-7.9,-8.2,1
230.7,141.3,315.7,161.3,50.3,18.0,0.7,1.7,50.0,20.3,-2.9,198.3,79.3,270.7,163.7,37.3,10.3,2.3,3.3,40.0,6.9,-10.4,1
200.7,165.3,149.0,144.3,23.7,20.3,1.7,1.7,77.8,12.3,4.0,300.0,105.0,179.7,217.0,36.3,16.0,0.3,1.0,77.8,5.3,4.9,1
0.0,239.0,188.0,180.0,10.0,34.0,2.0,0.0,50.0,3.2,-1.9,89.0,171.0,49.0,198.0,0.0,34.0,4.0,4.0,50.0,-12.5,-11.6,1
186.7,148.3,198.7,120.3,27.7,15.7,1.3,1.0,80.0,4.1,-4.3,147.0,163.0,262.3,281.0,31.3,36.0,1.7,1.7,80.0,2.5,1.8,0
153.0,112.3,319.3,199.7,42.7,15.7,1.0,2.0,60.0,-0.8,-10.0,186.7,72.7,349.3,300.0,38.7,28.7,2.3,2.0,50.0,-1.6,-11.5,1
115.3,97.0,161.0,218.7,23.3,26.0,1.3,2.0,40.0,-13.5,-11.9,61.0,197.7,243.7,179.3,26.0,35.0,2.7,3.0,30.0,-12.9,-5.6,1
162.3,76.0,274.7,121.3,31.3,20.3,2.0,0.7,60.0,10.2,2.3,171.0,267.0,206.0,280.7,20.7,48.7,1.0,1.7,50.0,-23.3,-12.6,0
135.3,131.3,284.0,244.0,34.3,21.3,0.7,1.0,44.4,15.0,9.9,77.3,200.7,265.3,264.7,16.0,36.3,2.7,1.3,30.0,-5.7,0.8,0
158.7,266.0,166.7,299.7,27.7,53.3,3.7,1.3,44.4,-14.8,-9.6,116.3,312.0,278.0,127.7,20.3,40.0,2.7,1.0,33.3,-24.8,-14.5,1
109.7,228.3,239.0,274.0,16.3,28.0,2.3,1.3,70.0,-11.4,-5.4,148.7,319.3,260.3,162.0,24.0,40.3,1.3,1.0,80.0,-20.2,-9.1,0
180.0,268.7,210.3,95.7,29.3,27.0,1.7,0.0,30.0,-4.3,-11.7,91.5,194.0,228.0,268.5,19.5,36.0,1.5,1.0,60.0,-12.8,-9.7,1
206.3,193.3,281.3,139.0,41.3,22.7,0.7,1.0,20.0,-2.2,-7.0,78.3,184.3,363.0,242.7,30.0,27.0,1.7,2.0,50.0,2.6,6.7,0
227.3,129.0,235.7,226.7,35.0,24.0,1.7,2.7,70.0,5.8,3.6,157.0,137.3,208.0,213.7,17.7,24.7,2.3,1.7,81.8,-3.9,-2.4,1
116.0,104.7,165.3,162.3,23.0,19.3,2.3,2.3,30.0,11.6,1.7,197.0,191.0,200.0,263.0,30.0,36.7,0.7,1.3,77.8,15.8,9.4,0
224.0,67.0,225.0,337.0,41.0,13.0,1.0,2.0,30.0,11.0,-7.4,184.0,16.0,193.0,114.0,55.0,7.0,1.0,3.0,90.0,14.8,-16.4,1
211.3,103.3,259.0,164.7,33.3,10.0,1.0,1.7,30.0,17.2,6.5,122.3,155.3,141.0,147.3,13.3,21.0,1.3,0.3,60.0,9.0,5.8,0
127.0,213.0,182.0,193.7,22.7,30.7,2.0,2.3,66.7,4.1,-3.0,126.3,210.0,220.0,199.3,15.3,36.0,2.7,2.0,66.7,-13.0,-6.5,0
194.3,83.7,258.3,328.3,39.3,28.3,1.3,2.3,50.0,-8.7,-8.7,304.0,113.0,45.3,231.3,15.0,27.7,3.0,1.3,30.0,-10.0,-10.6,1
153.7,125.3,192.7,193.3,30.7,10.3,1.7,3.3,60.0,6.8,-3.4,159.3,161.0,190.7,282.3,23.0,35.0,1.7,2.0,40.0,-12.8,-8.4,1
175.7,198.3,323.3,256.3,42.3,26.7,2.0,2.0,80.0,10.9,-2.8,119.0,221.0,281.0,172.3,22.3,37.3,2.7,1.7,22.2,-5.5,2.2,0
128.5,222.5,175.0,129.5,24.0,27.5,3.0,2.0,40.0,-2.8,-4.8,102.7,125.3,177.7,166.3,18.0,20.3,2.3,2.0,50.0,-1.6,-0.7,1
134.7,204.7,353.7,237.7,37.0,29.0,0.7,1.0,40.0,8.1,1.6,74.7,130.7,340.0,222.7,28.3,31.0,4.3,0.7,70.0,8.6,3.8,1
64.3,150.0,347.0,314.0,43.7,44.0,1.3,1.7,55.6,0.9,-5.3,258.7,200.3,110.3,188.3,34.0,28.7,2.3,2.0,77.8,4.9,-0.3,0
167.7,116.0,249.3,147.0,27.7,5.3,1.0,2.3,88.9,20.7,6.4,163.0,184.0,209.7,221.7,30.7,21.3,1.0,2.3,66.7,15.7,2.7,0
283.0,145.0,207.7,173.7,40.7,17.3,1.7,1.7,60.0,-2.0,-8.6,237.3,182.3,214.7,249.3,33.7,32.0,1.0,2.3,60.0,-3.6,-5.9,0
119.0,151.3,330.7,296.3,31.3,33.0,1.0,2.0,90.0,3.7,0.7,151.0,232.3,403.3,291.7,40.7,27.7,2.0,2.7,70.0,9.5,2.5,0
193.0,72.0,106.0,175.0,21.0,3.0,0.0,0.0,50.0,-5.1,-10.8,134.0,211.5,219.5,276.0,20.0,45.0,1.0,1.0,36.4,-8.1,6.1,1
105.3,220.3,265.3,120.3,22.0,26.3,1.7,0.7,40.0,-3.4,-2.0,270.3,128.0,128.0,227.3,22.3,29.7,1.7,0.7,70.0,-5.0,-2.2,0
193.3,161.0,105.3,208.3,21.7,28.7,1.3,3.0,55.6,-8.2,-8.7,137.7,115.3,260.3,252.7,27.7,24.0,1.7,1.7,70.0,-4.5,-4.8,0
85.3,171.0,360.0,255.3,32.0,32.0,1.0,2.3,70.0,7.7,2.7,234.3,254.7,226.7,348.3,30.7,47.0,1.7,2.0,50.0,0.5,-0.7,0
203.0,125.0,239.0,343.0,31.0,24.0,2.0,3.0,100.0,14.9,0.8,274.5,108.5,209.5,254.0,32.0,16.5,2.0,1.0,40.0,11.2,4.3,0
206.3,101.3,215.3,176.7,36.0,17.0,0.3,1.7,10.0,11.2,5.0,147.0,186.3,300.0,261.0,29.0,31.0,1.0,1.3,36.4,8.0,5.6,0
240.7,75.7,261.7,191.0,43.7,12.0,1.3,2.7,88.9,27.9,8.8,196.0,213.3,317.0,248.7,36.7,34.7,4.0,2.3,66.7,14.5,8.9,0
172.7,212.0,305.3,190.0,47.0,15.0,2.0,2.3,50.0,-0.7,-9.9,93.0,257.3,366.3,137.3,30.0,38.0,3.3,1.3,33.3,-10.6,-6.7,0
96.7,153.3,210.7,240.7,20.7,27.0,1.7,2.0,40.0,-1.1,4.5,106.7,272.0,177.7,243.3,16.7,49.3,2.0,0.7,50.0,-18.1,-5.2,0
195.3,296.7,174.7,218.3,26.0,35.3,0.3,1.3,30.0,-0.3,-0.6,79.3,176.7,231.0,231.7,29.3,28.7,1.0,3.0,60.0,0.4,2.1,1
94.0,184.0,274.7,207.0,20.3,24.0,2.3,2.0,60.0,-8.4,-7.6,52.0,156.3,196.7,173.7,10.3,22.7,1.3,2.0,50.0,-19.0,-11.3,1
104.0,210.0,196.3,184.3,21.7,27.0,2.3,2.0,100.0,-2.3,-1.7,185.5,118.5,68.5,185.0,5.0,28.5,4.0,1.5,55.6,-28.4,-18.3,0
342.3,255.3,152.7,269.7,38.3,39.7,0.3,0.7,77.8,3.2,0.0,108.7,223.7,348.0,239.0,32.0,34.3,1.7,1.0,66.7,-6.5,-2.8,0
128.7,248.7,275.7,115.0,23.3,26.3,2.3,1.7,80.0,4.3,3.1,88.7,260.3,292.7,301.0,24.3,38.3,1.3,1.3,70.0,-2.9,-2.5,0
92.7,212.3,285.0,239.0,25.3,41.0,1.7,1.0,50.0,-3.5,-3.7,114.7,167.0,231.0,336.3,23.0,43.3,2.0,1.7,60.0,-12.9,-7.2,1
83.5,185.0,219.0,290.0,18.0,34.5,2.0,2.5,50.0,-15.4,-8.9,179.0,157.0,238.0,246.0,25.5,35.0,3.0,0.5,36.4,-10.9,-8.5,1
98.5,198.0,341.5,199.5,36.5,33.5,2.0,2.0,80.0,10.2,2.3,138.0,101.0,344.0,192.0,39.5,10.5,0.5,1.0,18.2,7.7,-6.7,1
104.7,241.0,316.0,243.3,27.0,42.3,2.3,1.0,30.0,-20.7,-9.9,133.7,308.0,292.7,219.7,24.0,38.0,1.3,0.7,36.4,-12.7,-8.7,0
172.0,136.0,288.7,394.7,29.7,30.7,1.0,3.3,40.0,-12.7,-7.0,214.7,156.3,119.3,283.7,21.7,30.7,1.3,0.7,36.4,-15.9,-12.9,1
118.0,174.3,328.3,259.3,26.3,39.0,1.7,1.7,50.0,-4.3,-1.5,174.3,281.0,160.0,218.3,17.0,48.3,1.7,0.7,100.0,-14.4,-7.8,1
152.3,182.3,238.0,272.7,28.3,29.3,0.7,2.0,40.0,-14.1,-9.5,124.0,269.0,133.0,292.3,19.7,46.0,1.7,1.7,50.0,-14.0,-7.3,1
165.0,96.3,232.7,234.0,30.7,25.3,1.3,1.3,33.3,7.3,6.6,129.7,155.3,199.0,265.7,21.7,22.7,0.3,1.0,40.0,12.9,11.5,0
187.0,119.0,336.7,358.0,32.0,37.3,1.0,0.7,50.0,-12.0,-6.7,92.7,311.7,205.0,186.7,22.3,51.0,3.0,1.0,33.3,-27.9,-12.2,0
110.3,98.3,399.7,194.0,37.3,22.3,1.3,1.7,70.0,0.6,-6.6,107.7,143.0,203.7,207.7,18.3,24.3,2.3,2.3,50.0,-28.1,-16.9,1
230.0,204.0,279.3,286.7,37.0,35.3,0.3,1.7,90.0,6.3,1.4,152.3,178.3,219.7,167.3,20.0,26.3,2.3,0.7,50.0,-15.7,-10.4,0
197.3,67.7,253.7,306.3,30.0,18.3,1.3,2.3,81.8,-2.3,-4.6,104.3,90.0,232.3,162.0,31.7,8.7,0.7,3.3,50.0,14.3,2.6,1
133.3,157.7,200.0,277.7,14.3,35.3,2.3,1.0,66.7,-2.1,-2.1,186.7,173.0,182.3,238.7,25.0,33.3,2.3,2.3,50.0,8.1,4.2,1
181.7,123.3,176.7,249.0,35.0,34.3,2.7,3.0,50.0,-5.8,-6.5,183.0,177.0,197.7,235.3,25.7,35.0,2.3,1.0,40.0,-10.8,-11.1,0
222.0,195.0,179.0,230.7,33.3,28.7,1.3,1.7,40.0,-10.2,-10.7,156.3,128.3,310.3,151.0,33.0,22.0,2.0,0.3,33.3,-12.5,-9.6,1
205.7,235.7,311.0,238.7,42.0,39.3,1.7,3.0,50.0,3.8,-0.1,237.0,400.3,210.0,229.7,30.0,55.3,2.3,0.3,70.0,-26.8,-11.5,0
241.0,6.0,211.0,362.0,44.0,24.0,2.0,1.0,60.0,-3.9,-19.1,87.5,58.5,195.0,279.0,19.5,27.0,1.0,3.0,50.0,-7.8,0.0,1
170.0,215.0,106.0,198.0,23.0,28.0,2.0,3.0,70.0,-1.8,-1.7,58.0,97.0,226.0,128.0,17.0,10.0,2.0,4.0,60.0,2.3,1.2,1
148.7,122.7,225.3,277.7,21.7,24.0,2.7,3.0,88.9,5.8,5.8,251.5,96.5,336.0,163.5,41.5,13.5,1.0,0.0,60.0,8.4,-16.3,0
170.3,197.0,291.3,242.3,38.0,29.7,1.0,1.3,50.0,0.6,0.6,128.3,250.3,90.7,266.0,9.0,41.0,2.7,1.0,50.0,-21.8,-21.8,0
78.0,78.5,180.0,218.0,20.5,14.0,2.5,2.0,70.0,-6.0,-11.9,111.3,236.7,263.0,175.0,23.3,25.0,1.3,1.7,40.0,4.8,7.9,1
227.3,98.0,142.0,131.0,30.7,7.3,1.3,2.7,88.9,19.8,7.4,50.3,305.0,169.0,168.7,12.7,34.7,1.0,0.7,80.0,1.4,2.3,1
194.7,181.7,304.0,195.0,37.7,30.0,1.3,2.0,30.0,8.5,5.1,92.5,212.0,209.5,184.0,23.5,34.0,1.5,1.5,20.0,-4.5,-4.2,0
260.7,145.0,59.3,136.3,24.0,18.3,1.0,2.7,30.0,4.1,3.0,82.7,112.7,206.0,204.3,24.3,19.3,1.7,1.7,20.0,-0.7,-6.6,1
257.3,211.3,205.7,155.3,35.3,17.0,1.0,2.3,30.0,17.5,5.2,170.7,202.0,186.7,266.7,16.7,38.7,2.0,1.3,20.0,-13.8,-2.5,0
201.7,134.3,284.3,314.0,36.3,21.7,1.0,3.3,70.0,9.6,-2.3,178.0,149.0,139.3,165.0,20.3,23.7,1.3,1.0,30.0,-1.9,-5.3,0
67.7,117.7,315.7,281.7,28.3,31.0,2.3,3.0,50.0,-3.1,-7.4,101.3,163.0,328.3,188.3,19.3,38.0,4.0,1.0,50.0,-22.8,-3.8,0
162.7,131.0,239.0,282.0,19.7,27.7,1.0,1.7,60.0,-16.0,-12.8,172.3,94.3,245.0,252.3,27.0,11.7,1.0,3.0,36.4,-7.7,-8.8,0
175.5,91.5,118.5,185.5,21.0,16.5,4.5,2.0,50.0,9.6,-4.6,118.3,70.3,164.0,265.0,22.7,25.7,1.0,0.7,80.0,2.5,0.1,0
120.7,134.7,319.7,250.7,40.3,36.7,2.0,1.0,70.0,5.9,1.1,110.7,94.7,361.0,228.0,36.7,24.3,0.7,1.0,33.3,12.6,1.9,0
125.7,80.0,310.3,137.3,36.0,17.7,1.7,1.7,70.0,10.4,1.8,164.3,107.3,188.7,196.3,24.0,18.0,2.3,1.7,30.0,1.5,-4.0,0
165.3,116.7,269.3,306.3,35.3,27.3,2.0,2.3,70.0,-4.4,-3.6,132.3,238.3,286.7,216.0,24.3,27.7,1.3,2.7,72.7,-14.4,-13.0,0
148.3,130.0,398.7,219.7,37.0,24.0,3.0,2.0,80.0,2.6,-2.4,77.0,231.7,308.3,220.3,25.0,34.0,2.3,2.0,70.0,-18.7,-8.4,1
0.0,0.0,0.0,0.0,18.3,20.3,1.0,1.0,30.0,7.4,7.4,0.0,0.0,0.0,0.0,32.0,33.7,0.3,1.3,70.0,-0.2,-0.2,1
179.0,76.3,259.0,206.0,32.3,16.0,0.7,1.7,60.0,12.0,9.5,138.0,184.7,201.0,305.3,22.0,37.3,2.0,0.7,55.6,-0.5,0.8,0
138.0,106.7,211.3,125.0,27.0,14.0,1.3,2.0,18.2,3.8,1.1,193.7,136.7,192.3,144.7,18.0,28.7,3.7,1.3,90.0,5.3,2.0,0
112.7,283.7,183.7,139.0,23.7,35.3,0.7,1.3,33.3,2.6,5.1,224.7,188.7,206.7,255.3,29.3,29.3,0.7,2.0,66.7,3.7,5.3,0
122.0,115.0,237.0,255.3,16.7,16.7,2.3,3.7,50.0,5.0,2.6,65.0,94.7,185.3,229.0,21.3,19.0,1.0,1.3,30.0,4.3,-0.7,0
100.7,85.7,212.3,206.3,22.3,18.3,0.3,2.0,77.8,-2.4,-8.6,55.0,269.7,365.7,214.7,31.3,34.3,1.0,3.7,33.3,-14.8,-13.7,1
177.3,145.3,120.0,197.0,25.0,21.3,0.7,3.0,30.0,4.8,0.9,82.3,264.7,116.7,203.7,7.7,37.7,1.3,1.3,80.0,-13.0,-10.5,1
124.7,119.3,291.0,204.3,28.7,24.3,2.7,1.7,50.0,1.2,-6.3,185.3,183.7,297.3,158.3,28.7,27.7,3.0,1.0,40.0,-9.1,-4.8,1
171.3,179.3,213.7,188.3,24.3,25.3,3.0,2.7,70.0,-4.1,-6.1,149.7,169.7,245.7,316.7,22.0,34.0,1.3,0.3,50.0,-12.7,-4.2,1
129.7,137.3,289.0,230.7,35.3,22.7,0.7,1.7,80.0,4.2,0.8,111.7,97.3,187.3,166.7,26.0,12.3,1.3,2.7,30.0,4.5,-2.0,0
178.5,107.5,300.0,315.0,39.5,25.0,2.0,3.5,80.0,-5.0,-13.4,62.0,26.0,251.0,226.0,12.0,41.0,2.0,2.0,50.0,-30.3,-24.4,1
147.7,210.0,263.0,216.3,34.7,32.7,0.7,1.3,50.0,-4.3,-5.8,202.0,111.3,245.7,268.3,35.7,20.7,0.7,1.3,40.0,7.6,-8.9,1
251.3,157.3,216.3,162.7,38.0,14.0,0.7,2.7,10.0,-6.5,-6.9,144.0,229.7,130.3,154.7,14.3,32.0,1.3,0.3,20.0,-23.4,-15.0,1
266.7,148.3,274.3,327.7,51.7,28.0,1.3,2.7,90.0,24.4,9.1,169.3,277.7,280.0,205.7,26.7,38.7,3.3,1.3,30.0,-5.1,1.9,0
232.3,202.0,131.7,281.3,15.7,42.3,1.7,1.0,30.0,-16.2,1.6,187.3,153.7,240.0,268.0,35.7,35.7,2.0,1.3,50.0,-9.5,-6.1,0
166.0,102.0,220.0,213.0,29.7,17.3,1.7,2.7,66.7,10.4,4.0,238.7,238.3,200.7,241.7,36.3,36.0,1.3,0.7,66.7,6.0,2.0,0
72.0,141.5,244.0,175.5,14.0,25.5,2.0,0.0,44.4,14.3,16.2,205.7,102.0,208.0,253.3,33.3,13.0,0.0,1.7,66.7,10.6,-3.0,1
193.3,90.0,216.3,287.3,36.3,22.7,1.0,2.0,22.2,12.7,9.2,163.0,168.0,187.7,235.3,35.7,24.0,1.3,2.0,44.4,3.6,4.0,1
110.0,137.7,231.0,220.3,23.3,19.7,0.3,1.7,70.0,1.8,-2.4,121.7,107.3,194.0,308.3,10.7,24.3,2.0,1.3,70.0,-4.3,-1.4,0
256.3,123.0,197.7,279.7,42.7,29.7,1.0,1.0,40.0,16.3,6.6,182.0,68.3,210.7,188.0,44.7,15.0,0.3,3.0,30.0,14.5,6.9,1
80.0,132.3,299.7,193.7,28.3,15.3,1.7,2.0,88.9,7.9,2.0,119.0,216.7,229.7,143.3,24.0,25.3,2.0,1.0,55.6,1.1,-1.9,1
147.0,186.3,261.7,270.3,23.7,33.7,2.3,0.7,50.0,-14.7,-7.1,259.7,98.0,219.7,293.0,39.0,26.7,0.7,2.0,70.0,-3.4,-3.7,0
217.7,80.0,302.3,154.0,41.0,10.7,1.0,0.7,90.0,30.2,6.9,190.3,185.3,234.7,306.0,30.7,33.3,1.7,1.7,30.0,6.9,5.4,1
266.0,60.0,167.0,286.0,28.0,10.0,3.0,2.0,90.9,14.0,-9.4,73.0,119.0,164.0,259.0,10.0,41.0,1.0,1.0,90.0,-7.8,-7.0,0
186.0,126.3,209.7,296.7,23.7,21.0,2.0,2.0,70.0,-10.2,-10.2,110.3,227.0,227.0,284.7,21.3,40.0,1.7,0.0,30.0,-2.5,-2.5,1
235.7,113.7,335.3,134.7,48.7,10.3,1.0,2.3,77.8,7.8,-3.4,120.3,194.7,228.3,225.3,23.3,28.7,0.7,2.0,44.4,-12.8,-12.0,0
95.3,56.3,219.7,361.3,20.3,29.0,0.7,2.0,40.0,-2.9,-3.8,111.3,214.7,243.0,209.3,21.7,36.0,0.7,0.3,80.0,-23.5,-11.7,1
161.0,124.0,270.3,261.0,28.7,15.7,1.3,0.3,88.9,19.3,6.4,235.0,57.0,240.0,170.3,43.0,8.3,0.7,2.0,77.8,21.8,4.3,0
32.5,294.5,245.5,274.0,11.0,47.5,1.5,1.0,50.0,-13.1,-7.2,64.3,258.0,129.7,259.7,6.3,48.3,0.7,1.7,0.0,-28.7,-5.1,1
178.3,87.7,360.3,219.7,33.0,14.3,3.0,2.0,90.0,17.1,8.9,182.7,177.7,205.7,275.7,37.0,34.0,0.0,2.0,40.0,5.4,4.7,0
166.3,189.3,206.0,237.3,18.3,27.3,1.3,2.0,40.0,-18.9,-10.2,141.3,320.7,294.0,225.0,28.3,47.7,2.3,1.0,30.0,-21.9,-7.8,1
199.7,55.3,203.7,157.0,23.7,14.7,3.0,2.7,30.0,13.3,4.5,213.3,185.7,276.7,181.3,26.7,23.0,1.7,1.0,50.0,-3.1,-5.4,0
151.0,216.0,344.5,208.5,39.0,20.5,1.0,2.0,30.0,0.8,-11.9,130.7,176.3,189.0,228.7,17.3,37.7,1.7,1.3,33.3,-5.1,5.6,0
134.3,163.7,288.3,113.3,39.0,17.3,0.7,2.0,80.0,14.6,5.3,75.0,157.3,247.0,244.7,14.7,31.7,3.0,0.7,30.0,-2.6,1.9,1
137.7,139.3,218.3,169.3,25.0,20.7,1.0,0.7,30.0,2.5,-2.3,246.7,115.0,195.7,203.7,34.0,21.7,0.7,2.0,30.0,-6.1,-6.5,0
0.0,0.0,0.0,0.0,27.7,30.7,1.0,0.0,40.0,8.7,8.7,0.0,0.0,0.0,0.0,22.7,28.0,1.0,1.0,50.0,-10.2,-10.2,0
150.3,103.7,282.3,166.7,31.0,12.3,3.0,2.0,80.0,26.2,7.7,52.0,257.7,141.0,203.3,10.0,52.3,2.3,1.3,50.0,-20.9,-7.8,0
84.0,156.3,228.3,157.3,17.0,27.0,1.7,0.7,36.4,5.5,5.4,143.3,244.3,214.3,279.3,31.7,40.7,0.3,2.0,50.0,-19.4,-4.6,0
196.7,79.0,357.3,143.0,50.7,7.7,0.3,2.0,44.4,32.9,4.1,221.7,130.0,273.7,221.7,39.3,21.7,1.7,1.0,100.0,39.9,16.3,0
122.3,216.0,317.3,185.7,28.0,18.7,1.0,2.3,40.0,2.3,3.2,94.0,249.7,267.3,280.0,19.0,43.0,1.7,2.3,81.8,-8.3,0.1,1
198.0,190.7,173.7,213.0,28.7,29.7,1.0,1.3,70.0,-1.6,-1.1,128.3,185.7,177.0,277.0,16.0,35.0,2.3,0.7,30.0,-13.7,-1.6,1
110.0,220.7,265.7,170.0,15.3,31.7,1.7,1.0,30.0,-11.6,-7.1,170.7,257.0,215.7,202.3,25.7,32.7,2.7,0.7,60.0,-7.0,-5.5,0
213.0,123.3,236.3,176.3,39.3,16.3,0.7,3.0,60.0,7.4,-4.6,154.3,80.7,239.7,152.0,33.3,16.3,1.3,3.7,70.0,1.1,2.0,1
126.7,126.0,291.7,298.0,34.7,26.3,1.3,1.3,33.3,25.6,11.8,154.3,260.0,98.3,183.3,19.7,23.7,0.7,1.3,50.0,-3.8,0.3,1
198.0,209.3,227.7,176.7,32.3,30.3,2.3,1.3,50.0,-5.7,-4.7,195.3,178.3,254.7,328.7,42.7,38.0,0.7,2.3,44.4,-12.4,-12.3,0
214.0,141.0,151.0,153.7,16.0,12.0,1.7,1.7,55.6,16.2,8.6,143.0,188.3,242.0,250.3,26.3,24.7,1.3,1.7,100.0,13.0,5.7,1
154.7,82.3,133.3,194.0,18.0,21.0,2.0,2.0,40.0,2.0,-0.2,182.7,112.7,133.0,201.3,21.3,21.7,1.7,1.3,9.1,3.3,1.0,1
222.3,173.3,96.7,208.3,30.0,30.7,0.7,1.7,36.4,4.3,1.5,186.7,202.7,144.0,173.0,22.3,20.3,1.7,2.0,72.7,5.1,-5.4,1
236.0,135.7,313.3,227.7,42.7,25.3,2.0,1.7,44.4,16.2,2.0,133.7,160.3,273.0,245.3,26.0,29.7,2.7,1.0,80.0,1.9,2.0,0
179.0,186.3,138.3,191.3,21.7,26.3,1.7,2.7,40.0,4.0,0.5,97.0,285.0,218.3,224.3,17.0,39.0,1.7,1.0,50.0,-18.7,-12.3,0
124.0,106.7,168.7,172.3,19.7,14.7,2.0,2.7,60.0,-6.0,-8.9,194.3,112.3,227.0,287.7,27.0,27.0,1.3,2.3,50.0,-8.5,-6.7,1
122.3,250.3,256.0,274.3,22.7,42.3,2.7,1.7,66.7,-10.5,-2.2,139.0,208.3,154.3,282.3,13.0,41.0,1.3,1.3,50.0,-12.2,-2.8,0
141.7,180.0,286.0,154.7,24.7,18.3,2.3,1.3,10.0,-7.3,-6.1,165.3,120.0,174.0,144.3,28.3,15.7,0.0,1.0,80.0,-10.5,-8.5,0
197.3,133.3,180.7,260.0,34.0,22.0,1.3,1.0,60.0,-8.2,-12.5,117.0,132.0,145.3,273.3,17.0,37.7,2.3,0.3,36.4,-23.6,-11.6,0
159.0,217.5,269.5,141.0,25.5,32.0,2.5,2.5,55.6,-3.3,-6.5,169.7,84.0,309.0,228.0,45.7,15.7,0.3,2.7,88.9,9.2,-9.1,0
80.7,147.7,79.0,200.7,5.3,32.0,3.0,0.7,90.0,-13.8,-1.5,95.0,166.7,181.0,169.3,14.7,26.0,3.0,1.3,50.0,-7.4,-4.4,1
207.3,16.3,204.7,206.7,37.0,7.0,2.0,2.0,100.0,18.8,2.3,218.7,107.3,194.7,231.0,22.0,24.0,2.3,2.0,40.0,-10.2,-10.2,1
70.0,206.3,215.7,317.7,10.3,38.3,2.3,0.7,36.4,-12.7,-7.8,54.7,253.7,228.0,305.0,10.0,36.0,0.7,2.7,30.0,-19.5,-9.9,1
276.0,230.0,182.0,296.0,56.0,41.0,0.0,2.0,44.4,2.1,-20.5,159.7,176.3,242.0,221.7,23.3,23.0,0.7,1.0,44.4,5.1,8.7,1
175.0,127.3,170.7,327.3,22.0,29.3,2.7,1.0,88.9,22.1,16.0,4.3,178.7,202.7,255.3,12.7,28.7,1.7,2.3,50.0,-0.5,5.7,0
100.0,135.0,222.0,228.0,18.0,34.5,2.5,2.0,80.0,-19.4,-13.1,93.0,135.0,126.5,204.0,16.0,15.5,2.0,4.0,50.0,0.7,-7.0,1
161.7,135.3,347.7,356.3,44.0,34.0,0.7,2.0,30.0,8.9,0.7,100.7,370.3,253.0,190.3,23.7,57.0,1.7,1.3,77.8,-11.2,-4.4,0
268.3,91.0,229.0,174.7,34.0,10.0,1.3,3.0,40.0,13.3,7.1,195.0,129.7,321.0,429.0,41.7,34.0,0.7,2.7,66.7,6.4,5.6,1
109.7,131.7,292.7,114.0,17.7,12.7,1.7,1.3,30.0,11.5,2.9,105.7,167.7,268.7,211.7,20.3,22.3,0.7,1.0,66.7,2.2,0.4,0
146.3,164.7,200.3,178.7,22.7,33.0,3.3,0.3,70.0,3.9,-1.3,161.7,216.0,362.0,208.0,46.0,31.3,1.3,1.7,90.0,14.1,9.0,1
257.7,176.0,163.0,193.3,29.7,27.3,1.3,0.3,60.0,-6.3,-6.6,157.0,205.0,115.3,161.3,16.0,33.0,2.0,2.0,30.0,-26.8,-17.0,1
138.0,195.3,307.7,249.7,24.7,37.7,0.3,1.7,30.0,-15.4,-7.0,95.3,213.7,210.3,343.3,12.3,44.7,2.3,0.7,70.0,-26.2,-0.9,0
155.3,149.3,212.7,155.0,24.3,19.0,2.0,1.7,50.0,-0.7,-8.6,234.3,216.0,221.0,182.7,43.0,20.7,1.7,2.0,80.0,8.8,-7.8,1
123.0,74.0,350.0,24.0,55.0,3.0,0.0,2.0,55.6,25.7,-5.5,153.0,73.0,301.0,340.0,45.0,14.0,1.0,3.0,77.8,14.9,-11.6,1
0.0,0.0,0.0,0.0,16.7,23.0,1.3,0.0,80.0,2.6,2.6,0.0,0.0,0.0,0.0,21.0,33.3,0.3,0.3,60.0,-5.1,-5.1,0
149.7,222.7,312.0,228.7,33.0,36.3,2.7,2.0,50.0,5.2,5.5,103.3,258.7,281.3,127.0,21.3,23.7,1.3,1.0,70.0,1.9,2.5,1
259.0,95.0,373.0,202.0,52.0,3.0,2.0,0.0,20.0,14.1,-17.1,165.0,197.0,258.0,271.0,19.0,43.0,3.0,1.0,60.0,-6.9,7.5,1
174.0,169.0,252.3,241.7,29.7,29.0,2.3,1.3,40.0,4.8,-0.6,294.0,41.7,306.3,172.0,54.7,9.7,0.3,0.7,60.0,9.2,-13.5,0
173.3,120.3,221.3,244.0,23.7,22.7,1.7,1.0,30.0,6.0,-4.1,111.0,122.3,296.0,272.7,32.0,25.3,0.7,2.7,70.0,2.0,-3.6,0
111.7,178.3,220.7,167.3,22.3,23.3,1.7,1.0,60.0,-0.5,-8.3,106.0,75.7,197.0,229.7,17.3,19.7,2.7,1.0,60.0,-7.5,-10.3,1
157.0,411.0,137.0,221.0,14.0,52.0,4.0,3.0,88.9,-3.1,28.1,26.0,234.0,131.0,199.0,0.0,49.0,3.0,1.0,77.8,-9.3,19.0,0
298.7,195.0,31.7,136.7,25.0,24.0,1.0,1.0,80.0,2.9,-1.9,147.7,97.7,289.3,254.3,29.0,21.3,0.3,2.7,80.0,7.7,1.3,0
161.0,106.0,203.0,370.0,31.0,37.0,2.0,2.0,10.0,7.6,4.3,131.5,101.0,174.5,232.5,25.0,16.5,1.0,2.5,50.0,4.2,7.3,1
197.7,101.0,259.3,279.0,44.7,23.7,0.7,2.0,50.0,14.7,7.2,176.3,186.7,266.7,195.0,27.0,34.7,2.0,1.0,70.0,4.9,4.3,0
272.3,123.0,239.7,250.7,31.0,26.0,1.7,1.3,30.0,14.4,8.4,173.3,168.0,176.3,276.7,22.7,30.7,2.7,1.7,70.0,5.4,0.7,0
92.7,241.3,244.7,282.7,14.3,35.7,1.7,2.7,30.0,-20.1,-11.3,120.7,196.3,233.3,206.7,21.7,29.0,1.0,1.3,50.0,-8.4,-7.8,1
189.7,150.3,240.7,146.3,41.7,17.3,1.3,1.0,80.0,13.7,3.9,179.3,123.7,87.7,193.0,16.3,21.7,3.0,1.3,9.1,-6.7,-2.8,0
214.7,200.0,213.0,274.3,29.3,23.3,0.7,4.0,40.0,-0.6,-2.2,276.7,193.0,95.3,265.3,26.7,33.0,2.0,2.3,50.0,-14.9,-2.7,0
353.7,122.0,113.7,256.7,37.0,26.3,1.3,2.7,33.3,-2.0,-8.7,138.7,269.3,237.3,190.3,21.3,37.0,0.3,0.7,33.3,-15.0,-9.1,0
227.7,66.7,245.0,162.0,38.3,10.0,1.3,0.7,60.0,18.1,4.1,87.0,76.0,154.0,193.3,22.3,14.3,0.7,2.3,80.0,3.4,-0.9,0
258.7,96.7,116.3,177.0,30.7,9.0,0.7,2.3,30.0,17.5,11.2,66.3,248.3,316.7,279.0,24.0,50.3,3.7,1.0,20.0,-14.5,-6.3,0
198.0,52.7,197.3,184.0,27.7,12.7,1.3,1.3,60.0,12.0,-0.7,241.3,133.3,60.3,140.7,25.3,14.3,1.0,4.0,30.0,4.9,-4.4,0
188.7,237.7,234.7,154.3,36.0,14.0,0.3,2.0,90.0,16.7,5.8,205.0,244.7,189.7,94.3,27.3,30.3,2.3,1.3,70.0,9.2,4.1,0
186.0,166.0,278.7,316.3,44.7,33.0,0.3,2.0,60.0,-5.8,-8.1,196.0,156.0,179.3,276.3,25.7,26.3,0.7,1.0,40.0,-7.0,-6.3,1
161.7,87.3,234.3,283.3,36.3,27.3,1.3,3.0,80.0,11.8,8.1,81.0,291.0,225.7,246.0,13.3,48.3,2.0,0.7,30.0,-9.8,1.5,0
217.7,157.3,242.3,372.7,32.0,39.0,3.0,1.3,11.1,7.8,4.1,166.0,142.3,210.7,246.7,26.0,33.3,1.3,1.3,66.7,8.4,3.6,0
146.5,210.0,260.0,98.5,21.5,15.5,1.5,0.0,80.0,16.9,1.8,191.3,109.7,371.3,85.7,43.7,12.3,1.3,2.0,90.9,13.6,-4.7,1
89.0,163.3,213.3,298.7,16.3,34.7,2.0,2.0,50.0,-26.4,-14.8,142.0,190.0,320.3,259.0,29.3,38.7,2.7,1.0,70.0,-15.0,-10.2,0
329.0,163.7,207.0,287.7,46.0,27.7,1.7,3.3,30.0,2.8,-8.3,95.7,156.7,207.0,249.3,15.7,36.3,1.3,0.7,36.4,-19.2,-8.0,1
0.0,0.0,0.0,0.0,22.7,44.3,1.0,0.7,50.0,-0.9,-0.2,0.0,0.0,0.0,0.0,42.3,23.7,1.0,0.7,60.0,23.3,3.3,1
157.3,190.3,233.0,262.7,20.0,34.0,2.3,0.3,70.0,-4.9,2.3,128.3,93.3,201.3,212.3,19.3,16.7,2.3,1.7,50.0,-1.3,-2.3,0
106.0,161.0,370.0,203.0,37.0,31.0,2.0,2.0,50.0,19.3,5.1,88.0,328.0,203.0,131.0,21.0,45.0,1.0,1.0,50.0,12.6,8.9,0
150.0,57.7,187.3,228.7,27.7,15.0,1.7,2.0,100.0,5.9,-0.3,207.0,110.0,187.0,123.5,29.5,11.5,3.5,1.0,60.0,1.3,-10.8,0
133.0,155.3,217.7,260.0,30.3,27.3,1.3,4.0,10.0,-9.3,-7.5,49.0,206.0,197.3,166.3,10.7,28.0,2.3,0.7,70.0,-20.0,-14.5,0
58.0,267.3,129.7,194.3,9.3,49.3,3.7,0.7,50.0,-25.2,-7.9,69.3,212.3,130.0,180.3,8.7,40.7,3.7,1.3,70.0,-12.8,3.0,0
124.0,182.0,305.7,211.0,28.0,34.7,1.0,0.3,0.0,-18.3,-14.4,255.7,146.7,122.0,300.0,23.0,43.3,2.3,2.3,44.4,-17.7,-9.3,1
163.0,158.7,335.0,246.7,34.7,39.7,1.7,1.3,60.0,-11.0,-5.3,221.0,142.3,164.3,212.0,32.3,19.3,0.7,2.3,30.0,0.7,-5.2,0
183.0,248.0,213.0,110.0,25.0,24.0,0.0,1.0,50.0,-0.5,-3.0,210.0,246.0,217.0,97.0,23.0,20.0,2.0,1.0,40.0,0.6,-0.6,0
134.0,198.3,249.7,208.7,27.3,24.3,0.3,1.0,30.0,2.2,4.0,212.3,137.3,228.3,258.0,30.0,23.7,1.0,2.0,30.0,8.0,6.1,0
122.7,192.7,368.0,278.0,26.7,39.0,2.3,0.7,70.0,6.1,4.4,253.3,110.0,105.3,235.7,28.7,18.0,0.7,2.7,80.0,-5.1,-4.3,0
170.7,147.3,247.0,276.7,24.0,27.7,1.3,0.3,66.7,5.9,3.1,251.7,90.7,250.3,180.7,41.3,16.0,1.3,1.7,77.8,14.1,4.6,1
113.0,224.0,325.0,223.0,24.0,31.0,2.0,1.0,70.0,12.0,5.2,111.0,50.0,179.0,303.0,13.0,37.0,1.0,1.0,50.0,-7.2,-6.6,0
254.0,102.0,333.0,344.0,52.0,30.0,1.0,1.0,77.8,8.5,-9.5,240.3,79.3,230.3,230.3,34.0,18.0,1.3,2.7,55.6,11.7,-1.4,0
76.3,140.0,360.3,236.3,34.3,44.0,3.0,2.0,70.0,-8.8,-2.2,127.3,213.7,203.3,233.7,20.0,27.3,1.7,1.7,50.0,-10.0,-7.1,0
134.3,180.0,235.7,281.7,22.7,39.7,2.7,1.0,30.0,-9.3,-4.1,144.7,261.3,240.3,218.3,30.0,43.0,0.7,1.0,20.0,-18.0,-17.2,1
173.3,114.0,136.7,196.3,21.7,22.0,1.7,2.0,100.0,10.8,2.2,156.7,122.3,235.0,186.7,29.7,17.0,1.7,3.3,30.0,11.0,0.1,1
214.3,105.0,376.3,246.3,37.7,20.0,1.3,1.7,11.1,21.2,7.3,101.3,162.3,364.3,309.7,36.0,34.0,1.0,0.3,40.0,8.7,2.2,1
206.3,178.7,259.3,296.7,50.7,33.0,1.3,3.7,50.0,4.6,-6.1,141.7,191.7,263.0,297.3,26.0,35.0,1.0,1.7,80.0,-18.6,-14.1,0
16.0,352.0,76.0,166.0,7.0,34.0,1.0,1.0,36.4,-8.8,-8.2,81.5,237.0,190.5,298.0,17.5,48.0,2.0,2.0,0.0,-28.9,-0.8,0
209.3,89.3,239.7,89.0,31.7,7.3,1.0,2.0,80.0,26.9,9.0,156.3,124.3,213.7,187.7,20.3,11.0,1.7,1.3,45.5,6.9,2.1,1
197.7,136.0,279.3,302.7,51.7,29.7,1.7,2.3,30.0,8.5,0.0,160.3,238.7,399.7,284.0,41.7,39.3,4.3,2.0,80.0,13.8,5.3,0
138.0,59.3,256.3,260.7,22.3,17.7,2.0,1.7,80.0,-8.4,-8.0,86.3,277.3,144.0,149.7,11.7,42.0,2.0,0.7,80.0,-11.1,-8.6,1
205.7,174.3,166.7,258.3,26.0,27.0,0.0,1.3,90.0,-16.0,-11.8,216.3,179.0,179.3,215.7,25.3,34.3,5.0,1.7,10.0,-14.2,-14.5,1
178.0,144.7,219.7,221.3,31.0,21.3,2.0,1.3,66.7,15.9,10.4,186.0,239.0,155.3,244.3,18.7,36.3,2.0,1.3,88.9,-27.3,-10.0,1
95.7,87.7,265.7,250.7,29.0,33.0,2.0,1.7,30.0,11.8,3.4,267.3,109.3,368.7,263.7,54.3,26.0,3.0,1.7,50.0,13.2,-0.5,1
76.5,215.5,131.5,237.5,17.0,36.5,2.0,4.0,70.0,-14.4,-11.1,59.5,128.5,263.0,274.0,15.5,36.5,2.5,1.5,72.7,-11.2,-6.3,0
79.0,281.3,140.3,220.3,9.0,35.0,1.3,0.7,40.0,-12.8,-4.3,128.3,93.0,164.0,230.0,29.3,19.0,2.0,4.3,60.0,-8.1,-3.9,1
129.0,137.0,261.0,236.0,35.0,21.0,1.0,1.0,60.0,21.4,8.8,46.0,112.0,292.0,189.0,22.0,27.0,1.0,1.0,60.0,-1.0,-3.2,0
157.7,178.7,149.3,197.0,20.0,30.3,2.0,0.7,30.0,-2.1,-5.5,297.7,160.0,204.7,218.0,41.7,34.7,1.7,4.0,40.0,-11.8,-7.8,0
111.3,144.7,283.7,191.3,24.3,26.3,2.0,0.7,77.8,4.5,-1.1,136.7,86.3,247.7,260.0,31.7,28.0,2.0,2.7,77.8,2.8,2.8,0
188.0,138.0,273.0,207.5,27.0,19.5,0.5,0.5,66.7,-11.4,-10.7,117.7,226.0,337.7,261.3,31.3,30.3,0.7,1.0,70.0,-15.2,-8.2,0
80.0,9.0,345.0,623.0,34.0,44.0,2.0,4.0,55.6,12.7,7.7,105.0,183.0,150.0,189.0,12.0,17.0,2.0,3.0,80.0,-6.4,9.6,0
218.0,154.0,269.0,256.0,44.3,25.7,0.7,2.3,60.0,-4.2,-7.1,158.3,218.0,296.3,332.7,33.3,34.7,0.7,1.7,36.4,-6.6,-10.5,0
138.0,93.0,192.0,181.0,21.5,20.0,2.0,1.5,80.0,3.9,7.5,175.5,50.0,258.0,233.5,35.0,14.0,2.0,0.5,30.0,4.9,-8.8,1
110.7,81.7,214.3,214.7,18.3,21.3,2.3,0.7,60.0,9.9,2.9,201.0,139.0,136.3,155.3,18.3,17.3,0.7,2.3,100.0,6.6,1.1,1
148.7,135.0,183.7,252.3,18.0,19.0,1.3,0.7,70.0,8.1,-0.3,150.7,69.0,159.3,295.7,29.3,25.7,2.7,4.0,72.7,-3.0,-3.0,1
143.3,96.7,208.0,207.3,27.3,21.7,3.0,2.7,50.0,0.7,-6.1,211.0,153.7,138.7,146.7,30.0,16.0,1.3,2.7,72.7,6.1,-6.1,1
220.7,32.7,245.3,200.0,37.0,11.0,1.7,3.3,60.0,10.7,0.3,78.3,245.0,210.3,251.0,20.0,42.3,1.3,3.3,50.0,-3.1,0.7,1
57.0,159.5,164.5,193.5,7.0,23.0,1.5,0.0,50.0,-17.6,-13.3,202.5,215.0,32.5,175.0,10.0,48.5,2.0,0.5,0.0,-27.6,-17.8,0
191.0,162.7,359.0,267.0,34.0,32.3,1.3,0.7,77.8,20.3,10.3,210.7,121.3,273.3,266.7,37.7,32.0,2.0,2.0,90.0,6.1,3.3,1
126.3,170.3,220.7,138.3,22.0,19.0,2.7,2.0,50.0,-0.9,-8.6,77.3,198.7,189.3,223.3,13.3,32.3,2.3,1.3,66.7,-15.6,-15.6,0
176.0,175.0,226.5,323.5,17.5,35.0,0.5,2.0,30.0,-5.4,3.4,136.5,218.0,163.0,158.5,24.5,25.5,1.0,1.5,50.0,-4.0,-7.6,1
132.3,109.3,216.7,301.7,28.0,30.7,1.7,2.0,50.0,-8.7,-9.3,123.3,175.7,126.7,283.3,7.3,32.0,1.3,0.7,40.0,-17.8,-10.8,1
247.0,172.7,155.7,278.0,27.7,24.3,1.0,2.0,10.0,-2.1,5.1,150.3,124.0,234.7,174.3,30.0,19.3,1.0,2.0,80.0,1.0,-2.9,0
167.3,164.0,440.7,329.3,42.3,40.0,2.3,2.0,70.0,8.7,-3.3,65.3,259.0,256.7,167.7,20.0,34.7,4.0,0.3,50.0,-6.5,-3.7,1
170.7,172.0,248.0,269.3,38.0,29.7,2.0,3.0,10.0,-9.4,-11.9,123.7,171.3,185.0,243.7,20.3,36.7,1.7,1.3,50.0,-13.2,-5.3,1
175.0,153.0,343.7,228.7,45.0,34.3,1.3,0.0,77.8,21.1,3.9,166.3,154.3,261.3,177.7,30.3,21.3,2.0,2.7,55.6,10.0,1.8,0
136.5,21.5,271.0,156.5,28.0,14.0,1.0,0.5,80.0,3.4,-5.9,37.5,160.5,283.0,185.0,19.5,16.0,2.5,1.5,30.0,2.6,2.5,1
213.0,59.0,252.0,186.0,38.0,14.0,1.0,1.0,66.7,12.4,-12.3,200.0,186.0,348.0,121.0,48.0,21.0,3.0,2.0,50.0,-8.6,-30.1,1
215.3,182.0,94.7,269.0,19.7,34.3,1.0,0.7,30.0,-9.6,-5.6,61.3,187.0,230.0,153.7,18.0,24.0,3.0,1.7,30.0,-20.4,-14.7,1
94.3,185.0,229.7,228.3,21.3,17.7,0.7,2.0,66.7,15.1,9.0,236.7,206.0,231.0,174.3,34.0,25.0,1.0,2.3,70.0,5.7,4.2,0
202.7,84.0,204.3,326.0,29.0,22.3,1.0,2.0,50.0,-0.6,-7.4,234.0,142.0,343.0,210.0,42.0,23.5,0.5,0.0,100.0,-7.4,-18.8,1
126.3,150.0,255.7,207.0,21.0,25.7,1.0,1.3,70.0,10.6,7.1,225.3,232.0,105.0,212.7,25.3,29.7,1.0,2.0,60.0,5.2,2.4,0
0.0,0.0,0.0,0.0,35.7,21.0,1.0,0.3,40.0,15.2,15.2,0.0,0.0,0.0,0.0,29.3,39.7,0.7,1.0,36.4,-3.9,-3.9,0
166.0,204.0,260.3,131.3,33.3,25.7,1.3,2.3,60.0,1.6,-5.1,148.0,213.0,208.0,176.0,18.0,25.3,0.7,1.7,50.0,1.2,1.0,0
74.7,231.0,305.3,195.7,25.7,35.0,2.0,1.0,44.4,5.9,3.8,113.3,186.7,280.0,149.7,33.0,17.0,0.7,1.7,77.8,16.4,3.9,0
207.0,137.0,242.0,197.0,31.0,7.0,0.0,3.0,30.0,6.4,0.0,245.0,261.0,119.0,281.0,20.0,31.0,3.0,2.0,72.7,-19.6,-19.4,1
82.3,241.3,203.7,111.3,14.7,27.0,2.0,2.0,60.0,-14.7,-10.0,108.3,118.3,221.0,271.0,9.0,39.7,2.7,0.7,44.4,-16.6,-11.5,0
113.3,167.7,469.3,342.0,40.0,40.0,1.3,1.7,80.0,-2.9,-2.8,61.0,225.7,393.3,334.7,27.0,44.7,1.3,0.7,50.0,-21.4,-15.7,0
255.0,84.7,254.3,138.3,46.0,13.3,1.7,2.3,40.0,21.2,-3.6,129.0,218.7,275.7,254.3,26.3,31.7,2.0,2.0,18.2,-0.4,-2.6,0
251.0,94.3,166.0,355.3,29.7,23.0,1.3,2.7,30.0,-9.3,-14.4,311.7,219.7,134.3,256.3,28.7,29.3,1.3,1.0,80.0,1.5,2.1,0
269.0,37.0,357.0,125.0,45.0,17.0,2.0,1.0,30.0,8.4,-16.9,148.0,81.0,354.0,267.0,38.0,24.0,1.0,1.0,30.0,-3.1,-11.6,1
146.0,265.0,328.0,302.5,30.0,55.0,2.0,1.0,50.0,-13.1,-15.1,78.3,182.0,248.3,238.7,20.3,35.7,1.7,2.0,50.0,-18.3,-8.1,1
171.0,120.0,284.0,80.0,30.0,7.0,1.0,2.0,66.7,-1.1,-26.1,179.5,-3.0,263.0,219.0,39.5,12.0,1.0,3.0,33.3,17.5,-7.0,0
197.3,118.0,253.0,265.0,40.7,20.7,0.7,0.7,80.0,22.0,9.8,143.0,127.3,155.7,222.0,29.3,22.0,1.0,1.3,60.0,12.3,6.1,0
75.3,111.0,318.0,219.3,33.3,20.7,1.7,1.7,45.5,13.9,4.0,135.3,200.0,129.3,174.0,18.0,15.7,0.7,0.7,100.0,11.5,3.4,1
182.7,106.3,235.0,252.3,27.3,20.3,0.3,1.3,44.4,-5.7,-7.2,189.0,104.0,313.7,273.0,46.3,22.7,1.7,3.3,55.6,-3.5,-13.2,1
168.0,112.7,130.7,240.3,19.3,21.7,1.3,1.7,60.0,9.0,4.8,162.0,143.3,292.7,243.0,27.7,29.0,3.7,1.0,70.0,4.6,3.8,1
99.3,179.0,164.3,179.7,18.0,27.3,1.0,1.7,36.4,-13.5,-11.4,69.7,175.0,322.0,178.3,19.0,29.3,2.0,0.3,36.4,-22.5,-10.8,0
352.7,36.0,18.7,165.0,24.0,6.0,0.7,1.0,30.0,1.5,-9.5,145.3,169.0,217.0,247.3,19.3,32.7,1.3,1.0,50.0,13.0,9.5,0
259.5,196.5,213.5,251.5,37.5,31.0,1.5,3.0,30.0,0.0,-7.8,49.3,233.3,184.0,223.7,13.7,38.0,2.0,1.7,18.2,-13.0,-5.3,1
246.3,117.3,194.7,216.3,38.3,18.0,1.0,1.3,30.0,-2.3,-7.3,159.7,112.3,219.3,176.7,19.7,31.7,4.0,2.7,50.0,-11.2,-6.8,1
118.0,185.0,156.7,251.7,13.7,30.3,2.3,1.3,60.0,10.2,3.6,138.0,128.7,142.0,201.0,15.7,26.7,1.7,1.7,50.0,-2.8,-4.4,1
104.5,132.0,257.5,165.5,24.0,6.5,0.5,1.5,30.0,12.7,-2.9,173.0,92.0,300.5,260.0,46.5,23.0,2.5,2.5,88.9,6.7,-24.5,0
23.0,211.0,362.0,267.0,24.0,49.0,2.0,1.0,36.4,-4.6,8.1,111.0,142.5,159.0,167.0,7.0,20.0,1.5,0.5,10.0,-4.5,2.1,1
191.0,157.7,193.7,229.3,21.3,22.3,1.7,1.7,66.7,-1.3,-6.5,272.0,192.3,107.7,202.3,31.3,23.0,1.3,2.0,44.4,4.4,-4.4,1
85.0,161.0,312.3,226.7,30.7,26.7,0.7,2.7,70.0,-4.9,0.4,275.7,354.3,126.7,210.0,22.0,36.3,1.7,2.0,70.0,-25.6,-11.0,0
197.3,198.3,143.3,179.0,22.0,28.3,2.0,1.0,44.4,-5.2,-2.9,230.0,335.0,189.0,245.3,22.0,44.3,2.0,1.3,66.7,4.1,3.3,1
240.0,105.0,275.7,271.3,43.7,27.7,2.7,1.3,90.0,16.5,3.1,72.3,169.0,299.7,288.3,18.0,39.3,1.3,1.7,50.0,-2.4,0.9,1
132.3,140.0,218.0,266.3,28.7,26.0,1.7,2.7,60.0,-4.2,-5.4,123.7,155.0,266.3,179.3,12.7,27.3,3.7,0.7,50.0,-20.6,-1.8,1
172.0,188.7,329.7,235.7,37.0,29.0,1.0,0.3,90.0,-1.6,-1.7,207.0,142.0,150.0,196.3,28.7,25.0,1.7,0.7,50.0,13.5,7.4,0
195.7,240.7,194.3,180.3,33.7,43.3,2.3,1.7,22.2,-19.3,-11.8,176.3,153.3,174.7,235.3,26.7,27.3,1.0,1.3,40.0,-11.8,-12.4,0
139.0,136.0,347.0,170.0,52.0,21.0,2.0,4.0,70.0,2.2,-15.5,75.0,15.0,71.0,233.0,10.0,14.0,0.0,1.0,30.0,-8.6,-12.0,1
221.3,231.3,239.0,322.0,26.7,45.7,1.0,1.3,50.0,-0.8,0.9,146.0,201.3,285.3,206.7,27.7,31.0,1.3,1.0,90.0,9.5,8.5,0
168.0,96.3,251.3,221.0,32.3,34.7,3.3,2.0,77.8,-7.7,-9.9,188.7,159.7,143.7,196.3,25.0,19.0,2.0,2.7,40.0,-12.4,-11.6,0
208.3,223.3,228.3,193.0,33.7,25.3,2.0,1.7,40.0,-5.2,-5.3,241.3,248.0,232.7,243.3,35.3,30.0,1.7,1.7,60.0,-2.5,-8.6,0
154.3,195.3,146.0,234.0,16.7,29.0,2.3,0.7,50.0,-8.8,-4.2,198.0,121.7,196.0,212.7,29.7,22.0,1.7,2.0,30.0,-4.9,-4.7,0
88.3,256.0,288.0,210.3,30.7,41.3,1.3,1.0,20.0,8.9,6.3,158.0,263.3,223.3,247.0,28.3,33.7,2.0,3.0,100.0,1.8,4.2,0
115.3,143.0,232.0,184.7,24.7,14.7,2.0,2.7,60.0,2.7,-3.4,191.0,132.3,213.3,210.3,29.7,25.0,1.0,1.7,70.0,5.1,3.9,1
113.7,214.3,216.0,206.0,18.3,36.3,3.0,1.0,30.0,-3.6,-1.3,160.0,200.7,280.7,164.3,30.3,27.7,3.0,1.7,30.0,15.1,10.2,0
157.7,146.3,261.3,250.7,35.7,32.3,2.7,1.7,60.0,-12.5,-13.9,175.7,142.3,298.0,128.7,45.0,9.3,1.0,2.7,30.0,2.4,-5.5,1
151.0,265.0,241.7,286.7,21.0,41.3,2.3,0.7,50.0,-22.1,-14.3,176.0,217.3,202.7,247.3,34.7,38.3,1.3,1.7,22.2,-23.1,-16.4,0
120.7,229.0,249.3,211.0,23.3,31.0,0.3,1.7,30.0,0.4,4.0,196.0,151.3,217.3,162.7,31.7,23.0,1.0,2.3,66.7,7.0,-1.4,1
170.0,126.3,237.7,227.3,31.7,23.7,1.7,2.0,10.0,-5.9,-7.1,71.7,192.0,235.3,266.3,21.0,28.7,2.3,2.0,50.0,-11.0,-6.3,1
210.7,58.3,136.3,233.7,22.0,16.0,0.7,1.0,9.1,2.1,-1.9,105.7,233.0,197.7,137.0,18.7,22.7,1.7,1.7,30.0,4.0,1.8,1
142.3,320.7,267.3,153.0,26.3,31.3,1.3,0.7,55.6,9.0,4.6,137.0,269.7,266.7,242.3,28.7,36.3,2.0,2.0,44.4,-5.3,2.1,1
167.3,90.3,220.0,188.3,27.7,14.7,2.0,2.3,90.0,-2.3,-6.3,98.3,170.3,172.7,283.7,14.7,46.3,3.0,1.3,70.0,-24.4,-11.8,0
89.3,222.0,135.7,104.7,12.7,28.7,2.7,1.3,70.0,1.5,-0.3,204.0,196.0,221.0,261.3,25.3,35.0,2.0,1.7,30.0,0.1,5.1,1
53.7,143.0,231.3,158.3,16.3,24.0,3.0,2.3,70.0,0.1,2.0,136.7,328.3,163.0,219.7,26.0,42.0,1.7,1.7,70.0,3.8,9.6,0
173.3,117.7,103.7,188.0,22.0,12.3,0.7,2.3,44.4,12.5,7.7,112.3,261.3,201.3,295.3,18.0,38.3,1.0,2.0,80.0,-0.1,1.5,0
154.7,90.7,292.3,304.3,32.3,25.0,2.7,1.7,10.0,-8.7,-8.4,110.3,275.0,91.7,236.0,9.0,48.0,2.3,1.3,50.0,-30.8,-16.9,1
280.3,123.7,183.3,109.0,42.7,8.0,0.3,1.7,66.7,10.8,-4.1,135.3,99.3,162.7,248.0,24.3,13.3,0.3,2.3,33.3,26.5,9.7,0
238.7,126.3,118.0,96.7,28.3,20.0,0.7,1.0,60.0,-0.6,-8.4,290.7,124.7,88.3,154.0,27.3,17.0,1.3,1.7,30.0,2.2,-10.8,1
299.7,98.7,176.3,213.7,48.3,16.3,1.0,1.7,90.0,19.7,6.2,166.0,150.0,202.3,226.7,28.7,20.3,0.7,1.3,70.0,10.7,0.3,0
72.7,168.0,278.3,193.0,14.3,20.3,1.7,0.7,60.0,9.3,7.7,148.3,187.0,255.7,372.3,28.0,43.0,2.3,1.7,36.4,4.8,6.3,1
202.7,152.0,212.3,150.3,34.3,23.7,1.0,1.3,60.0,5.1,-10.0,92.3,168.0,209.7,235.7,15.0,40.7,1.3,1.7,30.0,-13.1,-12.7,0
121.7,183.3,174.7,156.7,18.7,24.3,2.3,1.7,40.0,-3.3,-4.4,109.3,237.7,295.0,175.3,23.0,39.3,1.7,1.7,50.0,-6.8,-3.9,0
165.3,179.3,285.7,213.3,34.3,24.0,1.3,1.7,50.0,16.3,10.1,261.7,147.7,169.0,217.3,39.3,25.0,1.7,3.3,50.0,15.3,7.2,1
88.7,249.7,176.3,130.3,12.0,23.0,2.0,0.3,55.6,2.7,1.7,226.3,141.0,117.0,206.7,24.7,28.7,1.3,1.0,88.9,10.1,5.5,1
262.7,163.7,184.0,299.7,38.0,29.3,1.3,2.3,70.0,7.8,-3.1,211.7,192.0,271.7,248.3,39.7,21.7,1.0,1.0,70.0,1.3,-4.2,1
81.7,189.3,254.0,267.0,25.0,36.3,0.3,1.7,66.7,0.5,6.3,169.0,68.0,174.7,207.3,24.3,17.3,1.3,2.7,11.1,-16.6,-13.8,1
147.3,161.0,189.3,194.0,16.0,23.7,1.3,1.3,72.7,2.9,-2.5,134.7,85.3,239.7,208.0,21.0,11.7,1.3,1.3,70.0,4.8,-3.1,0
251.0,128.3,177.7,282.7,39.3,19.7,1.7,2.3,77.8,10.8,2.5,186.0,230.0,172.3,137.3,18.3,24.0,1.3,2.0,77.8,-6.5,-4.9,1
106.3,136.3,232.7,201.0,25.3,24.0,2.0,1.3,18.2,3.4,-2.4,175.0,160.3,351.7,272.0,33.7,36.3,2.0,1.3,30.0,-7.6,-5.3,1
128.0,139.7,180.7,279.3,17.3,37.7,1.7,1.7,40.0,-18.6,-9.0,160.7,164.0,182.7,187.7,17.3,24.3,2.3,1.0,90.0,-15.3,-7.2,1
278.0,76.7,172.3,293.0,32.0,26.0,2.7,0.7,60.0,0.3,-7.4,131.3,165.0,128.3,140.3,19.7,20.7,2.0,1.7,33.3,-12.6,-15.7,1
170.3,176.0,223.7,199.3,29.3,20.3,0.7,2.3,90.0,3.4,-3.5,212.3,244.7,291.7,226.7,26.0,31.7,2.0,1.3,50.0,-11.7,-8.4,0
116.7,310.0,321.0,280.3,23.3,52.7,2.0,1.7,90.9,-5.8,1.2,121.3,309.7,289.0,282.7,24.3,47.0,2.0,1.7,60.0,-6.4,1.1,1
184.3,111.7,293.7,207.0,34.7,25.7,2.7,1.0,50.0,-0.4,-6.7,137.0,171.0,282.0,206.0,24.3,36.7,2.3,0.3,50.0,-9.4,-3.2,0
95.3,190.0,320.3,171.3,33.0,29.0,2.7,2.0,11.1,13.0,3.1,84.0,247.0,246.0,330.3,13.3,44.7,2.3,1.7,50.0,-18.9,-6.4,1
255.7,111.0,85.3,222.0,30.0,19.3,1.0,1.3,44.4,-8.4,-12.7,149.3,127.7,222.3,287.0,26.0,25.3,1.0,1.0,22.2,-12.6,-13.0,0
120.7,88.0,321.7,254.3,28.3,23.3,1.7,2.0,90.0,2.6,0.0,74.7,220.3,84.0,219.0,2.3,35.3,2.3,1.7,50.0,-16.5,1.7,1
175.0,188.0,175.5,195.5,32.0,18.5,1.5,2.5,33.3,8.3,-7.3,237.0,106.5,169.5,234.0,19.0,20.0,1.0,0.5,66.7,-3.0,-10.0,0
163.5,196.5,210.0,162.0,32.0,22.0,2.0,2.5,50.0,9.3,2.0,126.0,60.0,223.0,119.0,34.0,7.0,1.0,3.0,9.1,10.0,-17.5,0
176.0,160.0,188.0,159.7,23.3,19.7,0.7,1.3,81.8,-1.4,-1.8,146.0,134.3,178.3,162.7,22.3,23.7,1.3,0.7,50.0,-4.3,-3.0,0
319.3,60.3,50.3,178.0,29.7,10.3,1.0,2.7,55.6,-2.0,-13.4,116.7,194.3,226.7,286.3,23.3,27.7,1.0,2.3,44.4,-10.4,-10.1,0
285.7,169.3,247.0,118.3,56.0,14.3,1.3,2.3,70.0,27.6,6.8,89.3,66.7,234.3,286.7,20.0,24.0,1.7,1.0,30.0,6.2,1.8,0
228.3,61.3,205.7,185.3,35.7,6.7,0.3,2.3,90.9,7.8,2.6,101.3,145.0,204.0,215.0,17.0,24.7,1.0,1.0,45.5,-7.2,-3.1,0
58.7,258.0,107.3,151.7,8.0,35.0,2.7,0.3,70.0,-22.9,-15.5,148.3,161.3,145.0,125.7,12.7,21.0,3.0,0.7,40.0,-6.2,-8.9,0
158.7,154.0,140.7,191.3,16.7,25.3,2.0,1.0,77.8,12.4,6.3,173.7,217.0,93.7,281.7,16.3,30.7,1.7,1.7,50.0,-4.9,-2.1,0
244.0,232.3,190.7,203.7,30.7,31.3,1.3,1.0,66.7,2.1,2.6,63.7,150.7,305.3,257.3,25.0,23.7,1.7,2.3,20.0,3.5,5.3,1
147.7,282.0,194.3,251.7,16.0,45.0,2.0,1.0,50.0,-18.2,-5.4,296.3,209.0,284.3,287.3,33.3,31.7,2.3,2.7,77.8,6.3,4.9,1
187.3,89.3,189.7,268.7,31.3,26.3,1.3,2.7,30.0,12.0,7.2,134.0,267.7,280.3,242.0,30.0,38.3,2.7,0.7,60.0,-7.4,-10.9,0
228.7,141.0,242.0,240.7,22.7,34.3,2.0,0.7,60.0,-8.6,-8.8,112.7,221.7,180.0,309.3,16.0,29.0,1.3,1.3,44.4,-14.2,-9.2,0
163.0,45.3,329.0,260.3,39.7,18.3,1.7,3.3,9.1,8.7,-4.2,139.3,68.0,162.3,225.3,33.7,15.7,1.0,2.7,30.0,8.9,0.5,0
161.3,165.7,227.0,247.0,23.7,27.3,2.7,0.7,40.0,-4.6,-9.8,150.7,101.7,167.0,182.0,21.7,10.0,1.3,2.3,80.0,-8.2,-8.7,0
260.3,80.3,266.3,311.7,43.7,12.3,1.7,2.7,45.5,13.5,-12.0,172.5,142.0,196.0,63.5,29.5,12.0,1.0,1.5,60.0,17.4,3.1,0
123.3,134.3,239.7,260.0,21.7,29.3,2.7,1.7,10.0,-11.2,-8.3,153.3,143.3,258.3,328.3,26.0,38.7,2.7,0.7,10.0,-22.4,-11.8,1
227.7,136.3,187.0,148.3,25.0,16.0,2.0,1.7,70.0,-0.9,5.4,184.7,117.0,151.3,225.7,23.7,16.3,2.0,1.3,70.0,14.1,4.1,0
81.7,133.7,123.7,276.0,10.3,29.3,3.0,1.7,80.0,-0.1,0.9,360.3,149.3,64.7,266.3,31.3,29.7,1.7,1.7,55.6,-9.9,-8.0,0
169.0,120.3,182.7,188.0,24.3,12.3,2.0,2.3,50.0,-6.4,-11.0,183.0,104.7,272.0,267.3,35.0,27.0,0.7,2.0,30.0,-9.0,-7.5,1
240.0,60.0,207.0,332.7,38.7,25.3,1.3,2.0,20.0,-5.3,-8.5,162.0,221.7,331.3,146.0,38.0,21.3,2.0,1.7,70.0,12.8,1.4,1
191.0,147.7,313.7,251.7,31.7,23.7,2.3,2.7,55.6,9.0,-0.3,184.3,179.7,232.7,217.0,27.0,28.3,2.0,1.7,66.7,8.1,4.8,1
244.0,198.7,429.7,304.7,51.0,38.0,1.7,2.0,77.8,21.2,11.4,180.0,12.3,195.0,167.3,24.7,7.0,1.0,0.3,66.7,19.4,7.8,1
118.3,150.3,301.7,201.3,21.3,22.3,1.7,2.0,55.6,5.7,4.7,108.0,266.7,126.0,162.3,11.3,34.3,2.0,1.0,66.7,-8.9,-1.9,1
86.7,128.0,207.7,240.3,17.0,29.7,1.3,2.3,50.0,-7.3,-2.5,92.7,154.0,347.3,206.7,26.3,28.7,1.0,1.3,70.0,-3.6,4.0,1
114.7,302.7,140.7,191.3,13.3,42.0,2.7,0.7,55.6,-2.6,0.5,133.7,112.0,271.3,220.0,34.3,22.3,1.3,1.7,77.8,6.8,0.7,0
117.3,106.0,213.3,307.7,22.0,29.0,2.3,2.0,30.0,-4.8,-4.0,147.3,184.0,205.0,182.7,27.3,34.3,1.7,2.3,80.0,-18.4,-12.9,0
