game_idx,team1,team2,actual_winner,team1_winner,week,date,predicted_mov,actual_mov,error
14984,Auburn,California,Auburn,True,3,2023-09-09,-1.289915124934615,4,5.289915124934615
14988,UCF,Boise St,UCF,True,3,2023-09-09,2.7390060527306144,2,0.7390060527306144
14992,Jacksonville St,Coastal Car,Coastal Car,False,3,2023-09-09,-6.270007587503145,-14,7.729992412496855
14993,Colorado,Nebraska,Colorado,True,3,2023-09-09,0.8713019031488947,22,21.128698096851107
14996,Florida Intl,N Texas,Florida Intl,True,3,2023-09-09,4.212401177659216,7,2.787598822340784
15009,New Mexico St,Liberty,Liberty,False,3,2023-09-09,-1.5287652059943644,-16,14.471234794005635
15016,Miami,Texas A&M,Miami,True,3,2023-09-09,3.7303506393995436,15,11.269649360600457
15017,Miami OH,UMass,Miami OH,True,3,2023-09-09,-0.263092700557204,13,13.263092700557204
15027,UTEP,Northwestern,Northwestern,False,3,2023-09-09,-7.2875399943783625,-31,23.712460005621637
15028,Notre Dame,NC State,Notre Dame,True,3,2023-09-09,-3.791301634508952,21,24.79130163450895
15031,Oklahoma,SMU,Oklahoma,True,3,2023-09-09,-9.797725414686072,17,26.79772541468607
15037,Virginia Tech,Purdue,Purdue,False,3,2023-09-09,2.0295244253057136,-7,9.029524425305713
15038,Rice,Houston,Rice,True,3,2023-09-09,1.9532880674787685,2,0.046711932521231514
15039,Rutgers,Temple,Rutgers,True,3,2023-09-09,-4.381637552245774,29,33.38163755224578
15044,USC,Stanford,USC,True,3,2023-09-09,-4.07685993201483,46,50.07685993201483
15048,Alabama,Texas,Texas,False,3,2023-09-09,0.9018023073393983,-10,10.901802307339398
15050,Texas St,UTSA,UTSA,False,3,2023-09-09,2.663664968280507,-7,9.663664968280507
15052,San Diego St,UCLA,UCLA,False,3,2023-09-09,-0.7735348154619592,-25,24.22646518453804
15053,Utah,Baylor,Utah,True,3,2023-09-09,2.1250205360696657,7,4.874979463930334
15057,Washington St,Wisconsin,Washington St,True,3,2023-09-09,-0.9121806255738063,9,9.912180625573807
15062,Memphis,Navy,Memphis,True,4,2023-09-14,6.261463650425901,4,2.2614636504259007
15064,Utah St,Air Force,Air Force,False,4,2023-09-15,3.411009203338258,-18,21.41100920333826
15065,UTSA,Army,Army,False,4,2023-09-15,2.467821076043957,-8,10.467821076043958
15066,Virginia,Maryland,Maryland,False,4,2023-09-15,1.0232652811662668,-28,29.023265281166267
15067,S Florida,Alabama,Alabama,False,4,2023-09-16,2.5647503677963117,-14,16.56475036779631
15068,E Carolina,App State,App State,False,4,2023-09-16,-0.48379892435496397,-15,14.516201075645036
15069,UTEP,Arizona,Arizona,False,4,2023-09-16,1.3205148903034887,-21,22.32051489030349
15075,Arkansas,BYU,BYU,False,4,2023-09-16,8.835410078347065,-7,15.835410078347065
15078,Clemson,Florida Atlantic,Clemson,True,4,2023-09-16,-3.1668016466719724,34,37.16680164667197
15080,Colorado,Colorado St,Colorado,True,4,2023-09-16,-7.804712321738626,8,15.804712321738627
15081,Northwestern,Duke,Duke,False,4,2023-09-16,0.7796108367762782,-24,24.77961083677628
15082,UMass,E Michigan,E Michigan,False,4,2023-09-16,1.0166724664721438,-2,3.016672466472144
15083,Tennessee,Florida,Florida,False,4,2023-09-16,0.30163503554615173,-13,13.301635035546152
15084,Florida Intl,UConn,Florida Intl,True,4,2023-09-16,-2.6596633803628102,7,9.65966338036281
15085,Florida St,Boston College,Florida St,True,4,2023-09-16,9.306851671843418,2,7.306851671843418
15086,Fresno St,Arizona St,Fresno St,True,4,2023-09-16,6.799664297918206,29,22.200335702081794
15087,Georgia,South Carolina,Georgia,True,4,2023-09-16,10.821319329732711,10,0.8213193297327113
15088,Georgia St,Charlotte,Georgia St,True,4,2023-09-16,-3.4475505632471717,16,19.447550563247173
15089,Iowa,W Michigan,Iowa,True,4,2023-09-16,0.6586351623170135,31,30.34136483768299
15090,J Madison,Troy,J Madison,True,4,2023-09-16,0.5553817671116085,2,1.4446182328883914
15091,Kansas,Nevada,Kansas,True,4,2023-09-16,-6.394510602833955,7,13.394510602833954
15093,Kentucky,Akron,Kentucky,True,4,2023-09-16,3.0812319482362382,32,28.918768051763763
15094,Liberty,Buffalo,Liberty,True,4,2023-09-16,-4.2197303450251225,28,32.21973034502512
15095,UAB,Louisiana,Louisiana,False,4,2023-09-16,-5.495307216219248,-20,14.50469278378075
15096,LSU,Mississippi St,LSU,True,4,2023-09-16,0.295035427032467,27,26.704964572967533
15097,Indiana,Louisville,Louisville,False,4,2023-09-16,1.3591386250796174,-7,8.359138625079618
15098,Cincinnati,Miami OH,Miami OH,False,4,2023-09-16,-2.159541198496696,-7,4.8404588015033045
15099,Michigan,Bowling Green,Michigan,True,4,2023-09-16,-8.830633439238234,25,33.830633439238234
15101,Mississippi,Georgia Tech,Mississippi,True,4,2023-09-16,1.4350324360395708,25,23.56496756396043
15102,Missouri,Kansas St,Missouri,True,4,2023-09-16,0.3335654254273203,3,2.66643457457268
15103,Nebraska,N Illinois,Nebraska,True,4,2023-09-16,-3.3841058979014536,24,27.384105897901453
15104,Vanderbilt,UNLV,UNLV,False,4,2023-09-16,-4.584205508261175,-3,1.5842055082611752
15105,New Mexico St,New Mexico,New Mexico St,True,4,2023-09-16,-5.609446869224233,10,15.609446869224232
15106,Minnesota,North Carolina,North Carolina,False,4,2023-09-16,-2.275626135711469,-18,15.72437386428853
15108,Louisiana Tech,N Texas,N Texas,False,4,2023-09-16,1.4060914582392452,-3,4.406091458239246
15109,Notre Dame,C Michigan,Notre Dame,True,4,2023-09-16,-3.4248742962989542,24,27.424874296298952
15110,Iowa St,Ohio,Ohio,False,4,2023-09-16,0.6484655731790846,-3,3.6484655731790845
15111,W Kentucky,Ohio St,Ohio St,False,4,2023-09-16,-1.381375285373182,-53,51.61862471462682
15112,Tulsa,Oklahoma,Oklahoma,False,4,2023-09-16,5.781841578182541,-49,54.781841578182544
15113,Oregon,Hawai'i,Oregon,True,4,2023-09-16,0.06765131503934982,45,44.93234868496065
15114,San Diego St,Oregon St,Oregon St,False,4,2023-09-16,-0.20208348297261633,-17,16.797916517027385
15115,Penn St,Illinois,Penn St,True,4,2023-09-16,0.8107426911906812,17,16.189257308809317
15117,Virginia Tech,Rutgers,Rutgers,False,4,2023-09-16,-0.049920427310329744,-19,18.95007957268967
15119,S Alabama,Oklahoma St,S Alabama,True,4,2023-09-16,0.4892932853482787,26,25.51070671465172
15121,Purdue,Syracuse,Syracuse,False,4,2023-09-16,-0.2548680950611569,-15,14.745131904938843
15123,Texas,Wyoming,Texas,True,4,2023-09-16,3.5255424059063727,21,17.47445759409363
15124,UL Monroe,Texas A&M,Texas A&M,False,4,2023-09-16,-3.2668417873218356,-44,40.73315821267816
15125,Houston,TCU,TCU,False,4,2023-09-16,-6.569686579130303,-23,16.430313420869698
15128,San Jose St,Toledo,Toledo,False,4,2023-09-16,-0.05107477671140485,-4,3.948925223288595
15129,Southern Miss,Tulane,Tulane,False,4,2023-09-16,1.5480390571459612,-18,19.54803905714596
15132,Wake Forest,Old Dominion,Wake Forest,True,4,2023-09-16,0.024910938632424294,3,2.9750890613675756
15133,Michigan St,Washington,Washington,False,4,2023-09-16,-1.428949677095024,-34,32.57105032290497
15135,West Virginia,Pittsburgh,West Virginia,True,4,2023-09-16,-0.5087251064541594,11,11.50872510645416
15136,Georgia So,Wisconsin,Wisconsin,False,4,2023-09-16,1.7120062136789924,-21,22.712006213678993
15137,Georgia St,Coastal Car,Georgia St,True,5,2023-09-21,0.6015738220780109,13,12.398426177921989
15138,Air Force,San Jose St,Air Force,True,5,2023-09-22,-2.278151818545925,25,27.278151818545926
15139,San Diego St,Boise St,Boise St,False,5,2023-09-22,-1.0938098019743683,-3,1.9061901980256317
15140,NC State,Virginia,NC State,True,5,2023-09-22,-1.204840658248532,3,4.204840658248532
15141,Wisconsin,Purdue,Wisconsin,True,5,2023-09-22,-0.08740694495366978,21,21.08740694495367
15142,Alabama,Mississippi,Alabama,True,5,2023-09-23,3.8166432316371317,14,10.183356768362868
15143,Arizona,Stanford,Arizona,True,5,2023-09-23,4.783236858824908,1,3.7832368588249077
15144,Southern Miss,Arkansas St,Arkansas St,False,5,2023-09-23,3.199856719991078,-7,10.199856719991079
15145,C Michigan,S Alabama,C Michigan,True,5,2023-09-23,0.9357198683187095,4,3.0642801316812904
15146,Colorado St,Middle Tenn,Colorado St,True,5,2023-09-23,2.1280476278477263,8,5.871952372152274
15147,Duke,UConn,Duke,True,5,2023-09-23,-0.6504637667089235,34,34.650463766708924
15149,Charlotte,Florida,Florida,False,5,2023-09-23,0.6349433324385334,-15,15.634943332438533
15150,Clemson,Florida St,Florida St,False,5,2023-09-23,0.8035782722841674,-7,7.803578272284168
15151,Fresno St,Kent St,Fresno St,True,5,2023-09-23,-2.287814531497908,43,45.28781453149791
15152,Georgia,UAB,Georgia,True,5,2023-09-23,-3.5338647542605752,28,31.533864754260577
15153,Georgia So,Ball St,Georgia So,True,5,2023-09-23,-0.8545410448381844,37,37.854541044838186
15154,Wake Forest,Georgia Tech,Georgia Tech,False,5,2023-09-23,0.877382343167933,-14,14.877382343167932
15155,Sam Houston,Houston,Houston,False,5,2023-09-23,0.5643801369225563,-31,31.564380136922555
15156,Illinois,Florida Atlantic,Illinois,True,5,2023-09-23,-1.5478884363092515,6,7.547888436309251
15157,Akron,Indiana,Indiana,False,5,2023-09-23,1.7468821797482927,-2,3.746882179748293
15158,Oklahoma St,Iowa St,Iowa St,False,5,2023-09-23,-10.993559837025986,-7,3.9935598370259857
15159,Jacksonville St,E Michigan,Jacksonville St,True,5,2023-09-23,-1.2694301246786532,21,22.269430124678653
15160,Utah St,J Madison,J Madison,False,5,2023-09-23,1.9533440640333248,-7,8.953344064033324
15161,Kansas,BYU,Kansas,True,5,2023-09-23,-1.2441956461778247,11,12.244195646177825
15162,Kansas St,UCF,Kansas St,True,5,2023-09-23,0.02450358485245995,13,12.975496415147541
15163,Kentucky,Vanderbilt,Kentucky,True,5,2023-09-23,1.2190279513166205,17,15.78097204868338
15164,Florida Intl,Liberty,Liberty,False,5,2023-09-23,-0.18428603970334584,-32,31.815713960296655
15165,Buffalo,Louisiana,Louisiana,False,5,2023-09-23,3.689207496454605,-7,10.689207496454605
15166,Arkansas,LSU,LSU,False,5,2023-09-23,-3.4148082653549543,-3,0.4148082653549543
15167,Boston College,Louisville,Louisville,False,5,2023-09-23,-0.11271931280304935,-28,27.887280687196952
15168,Virginia Tech,Marshall,Marshall,False,5,2023-09-23,-0.6077093545049844,-7,6.392290645495016
15169,Maryland,Michigan St,Maryland,True,5,2023-09-23,-3.602678907054811,22,25.60267890705481
15170,Miami,Temple,Miami,True,5,2023-09-23,-1.5266458269764196,34,35.52664582697642
15172,Rutgers,Michigan,Michigan,False,5,2023-09-23,-1.4017604023359787,-24,22.598239597664023
15173,Memphis,Missouri,Missouri,False,5,2023-09-23,-1.5669745281351644,-7,5.433025471864836
15174,Nebraska,Louisiana Tech,Nebraska,True,5,2023-09-23,-0.9378832706640797,14,14.937883270664079
15175,UTEP,UNLV,UNLV,False,5,2023-09-23,-1.1413916374665567,-17,15.858608362533444
15176,New Mexico,UMass,New Mexico,True,5,2023-09-23,-2.7246764893138353,3,5.724676489313835
15177,Pittsburgh,North Carolina,North Carolina,False,5,2023-09-23,-1.2450147232437787,-17,15.754985276756221
15178,Minnesota,Northwestern,Northwestern,False,5,2023-09-23,-0.7697004933942999,-3,2.2302995066057
15179,Ohio,Bowling Green,Ohio,True,5,2023-09-23,-2.9080491370537245,31,33.90804913705372
15180,Ohio St,Notre Dame,Ohio St,True,5,2023-09-23,-3.219767236432676,3,6.219767236432676
15181,Oklahoma,Cincinnati,Oklahoma,True,5,2023-09-23,6.389355268850745,14,7.610644731149255
15183,Oregon,Colorado,Oregon,True,5,2023-09-23,3.9678418460286666,36,32.03215815397133
15184,Iowa,Penn St,Penn St,False,5,2023-09-23,-0.197304443718691,-31,30.80269555628131
15185,Mississippi St,South Carolina,South Carolina,False,5,2023-09-23,-1.1630481167048026,-7,5.836951883295198
15186,Rice,S Florida,S Florida,False,5,2023-09-23,-1.0773418815117077,-13,11.922658118488293
15187,Arizona St,USC,USC,False,5,2023-09-23,0.9354834149962655,-14,14.935483414996266
15188,Syracuse,Army,Syracuse,True,5,2023-09-23,-0.7980156999297073,13,13.798015699929707
15189,Tennessee,UTSA,Tennessee,True,5,2023-09-23,-0.2298253384569896,31,31.22982533845699
15190,Baylor,Texas,Texas,False,5,2023-09-23,1.8836607520773687,-32,33.88366075207737
15191,Texas A&M,Auburn,Texas A&M,True,5,2023-09-23,0.15213405019107187,17,16.847865949808927
15192,TCU,SMU,TCU,True,5,2023-09-23,2.051428702314719,17,14.94857129768528
15193,Nevada,Texas St,Texas St,False,5,2023-09-23,1.000182588943636,-11,12.000182588943636
15194,Toledo,W Michigan,Toledo,True,5,2023-09-23,-4.335398474191223,18,22.335398474191223
15195,Troy,W Kentucky,Troy,True,5,2023-09-23,2.6044765028908463,3,0.3955234971091537
15197,N Illinois,Tulsa,Tulsa,False,5,2023-09-23,5.103301057932248,-8,13.10330105793225
15198,UCLA,Utah,Utah,False,5,2023-09-23,-0.5594383071268024,-7,6.440561692873198
15199,California,Washington,Washington,False,5,2023-09-23,-6.341970454151003,-27,20.658029545848997
15200,Washington St,Oregon St,Washington St,True,5,2023-09-23,0.8811076266644596,3,2.1188923733355405
15201,Texas Tech,West Virginia,West Virginia,False,5,2023-09-23,0.11842278567013624,-7,7.118422785670136
15202,App State,Wyoming,Wyoming,False,5,2023-09-23,-1.940890164339539,-3,1.059109835660461
15203,New Mexico St,Hawai'i,Hawai'i,False,5,2023-09-24,-3.8937463614086076,-3,0.8937463614086076
15204,Sam Houston,Jacksonville St,Jacksonville St,False,6,2023-09-28,-1.898769334327441,-7,5.101230665672559
15205,Temple,Tulsa,Tulsa,False,6,2023-09-28,0.23946211122988514,-22,22.239462111229884
15206,Middle Tenn,W Kentucky,W Kentucky,False,6,2023-09-28,1.4740896485276938,-21,22.474089648527695
15207,BYU,Cincinnati,BYU,True,6,2023-09-29,-0.00014679947930691084,8,8.000146799479307
15208,UTEP,Louisiana Tech,Louisiana Tech,False,6,2023-09-29,0.2918228456141525,-14,14.291822845614153
15209,NC State,Louisville,Louisville,False,6,2023-09-29,-0.4463726749694101,-3,2.55362732503059
15210,Utah,Oregon St,Oregon St,False,6,2023-09-29,-0.0870095160161445,-14,13.912990483983856
15211,Air Force,San Diego St,Air Force,True,6,2023-09-30,-4.343479750501834,39,43.343479750501835
15212,Alabama,Mississippi St,Alabama,True,6,2023-09-30,0.2557653040807373,23,22.744234695919264
15213,UL Monroe,App State,App State,False,6,2023-09-30,-2.34362169039561,-1,1.3436216903956102
15214,Arkansas St,UMass,Arkansas St,True,6,2023-09-30,-2.307885328795723,24,26.307885328795724
15215,UCF,Baylor,Baylor,False,6,2023-09-30,-1.2763305135690994,-1,0.27633051356909943
15216,Virginia,Boston College,Boston College,False,6,2023-09-30,-0.9188667501051466,-3,2.0811332498948536
15217,Bowling Green,Georgia Tech,Bowling Green,True,6,2023-09-30,0.5496418411518184,11,10.450358158848182
15218,Akron,Buffalo,Buffalo,False,6,2023-09-30,-0.8763066909016242,-3,2.1236933090983756
15219,California,Arizona St,California,True,6,2023-09-30,0.4454617429182541,3,2.554538257081746
15220,C Michigan,E Michigan,C Michigan,True,6,2023-09-30,-0.9838803287898618,3,3.9838803287898616
15221,Clemson,Syracuse,Clemson,True,6,2023-09-30,-0.7166885013093941,17,17.716688501309395
15223,Fresno St,Nevada,Fresno St,True,6,2023-09-30,2.333691569289353,18,15.666308430710647
15224,Georgia,Auburn,Georgia,True,6,2023-09-30,-1.0918228945594446,7,8.091822894559444
15225,Georgia So,Coastal Car,Georgia So,True,6,2023-09-30,0.6241993979907263,10,9.375800602009274
15226,Michigan St,Iowa,Iowa,False,6,2023-09-30,-0.8442084392198355,-10,9.155791560780164
15227,J Madison,S Alabama,J Madison,True,6,2023-09-30,0.17689138689708062,8,7.823108613102919
15228,Kentucky,Florida,Kentucky,True,6,2023-09-30,2.2650332840202796,19,16.73496671597972
15229,Old Dominion,Marshall,Marshall,False,6,2023-09-30,0.03679251617879982,-6,6.036792516178799
15230,Indiana,Maryland,Maryland,False,6,2023-09-30,0.6509923184710986,-27,27.650992318471097
15231,Boise St,Memphis,Memphis,False,6,2023-09-30,-0.024967052143903525,-3,2.9750329478560964
15232,Kent St,Miami OH,Miami OH,False,6,2023-09-30,1.241787531328395,-20,21.241787531328395
15233,Michigan,Nebraska,Michigan,True,6,2023-09-30,-0.8302132309684344,38,38.83021323096843
15234,Minnesota,Louisiana,Minnesota,True,6,2023-09-30,0.5959120172423416,11,10.404087982757659
15235,Mississippi,LSU,Mississippi,True,6,2023-09-30,2.3877970067257843,6,3.6122029932742157
15236,Missouri,Vanderbilt,Missouri,True,6,2023-09-30,0.9681634045838882,17,16.031836595416113
15237,UNLV,Hawai'i,UNLV,True,6,2023-09-30,-0.4813063181857369,24,24.481306318185737
15239,Duke,Notre Dame,Notre Dame,False,6,2023-09-30,-3.817265302453138,-7,3.182734697546862
15240,Oklahoma,Iowa St,Oklahoma,True,6,2023-09-30,-3.759031576159532,30,33.75903157615953
15241,Oregon,Stanford,Oregon,True,6,2023-09-30,3.488143957704154,36,32.51185604229585
15242,Northwestern,Penn St,Penn St,False,6,2023-09-30,-1.6895042685240957,-28,26.310495731475903
15243,Illinois,Purdue,Purdue,False,6,2023-09-30,0.7740488855898257,-25,25.774048885589824
15244,E Carolina,Rice,Rice,False,6,2023-09-30,3.8917370431038747,-7,10.891737043103875
15246,Navy,S Florida,S Florida,False,6,2023-09-30,-0.9169603605911876,-14,13.083039639408813
15247,USC,Colorado,USC,True,6,2023-09-30,-2.7168312728678705,7,9.716831272867871
15248,SMU,Charlotte,SMU,True,6,2023-09-30,-0.39108438443276694,18,18.391084384432766
15249,Tennessee,South Carolina,Tennessee,True,6,2023-09-30,-1.6750282727128532,21,22.675028272712854
15250,Texas,Kansas,Texas,True,6,2023-09-30,-0.5823256864423686,26,26.582325686442367
15251,Texas A&M,Arkansas,Texas A&M,True,6,2023-09-30,-0.6785554984645049,12,12.678555498464505
15252,Southern Miss,Texas St,Texas St,False,6,2023-09-30,1.6857615119009977,-14,15.685761511900997
15253,Houston,Texas Tech,Texas Tech,False,6,2023-09-30,1.6143837365965026,-21,22.6143837365965
15254,N Illinois,Toledo,Toledo,False,6,2023-09-30,0.412967659967158,-2,2.412967659967158
15255,Troy,Georgia St,Troy,True,6,2023-09-30,3.0356763492464536,21,17.964323650753546
15256,UAB,Tulane,Tulane,False,6,2023-09-30,-0.10223971390578643,-12,11.897760286094213
15257,Utah St,UConn,Utah St,True,6,2023-09-30,0.03999006996074496,1,0.960009930039255
15258,Pittsburgh,Virginia Tech,Virginia Tech,False,6,2023-09-30,0.10049689575613978,-17,17.10049689575614
15259,Arizona,Washington,Washington,False,6,2023-09-30,6.6239667221774425,-7,13.623966722177443
15260,West Virginia,TCU,West Virginia,True,6,2023-09-30,1.3653934885890626,3,1.6346065114109374
15261,W Michigan,Ball St,W Michigan,True,6,2023-09-30,-2.187160252308058,18,20.187160252308058
15262,Wyoming,New Mexico,Wyoming,True,6,2023-09-30,0.41533235498460175,9,8.584667645015399
15263,Middle Tenn,Jacksonville St,Jacksonville St,False,7,2023-10-04,0.037486479938279915,-15,15.03748647993828
15264,Florida Intl,New Mexico St,New Mexico St,False,7,2023-10-04,-0.9139790783682542,-17,16.086020921631746
15265,Liberty,Sam Houston,Liberty,True,7,2023-10-05,-7.035150431904661,5,12.035150431904661
15266,Louisiana Tech,W Kentucky,W Kentucky,False,7,2023-10-05,0.35109925779734774,-7,7.3510992577973475
15267,Nebraska,Illinois,Nebraska,True,7,2023-10-06,-0.32837260221637127,13,13.32837260221637
15268,Oklahoma St,Kansas St,Oklahoma St,True,7,2023-10-06,1.3653934885890626,8,6.634606511410937
15269,Alabama,Texas A&M,Alabama,True,7,2023-10-07,0.21164954018266766,6,5.788350459817332
15270,S Florida,UAB,UAB,False,7,2023-10-07,0.8266873213414457,-21,21.826687321341446
15271,San Jose St,Boise St,Boise St,False,7,2023-10-07,-1.1970637510255187,-8,6.802936248974481
15272,Boston College,Army,Boston College,True,7,2023-10-07,0.09639893640076853,3,2.9036010635992313
15273,Buffalo,C Michigan,Buffalo,True,7,2023-10-07,-0.7451755211190574,24,24.74517552111906
15274,Clemson,Wake Forest,Clemson,True,7,2023-10-07,2.176125560202508,5,2.823874439797492
15275,Arizona St,Colorado,Colorado,False,7,2023-10-07,2.763677157796269,-3,5.763677157796269
15276,UConn,Rice,UConn,True,7,2023-10-07,0.03487359502857348,7,6.965126404971427
15277,E Michigan,Ball St,E Michigan,True,7,2023-10-07,-2.8147820984615906,14,16.814782098461592
15278,Florida,Vanderbilt,Florida,True,7,2023-10-07,2.5808584209164,24,21.4191415790836
15279,Florida Atlantic,Tulsa,Florida Atlantic,True,7,2023-10-07,0.13841110927486075,3,2.8615888907251392
15280,Florida St,Virginia Tech,Florida St,True,7,2023-10-07,1.6400550061693107,22,20.359944993830688
15281,Kentucky,Georgia,Georgia,False,7,2023-10-07,-0.15501174204811466,-38,37.84498825795188
15282,Georgia Tech,Miami,Georgia Tech,True,7,2023-10-07,1.405010182209497,3,1.594989817790503
15283,Iowa,Purdue,Iowa,True,7,2023-10-07,1.2369206604467344,6,4.763079339553266
15284,Iowa St,TCU,Iowa St,True,7,2023-10-07,1.1239297081034445,13,11.876070291896555
15285,Kansas,UCF,Kansas,True,7,2023-10-07,-1.0718563215652794,29,30.071856321565278
15286,Louisiana,Texas St,Louisiana,True,7,2023-10-07,-0.8449882369101744,4,4.844988236910174
15287,LSU,Missouri,LSU,True,7,2023-10-07,2.6382114444816227,10,7.361788555518377
15288,Notre Dame,Louisville,Louisville,False,7,2023-10-07,0.14919650350143746,-13,13.149196503501438
15289,Miami OH,Bowling Green,Miami OH,True,7,2023-10-07,-1.6726883201912355,27,28.672688320191234
15290,Michigan,Minnesota,Michigan,True,7,2023-10-07,-2.130419816218275,42,44.13041981621828
15291,Arkansas,Mississippi,Mississippi,False,7,2023-10-07,-1.583238967922061,-7,5.416761032077939
15292,W Michigan,Mississippi St,Mississippi St,False,7,2023-10-07,0.24866137412584008,-13,13.24866137412584
15293,Navy,N Texas,Navy,True,7,2023-10-07,1.93805732268862,3,1.06194267731138
15294,Syracuse,North Carolina,North Carolina,False,7,2023-10-07,2.121477006307555,-33,35.12147700630756
15295,Marshall,NC State,NC State,False,7,2023-10-07,-1.201532547057772,-7,5.798467452942228
15296,Akron,N Illinois,N Illinois,False,7,2023-10-07,0.5014327794865767,-41,41.50143277948658
15298,Ohio,Kent St,Ohio,True,7,2023-10-07,-6.070947348183546,25,31.070947348183545
15299,Maryland,Ohio St,Ohio St,False,7,2023-10-07,0.5852749050976659,-20,20.585274905097666
15300,Oklahoma,Texas,Oklahoma,True,7,2023-10-07,-4.52934127528444,4,8.529341275284441
15301,Southern Miss,Old Dominion,Old Dominion,False,7,2023-10-07,-0.7337246180858809,-4,3.2662753819141193
15302,California,Oregon St,Oregon St,False,7,2023-10-07,1.6091113262517853,-12,13.609111326251785
15303,UL Monroe,S Alabama,S Alabama,False,7,2023-10-07,0.7336271479665204,-48,48.73362714796652
15304,USC,Arizona,USC,True,7,2023-10-07,-1.3630855887433373,2,3.3630855887433375
15305,Baylor,Texas Tech,Texas Tech,False,7,2023-10-07,2.1108400971303602,-25,27.11084009713036
15306,Temple,UTSA,UTSA,False,7,2023-10-07,2.4486255829633805,-15,17.44862558296338
15307,UMass,Toledo,Toledo,False,7,2023-10-07,0.5264302437259375,-17,17.526430243725937
15308,Arkansas St,Troy,Troy,False,7,2023-10-07,-0.07508582485834905,-34,33.92491417514165
15309,Washington St,UCLA,UCLA,False,7,2023-10-07,-2.109447319934188,-8,5.890552680065812
15310,Utah St,Colorado St,Utah St,True,7,2023-10-07,4.248726641756972,20,15.75127335824303
15312,Wisconsin,Rutgers,Wisconsin,True,7,2023-10-07,-1.276242305513809,11,12.27624230551381
15313,Wyoming,Fresno St,Wyoming,True,7,2023-10-07,-0.8205222282752629,5,5.820522228275263
15314,App State,Coastal Car,Coastal Car,False,8,2023-10-10,0.21576796920925143,-3,3.2157679692092516
15315,Liberty,Jacksonville St,Liberty,True,8,2023-10-10,-2.2623591851760483,18,20.26235918517605
15316,Louisiana Tech,Middle Tenn,Middle Tenn,False,8,2023-10-10,-2.1469156778213176,-8,5.853084322178683
15317,Sam Houston,New Mexico St,New Mexico St,False,8,2023-10-11,0.3528291134977107,-14,14.35282911349771
15318,Florida Intl,UTEP,UTEP,False,8,2023-10-11,0.5732728184655221,-13,13.573272818465522
15319,West Virginia,Houston,Houston,False,8,2023-10-12,0.8332200667977544,-2,2.8332200667977543
15320,E Carolina,SMU,SMU,False,8,2023-10-12,1.1852749918396046,-21,22.185274991839606
15321,Fresno St,Utah St,Fresno St,True,8,2023-10-13,1.6735013153295812,5,3.326498684670419
15322,Stanford,Colorado,Stanford,True,8,2023-10-13,1.2119137363908072,3,1.7880862636091928
15323,Tulane,Memphis,Tulane,True,8,2023-10-13,0.5206140896776146,10,9.479385910322385
15324,Air Force,Wyoming,Air Force,True,8,2023-10-14,-2.0550002520187918,7,9.055000252018791
15325,Alabama,Arkansas,Alabama,True,8,2023-10-14,1.6393382546808979,3,1.3606617453191021
15326,Arizona,Washington St,Arizona,True,8,2023-10-14,1.4239816367574114,38,36.57601836324259
15327,Bowling Green,Buffalo,Bowling Green,True,8,2023-10-14,-0.40661997809183276,10,10.406619978091832
15328,Akron,C Michigan,C Michigan,False,8,2023-10-14,0.36221565690300345,-7,7.362215656903003
15329,Colorado St,Boise St,Colorado St,True,8,2023-10-14,0.6726664090847688,1,0.3273335909152312
15330,Duke,NC State,Duke,True,8,2023-10-14,-1.003479543581511,21,22.003479543581513
15331,Kent St,E Michigan,E Michigan,False,8,2023-10-14,0.22734368209982703,-14,14.227343682099827
15332,Florida,South Carolina,Florida,True,8,2023-10-14,0.25090683771962735,2,1.7490931622803727
15333,S Florida,Florida Atlantic,Florida Atlantic,False,8,2023-10-14,-0.08434039050310166,-42,41.9156596094969
15334,Syracuse,Florida St,Florida St,False,8,2023-10-14,0.18686542544942045,-38,38.18686542544942
15335,Georgia,Vanderbilt,Georgia,True,8,2023-10-14,-2.6248144960837845,17,19.624814496083786
15336,Marshall,Georgia St,Georgia St,False,8,2023-10-14,0.02100733686023548,-17,17.021007336860237
15337,Maryland,Illinois,Illinois,False,8,2023-10-14,0.8348081672551686,-3,3.8348081672551686
15338,Iowa,Wisconsin,Iowa,True,8,2023-10-14,0.7510858541197319,9,8.248914145880269
15339,Cincinnati,Iowa St,Iowa St,False,8,2023-10-14,0.0689410232023265,-20,20.068941023202328
15340,J Madison,Georgia So,J Madison,True,8,2023-10-14,1.7983674953747981,28,26.201632504625202
15341,Kansas St,Texas Tech,Kansas St,True,8,2023-10-14,0.0764136325872592,17,16.923586367412742
15342,Auburn,LSU,LSU,False,8,2023-10-14,0.6083844206276298,-30,30.60838442062763
15343,Miami OH,W Michigan,Miami OH,True,8,2023-10-14,-1.11864500423457,13,14.118645004234569
15344,Michigan,Indiana,Michigan,True,8,2023-10-14,-6.303506492934094,45,51.30350649293409
15345,Missouri,Kentucky,Missouri,True,8,2023-10-14,0.41132984267919914,17,16.588670157320802
15346,Navy,Charlotte,Navy,True,8,2023-10-14,0.332856027254586,14,13.667143972745414
15347,Nevada,UNLV,UNLV,False,8,2023-10-14,0.24035861746115825,-18,18.24035861746116
15348,North Carolina,Miami,North Carolina,True,8,2023-10-14,0.025507877938557327,10,9.974492122061443
15349,Temple,N Texas,N Texas,False,8,2023-10-14,2.1815773858441716,-31,33.18157738584417
15350,N Illinois,Ohio,N Illinois,True,8,2023-10-14,-2.5679525398604066,10,12.567952539860407
15351,USC,Notre Dame,Notre Dame,False,8,2023-10-14,-3.354491318133709,-28,24.64550868186629
15352,Purdue,Ohio St,Ohio St,False,8,2023-10-14,-1.0126401957292124,-34,32.98735980427079
15353,Oklahoma St,Kansas,Oklahoma St,True,8,2023-10-14,-0.19899264161886093,7,7.198992641618861
15354,Oregon St,UCLA,Oregon St,True,8,2023-10-14,0.26444849999346104,12,11.735551500006538
15355,UMass,Penn St,Penn St,False,8,2023-10-14,-0.10444071083116131,-63,62.89555928916884
15356,Louisville,Pittsburgh,Pittsburgh,False,8,2023-10-14,-0.5067053643763954,-17,16.493294635623606
15357,Rutgers,Michigan St,Rutgers,True,8,2023-10-14,-2.366263759712145,3,5.366263759712146
15358,San Diego St,Hawai'i,San Diego St,True,8,2023-10-14,-2.0709826473510713,7,9.070982647351071
15359,New Mexico,San Jose St,San Jose St,False,8,2023-10-14,1.0899903036800374,-28,29.089990303680036
15360,Texas A&M,Tennessee,Tennessee,False,8,2023-10-14,-3.3788579334211204,-7,3.6211420665788796
15361,TCU,BYU,TCU,True,8,2023-10-14,-1.4053156439824332,33,34.40531564398243
15362,Texas St,UL Monroe,Texas St,True,8,2023-10-14,-0.35020933893730555,1,1.3502093389373055
15363,UTSA,UAB,UTSA,True,8,2023-10-14,1.7239989952989745,21,19.276001004701026
15364,Toledo,Ball St,Toledo,True,8,2023-10-14,-2.4001036527433195,7,9.400103652743319
15365,Troy,Army,Troy,True,8,2023-10-14,0.758950879489262,19,18.241049120510738
15366,Utah,California,Utah,True,8,2023-10-14,-0.4652207384854593,20,20.46522073848546
15367,Wake Forest,Virginia Tech,Virginia Tech,False,8,2023-10-14,-1.9443312520542895,-17,15.05566874794571
15368,Oregon,Washington,Washington,False,8,2023-10-14,0.10125285361616036,-3,3.1012528536161605
15369,W Kentucky,Jacksonville St,Jacksonville St,False,9,2023-10-17,-0.4109406578199329,-3,2.589059342180067
15370,Liberty,Middle Tenn,Liberty,True,9,2023-10-17,-1.8876719694571098,7,8.88767196945711
15371,S Alabama,Southern Miss,S Alabama,True,9,2023-10-17,0.4673468397500811,52,51.53265316024992
15372,Florida Intl,Sam Houston,Florida Intl,True,9,2023-10-18,-1.6751225587784122,6,7.675122558778412
15373,UTEP,New Mexico St,New Mexico St,False,9,2023-10-18,0.013214186610166581,-21,21.013214186610167
15374,Marshall,J Madison,J Madison,False,9,2023-10-19,1.129735439728552,-11,12.129735439728552
15375,Rice,Tulsa,Rice,True,9,2023-10-19,0.6080280107437532,32,31.39197198925625
15376,SMU,Temple,SMU,True,9,2023-10-20,-0.7821570794267858,55,55.78215707942679
15377,Navy,Air Force,Air Force,False,9,2023-10-21,-1.534575608212471,-11,9.46542439178753
15378,Tennessee,Alabama,Alabama,False,9,2023-10-21,-5.5238039541767066,-14,8.476196045823293
15379,Ball St,C Michigan,Ball St,True,9,2023-10-21,0.7714575215280994,7,6.2285424784719
15380,Baylor,Cincinnati,Baylor,True,9,2023-10-21,1.374134859746442,3,1.625865140253558
15381,Georgia Tech,Boston College,Boston College,False,9,2023-10-21,0.23913039377409664,-15,15.239130393774097
15382,Akron,Bowling Green,Bowling Green,False,9,2023-10-21,-1.397023875087604,-27,25.602976124912395
15383,Texas Tech,BYU,BYU,False,9,2023-10-21,1.1131304429836468,-13,14.113130442983646
15384,Buffalo,Kent St,Buffalo,True,9,2023-10-21,-1.9616355054362813,18,19.96163550543628
15385,E Carolina,Charlotte,Charlotte,False,9,2023-10-21,0.10520898455380823,-3,3.1052089845538084
15386,Coastal Car,Arkansas St,Coastal Car,True,9,2023-10-21,1.313740468776073,10,8.686259531223927
15387,Florida St,Duke,Florida St,True,9,2023-10-21,0.3638890000042427,18,17.636110999995758
15388,UL Monroe,Georgia So,Georgia So,False,9,2023-10-21,2.418098439010407,-10,12.418098439010407
15389,Louisiana,Georgia St,Georgia St,False,9,2023-10-21,-1.5079479091125454,-3,1.4920520908874546
15390,Kansas St,TCU,Kansas St,True,9,2023-10-21,-0.7493313742762152,38,38.74933137427622
15391,LSU,Army,LSU,True,9,2023-10-21,1.076256850372556,62,60.92374314962744
15392,UAB,Memphis,Memphis,False,9,2023-10-21,1.3021256348851993,-24,25.3021256348852
15393,Miami,Clemson,Miami,True,9,2023-10-21,0.33218846516274525,8,7.667811534837255
15394,Michigan St,Michigan,Michigan,False,9,2023-10-21,0.3169274480273676,-49,49.316927448027364
15395,Iowa,Minnesota,Minnesota,False,9,2023-10-21,-0.21168994670704896,-2,1.788310053292951
15396,Auburn,Mississippi,Mississippi,False,9,2023-10-21,0.3767476722598713,-7,7.376747672259872
15397,Mississippi St,Arkansas,Mississippi St,True,9,2023-10-21,0.14906739358711588,4,3.850932606412884
15398,South Carolina,Missouri,Missouri,False,9,2023-10-21,0.49832781980708146,-22,22.49832781980708
15399,Nebraska,Northwestern,Nebraska,True,9,2023-10-21,-0.7677017923114621,8,8.767701792311462
15400,San Diego St,Nevada,Nevada,False,9,2023-10-21,3.4850777754115967,-6,9.485077775411597
15401,Colorado St,UNLV,UNLV,False,9,2023-10-21,-0.3631249756251243,-2,1.6368750243748758
15402,New Mexico,Hawai'i,New Mexico,True,9,2023-10-21,-0.8727691309412509,21,21.87276913094125
15403,N Illinois,E Michigan,N Illinois,True,9,2023-10-21,-1.8957162528863412,7,8.895716252886341
15404,Ohio,W Michigan,Ohio,True,9,2023-10-21,0.2963395145573109,3,2.703660485442689
15405,Penn St,Ohio St,Ohio St,False,9,2023-10-21,-3.3617389255479764,-8,4.638261074452023
15406,Oklahoma,UCF,Oklahoma,True,9,2023-10-21,-7.578215124190483,2,9.578215124190482
15407,Oklahoma St,West Virginia,Oklahoma St,True,9,2023-10-21,0.6192965435092856,14,13.380703456490714
15408,App State,Old Dominion,Old Dominion,False,9,2023-10-21,-0.1097881262740041,-7,6.890211873725996
15409,Oregon,Washington St,Oregon,True,9,2023-10-21,0.1797232888300906,14,13.82027671116991
15410,Indiana,Rutgers,Rutgers,False,9,2023-10-21,-0.004758579131520162,-17,16.99524142086848
15411,San Jose St,Utah St,San Jose St,True,9,2023-10-21,0.9076707528245243,21,20.092329247175474
15412,S Florida,UConn,S Florida,True,9,2023-10-21,-0.2721457742859977,3,3.2721457742859976
15413,Texas,Houston,Texas,True,9,2023-10-21,0.5923647080699695,7,6.40763529193003
15414,Florida Atlantic,UTSA,UTSA,False,9,2023-10-21,-0.9059083072661448,-26,25.094091692733855
15415,Miami OH,Toledo,Toledo,False,9,2023-10-21,0.328399506048973,-4,4.328399506048973
15416,N Texas,Tulane,Tulane,False,9,2023-10-21,0.6607757328755924,-7,7.660775732875592
15417,UCLA,Stanford,UCLA,True,9,2023-10-21,-0.7372665778763116,35,35.73726657787631
15418,Utah,USC,Utah,True,9,2023-10-21,2.7485169254822868,2,0.7485169254822868
15419,Virginia,North Carolina,Virginia,True,9,2023-10-21,1.498087468788836,4,2.501912531211164
15420,Pittsburgh,Wake Forest,Wake Forest,False,9,2023-10-21,0.5150314041489826,-4,4.515031404148982
15421,Arizona St,Washington,Washington,False,9,2023-10-21,6.3203870123607615,-8,14.320387012360762
15422,Illinois,Wisconsin,Wisconsin,False,9,2023-10-21,-0.23316687811547146,-4,3.7668331218845283
15423,Liberty,W Kentucky,Liberty,True,10,2023-10-24,-1.2323596635671628,13,14.232359663567163
15424,New Mexico St,Louisiana Tech,New Mexico St,True,10,2023-10-24,-0.2786683936948433,3,3.2786683936948435
15425,Florida Intl,Jacksonville St,Jacksonville St,False,10,2023-10-25,-0.026675032883048,-25,24.97332496711695
15426,Sam Houston,UTEP,UTEP,False,10,2023-10-25,-0.3607234396746425,-3,2.6392765603253574
15427,Georgia So,Georgia St,Georgia So,True,10,2023-10-26,0.2847492331331686,17,16.71525076686683
15428,Syracuse,Virginia Tech,Virginia Tech,False,10,2023-10-26,-0.1602575448208841,-28,27.839742455179117
15429,Charlotte,Florida Atlantic,Florida Atlantic,False,10,2023-10-27,0.5450147331714525,-22,22.545014733171453
15430,Colorado St,Air Force,Air Force,False,10,2023-10-28,-2.081396160899479,-17,14.918603839100522
15431,App State,Southern Miss,App State,True,10,2023-10-28,-0.5498069220942993,10,10.5498069220943
15432,Arizona,Oregon St,Arizona,True,10,2023-10-28,0.9452319760456009,3,2.054768023954399
15433,Washington St,Arizona St,Arizona St,False,10,2023-10-28,-0.4566043903497116,-11,10.543395609650288
15434,Arkansas St,UL Monroe,Arkansas St,True,10,2023-10-28,0.9156248952702142,10,9.084375104729785
15435,Auburn,Mississippi St,Auburn,True,10,2023-10-28,-0.715015932946934,14,14.715015932946933
15436,Boise St,Wyoming,Boise St,True,10,2023-10-28,-0.2816714738177396,25,25.281671473817738
15437,UConn,Boston College,Boston College,False,10,2023-10-28,0.38912528551090864,-7,7.389125285510909
15438,Coastal Car,Marshall,Coastal Car,True,10,2023-10-28,2.2797882581805027,28,25.720211741819497
15439,Wake Forest,Florida St,Florida St,False,10,2023-10-28,0.4848498748998899,-25,25.48484987489989
15440,Fresno St,UNLV,Fresno St,True,10,2023-10-28,0.7010429846859072,7,6.298957015314093
15441,Florida,Georgia,Georgia,False,10,2023-10-28,1.0975218086612908,-23,24.09752180866129
15442,North Carolina,Georgia Tech,Georgia Tech,False,10,2023-10-28,0.9864910032458586,-4,4.986491003245859
15443,Baylor,Iowa St,Iowa St,False,10,2023-10-28,1.4219841110019507,-12,13.42198411100195
15444,Old Dominion,J Madison,J Madison,False,10,2023-10-28,0.18313219068779965,-3,3.1831321906878
15445,Oklahoma,Kansas,Kansas,False,10,2023-10-28,-0.2764540079222434,-5,4.7235459920777565
15446,Houston,Kansas St,Kansas St,False,10,2023-10-28,0.5666877805611233,-41,41.566687780561125
15447,S Alabama,Louisiana,Louisiana,False,10,2023-10-28,0.8748287127445837,-13,13.874828712744584
15448,Duke,Louisville,Louisville,False,10,2023-10-28,-0.8315146600722632,-23,22.168485339927738
15449,UMass,Army,UMass,True,10,2023-10-28,-1.1101819085294031,7,8.110181908529404
15450,N Texas,Memphis,Memphis,False,10,2023-10-28,1.2043128542562507,-3,4.2043128542562505
15451,Miami,Virginia,Miami,True,10,2023-10-28,0.12169101865238698,3,2.878308981347613
15452,Ohio,Miami OH,Miami OH,False,10,2023-10-28,-0.22061145012808772,-14,13.779388549871912
15453,Michigan St,Minnesota,Minnesota,False,10,2023-10-28,-0.36591532792046433,-15,14.634084672079535
15454,Vanderbilt,Mississippi,Mississippi,False,10,2023-10-28,-0.23673509944686258,-26,25.76326490055314
15455,Nebraska,Purdue,Nebraska,True,10,2023-10-28,-0.18629274278763452,17,17.186292742787636
15456,Nevada,New Mexico,Nevada,True,10,2023-10-28,0.48429962423913203,10,9.515700375760868
15457,NC State,Clemson,NC State,True,10,2023-10-28,0.6450773481709146,7,6.354922651829085
15458,Northwestern,Maryland,Northwestern,True,10,2023-10-28,0.5760900235894049,6,5.423909976410595
15459,Notre Dame,Pittsburgh,Notre Dame,True,10,2023-10-28,2.260071286214813,51,48.73992871378519
15460,Ohio St,Wisconsin,Ohio St,True,10,2023-10-28,-3.482183350832572,14,17.48218335083257
15461,Oklahoma St,Cincinnati,Oklahoma St,True,10,2023-10-28,-0.9700372049233056,32,32.97003720492331
15462,Oregon,Utah,Oregon,True,10,2023-10-28,1.9700075079708022,29,27.029992492029198
15463,Indiana,Penn St,Penn St,False,10,2023-10-28,0.11320286110128383,-9,9.113202861101284
15464,California,USC,USC,False,10,2023-10-28,0.18244185379064337,-1,1.1824418537906434
15465,Tulsa,SMU,SMU,False,10,2023-10-28,0.3971125539424005,-59,59.3971125539424
15466,Tennessee,Kentucky,Tennessee,True,10,2023-10-28,-0.5180434008750128,6,6.518043400875013
15467,BYU,Texas,Texas,False,10,2023-10-28,0.6177904708474105,-29,29.61779047084741
15468,Texas A&M,South Carolina,Texas A&M,True,10,2023-10-28,1.95832402740498,13,11.04167597259502
15469,UTSA,E Carolina,UTSA,True,10,2023-10-28,-1.5201580370083918,14,15.520158037008391
15470,Troy,Texas St,Troy,True,10,2023-10-28,1.187403681125194,18,16.812596318874807
15471,Tulane,Rice,Tulane,True,10,2023-10-28,-0.7290696205504014,2,2.7290696205504013
15472,UCLA,Colorado,UCLA,True,10,2023-10-28,1.4379785148628739,12,10.562021485137127
15473,Washington,Stanford,Washington,True,10,2023-10-28,1.0043927591864035,9,7.995607240813596
15474,UCF,West Virginia,West Virginia,False,10,2023-10-28,-0.6545562771598015,-13,12.345443722840198
15475,W Michigan,E Michigan,W Michigan,True,10,2023-10-28,-1.018967199434262,24,25.01896719943426
15476,Hawai'i,San Jose St,San Jose St,False,10,2023-10-29,2.4136961372691568,-35,37.413696137269156
15477,C Michigan,N Illinois,C Michigan,True,11,2023-10-31,-0.5118407955676559,6,6.511840795567656
15478,Toledo,Buffalo,Toledo,True,11,2023-10-31,-0.8675485113558402,18,18.86754851135584
15479,Akron,Kent St,Akron,True,11,2023-11-01,-1.219280361257273,4,5.2192803612572725
15480,Ball St,Bowling Green,Bowling Green,False,11,2023-11-01,-0.42331467455173033,-3,2.5766853254482696
15481,Duke,Wake Forest,Duke,True,11,2023-11-02,0.46755326552323223,3,2.5324467344767676
15482,Texas Tech,TCU,Texas Tech,True,11,2023-11-02,-0.3110197330969856,7,7.311019733096986
15483,S Alabama,Troy,Troy,False,11,2023-11-02,0.4946799490546678,-18,18.494679949054667
15484,Boston College,Syracuse,Boston College,True,11,2023-11-03,-1.1729256647753297,7,8.17292566477533
15485,Colorado St,Wyoming,Wyoming,False,11,2023-11-03,-0.05193310946309511,-9,8.948066890536905
15486,LSU,Alabama,Alabama,False,11,2023-11-04,1.7600794663073371,-14,15.760079466307337
15487,Florida Atlantic,UAB,UAB,False,11,2023-11-04,-0.9846687514932698,-3,2.01533124850673
15488,Marshall,App State,App State,False,11,2023-11-04,0.4339125222294306,-22,22.43391252222943
15489,UCLA,Arizona,Arizona,False,11,2023-11-04,0.011311365984204206,-17,17.011311365984206
15490,Florida,Arkansas,Arkansas,False,11,2023-11-04,-0.1708744567421689,-3,2.829125543257831
15491,Arkansas St,Louisiana,Arkansas St,True,11,2023-11-04,0.9218254148167404,20,19.07817458518326
15492,Army,Air Force,Army,True,11,2023-11-04,-1.2649541766830905,20,21.26495417668309
15493,Auburn,Vanderbilt,Auburn,True,11,2023-11-04,-1.5024323087778972,16,17.502432308777898
15494,UCF,Cincinnati,UCF,True,11,2023-11-04,0.3391269034554293,2,1.6608730965445706
15495,Charlotte,Tulsa,Charlotte,True,11,2023-11-04,-0.8114299582004855,7,7.811429958200486
15496,Notre Dame,Clemson,Clemson,False,11,2023-11-04,3.482762407910045,-8,11.482762407910045
15497,Coastal Car,Old Dominion,Coastal Car,True,11,2023-11-04,0.004667033130180431,4,3.9953329668698196
15498,Pittsburgh,Florida St,Florida St,False,11,2023-11-04,0.9923442232221192,-17,17.99234422322212
15499,Boise St,Fresno St,Fresno St,False,11,2023-11-04,-0.34106087755193576,-7,6.658939122448064
15500,Missouri,Georgia,Georgia,False,11,2023-11-04,1.2035303146101082,-9,10.203530314610108
15501,Georgia Tech,Virginia,Georgia Tech,True,11,2023-11-04,-0.0688015991656461,28,28.068801599165646
15502,Hawai'i,Nevada,Hawai'i,True,11,2023-11-04,2.7593270882830643,13,10.240672911716935
15503,Houston,Baylor,Houston,True,11,2023-11-04,0.3351827936570194,1,0.6648172063429806
15504,Illinois,Minnesota,Illinois,True,11,2023-11-04,-0.8114263053223711,1,1.8114263053223711
15505,Wisconsin,Indiana,Indiana,False,11,2023-11-04,-1.1460236091334066,-6,4.853976390866594
15506,Iowa,Northwestern,Iowa,True,11,2023-11-04,0.24980500647876272,3,2.7501949935212373
15507,J Madison,Georgia St,J Madison,True,11,2023-11-04,0.7966267428355736,28,27.203373257164426
15508,Iowa St,Kansas,Kansas,False,11,2023-11-04,-0.41898986440070174,-7,6.581010135599298
15509,Mississippi St,Kentucky,Kentucky,False,11,2023-11-04,0.43775244440870265,-21,21.4377524444087
15510,Liberty,Louisiana Tech,Liberty,True,11,2023-11-04,0.29731140833138975,26,25.70268859166861
15511,Louisville,Virginia Tech,Louisville,True,11,2023-11-04,0.2644094132523599,31,30.73559058674764
15513,Memphis,S Florida,Memphis,True,11,2023-11-04,0.07561225598526528,9,8.924387744014735
15514,Purdue,Michigan,Michigan,False,11,2023-11-04,0.49598500906191323,-28,28.495985009061915
15515,Michigan St,Nebraska,Michigan St,True,11,2023-11-04,-0.5164545716284737,3,3.516454571628474
15516,Texas A&M,Mississippi,Mississippi,False,11,2023-11-04,1.7202336797789763,-3,4.720233679778977
15517,UNLV,New Mexico,UNLV,True,11,2023-11-04,1.0975133541415336,42,40.90248664585847
15518,New Mexico St,Middle Tenn,New Mexico St,True,11,2023-11-04,-1.9587528644331478,6,7.958752864433148
15520,Miami,NC State,NC State,False,11,2023-11-04,-0.4497941620059107,-14,13.550205837994088
15521,Rutgers,Ohio St,Ohio St,False,11,2023-11-04,-5.6996472109725485,-19,13.300352789027452
15522,Oklahoma St,Oklahoma,Oklahoma St,True,11,2023-11-04,-0.7436282363285789,3,3.743628236328579
15523,Oregon,California,Oregon,True,11,2023-11-04,-0.635342792538933,44,44.635342792538935
15524,Colorado,Oregon St,Oregon St,False,11,2023-11-04,0.9162121159513362,-7,7.916212115951336
15525,Maryland,Penn St,Penn St,False,11,2023-11-04,-0.2502117493514033,-36,35.7497882506486
15527,South Carolina,Jacksonville St,South Carolina,True,11,2023-11-04,1.3646555919164969,10,8.635344408083503
15528,Rice,SMU,SMU,False,11,2023-11-04,0.6700542550994868,-5,5.670054255099487
15529,Southern Miss,UL Monroe,Southern Miss,True,11,2023-11-04,-0.5568413240666144,17,17.556841324066614
15530,Stanford,Washington St,Stanford,True,11,2023-11-04,1.6471789039731723,3,1.3528210960268277
15531,Navy,Temple,Temple,False,11,2023-11-04,-1.5118563011538109,-14,12.488143698846189
15532,Tennessee,UConn,Tennessee,True,11,2023-11-04,-1.9981033039799072,56,57.99810330397991
15533,Kansas St,Texas,Texas,False,11,2023-11-04,-1.1172181678115067,-3,1.8827818321884933
15534,Georgia So,Texas St,Texas St,False,11,2023-11-04,0.2874821341518524,-21,21.28748213415185
15535,UTSA,N Texas,UTSA,True,11,2023-11-04,1.4604484763163192,8,6.539551523683681
15536,Tulane,E Carolina,Tulane,True,11,2023-11-04,-2.108787091597843,3,5.1087870915978435
15537,Arizona St,Utah,Utah,False,11,2023-11-04,-0.28112768267536614,-52,51.71887231732463
15538,Utah St,San Diego St,Utah St,True,11,2023-11-04,0.07962487228324582,8,7.9203751277167544
15539,Washington,USC,Washington,True,11,2023-11-04,0.9716753819034298,10,9.02832461809657
15540,West Virginia,BYU,West Virginia,True,11,2023-11-04,-1.4463004214025126,30,31.446300421402512
15541,W Kentucky,UTEP,W Kentucky,True,11,2023-11-04,-0.15648906465136184,8,8.156489064651362
15542,Ball St,N Illinois,Ball St,True,12,2023-11-07,0.23014500316481767,3,2.7698549968351824
15543,Ohio,Buffalo,Ohio,True,12,2023-11-07,0.4304054971236267,10,9.569594502876374
15544,W Michigan,C Michigan,W Michigan,True,12,2023-11-07,-0.4156902603449994,10,10.415690260344999
15545,Kent St,Bowling Green,Bowling Green,False,12,2023-11-08,-0.4593076207543524,-30,29.540692379245648
15546,Akron,Miami OH,Miami OH,False,12,2023-11-08,0.613286426021612,-19,19.613286426021613
15547,E Michigan,Toledo,Toledo,False,12,2023-11-08,-0.029592807254179777,-26,25.97040719274582
15548,Louisville,Virginia,Louisville,True,12,2023-11-09,1.2929825744573833,7,5.707017425542617
15549,Southern Miss,Louisiana,Southern Miss,True,12,2023-11-09,1.6029429758925398,3,1.3970570241074602
15550,UNLV,Wyoming,UNLV,True,12,2023-11-10,0.15546691812440921,20,19.84453308187559
15551,SMU,N Texas,SMU,True,12,2023-11-10,1.0565543764259373,24,22.943445623574064
15552,Kentucky,Alabama,Alabama,False,12,2023-11-11,-2.4160257607926083,-28,25.583974239207393
15553,App State,Georgia St,App State,True,12,2023-11-11,-0.19710330934419104,28,28.19710330934419
15554,Arizona,Colorado,Arizona,True,12,2023-11-11,-0.14195803276126015,3,3.14195803276126
15555,Arizona St,UCLA,Arizona St,True,12,2023-11-11,0.1145323594068092,10,9.885467640593191
15557,Arkansas,Auburn,Auburn,False,12,2023-11-11,-0.7936080191679378,-38,37.20639198083206
15558,Boise St,New Mexico,Boise St,True,12,2023-11-11,-2.8833009876105136,28,30.883300987610514
15559,California,Washington St,California,True,12,2023-11-11,-1.9104373373012808,3,4.910437337301281
15560,UCF,Oklahoma St,UCF,True,12,2023-11-11,0.4568983985028487,42,41.54310160149715
15561,Cincinnati,Houston,Cincinnati,True,12,2023-11-11,1.1981722723847321,10,8.801827727615269
15562,Clemson,Georgia Tech,Clemson,True,12,2023-11-11,0.11921786301540162,21,20.8807821369846
15563,Coastal Car,Texas St,Coastal Car,True,12,2023-11-11,1.1542483297123736,8,6.845751670287626
15564,Colorado St,San Diego St,Colorado St,True,12,2023-11-11,0.32988028909910294,3,2.670119710900897
15565,Florida Atlantic,E Carolina,E Carolina,False,12,2023-11-11,-1.8606520410321017,-15,13.139347958967898
15566,Miami,Florida St,Florida St,False,12,2023-11-11,-0.33965779854841494,-7,6.660342201451585
15567,Georgia,Mississippi,Georgia,True,12,2023-11-11,1.567195348994986,35,33.432804651005014
15568,Air Force,Hawai'i,Hawai'i,False,12,2023-11-11,-2.473441509907743,-14,11.526558490092256
15569,Indiana,Illinois,Illinois,False,12,2023-11-11,0.6448344788580765,-3,3.6448344788580767
15570,Iowa,Rutgers,Iowa,True,12,2023-11-11,-0.6605514975318199,22,22.66055149753182
15571,Iowa St,BYU,Iowa St,True,12,2023-11-11,-0.7881411557397408,32,32.788141155739744
15572,UConn,J Madison,J Madison,False,12,2023-11-11,1.4019657804207681,-38,39.40196578042077
15573,Kansas St,Baylor,Kansas St,True,12,2023-11-11,2.2458810109304403,34,31.75411898906956
15574,Liberty,Old Dominion,Liberty,True,12,2023-11-11,-2.2360195194849144,28,30.236019519484913
15575,LSU,Florida,LSU,True,12,2023-11-11,5.025938303658553,17,11.974061696341447
15576,Georgia So,Marshall,Marshall,False,12,2023-11-11,0.6977678206948164,-5,5.697767820694816
15577,Maryland,Nebraska,Maryland,True,12,2023-11-11,0.44224055166634935,3,2.5577594483336505
15578,Charlotte,Memphis,Memphis,False,12,2023-11-11,0.3442816845736866,-6,6.344281684573686
15579,Penn St,Michigan,Michigan,False,12,2023-11-11,-3.4102787595239943,-9,5.589721240476006
15580,Middle Tenn,Florida Intl,Middle Tenn,True,12,2023-11-11,1.1740535296038408,34,32.82594647039616
15581,Tennessee,Missouri,Missouri,False,12,2023-11-11,-1.2948034033949924,-29,27.705196596605006
15582,UAB,Navy,Navy,False,12,2023-11-11,-0.5541349099711473,-25,24.445865090028853
15583,New Mexico St,W Kentucky,New Mexico St,True,12,2023-11-11,-0.16940602369139357,9,9.169406023691394
15584,North Carolina,Duke,North Carolina,True,12,2023-11-11,-1.4832341019755169,2,3.483234101975517
15585,NC State,Wake Forest,NC State,True,12,2023-11-11,0.5266958239184745,20,19.473304176081527
15586,Wisconsin,Northwestern,Northwestern,False,12,2023-11-11,-1.107423736431437,-14,12.892576263568563
15587,Michigan St,Ohio St,Ohio St,False,12,2023-11-11,-2.8426618137433426,-35,32.15733818625666
15588,Oklahoma,West Virginia,Oklahoma,True,12,2023-11-11,-0.5174713447791083,39,39.51747134477911
15589,Oregon,USC,Oregon,True,12,2023-11-11,0.8536381477832496,9,8.146361852216751
15590,Stanford,Oregon St,Oregon St,False,12,2023-11-11,1.5964686557305017,-45,46.596468655730504
15591,Minnesota,Purdue,Purdue,False,12,2023-11-11,0.7099836924122505,-19,19.70998369241225
15592,Louisiana Tech,Sam Houston,Sam Houston,False,12,2023-11-11,-0.09943988843842062,-15,14.90056011156158
15593,Fresno St,San Jose St,San Jose St,False,12,2023-11-11,1.0267330507340962,-24,25.026733050734094
15594,S Alabama,Arkansas St,S Alabama,True,12,2023-11-11,-0.31307351808881134,7,7.313073518088811
15595,Vanderbilt,South Carolina,South Carolina,False,12,2023-11-11,1.3053797355761376,-41,42.30537973557614
15596,Temple,S Florida,S Florida,False,12,2023-11-11,1.6743609205633112,-4,5.674360920563311
15597,Syracuse,Pittsburgh,Syracuse,True,12,2023-11-11,-0.1516407414333998,15,15.1516407414334
15598,Texas,TCU,Texas,True,12,2023-11-11,1.065440975643775,3,1.934559024356225
15599,Texas A&M,Mississippi St,Texas A&M,True,12,2023-11-11,2.955247187756218,41,38.04475281224378
15600,Texas Tech,Kansas,Texas Tech,True,12,2023-11-11,-0.7355726655634279,3,3.735572665563428
15601,Rice,UTSA,UTSA,False,12,2023-11-11,0.08075298665735367,-20,20.080752986657355
15602,UL Monroe,Troy,Troy,False,12,2023-11-11,1.7953496568262632,-31,32.79534965682626
15603,Tulane,Tulsa,Tulane,True,12,2023-11-11,-1.3353713454511744,2,3.3353713454511746
15604,Nevada,Utah St,Utah St,False,12,2023-11-11,2.364944625287768,-17,19.36494462528777
15605,Boston College,Virginia Tech,Virginia Tech,False,12,2023-11-11,-7.696272621889115,-26,18.303727378110885
15606,Utah,Washington,Washington,False,12,2023-11-11,0.7910012707416726,-7,7.791001270741672
15607,Akron,E Michigan,E Michigan,False,13,2023-11-14,-1.3190575338218362,-3,1.6809424661781638
15608,W Michigan,N Illinois,N Illinois,False,13,2023-11-14,-1.0956830830199884,-24,22.90431691698001
15609,Toledo,Bowling Green,Toledo,True,13,2023-11-14,-1.3982926267579363,1,2.3982926267579363
15610,Buffalo,Miami OH,Miami OH,False,13,2023-11-15,-1.5203388401863533,-13,11.479661159813647
15611,C Michigan,Ohio,Ohio,False,13,2023-11-15,0.8774589581755297,-14,14.877458958175529
15612,Boston College,Pittsburgh,Pittsburgh,False,13,2023-11-16,-1.9425569711577984,-8,6.057443028842202
15613,UTSA,S Florida,UTSA,True,13,2023-11-17,-0.36597001155530035,28,28.3659700115553
15614,Colorado,Washington St,Washington St,False,13,2023-11-17,0.3068496982858756,-42,42.30684969828587
15616,UAB,Temple,UAB,True,13,2023-11-18,0.07935653026962151,10,9.92064346973038
15617,J Madison,App State,App State,False,13,2023-11-18,1.7158984515068194,-3,4.71589845150682
15618,Utah,Arizona,Arizona,False,13,2023-11-18,-2.1290340998349504,-24,21.87096590016505
15619,Arkansas,Florida Intl,Arkansas,True,13,2023-11-18,-2.36928487865985,24,26.36928487865985
15620,Arkansas St,Texas St,Arkansas St,True,13,2023-11-18,1.4030557742621919,46,44.59694422573781
15621,Army,Coastal Car,Army,True,13,2023-11-18,-0.9057975954011945,7,7.905797595401195
15622,Kent St,Ball St,Ball St,False,13,2023-11-18,-1.3947111210258918,-31,29.605288878974108
15623,Utah St,Boise St,Boise St,False,13,2023-11-18,0.36675272152581734,-35,35.36675272152582
15624,Stanford,California,California,False,13,2023-11-18,0.5531712416204605,-12,12.553171241620461
15625,North Carolina,Clemson,Clemson,False,13,2023-11-18,-1.1449634693267126,-11,9.855036530673287
15626,Colorado St,Nevada,Colorado St,True,13,2023-11-18,-0.3161413802999204,10,10.31614138029992
15629,Georgia,Tennessee,Georgia,True,13,2023-11-18,-2.737470293497436,28,30.737470293497438
15630,Georgia Tech,Syracuse,Georgia Tech,True,13,2023-11-18,-0.02733300500902258,9,9.027333005009023
15631,Illinois,Iowa,Iowa,False,13,2023-11-18,-0.5335565884147033,-2,1.4664434115852967
15632,Louisiana Tech,Jacksonville St,Jacksonville St,False,13,2023-11-18,0.4108778757415878,-39,39.41087787574159
15633,Kansas,Kansas St,Kansas St,False,13,2023-11-18,-0.7818132604294612,-4,3.218186739570539
15634,UMass,Liberty,Liberty,False,13,2023-11-18,0.5033291299522575,-24,24.503329129952256
15635,Georgia St,LSU,LSU,False,13,2023-11-18,-1.5478251976115054,-42,40.4521748023885
15636,Miami,Louisville,Louisville,False,13,2023-11-18,0.33589862328711745,-7,7.335898623287117
15637,Michigan,Maryland,Michigan,True,13,2023-11-18,2.439249580478097,7,4.560750419521903
15638,Michigan St,Indiana,Michigan St,True,13,2023-11-18,0.17876354377114875,3,2.8212364562288514
15639,UTEP,Middle Tenn,Middle Tenn,False,13,2023-11-18,-1.8627025470322631,-4,2.137297452967737
15640,UL Monroe,Mississippi,Mississippi,False,13,2023-11-18,-1.3440080794337304,-32,30.65599192056627
15641,Mississippi St,Southern Miss,Mississippi St,True,13,2023-11-18,1.1302633921788106,21,19.86973660782119
15642,Florida,Missouri,Missouri,False,13,2023-11-18,1.9889170228885935,-2,3.9889170228885935
15643,Navy,E Carolina,Navy,True,13,2023-11-18,-1.8499657477870086,10,11.849965747787008
15644,UNLV,Air Force,UNLV,True,13,2023-11-18,-1.0913953063795094,4,5.09139530637951
15645,New Mexico,Fresno St,New Mexico,True,13,2023-11-18,0.8465228936078053,8,7.153477106392195
15646,Auburn,New Mexico St,New Mexico St,False,13,2023-11-18,-0.045834407443023285,-21,20.954165592556976
15647,Virginia Tech,NC State,NC State,False,13,2023-11-18,-1.495324699831008,-7,5.5046753001689925
15648,N Texas,Tulsa,N Texas,True,13,2023-11-18,-0.19969639338921827,7,7.199696393389218
15649,Northwestern,Purdue,Northwestern,True,13,2023-11-18,1.2522890189319396,8,6.74771098106806
15650,Notre Dame,Wake Forest,Notre Dame,True,13,2023-11-18,2.7210004927312177,38,35.27899950726878
15651,Ohio St,Minnesota,Ohio St,True,13,2023-11-18,-0.057044490793123535,34,34.057044490793125
15652,BYU,Oklahoma,Oklahoma,False,13,2023-11-18,0.8024353648862644,-7,7.802435364886264
15653,Oklahoma St,Houston,Oklahoma St,True,13,2023-11-18,-0.43915487051942836,13,13.439154870519427
15654,Georgia So,Old Dominion,Old Dominion,False,13,2023-11-18,0.8884271232081675,-3,3.8884271232081673
15655,Arizona St,Oregon,Oregon,False,13,2023-11-18,1.0424349400595792,-36,37.04243494005958
15656,Rutgers,Penn St,Penn St,False,13,2023-11-18,-2.738529847727641,-21,18.26147015227236
15657,Rice,Charlotte,Rice,True,13,2023-11-18,-0.1324051424323292,21,21.13240514243233
15658,San Jose St,San Diego St,San Jose St,True,13,2023-11-18,-0.8336919713159795,11,11.833691971315979
15659,S Alabama,Marshall,S Alabama,True,13,2023-11-18,-0.04945078675302291,28,28.049450786753024
15660,Kentucky,South Carolina,South Carolina,False,13,2023-11-18,-0.15062754858210148,-3,2.8493724514178984
15661,Memphis,SMU,SMU,False,13,2023-11-18,1.2761273010317205,-4,5.27612730103172
15662,Texas,Iowa St,Texas,True,13,2023-11-18,1.0312883166200644,10,8.968711683379937
15664,TCU,Baylor,TCU,True,13,2023-11-18,-0.3699933225036694,25,25.36999332250367
15665,UCF,Texas Tech,Texas Tech,False,13,2023-11-18,-0.6330806717858459,-1,0.3669193282141541
15666,Troy,Louisiana,Troy,True,13,2023-11-18,0.19314470883574145,7,6.806855291164259
15667,Tulane,Florida Atlantic,Tulane,True,13,2023-11-18,5.466754401535103,16,10.533245598464898
15668,USC,UCLA,UCLA,False,13,2023-11-18,0.17746123333456507,-18,18.177461233334565
15669,Virginia,Duke,Virginia,True,13,2023-11-18,-0.20701237416060134,3,3.2070123741606014
15670,Washington,Oregon St,Washington,True,13,2023-11-18,1.1938830728270102,2,0.8061169271729898
15671,West Virginia,Cincinnati,West Virginia,True,13,2023-11-18,-1.3689132879483767,21,22.368913287948377
15672,Sam Houston,W Kentucky,W Kentucky,False,13,2023-11-18,1.1843836086501323,-5,6.1843836086501325
15673,Wisconsin,Nebraska,Wisconsin,True,13,2023-11-18,-0.7976386433544327,7,7.797638643354433
15674,Hawai'i,Wyoming,Wyoming,False,13,2023-11-18,2.1049714045083534,-33,35.104971404508355
15675,Bowling Green,W Michigan,Bowling Green,True,14,2023-11-21,-0.5315468448168711,24,24.53154684481687
15676,E Michigan,Buffalo,E Michigan,True,14,2023-11-21,0.05960160092135548,13,12.940398399078644
15677,Mississippi St,Mississippi,Mississippi,False,14,2023-11-23,0.9121192814454285,-10,10.91211928144543
15678,Boise St,Air Force,Boise St,True,14,2023-11-24,-0.41276229764248146,8,8.412762297642482
15679,Iowa,Nebraska,Iowa,True,14,2023-11-24,-2.3660539131126916,3,5.366053913112692
15680,Temple,Memphis,Memphis,False,14,2023-11-24,2.2294997104550065,-24,26.229499710455006
15681,Miami,Boston College,Miami,True,14,2023-11-24,-0.49121015463945417,25,25.491210154639454
15682,Arkansas,Missouri,Missouri,False,14,2023-11-24,-0.38811114747264014,-34,33.61188885252736
15683,Ohio,Akron,Ohio,True,14,2023-11-24,-2.349522431965376,11,13.349522431965376
15684,Oklahoma,TCU,Oklahoma,True,14,2023-11-24,-0.13567696630280293,24,24.135676966302803
15685,Oregon St,Oregon,Oregon,False,14,2023-11-24,1.1677670755617988,-24,25.167767075561798
15686,Michigan St,Penn St,Penn St,False,14,2023-11-24,-0.03436462951015881,-42,41.96563537048984
15687,Texas,Texas Tech,Texas,True,14,2023-11-24,1.3562749751230605,50,48.64372502487694
15688,C Michigan,Toledo,Toledo,False,14,2023-11-24,1.0567277480920765,-15,16.056727748092076
15689,Tulane,UTSA,Tulane,True,14,2023-11-24,0.4064951916069995,13,12.593504808393
15690,New Mexico,Utah St,Utah St,False,14,2023-11-24,0.49407770228513553,-3,3.4940777022851357
15691,Alabama,Auburn,Alabama,True,14,2023-11-25,1.3027318352266501,3,1.6972681647733499
15692,Georgia So,App State,App State,False,14,2023-11-25,2.086600531553458,-28,30.086600531553458
15693,Arizona,Arizona St,Arizona,True,14,2023-11-25,-0.18307572028757801,36,36.183075720287576
15694,UCLA,California,California,False,14,2023-11-25,-1.2369849244115394,-26,24.76301507558846
15695,UCF,Houston,UCF,True,14,2023-11-25,-0.5106320237987512,14,14.51063202379875
15696,South Carolina,Clemson,Clemson,False,14,2023-11-25,0.049550914604083035,-9,9.049550914604083
15697,UConn,UMass,UConn,True,14,2023-11-25,2.3966879224410196,13,10.60331207755898
15698,Pittsburgh,Duke,Duke,False,14,2023-11-25,-0.4464390118822783,-11,10.553560988117722
15699,Florida St,Florida,Florida St,True,14,2023-11-25,-0.13894934818712157,9,9.138949348187122
15700,Georgia Tech,Georgia,Georgia,False,14,2023-11-25,2.3150950819351706,-8,10.315095081935171
15701,Colorado St,Hawai'i,Hawai'i,False,14,2023-11-25,-0.7282903746526102,-3,2.27170962534739
15702,Iowa St,Kansas St,Iowa St,True,14,2023-11-25,-0.2970527055193014,7,7.2970527055193015
15703,Coastal Car,J Madison,J Madison,False,14,2023-11-25,0.5718096047068382,-42,42.571809604706836
15704,Cincinnati,Kansas,Kansas,False,14,2023-11-25,0.3918186005673202,-33,33.39181860056732
15705,Kentucky,Louisville,Kentucky,True,14,2023-11-25,0.42585025350041567,7,6.574149746499584
15706,UTEP,Liberty,Liberty,False,14,2023-11-25,-0.5126314511180158,-14,13.487368548881983
15707,UL Monroe,Louisiana,Louisiana,False,14,2023-11-25,1.2747110503295387,-31,32.274711050329536
15708,LSU,Texas A&M,LSU,True,14,2023-11-25,1.495698605546196,12,10.504301394453805
15709,Arkansas St,Marshall,Marshall,False,14,2023-11-25,0.226234833726105,-14,14.226234833726105
15710,Rutgers,Maryland,Maryland,False,14,2023-11-25,0.687578511965033,-18,18.687578511965032
15711,Miami OH,Ball St,Miami OH,True,14,2023-11-25,-2.733222449218644,2,4.733222449218644
15712,Ohio St,Michigan,Michigan,False,14,2023-11-25,-0.5339039108221932,-6,5.466096089177807
15713,Jacksonville St,New Mexico St,New Mexico St,False,14,2023-11-25,-0.39250410875490843,-3,2.6074958912450916
15714,NC State,North Carolina,NC State,True,14,2023-11-25,-0.10410172976436276,19,19.104101729764363
15715,UAB,N Texas,N Texas,False,14,2023-11-25,0.04453752226713692,-3,3.044537522267137
15716,N Illinois,Kent St,N Illinois,True,14,2023-11-25,-7.487329942307828,10,17.487329942307827
15717,Northwestern,Illinois,Northwestern,True,14,2023-11-25,0.5104644388462244,2,1.4895355611537755
15718,Notre Dame,Stanford,Notre Dame,True,14,2023-11-25,-0.4683796782092251,33,33.468379678209224
15719,BYU,Oklahoma St,Oklahoma St,False,14,2023-11-25,1.4115668471847653,-6,7.4115668471847655
15720,Georgia St,Old Dominion,Old Dominion,False,14,2023-11-25,-0.47275457997417986,-1,0.5272454200258201
15721,Indiana,Purdue,Purdue,False,14,2023-11-25,1.2417829993225722,-4,5.241782999322572
15722,Rice,Florida Atlantic,Rice,True,14,2023-11-25,-0.49907227795887377,3,3.4990722779588737
15723,Middle Tenn,Sam Houston,Sam Houston,False,14,2023-11-25,-0.17672751948572904,-3,2.823272480514271
15724,San Diego St,Fresno St,San Diego St,True,14,2023-11-25,-0.07763957501442635,15,15.077639575014427
15725,UNLV,San Jose St,San Jose St,False,14,2023-11-25,-1.3210419557308923,-6,4.678958044269107
15726,S Florida,Charlotte,S Florida,True,14,2023-11-25,-1.1505714756976233,34,35.150571475697625
15727,SMU,Navy,SMU,True,14,2023-11-25,-0.6073095099952448,45,45.60730950999525
15728,Wake Forest,Syracuse,Syracuse,False,14,2023-11-25,-0.16971145319294628,-4,3.8302885468070538
15729,Vanderbilt,Tennessee,Tennessee,False,14,2023-11-25,0.43880286317400535,-24,24.438802863174004
15730,Texas St,S Alabama,Texas St,True,14,2023-11-25,-0.09020401863171708,8,8.090204018631717
15731,Troy,Southern Miss,Troy,True,14,2023-11-25,0.5380193404415069,18,17.461980659558492
15732,Tulsa,E Carolina,Tulsa,True,14,2023-11-25,-2.818744204309838,2,4.818744204309838
15733,Utah,Colorado,Utah,True,14,2023-11-25,-0.6689719683872053,6,6.668971968387205
15734,Virginia Tech,Virginia,Virginia Tech,True,14,2023-11-25,0.4500592739607209,38,37.54994072603928
15735,Washington,Washington St,Washington,True,14,2023-11-25,-0.3854735815895424,3,3.3854735815895425
15736,Baylor,West Virginia,West Virginia,False,14,2023-11-25,1.5021665143563385,-3,4.502166514356339
15737,W Kentucky,Florida Intl,W Kentucky,True,14,2023-11-25,-1.7474429590615272,13,14.747442959061527
15738,Wisconsin,Minnesota,Wisconsin,True,14,2023-11-25,-0.3821395886627351,14,14.382139588662735
15739,Nevada,Wyoming,Wyoming,False,14,2023-11-25,0.12254025947361831,-36,36.12254025947362
15740,Liberty,New Mexico St,Liberty,True,15,2023-12-01,-1.4924407929802832,14,15.492440792980283
15741,Oregon,Washington,Washington,False,15,2023-12-01,6.984526356979161,-3,9.98452635697916
15742,Georgia,Alabama,Alabama,False,15,2023-12-02,-1.2426336812282588,-3,1.7573663187717412
15743,UNLV,Boise St,Boise St,False,15,2023-12-02,0.143522579009675,-24,24.143522579009677
15744,Florida St,Louisville,Florida St,True,15,2023-12-02,0.40365835650923093,10,9.596341643490769
15745,Miami OH,Toledo,Miami OH,True,15,2023-12-02,-0.5583387742552018,9,9.558338774255201
15746,Iowa,Michigan,Michigan,False,15,2023-12-02,-1.967360765668925,-26,24.032639234331075
15747,Tulane,SMU,SMU,False,15,2023-12-02,0.7339346178480102,-12,12.73393461784801
15748,Texas,Oklahoma St,Texas,True,15,2023-12-02,0.6188753193701743,28,27.381124680629824
15749,Troy,App State,Troy,True,15,2023-12-02,1.0047244059831404,26,24.99527559401686
15750,Army,Navy,Army,True,16,2023-12-09,-1.822123982355769,6,7.822123982355769
15751,Miami OH,App State,App State,False,17,2023-12-16,0.0010475107764784809,-4,4.001047510776479
15752,Fresno St,New Mexico St,Fresno St,True,17,2023-12-16,0.37704469899724397,27,26.622955301002754
15753,Jacksonville St,Louisiana,Jacksonville St,True,17,2023-12-16,0.02167752052439304,3,2.978322479475607
15754,Ohio,Georgia So,Ohio,True,17,2023-12-16,0.2294512073142236,20,19.770548792685776
15755,California,Texas Tech,Texas Tech,False,17,2023-12-16,-0.257492943554745,-20,19.742507056445255
15756,UCLA,Boise St,UCLA,True,17,2023-12-16,1.7972602779408233,13,11.202739722059176
15757,W Kentucky,Old Dominion,W Kentucky,True,17,2023-12-18,-0.985826937682449,3,3.985826937682449
15758,Marshall,UTSA,UTSA,False,18,2023-12-19,-0.330592007402816,-18,17.669407992597183
15759,Syracuse,S Florida,S Florida,False,18,2023-12-21,-1.1023076604521165,-45,43.89769233954788
15760,Georgia Tech,UCF,Georgia Tech,True,18,2023-12-22,0.3939641567883337,13,12.606035843211666
15761,Air Force,J Madison,Air Force,True,18,2023-12-23,-0.3505122823016062,10,10.350512282301606
15762,Coastal Car,San Jose St,Coastal Car,True,18,2023-12-23,-1.2629950655733329,10,11.262995065573334
15763,Troy,Duke,Duke,False,18,2023-12-23,0.77170819388063,-7,7.77170819388063
15764,Utah St,Georgia St,Georgia St,False,18,2023-12-23,0.08491957264641595,-23,23.084919572646417
15765,N Illinois,Arkansas St,N Illinois,True,18,2023-12-23,-2.445998574943613,2,4.445998574943613
15766,Utah,Northwestern,Northwestern,False,18,2023-12-23,-0.06144050701781005,-7,6.93855949298219
15767,S Alabama,E Michigan,S Alabama,True,18,2023-12-23,-0.39655325860788937,49,49.39655325860789
15768,Kansas,UNLV,Kansas,True,19,2023-12-26,-1.496658081483707,13,14.496658081483707
15769,Minnesota,Bowling Green,Minnesota,True,19,2023-12-26,-0.17623625647512536,6,6.176236256475125
15770,Texas St,Rice,Texas St,True,19,2023-12-26,5.382235547250834,24,18.617764452749167
15771,Oklahoma St,Texas A&M,Oklahoma St,True,19,2023-12-27,0.9453199724807478,8,7.054680027519252
15772,Louisville,USC,USC,False,19,2023-12-27,0.610266067721517,-14,14.610266067721517
15773,Virginia Tech,Tulane,Virginia Tech,True,19,2023-12-27,-0.6848366339236401,21,21.68483663392364
15774,North Carolina,West Virginia,West Virginia,False,19,2023-12-27,-1.1012232455872315,-20,18.89877675441277
15775,Oklahoma,Arizona,Arizona,False,19,2023-12-28,0.010326455557541745,-14,14.010326455557541
15776,SMU,Boston College,Boston College,False,19,2023-12-28,-0.602275670045256,-9,8.397724329954745
15777,NC State,Kansas St,Kansas St,False,19,2023-12-28,0.028980006215981333,-9,9.028980006215981
15778,Rutgers,Miami,Rutgers,True,19,2023-12-28,1.4104603929556636,7,5.589539607044337
15779,Clemson,Kentucky,Clemson,True,19,2023-12-29,1.0613442955600099,3,1.9386557044399901
15780,Memphis,Iowa St,Memphis,True,19,2023-12-29,0.6836884154493723,10,9.316311584550627
15781,Ohio St,Missouri,Missouri,False,19,2023-12-29,-2.7825015651046217,-11,8.21749843489538
15782,Oregon St,Notre Dame,Notre Dame,False,19,2023-12-29,-0.9658747942346182,-32,31.03412520576538
15783,Georgia,Florida St,Georgia,True,19,2023-12-30,0.855279370896215,60,59.14472062910379
15784,Auburn,Maryland,Maryland,False,19,2023-12-30,-1.24119649194308,-18,16.75880350805692
15785,Mississippi,Penn St,Mississippi,True,19,2023-12-30,1.7929848770342853,13,11.207015122965714
15786,Wyoming,Toledo,Wyoming,True,19,2023-12-30,0.16143674676428055,1,0.8385632532357195
15787,Wisconsin,LSU,LSU,False,20,2024-01-01,-1.9032393721375205,-4,2.0967606278624795
15788,Michigan,Alabama,Michigan,True,20,2024-01-01,-3.051075946885616,7,10.051075946885616
15789,Liberty,Oregon,Oregon,False,20,2024-01-01,-0.8346586922519439,-39,38.16534130774806
15790,Iowa,Tennessee,Tennessee,False,20,2024-01-01,0.6990945505793947,-35,35.699094550579396
15791,Washington,Texas,Washington,True,20,2024-01-01,3.040210220603255,6,2.959789779396745
15792,Michigan,Washington,Michigan,True,21,2024-01-08,8.800495392100451,21,12.199504607899549
15914,Georgia So,Nevada,Georgia So,True,3,2024-09-07,-3.7277495367113467,3,6.727749536711347
15928,Maryland,Michigan St,Michigan St,False,3,2024-09-07,-5.825263875217435,-3,2.825263875217435
15935,North Carolina,Charlotte,North Carolina,True,3,2024-09-07,-1.957176206293159,18,19.95717620629316
15938,Ohio,S Alabama,Ohio,True,3,2024-09-07,0.3770236781446726,7,6.622976321855328
15939,W Michigan,Ohio St,Ohio St,False,3,2024-09-07,2.062611791702221,-56,58.062611791702224
15940,Houston,Oklahoma,Oklahoma,False,3,2024-09-07,-3.610437059056259,-4,0.3895629409437409
15949,South Carolina,Kentucky,South Carolina,True,3,2024-09-07,-4.29178416862366,25,29.29178416862366
15955,Georgia Tech,Syracuse,Syracuse,False,3,2024-09-07,1.306062063211708,-3,4.306062063211708
15957,Texas,Michigan,Texas,True,3,2024-09-07,5.794974359718691,19,13.20502564028131
15971,Arizona St,Texas St,Arizona St,True,4,2024-09-12,0.740632800118664,3,2.259367199881336
15973,Arizona,Kansas St,Kansas St,False,4,2024-09-13,-3.6325131839851323,-24,20.367486816014868
15974,UNLV,Kansas,UNLV,True,4,2024-09-13,-0.9652509349385257,3,3.965250934938526
15976,Wisconsin,Alabama,Alabama,False,4,2024-09-14,-2.0908203225640203,-32,29.90917967743598
15977,E Carolina,App State,App State,False,4,2024-09-14,1.6216538349472445,-2,3.6216538349472445
15978,UAB,Arkansas,Arkansas,False,4,2024-09-14,-0.3264260524208736,-10,9.673573947579126
15979,New Mexico,Auburn,Auburn,False,4,2024-09-14,0.2029059982296928,-26,26.202905998229692
15980,Baylor,Air Force,Baylor,True,4,2024-09-14,-2.29231558291545,28,30.29231558291545
15981,BYU,Wyoming,BYU,True,4,2024-09-14,-1.6016108273479046,20,21.601610827347905
15982,Buffalo,UMass,Buffalo,True,4,2024-09-14,-0.9620061705439928,31,31.962006170543994
15983,California,San Diego St,California,True,4,2024-09-14,-3.3714825330464193,21,24.371482533046418
15984,TCU,UCF,UCF,False,4,2024-09-14,0.8966099870229678,-1,1.8966099870229678
15986,Miami OH,Cincinnati,Cincinnati,False,4,2024-09-14,-0.3349145640368904,-11,10.66508543596311
15987,Temple,Coastal Car,Coastal Car,False,4,2024-09-14,0.9357386104879791,-8,8.935738610487979
15988,Colorado St,Colorado,Colorado,False,4,2024-09-14,-4.685525142480277,-19,14.314474857519723
15989,UConn,Duke,Duke,False,4,2024-09-14,0.391854659907034,-5,5.391854659907034
15990,Jacksonville St,E Michigan,E Michigan,False,4,2024-09-14,-0.6382547173839256,-3,2.3617452826160745
15991,Florida Atlantic,Florida Intl,Florida Atlantic,True,4,2024-09-14,-1.3407526375395091,18,19.34075263753951
15992,Fresno St,New Mexico St,Fresno St,True,4,2024-09-14,0.7425562740698627,48,47.25744372593014
15993,Kentucky,Georgia,Georgia,False,4,2024-09-14,-7.029897718752248,-1,6.029897718752248
15995,Vanderbilt,Georgia St,Georgia St,False,4,2024-09-14,-1.1371421565602908,-4,2.862857843439709
15997,Rice,Houston,Houston,False,4,2024-09-14,-3.029710521044373,-26,22.97028947895563
15998,Illinois,C Michigan,Illinois,True,4,2024-09-14,-4.92405241341487,21,25.92405241341487
15999,UCLA,Indiana,Indiana,False,4,2024-09-14,1.1066619473493227,-29,30.106661947349323
16000,Troy,Iowa,Iowa,False,4,2024-09-14,-1.6287765307110897,-17,15.37122346928891
16001,Liberty,UTEP,Liberty,True,4,2024-09-14,-0.25317904305621264,18,18.253179043056214
16002,South Carolina,LSU,LSU,False,4,2024-09-14,-1.2191747642360395,-3,1.7808252357639605
16003,Maryland,Virginia,Maryland,True,4,2024-09-14,3.1081670174918052,14,10.891832982508195
16004,Memphis,Florida St,Memphis,True,4,2024-09-14,-3.4000931289226948,8,11.400093128922695
16006,Michigan,Arkansas St,Michigan,True,4,2024-09-14,2.8549599895872477,10,7.145040010412752
16008,Minnesota,Nevada,Minnesota,True,4,2024-09-14,0.3355847953576417,27,26.66441520464236
16009,Mississippi,Wake Forest,Mississippi,True,4,2024-09-14,1.8988245731855875,34,32.101175426814414
16010,Missouri,Boston College,Missouri,True,4,2024-09-14,-4.387062568080709,6,10.387062568080708
16017,Tulane,Oklahoma,Oklahoma,False,4,2024-09-14,0.8399746470922839,-15,15.839974647092284
16018,Oklahoma St,Tulsa,Oklahoma St,True,4,2024-09-14,-2.2857487929641627,35,37.285748792964164
16019,Oregon St,Oregon,Oregon,False,4,2024-09-14,6.852470827376056,-35,41.85247082737605
16020,Pittsburgh,West Virginia,Pittsburgh,True,4,2024-09-14,-0.42499574408931223,4,4.424995744089312
16021,Hawai'i,Sam Houston,Sam Houston,False,4,2024-09-14,0.7689891722632217,-18,18.768989172263222
16022,Kennesaw St,San Jose St,San Jose St,False,4,2024-09-14,-3.167538212460899,-21,17.832461787539103
16023,Southern Miss,S Florida,S Florida,False,4,2024-09-14,-0.7883174249024366,-25,24.211682575097562
16024,Kent St,Tennessee,Tennessee,False,4,2024-09-14,-2.8025846147306224,-71,68.19741538526938
16025,UTSA,Texas,Texas,False,4,2024-09-14,-1.0200606655245064,-49,47.979939334475496
16026,Florida,Texas A&M,Texas A&M,False,4,2024-09-14,-1.163671840717109,-13,11.83632815928289
16027,Texas Tech,N Texas,Texas Tech,True,4,2024-09-14,8.596402176829383,45,36.403597823170614
16028,Toledo,Mississippi St,Toledo,True,4,2024-09-14,-8.122098713357806,24,32.12209871335781
16029,Utah,Utah St,Utah,True,4,2024-09-14,-3.574979734943421,17,20.574979734943422
16030,Virginia Tech,Old Dominion,Virginia Tech,True,4,2024-09-14,-1.86095119208293,20,21.86095119208293
16031,Washington St,Washington,Washington St,True,4,2024-09-14,-7.04797631862942,5,12.04797631862942
16032,Middle Tenn,W Kentucky,W Kentucky,False,4,2024-09-14,7.490483069077103,-28,35.4904830690771
16034,App State,S Alabama,S Alabama,False,5,2024-09-19,2.5861113649965253,-34,36.586111364996526
16035,Nebraska,Illinois,Illinois,False,5,2024-09-20,-4.20823432824656,-7,2.7917656717534403
16036,Syracuse,Stanford,Stanford,False,5,2024-09-20,5.782062913304359,-2,7.782062913304359
16037,Washington St,San Jose St,Washington St,True,5,2024-09-20,-5.867314682600002,2,7.867314682600002
16038,Arkansas,Auburn,Arkansas,True,5,2024-09-21,0.6604248438646775,10,9.339575156135323
16039,Rice,Army,Army,False,5,2024-09-21,-2.3103691900236782,-23,20.68963080997632
16041,Michigan St,Boston College,Boston College,False,5,2024-09-21,0.7997298221686837,-4,4.7997298221686835
16042,Kansas St,BYU,BYU,False,5,2024-09-21,-1.41890132945484,-29,27.58109867054516
16043,Buffalo,N Illinois,Buffalo,True,5,2024-09-21,-1.735876794086482,3,4.735876794086482
16044,Ball St,C Michigan,C Michigan,False,5,2024-09-21,2.2684039300366456,-3,5.268403930036646
16045,Cincinnati,Houston,Cincinnati,True,5,2024-09-21,-1.8412811837427978,34,35.8412811837428
16046,NC State,Clemson,Clemson,False,5,2024-09-21,-0.05429645513484172,-24,23.945703544865157
16047,Baylor,Colorado,Colorado,False,5,2024-09-21,-12.047647181634387,-7,5.047647181634387
16048,Colorado St,UTEP,Colorado St,True,5,2024-09-21,2.866149819037789,10,7.133850180962211
16049,UConn,Florida Atlantic,UConn,True,5,2024-09-21,-2.4652141063433897,34,36.46521410634339
16050,Middle Tenn,Duke,Duke,False,5,2024-09-21,0.9602087376876547,-28,28.960208737687655
16052,Mississippi St,Florida,Florida,False,5,2024-09-21,1.5298082422721406,-17,18.52980824227214
16053,Florida St,California,Florida St,True,5,2024-09-21,-0.7332337257741229,5,5.733233725774123
16054,New Mexico,Fresno St,Fresno St,False,5,2024-09-21,-2.5121675229174145,-17,14.487832477082586
16055,Indiana,Charlotte,Indiana,True,5,2024-09-21,-4.010653516914906,38,42.01065351691491
16056,Iowa,Minnesota,Iowa,True,5,2024-09-21,-1.6223413974412795,17,18.62234139744128
16057,Arkansas St,Iowa St,Iowa St,False,5,2024-09-21,-2.02492139368538,-45,42.97507860631462
16058,Jacksonville St,Southern Miss,Jacksonville St,True,5,2024-09-21,-3.7627597527957883,37,40.76275975279579
16059,North Carolina,J Madison,J Madison,False,5,2024-09-21,0.7633366855795024,-20,20.763336685579503
16060,Kentucky,Ohio,Kentucky,True,5,2024-09-21,-0.9072067698900012,35,35.90720676989
16061,Liberty,E Carolina,Liberty,True,5,2024-09-21,-1.348795399275334,11,12.348795399275334
16062,UCLA,LSU,LSU,False,5,2024-09-21,1.2971240539378353,-17,18.297124053937836
16063,Louisville,Georgia Tech,Louisville,True,5,2024-09-21,-8.186524512162702,12,20.186524512162702
16066,Miami,S Florida,Miami,True,5,2024-09-21,-5.760171716107114,35,40.760171716107116
16067,USC,Michigan,Michigan,False,5,2024-09-21,0.6951548982296198,-3,3.69515489822962
16068,Georgia So,Mississippi,Mississippi,False,5,2024-09-21,2.2979278944910018,-39,41.297927894491
16069,Missouri,Vanderbilt,Missouri,True,5,2024-09-21,-1.5543044619854347,3,4.554304461985435
16071,Memphis,Navy,Navy,False,5,2024-09-21,0.11752898012885475,-12,12.117528980128855
16073,N Texas,Wyoming,N Texas,True,5,2024-09-21,-4.044664954499484,27,31.044664954499485
16074,Miami OH,Notre Dame,Notre Dame,False,5,2024-09-21,0.3545555907983115,-25,25.354555590798313
16075,Marshall,Ohio St,Ohio St,False,5,2024-09-21,-0.1504828017511993,-35,34.8495171982488
16076,Oregon St,Purdue,Oregon St,True,5,2024-09-21,6.308265600948676,17,10.691734399051324
16077,Kent St,Penn St,Penn St,False,5,2024-09-21,0.8974040340700988,-56,56.8974040340701
16079,Virginia Tech,Rutgers,Rutgers,False,5,2024-09-21,-4.726363624880964,-3,1.726363624880964
16080,New Mexico St,Sam Houston,Sam Houston,False,5,2024-09-21,0.5244531967576442,-20,20.524453196757644
16081,Akron,South Carolina,South Carolina,False,5,2024-09-21,0.04353847100747501,-43,43.04353847100747
16082,TCU,SMU,SMU,False,5,2024-09-21,-4.685280713325814,-24,19.314719286674187
16083,Temple,Utah St,Temple,True,5,2024-09-21,-1.1882082832430934,16,17.188208283243092
16084,Oklahoma,Tennessee,Tennessee,False,5,2024-09-21,-0.8586060984337304,-10,9.14139390156627
16085,UL Monroe,Texas,Texas,False,5,2024-09-21,-1.1716636311965083,-48,46.82833636880349
16086,Texas A&M,Bowling Green,Texas A&M,True,5,2024-09-21,3.953109350964683,6,2.046890649035317
16087,Arizona St,Texas Tech,Texas Tech,False,5,2024-09-21,-0.6539023331149086,-8,7.3460976668850915
16090,Tulane,Louisiana,Tulane,True,5,2024-09-21,2.184705715000568,8,5.815294284999432
16091,Louisiana Tech,Tulsa,Tulsa,False,5,2024-09-21,1.1554605749498343,-3,4.155460574949834
16092,Oklahoma St,Utah,Utah,False,5,2024-09-21,-3.1893722668709343,-3,0.18937226687093434
16093,Coastal Car,Virginia,Virginia,False,5,2024-09-21,-4.523502475542395,-19,14.476497524457605
16094,Washington,Northwestern,Washington,True,5,2024-09-21,-1.0792164001925741,19,20.079216400192575
16095,Kansas,West Virginia,West Virginia,False,5,2024-09-21,0.24209705238161133,-4,4.242097052381611
16096,Toledo,W Kentucky,W Kentucky,False,5,2024-09-21,-0.7616270630982941,-5,4.238372936901706
16098,Temple,Army,Army,False,6,2024-09-26,-0.4262490901211312,-28,27.573750909878868
16099,Virginia Tech,Miami,Miami,False,6,2024-09-27,2.745652621789159,-4,6.745652621789159
16100,Washington,Rutgers,Rutgers,False,6,2024-09-27,-0.9928521810829966,-3,2.0071478189170033
16101,Alabama,Georgia,Alabama,True,6,2024-09-28,1.971525377156268,7,5.028474622843732
16102,Arizona,Utah,Arizona,True,6,2024-09-28,0.5859077731603236,13,12.414092226839676
16103,Washington St,Boise St,Boise St,False,6,2024-09-28,-1.775627275042601,-21,19.224372724957398
16104,W Kentucky,Boston College,Boston College,False,6,2024-09-28,-0.3045892480943055,-1,0.6954107519056945
16105,Baylor,BYU,BYU,False,6,2024-09-28,-0.600735705777,-6,5.399264294223
16106,C Michigan,San Diego St,C Michigan,True,6,2024-09-28,-2.680442913281278,1,3.680442913281278
16107,Charlotte,Rice,Charlotte,True,6,2024-09-28,-2.7903970783075858,1,3.7903970783075858
16108,Stanford,Clemson,Clemson,False,6,2024-09-28,-1.1045396150277245,-26,24.895460384972274
16109,UCF,Colorado,Colorado,False,6,2024-09-28,-2.8197915149538386,-27,24.180208485046162
16110,Buffalo,UConn,UConn,False,6,2024-09-28,-0.9269118723817139,-44,43.073088127618284
16111,Duke,North Carolina,Duke,True,6,2024-09-28,-1.341634400127618,1,2.341634400127618
16112,UTSA,E Carolina,E Carolina,False,6,2024-09-28,0.9372129036240431,-10,10.937212903624044
16113,Kent St,E Michigan,E Michigan,False,6,2024-09-28,-0.1259500730666891,-19,18.87404992693331
16115,Florida Intl,Louisiana Tech,Florida Intl,True,6,2024-09-28,-0.4314695738807748,7,7.431469573880775
16116,Georgia St,Georgia So,Georgia So,False,6,2024-09-28,-1.4970662616172274,-17,15.502933738382772
16117,Indiana,Maryland,Indiana,True,6,2024-09-28,-1.8723876919928568,14,15.872387691992857
16118,Iowa St,Houston,Iowa St,True,6,2024-09-28,-2.22126021319272,20,22.22126021319272
16119,Ball St,J Madison,J Madison,False,6,2024-09-28,4.384895971369524,-56,60.384895971369524
16120,Oklahoma St,Kansas St,Kansas St,False,6,2024-09-28,-0.11929952448540192,-22,21.880700475514598
16121,Mississippi,Kentucky,Kentucky,False,6,2024-09-28,-12.2679928889407,-3,9.2679928889407
16122,Wake Forest,Louisiana,Louisiana,False,6,2024-09-28,-0.8980530819549126,-3,2.1019469180450874
16123,S Alabama,LSU,LSU,False,6,2024-09-28,0.06790374858771253,-32,32.06790374858771
16124,Troy,UL Monroe,UL Monroe,False,6,2024-09-28,0.028439558173871577,-4,4.028439558173871
16125,W Michigan,Marshall,Marshall,False,6,2024-09-28,-0.7860053110448582,-7,6.213994688955141
16126,Memphis,Middle Tenn,Memphis,True,6,2024-09-28,-1.2031526279022262,17,18.203152627902227
16127,Miami OH,UMass,Miami OH,True,6,2024-09-28,-1.4870173714977994,3,4.4870173714977994
16128,Minnesota,Michigan,Michigan,False,6,2024-09-28,-0.9786685681552716,-3,2.0213314318447284
16129,UAB,Navy,Navy,False,6,2024-09-28,1.196490162455267,-23,24.196490162455266
16130,Nebraska,Purdue,Nebraska,True,6,2024-09-28,3.2953418853468786,18,14.704658114653121
16131,UNLV,Fresno St,UNLV,True,6,2024-09-28,-3.7269392200744416,45,48.72693922007444
16132,New Mexico St,New Mexico,New Mexico,False,6,2024-09-28,-0.05365227985732542,-10,9.946347720142674
16133,NC State,N Illinois,NC State,True,6,2024-09-28,-2.162993536489201,7,9.1629935364892
16134,N Texas,Tulsa,N Texas,True,6,2024-09-28,-0.1991609457118355,32,32.19916094571184
16135,Notre Dame,Louisville,Notre Dame,True,6,2024-09-28,-1.137249986218235,7,8.137249986218235
16136,Ohio,Akron,Ohio,True,6,2024-09-28,-1.2482369841937078,20,21.248236984193706
16137,Michigan St,Ohio St,Ohio St,False,6,2024-09-28,-2.1848819349819792,-31,28.81511806501802
16138,Auburn,Oklahoma,Oklahoma,False,6,2024-09-28,-0.8438347046828216,-6,5.156165295317178
16139,Bowling Green,Old Dominion,Old Dominion,False,6,2024-09-28,-0.8737868967922722,-3,2.1262131032077276
16140,UCLA,Oregon,Oregon,False,6,2024-09-28,2.3332377751309332,-21,23.333237775130932
16141,Penn St,Illinois,Penn St,True,6,2024-09-28,-1.5885047053674448,14,15.588504705367445
16142,Sam Houston,Texas St,Sam Houston,True,6,2024-09-28,-0.9671441832595,1,1.9671441832595
16143,USC,Wisconsin,USC,True,6,2024-09-28,-0.5147933102111292,17,17.51479331021113
16144,Florida St,SMU,SMU,False,6,2024-09-28,0.1792197763049708,-26,26.179219776304972
16147,Mississippi St,Texas,Texas,False,6,2024-09-28,1.1117045917834978,-22,23.111704591783496
16148,Texas A&M,Arkansas,Texas A&M,True,6,2024-09-28,-2.5202541653651234,4,6.520254165365124
16149,Kansas,TCU,TCU,False,6,2024-09-28,0.6867351842011494,-11,11.686735184201149
16150,Texas Tech,Cincinnati,Texas Tech,True,6,2024-09-28,1.2493731557619476,3,1.7506268442380524
16151,Tulane,S Florida,Tulane,True,6,2024-09-28,-1.2652366042566328,35,36.265236604256636
16152,Wyoming,Air Force,Wyoming,True,6,2024-09-28,7.479802374092531,12,4.520197625907469
16153,Sam Houston,UTEP,Sam Houston,True,7,2024-10-03,-1.4089011314717579,20,21.408901131471758
16154,Texas St,Troy,Texas St,True,7,2024-10-03,-2.5884500601242997,21,23.5884500601243
16155,Houston,TCU,Houston,True,7,2024-10-04,1.639111684160802,11,9.360888315839198
16156,Jacksonville St,Kennesaw St,Jacksonville St,True,7,2024-10-04,3.0632972618956393,39,35.93670273810436
16157,Oregon,Michigan St,Oregon,True,7,2024-10-04,-0.6717644996992015,21,21.6717644996992
16158,Syracuse,UNLV,Syracuse,True,7,2024-10-04,-0.08376179185595087,3,3.083761791855951
16159,Arizona St,Kansas,Arizona St,True,7,2024-10-05,-0.6618961866081282,4,4.6618961866081285
16160,Tennessee,Arkansas,Arkansas,False,7,2024-10-05,1.2718882281655806,-5,6.27188822816558
16161,S Alabama,Arkansas St,Arkansas St,False,7,2024-10-05,-1.396404773299083,-2,0.603595226700917
16162,Army,Tulsa,Army,True,7,2024-10-05,-2.788845164679147,42,44.788845164679145
16163,Boise St,Utah St,Boise St,True,7,2024-10-05,2.9638909196243084,32,29.03610908037569
16164,Bowling Green,Akron,Bowling Green,True,7,2024-10-05,-4.66521560079434,7,11.66521560079434
16165,E Carolina,Charlotte,Charlotte,False,7,2024-10-05,-2.2259072406946077,-31,28.774092759305393
16166,Florida St,Clemson,Clemson,False,7,2024-10-05,0.3531551684526566,-16,16.353155168452655
16167,Old Dominion,Coastal Car,Coastal Car,False,7,2024-10-05,-0.6101965073509766,-8,7.3898034926490235
16168,Temple,UConn,UConn,False,7,2024-10-05,0.07753419200848485,-9,9.077534192008486
16169,Florida,UCF,Florida,True,7,2024-10-05,0.37167018375850336,11,10.628329816241497
16170,Georgia,Auburn,Georgia,True,7,2024-10-05,13.789834352492555,18,4.210165647507445
16171,Duke,Georgia Tech,Georgia Tech,False,7,2024-10-05,0.1543138176732732,-10,10.154313817673273
16172,Indiana,Northwestern,Indiana,True,7,2024-10-05,-1.9309794773113163,17,18.930979477311315
16173,Iowa St,Baylor,Iowa St,True,7,2024-10-05,-1.8272192604430977,22,23.827219260443098
16174,Southern Miss,Louisiana,Louisiana,False,7,2024-10-05,0.8134418175169257,-10,10.813441817516926
16175,J Madison,UL Monroe,UL Monroe,False,7,2024-10-05,-4.7793062405757265,-2,2.7793062405757265
16176,App State,Marshall,Marshall,False,7,2024-10-05,0.2294420110838419,-15,15.229442011083842
16177,California,Miami,Miami,False,7,2024-10-05,5.38323438138637,-1,6.38323438138637
16178,USC,Minnesota,Minnesota,False,7,2024-10-05,-1.786451801046101,-7,5.213548198953899
16179,South Carolina,Mississippi,Mississippi,False,7,2024-10-05,-0.7554902604158937,-24,23.244509739584107
16180,Navy,Air Force,Navy,True,7,2024-10-05,-0.30268723866043734,27,27.302687238660436
16181,Rutgers,Nebraska,Nebraska,False,7,2024-10-05,-1.3256115303669287,-7,5.6743884696330715
16182,UMass,N Illinois,N Illinois,False,7,2024-10-05,-2.296268581685463,-14,11.703731418314536
16183,Iowa,Ohio St,Ohio St,False,7,2024-10-05,-0.2978340837232997,-28,27.7021659162767
16184,Oregon St,Colorado St,Oregon St,True,7,2024-10-05,-3.8355919617781744,8,11.835591961778174
16185,UCLA,Penn St,Penn St,False,7,2024-10-05,1.027018789941307,-16,17.02701878994131
16186,North Carolina,Pittsburgh,Pittsburgh,False,7,2024-10-05,1.0504256791353017,-10,11.050425679135301
16187,Hawai'i,San Diego St,San Diego St,False,7,2024-10-05,-1.0972073434913765,-3,1.9027926565086235
16188,San Jose St,Nevada,San Jose St,True,7,2024-10-05,1.1117299213834482,4,2.888270078616552
16189,Louisville,SMU,SMU,False,7,2024-10-05,0.38421679277460724,-7,7.384216792774607
16190,Texas A&M,Missouri,Texas A&M,True,7,2024-10-05,-0.4299161606956201,31,31.42991616069562
16191,Arizona,Texas Tech,Texas Tech,False,7,2024-10-05,0.3063086799911879,-6,6.306308679991188
16192,Miami OH,Toledo,Toledo,False,7,2024-10-05,0.20406536055788965,-10,10.20406536055789
16193,UAB,Tulane,Tulane,False,7,2024-10-05,0.2839238533668412,-51,51.283923853366844
16194,Alabama,Vanderbilt,Vanderbilt,False,7,2024-10-05,16.157015307611893,-5,21.157015307611893
16195,Boston College,Virginia,Virginia,False,7,2024-10-05,0.3873012789810061,-10,10.387301278981006
16196,Stanford,Virginia Tech,Virginia Tech,False,7,2024-10-05,0.2610662951272894,-24,24.26106629512729
16197,Wake Forest,NC State,Wake Forest,True,7,2024-10-05,0.3616573781341271,4,3.6383426218658728
16198,Michigan,Washington,Washington,False,7,2024-10-05,0.6646336836543091,-10,10.664633683654309
16199,Oklahoma St,West Virginia,West Virginia,False,7,2024-10-05,0.2154976501306162,-24,24.215497650130615
16200,W Michigan,Ball St,W Michigan,True,7,2024-10-05,2.17804076179232,3,0.8219592382076799
16201,Purdue,Wisconsin,Wisconsin,False,7,2024-10-05,0.8420441296541762,-46,46.84204412965418
16202,Florida Intl,Liberty,Liberty,False,8,2024-10-08,-2.586648321711317,-7,4.413351678288683
16203,Jacksonville St,New Mexico St,Jacksonville St,True,8,2024-10-09,-1.3206045652232274,41,42.32060456522323
16204,Coastal Car,J Madison,J Madison,False,8,2024-10-10,1.5503483495728194,-32,33.55034834957282
16205,Louisiana Tech,Middle Tenn,Louisiana Tech,True,8,2024-10-10,0.604527523093507,27,26.395472476906495
16206,W Kentucky,UTEP,W Kentucky,True,8,2024-10-10,2.526320013794343,27,24.473679986205656
16207,Utah,Arizona St,Arizona St,False,8,2024-10-11,-1.462981070986137,-8,6.537018929013863
16208,Utah St,UNLV,UNLV,False,8,2024-10-11,-1.197648889016225,-16,14.802351110983775
16209,Maryland,Northwestern,Northwestern,False,8,2024-10-11,-2.369880862668464,-27,24.630119137331537
16210,South Carolina,Alabama,Alabama,False,8,2024-10-12,-3.3929199390191043,-2,1.3929199390191043
16211,UAB,Army,Army,False,8,2024-10-12,-1.5676358243184123,-34,32.432364175681585
16212,Ball St,Kent St,Ball St,True,8,2024-10-12,-1.8246425617626059,2,3.824642561762606
16213,Boise St,Hawai'i,Boise St,True,8,2024-10-12,0.29787955321798143,21,20.70212044678202
16214,BYU,Arizona,BYU,True,8,2024-10-12,0.11541824121605178,22,21.88458175878395
16215,Toledo,Buffalo,Buffalo,False,8,2024-10-12,-1.4460734999540796,-15,13.55392650004592
16216,UCF,Cincinnati,Cincinnati,False,8,2024-10-12,-0.10064352587343987,-6,5.89935647412656
16217,Clemson,Wake Forest,Clemson,True,8,2024-10-12,-1.0946051022792287,35,36.09460510227923
16218,Colorado St,San Jose St,Colorado St,True,8,2024-10-12,0.21590140927013104,7,6.784098590729869
16219,Georgia,Mississippi St,Georgia,True,8,2024-10-12,4.837197206107599,10,5.162802793892401
16220,Marshall,Georgia So,Georgia So,False,8,2024-10-12,0.2930708981859085,-1,1.2930708981859085
16221,North Carolina,Georgia Tech,Georgia Tech,False,8,2024-10-12,2.8308841402200238,-7,9.830884140220023
16222,Purdue,Illinois,Illinois,False,8,2024-10-12,0.7028696110852924,-1,1.7028696110852923
16223,Washington,Iowa,Iowa,False,8,2024-10-12,-0.263597489780842,-24,23.736402510219158
16224,West Virginia,Iowa St,Iowa St,False,8,2024-10-12,-0.8685647366046616,-12,11.131435263395339
16225,Colorado,Kansas St,Kansas St,False,8,2024-10-12,-0.11668288786377241,-3,2.8833171121362278
16226,Louisiana,App State,Louisiana,True,8,2024-10-12,-2.8346259318909923,10,12.834625931890992
16227,LSU,Mississippi,LSU,True,8,2024-10-12,2.432896468767309,3,0.5671035312326911
16228,Southern Miss,UL Monroe,UL Monroe,False,8,2024-10-12,-0.8879482233692225,-17,16.11205177663078
16229,Louisville,Virginia,Louisville,True,8,2024-10-12,0.21293293302510802,4,3.787067066974892
16230,S Florida,Memphis,Memphis,False,8,2024-10-12,0.4222533933152354,-18,18.422253393315234
16231,Miami OH,E Michigan,Miami OH,True,8,2024-10-12,-0.5157913259011464,24,24.515791325901148
16232,UCLA,Minnesota,Minnesota,False,8,2024-10-12,-2.8515422673843958,-4,1.1484577326156042
16233,Missouri,UMass,Missouri,True,8,2024-10-12,-1.5869554867741047,42,43.5869554867741
16234,Oregon St,Nevada,Nevada,False,8,2024-10-12,-2.7166516692968457,-5,2.2833483307031543
16235,Air Force,New Mexico,New Mexico,False,8,2024-10-12,-1.411862413329382,-15,13.588137586670618
16236,Florida Atlantic,N Texas,N Texas,False,8,2024-10-12,-0.07425537285524272,-4,3.9257446271447574
16237,N Illinois,Bowling Green,N Illinois,True,8,2024-10-12,1.3231343362888297,10,8.67686566371117
16238,Notre Dame,Stanford,Notre Dame,True,8,2024-10-12,-3.22102479717561,42,45.22102479717561
16239,Ohio,C Michigan,Ohio,True,8,2024-10-12,2.211316170317936,2,0.21131617031793581
16240,Old Dominion,Georgia St,Old Dominion,True,8,2024-10-12,-0.1527093974186409,7,7.152709397418641
16241,Ohio St,Oregon,Oregon,False,8,2024-10-12,10.698813218559103,-1,11.698813218559103
16242,USC,Penn St,Penn St,False,8,2024-10-12,-1.64990749168253,-3,1.35009250831747
16243,Pittsburgh,California,Pittsburgh,True,8,2024-10-12,0.49799898311358687,2,1.502001016886413
16244,Rice,UTSA,Rice,True,8,2024-10-12,0.4658013960586355,2,1.5341986039413644
16245,San Diego St,Wyoming,San Diego St,True,8,2024-10-12,-0.7333634664233282,3,3.733363466423328
16246,Syracuse,NC State,Syracuse,True,8,2024-10-12,0.24884407092987018,7,6.75115592907013
16247,Florida,Tennessee,Tennessee,False,8,2024-10-12,-0.6471464464496656,-6,5.352853553550334
16248,Oklahoma,Texas,Texas,False,8,2024-10-12,-0.37875429922998805,-31,30.62124570077001
16249,Arkansas St,Texas St,Texas St,False,8,2024-10-12,1.3612520570322115,-32,33.36125205703221
16250,Vanderbilt,Kentucky,Vanderbilt,True,8,2024-10-12,-0.19398377693423363,7,7.193983776934234
16251,Fresno St,Washington St,Washington St,False,8,2024-10-12,-0.1407938421284557,-8,7.859206157871545
16252,Akron,W Michigan,W Michigan,False,8,2024-10-12,-0.4945523262669464,-10,9.505447673733054
16253,Wisconsin,Rutgers,Wisconsin,True,8,2024-10-12,-0.4984714759818498,35,35.49847147598185
16254,Kennesaw St,Middle Tenn,Middle Tenn,False,9,2024-10-15,-0.7020066209127918,-9,8.297993379087208
16255,New Mexico St,Louisiana Tech,New Mexico St,True,9,2024-10-15,0.2969765410329121,3,2.703023458967088
16256,S Alabama,Troy,S Alabama,True,9,2024-10-15,0.9170164085536016,16,15.082983591446398
16257,Florida Intl,UTEP,UTEP,False,9,2024-10-16,-1.5888637205379157,-9,7.4111362794620845
16258,Sam Houston,W Kentucky,W Kentucky,False,9,2024-10-16,-0.2622734019656968,-17,16.737726598034303
16259,Georgia St,Marshall,Marshall,False,9,2024-10-17,0.9800010156359611,-15,15.980001015635962
16260,Virginia Tech,Boston College,Virginia Tech,True,9,2024-10-17,-2.3265107565759253,21,23.326510756575924
16261,BYU,Oklahoma St,BYU,True,9,2024-10-18,2.2723206439829733,3,0.7276793560170267
16262,Florida St,Duke,Duke,False,9,2024-10-18,-0.3990638248464085,-7,6.600936175153591
16263,Fresno St,Nevada,Fresno St,True,9,2024-10-18,-1.0403699363780021,3,4.040369936378002
16264,Purdue,Oregon,Oregon,False,9,2024-10-18,1.6746524138107592,-35,36.67465241381076
16265,Arkansas St,Southern Miss,Arkansas St,True,9,2024-10-19,-0.5276305028487802,16,16.52763050284878
16266,E Carolina,Army,Army,False,9,2024-10-19,-0.15440936638557276,-17,16.845590633614428
16267,Texas Tech,Baylor,Baylor,False,9,2024-10-19,-0.8183491849131767,-24,23.181650815086822
16268,Kent St,Bowling Green,Bowling Green,False,9,2024-10-19,1.3474557214753022,-21,22.347455721475303
16269,Cincinnati,Arizona St,Cincinnati,True,9,2024-10-19,-0.6745867787643441,10,10.674586778764343
16270,Clemson,Virginia,Clemson,True,9,2024-10-19,-0.112436407420628,17,17.112436407420628
16271,Colorado,Arizona,Colorado,True,9,2024-10-19,0.1905353813767596,27,26.80946461862324
16272,Air Force,Colorado St,Colorado St,False,9,2024-10-19,-0.48845769008132073,-8,7.5115423099186795
16273,C Michigan,E Michigan,E Michigan,False,9,2024-10-19,-0.7457316322578353,-4,3.2542683677421644
16274,Kentucky,Florida,Florida,False,9,2024-10-19,-0.9963340226556496,-28,27.00366597734435
16275,Texas,Georgia,Georgia,False,9,2024-10-19,5.532670186956758,-15,20.532670186956757
16276,Georgia So,J Madison,Georgia So,True,9,2024-10-19,0.5248293463933079,14,13.475170653606693
16277,Illinois,Michigan,Illinois,True,9,2024-10-19,-0.017646311350170054,14,14.01764631135017
16278,Nebraska,Indiana,Indiana,False,9,2024-10-19,-0.6211015855020522,-49,48.37889841449795
16279,UCF,Iowa St,Iowa St,False,9,2024-10-19,-1.8966339269818537,-3,1.1033660730181463
16280,Kansas,Houston,Kansas,True,9,2024-10-19,-1.8835828708114684,28,29.88358287081147
16281,West Virginia,Kansas St,Kansas St,False,9,2024-10-19,-0.4576550075825488,-27,26.54234499241745
16282,Louisiana,Coastal Car,Louisiana,True,9,2024-10-19,-2.6669837059926937,10,12.666983705992694
16283,LSU,Arkansas,LSU,True,9,2024-10-19,3.9173645107917188,24,20.082635489208283
16284,USC,Maryland,Maryland,False,9,2024-10-19,3.3108414478014505,-1,4.310841447801451
16285,Memphis,N Texas,Memphis,True,9,2024-10-19,1.255811286884801,8,6.744188713115199
16286,Miami,Louisville,Miami,True,9,2024-10-19,-1.367673080238359,7,8.367673080238358
16287,Ohio,Miami OH,Miami OH,False,9,2024-10-19,-0.5416921839391766,-10,9.458307816060824
16288,Michigan St,Iowa,Michigan St,True,9,2024-10-19,-0.8857194680536156,12,12.885719468053615
16289,Auburn,Missouri,Missouri,False,9,2024-10-19,0.48634484138949774,-4,4.4863448413894975
16290,Navy,Charlotte,Navy,True,9,2024-10-19,-2.3579281099638045,34,36.35792810996381
16291,Oregon St,UNLV,UNLV,False,9,2024-10-19,-1.3586896950341247,-8,6.6413103049658755
16292,New Mexico,Utah St,New Mexico,True,9,2024-10-19,-0.22118844441797889,5,5.221188444417979
16293,California,NC State,NC State,False,9,2024-10-19,0.4457855250880655,-1,1.4457855250880656
16294,Georgia Tech,Notre Dame,Notre Dame,False,9,2024-10-19,-0.4758056381576891,-18,17.524194361842312
16295,Old Dominion,Texas St,Old Dominion,True,9,2024-10-19,-0.5340311349467779,10,10.534031134946778
16296,San Jose St,Wyoming,San Jose St,True,9,2024-10-19,-0.03312192776651146,10,10.033121927766512
16297,Oklahoma,South Carolina,South Carolina,False,9,2024-10-19,2.1479932692108687,-26,28.14799326921087
16298,S Florida,UAB,S Florida,True,9,2024-10-19,-2.523718123283581,10,12.523718123283581
16299,Stanford,SMU,SMU,False,9,2024-10-19,0.4758604603796707,-30,30.47586046037967
16300,Temple,Tulsa,Temple,True,9,2024-10-19,0.41473259384110267,10,9.585267406158897
16301,Tennessee,Alabama,Tennessee,True,9,2024-10-19,-4.928668615089971,7,11.928668615089972
16302,Mississippi St,Texas A&M,Texas A&M,False,9,2024-10-19,0.32206265413577156,-10,10.322062654135772
16303,TCU,Utah,TCU,True,9,2024-10-19,0.37502810264414665,6,5.624971897355853
16304,UTSA,Florida Atlantic,UTSA,True,9,2024-10-19,-1.4280031535172224,14,15.428003153517222
16305,Toledo,N Illinois,Toledo,True,9,2024-10-19,-0.03809322519627811,7,7.0380932251962784
16306,Rice,Tulane,Tulane,False,9,2024-10-19,0.6235236939234365,-14,14.623523693923437
16307,UCLA,Rutgers,UCLA,True,9,2024-10-19,1.3959291653881436,3,1.6040708346118564
16308,Vanderbilt,Ball St,Vanderbilt,True,9,2024-10-19,-0.6042363451098993,10,10.6042363451099
16309,UConn,Wake Forest,Wake Forest,False,9,2024-10-19,-1.5294129761110047,-3,1.4705870238889953
16310,Hawai'i,Washington St,Washington St,False,9,2024-10-19,0.48894019440422737,-32,32.48894019440423
16311,Buffalo,W Michigan,W Michigan,False,9,2024-10-19,-1.4868259142647025,-7,5.513174085735297
16312,Wisconsin,Northwestern,Wisconsin,True,9,2024-10-19,-1.2275416619367643,20,21.227541661936765
16313,Louisiana Tech,UTEP,Louisiana Tech,True,10,2024-10-22,-0.5891659664907927,4,4.589165966490793
16314,Sam Houston,Florida Intl,Sam Houston,True,10,2024-10-22,-2.113106585504152,3,5.113106585504152
16315,Middle Tenn,Jacksonville St,Jacksonville St,False,10,2024-10-23,2.330066234741303,-22,24.330066234741302
16316,Liberty,Kennesaw St,Kennesaw St,False,10,2024-10-23,-7.420435391855265,-3,4.420435391855265
16317,Georgia So,Old Dominion,Old Dominion,False,10,2024-10-24,-0.023722092095546366,-28,27.976277907904453
16318,Syracuse,Pittsburgh,Pittsburgh,False,10,2024-10-24,0.829265227317529,-28,28.829265227317528
16319,Boise St,UNLV,Boise St,True,10,2024-10-25,-3.4072671461748416,5,8.407267146174842
16320,Boston College,Louisville,Louisville,False,10,2024-10-25,0.27206802810092395,-4,4.272068028100924
16321,USC,Rutgers,USC,True,10,2024-10-25,2.9582118220171556,22,19.041788177982845
16322,Akron,E Michigan,Akron,True,10,2024-10-26,-0.30850768566820647,4,4.308507685668206
16323,Missouri,Alabama,Alabama,False,10,2024-10-26,-0.14913419904300523,-34,33.850865800956996
16324,App State,Georgia St,App State,True,10,2024-10-26,0.6868167564657152,7,6.313183243534285
16325,Mississippi St,Arkansas,Arkansas,False,10,2024-10-26,0.9506164897179663,-33,33.950616489717966
16326,Troy,Arkansas St,Arkansas St,False,10,2024-10-26,0.3633523099924746,-3,3.3633523099924747
16327,Kentucky,Auburn,Auburn,False,10,2024-10-26,-1.9082265666982017,-14,12.091773433301798
16328,N Illinois,Ball St,Ball St,False,10,2024-10-26,1.028085366463197,-2,3.028085366463197
16329,Baylor,Oklahoma St,Baylor,True,10,2024-10-26,0.16231069803002507,10,9.837689301969975
16330,Toledo,Bowling Green,Bowling Green,False,10,2024-10-26,0.017987322377538605,-15,15.017987322377538
16331,UCF,BYU,BYU,False,10,2024-10-26,-0.15379880151538186,-13,12.846201198484618
16332,California,Oregon St,California,True,10,2024-10-26,1.0474171739643794,37,35.95258282603562
16333,Colorado,Cincinnati,Colorado,True,10,2024-10-26,0.1942856993837615,11,10.805714300616238
16334,Colorado St,New Mexico,Colorado St,True,10,2024-10-26,-0.6211339358746796,11,11.62113393587468
16335,Rice,UConn,UConn,False,10,2024-10-26,1.0099908374002218,-7,8.009990837400222
16336,E Carolina,Temple,E Carolina,True,10,2024-10-26,-1.0199468738427582,22,23.01994687384276
16337,Fresno St,San Jose St,Fresno St,True,10,2024-10-26,1.1663301173454785,23,21.833669882654522
16338,Utah,Houston,Houston,False,10,2024-10-26,-0.72002816228161,-3,2.27997183771839
16339,Washington,Indiana,Indiana,False,10,2024-10-26,1.4268143281133892,-14,15.42681432811339
16340,Iowa,Northwestern,Iowa,True,10,2024-10-26,-1.1728357675861052,26,27.172835767586104
16341,J Madison,Southern Miss,J Madison,True,10,2024-10-26,-6.148202569061532,17,23.14820256906153
16342,Kansas St,Kansas,Kansas St,True,10,2024-10-26,-1.2229480802784294,2,3.2229480802784294
16344,Memphis,Charlotte,Memphis,True,10,2024-10-26,0.026566047368855955,5,4.973433952631144
16345,Florida St,Miami,Miami,False,10,2024-10-26,3.48780037015113,-22,25.48780037015113
16346,Miami OH,C Michigan,Miami OH,True,10,2024-10-26,-0.4460585267483626,39,39.44605852674836
16347,Michigan,Michigan St,Michigan,True,10,2024-10-26,-0.6367060947305162,7,7.636706094730516
16348,Maryland,Minnesota,Minnesota,False,10,2024-10-26,-0.9674886555983142,-25,24.032511344401687
16349,Oklahoma,Mississippi,Mississippi,False,10,2024-10-26,4.550132159873008,-12,16.55013215987301
16350,Virginia,North Carolina,North Carolina,False,10,2024-10-26,0.5599096533116179,-27,27.559909653311617
16351,Notre Dame,Navy,Notre Dame,True,10,2024-10-26,-2.1540378859241307,37,39.15403788592413
16352,Ohio,Buffalo,Ohio,True,10,2024-10-26,-1.2232332355689866,31,32.22323323556898
16353,Ohio St,Nebraska,Ohio St,True,10,2024-10-26,6.252554437547903,4,2.2525544375479027
16354,Illinois,Oregon,Oregon,False,10,2024-10-26,0.23945748385919732,-29,29.239457483859198
16355,Wisconsin,Penn St,Penn St,False,10,2024-10-26,-1.04962422717372,-15,13.95037577282628
16356,S Alabama,UL Monroe,S Alabama,True,10,2024-10-26,-0.4663497782362253,29,29.466349778236225
16357,SMU,Duke,SMU,True,10,2024-10-26,0.4007153853146796,1,0.5992846146853203
16358,Vanderbilt,Texas,Texas,False,10,2024-10-26,1.1371629329005988,-3,4.1371629329005986
16359,Texas A&M,LSU,Texas A&M,True,10,2024-10-26,-0.33669957723254507,15,15.336699577232546
16360,TCU,Texas Tech,TCU,True,10,2024-10-26,1.3152001702269003,1,0.3152001702269003
16361,Tulane,N Texas,Tulane,True,10,2024-10-26,1.3517475751489532,8,6.648252424851047
16362,UTSA,Tulsa,Tulsa,False,10,2024-10-26,1.6185965880662336,-1,2.6185965880662336
16363,Wyoming,Utah St,Utah St,False,10,2024-10-26,0.435085102812903,-2,2.435085102812903
16364,Georgia Tech,Virginia Tech,Virginia Tech,False,10,2024-10-26,-0.24358516888118636,-15,14.756414831118814
16365,Wake Forest,Stanford,Wake Forest,True,10,2024-10-26,0.45625047382470546,3,2.5437495261752945
16366,Washington St,San Diego St,Washington St,True,10,2024-10-26,-0.5642670973453084,3,3.5642670973453083
16367,Arizona,West Virginia,West Virginia,False,10,2024-10-26,0.6794645038324086,-5,5.679464503832409
16368,Kent St,W Michigan,W Michigan,False,10,2024-10-26,-0.9407739259600252,-31,30.059226074039977
16369,Hawai'i,Nevada,Hawai'i,True,10,2024-10-27,-1.1258261199590185,21,22.12582611995902
16370,New Mexico St,Florida Intl,Florida Intl,False,11,2024-10-29,-0.71799042044652,-21,20.28200957955348
16371,Louisiana,Texas St,Louisiana,True,11,2024-10-29,-1.3433497770815412,6,7.343349777081541
16372,Sam Houston,Louisiana Tech,Sam Houston,True,11,2024-10-29,-0.8835399967087201,6,6.88353999670872
16373,Jacksonville St,Liberty,Jacksonville St,True,11,2024-10-30,-1.1657587059985683,10,11.165758705998568
16374,Kennesaw St,W Kentucky,W Kentucky,False,11,2024-10-30,1.4287344159366233,-17,18.428734415936624
16375,Tulane,Charlotte,Tulane,True,11,2024-10-31,-2.215470399803951,31,33.21547039980395
16376,Boise St,San Diego St,Boise St,True,11,2024-11-01,-1.3722171590951466,32,33.37221715909514
16377,UConn,Georgia St,UConn,True,11,2024-11-01,-1.2808522822367847,7,8.280852282236784
16378,S Florida,Florida Atlantic,S Florida,True,11,2024-11-01,-0.04143774826607779,23,23.041437748266077
16379,UAB,Tulsa,UAB,True,11,2024-11-02,0.0024298045884710573,38,37.99757019541153
16380,Old Dominion,App State,App State,False,11,2024-11-02,-1.7143443915646235,-8,6.285655608435377
16381,Arizona St,Oklahoma St,Arizona St,True,11,2024-11-02,2.533118347861175,21,18.466881652138824
16382,Air Force,Army,Army,False,11,2024-11-02,-0.6616503907197528,-17,16.338349609280247
16383,TCU,Baylor,Baylor,False,11,2024-11-02,0.5387623967587549,-3,3.538762396758755
16384,Akron,Buffalo,Buffalo,False,11,2024-11-02,-0.30098445048076594,-11,10.699015549519235
16385,Arizona,UCF,UCF,False,11,2024-11-02,0.005845779233038876,-44,44.00584577923304
16386,Nevada,Colorado St,Colorado St,False,11,2024-11-02,1.0700745584800806,-17,18.07007455848008
16387,Florida,Georgia,Georgia,False,11,2024-11-02,2.179782641385203,-14,16.179782641385202
16388,S Alabama,Georgia So,Georgia So,False,11,2024-11-02,0.3076208804684771,-4,4.307620880468477
16389,Fresno St,Hawai'i,Hawai'i,False,11,2024-11-02,-1.770570236080235,-1,0.7705702360802349
16390,Houston,Kansas St,Houston,True,11,2024-11-02,0.9877075550403819,5,4.012292444959618
16391,Michigan St,Indiana,Indiana,False,11,2024-11-02,1.2959557526207455,-37,38.29595575262074
16392,Wisconsin,Iowa,Iowa,False,11,2024-11-02,-0.5747700653449893,-32,31.42522993465501
16393,Louisville,Clemson,Louisville,True,11,2024-11-02,-1.0416731925739864,12,13.041673192573986
16394,Marshall,UL Monroe,Marshall,True,11,2024-11-02,-0.6265225412918157,5,5.626522541291815
16395,Duke,Miami,Miami,False,11,2024-11-02,1.4836769190135284,-22,23.48367691901353
16396,Middle Tenn,UTEP,Middle Tenn,True,11,2024-11-02,2.582913400559097,7,4.417086599440903
16397,Illinois,Minnesota,Minnesota,False,11,2024-11-02,-1.024422476047729,-8,6.975577523952271
16398,Mississippi,Arkansas,Mississippi,True,11,2024-11-02,3.0090037555026075,32,28.990996244497392
16399,UMass,Mississippi St,Mississippi St,False,11,2024-11-02,0.6515048467028313,-25,25.65150484670283
16400,North Carolina,Florida St,North Carolina,True,11,2024-11-02,2.206010669645346,24,21.793989330354655
16401,NC State,Stanford,NC State,True,11,2024-11-02,0.20592153049014703,31,30.794078469509852
16402,Northwestern,Purdue,Northwestern,True,11,2024-11-02,-1.566073627312591,6,7.566073627312591
16403,Penn St,Ohio St,Ohio St,False,11,2024-11-02,-1.9443262467922697,-7,5.0556737532077305
16405,Oregon,Michigan,Oregon,True,11,2024-11-02,-0.3092051288651812,21,21.30920512886518
16406,Rice,Navy,Rice,True,11,2024-11-02,-0.8612525480269028,14,14.861252548026902
16407,Texas A&M,South Carolina,South Carolina,False,11,2024-11-02,-3.5007552515448603,-24,20.49924474845514
16408,Pittsburgh,SMU,SMU,False,11,2024-11-02,-0.12847767502982985,-23,22.87152232497017
16409,Virginia Tech,Syracuse,Syracuse,False,11,2024-11-02,1.017187932589339,-7,8.017187932589339
16410,Kentucky,Tennessee,Tennessee,False,11,2024-11-02,-1.746445753437282,-10,8.253554246562718
16411,Iowa St,Texas Tech,Texas Tech,False,11,2024-11-02,-1.5322205474305306,-1,0.5322205474305306
16412,UTSA,Memphis,UTSA,True,11,2024-11-02,0.5108910834332349,8,7.4891089165667655
16413,Toledo,E Michigan,Toledo,True,11,2024-11-02,0.7051058080268197,1,0.29489419197318034
16414,Coastal Car,Troy,Troy,False,11,2024-11-02,-1.2408095519295455,-14,12.759190448070454
16415,Nebraska,UCLA,UCLA,False,11,2024-11-02,-0.235402808615328,-7,6.764597191384672
16416,Auburn,Vanderbilt,Vanderbilt,False,11,2024-11-02,0.01593494595542522,-10,10.015934945955426
16417,Washington,USC,Washington,True,11,2024-11-02,2.4668830054074076,5,2.5331169945925924
16418,New Mexico,Wyoming,Wyoming,False,11,2024-11-02,-0.792256712538633,-4,3.207743287461367
16419,C Michigan,Bowling Green,Bowling Green,False,12,2024-11-05,0.43836073016417537,-10,10.438360730164176
16420,Ball St,Miami OH,Miami OH,False,12,2024-11-05,0.6539310701552161,-6,6.653931070155216
16421,W Michigan,N Illinois,N Illinois,False,12,2024-11-06,-1.5576956898482412,-14,12.442304310151759
16422,Ohio,Kent St,Ohio,True,12,2024-11-06,-10.778383639739431,41,51.77838363973943
16423,App State,Coastal Car,Coastal Car,False,12,2024-11-07,-0.23028540463397115,-14,13.769714595366029
16424,E Carolina,Florida Atlantic,E Carolina,True,12,2024-11-07,-0.40309105075618085,35,35.40309105075618
16425,California,Wake Forest,California,True,12,2024-11-08,1.231810805405382,10,8.768189194594617
16426,Memphis,Rice,Memphis,True,12,2024-11-08,-0.651682032942228,7,7.651682032942228
16427,New Mexico,San Diego St,New Mexico,True,12,2024-11-08,0.4336991848808473,5,4.566300815119153
16428,UCLA,Iowa,UCLA,True,12,2024-11-08,2.524737690593,3,0.47526230940699987
16429,Fresno St,Air Force,Air Force,False,12,2024-11-09,-0.8694574205630928,-8,7.1305425794369075
16430,Alabama,LSU,Alabama,True,12,2024-11-09,7.582770528193312,29,21.41722947180669
16431,Arizona St,UCF,Arizona St,True,12,2024-11-09,-0.8287148560509897,4,4.82871485605099
16432,N Texas,Army,Army,False,12,2024-11-09,-4.208774918372992,-11,6.791225081627008
16433,Nevada,Boise St,Boise St,False,12,2024-11-09,0.12060859728402709,-7,7.120608597284027
16434,Boston College,Syracuse,Boston College,True,12,2024-11-09,2.058009501485779,6,3.941990498514221
16435,BYU,Utah,BYU,True,12,2024-11-09,0.7106143028392025,1,0.28938569716079754
16436,Clemson,Virginia Tech,Clemson,True,12,2024-11-09,-0.9964526453649168,10,10.996452645364917
16437,Texas Tech,Colorado,Colorado,False,12,2024-11-09,-0.20444466418442137,-14,13.795555335815578
16438,UConn,UAB,UConn,True,12,2024-11-09,-0.6178620621069495,8,8.61786206210695
16439,Duke,NC State,Duke,True,12,2024-11-09,-0.43687756564996233,10,10.436877565649961
16440,Georgia Tech,Miami,Georgia Tech,True,12,2024-11-09,1.854734605849697,5,3.145265394150303
16441,Michigan,Indiana,Indiana,False,12,2024-11-09,3.1900012081332547,-5,8.190001208133255
16442,Jacksonville St,Louisiana Tech,Jacksonville St,True,12,2024-11-09,-2.8634955664998274,7,9.863495566499827
16443,Georgia St,J Madison,J Madison,False,12,2024-11-09,1.11078588865589,-31,32.11078588865589
16444,Iowa St,Kansas,Kansas,False,12,2024-11-09,-1.4269208891440266,-9,7.573079110855973
16445,Liberty,Middle Tenn,Liberty,True,12,2024-11-09,1.4877447121716305,20,18.51225528782837
16446,Arkansas St,Louisiana,Louisiana,False,12,2024-11-09,0.4183569292172938,-36,36.418356929217296
16447,Southern Miss,Marshall,Marshall,False,12,2024-11-09,0.14589785692989266,-34,34.14589785692989
16448,Georgia,Mississippi,Mississippi,False,12,2024-11-09,10.743220091374324,-18,28.743220091374326
16449,Oklahoma,Missouri,Missouri,False,12,2024-11-09,2.0385964964424272,-7,9.038596496442427
16450,Navy,S Florida,Navy,True,12,2024-11-09,-1.4648129071091875,21,22.464812907109188
16451,UNLV,Hawai'i,UNLV,True,12,2024-11-09,-3.9635897409653698,2,5.96358974096537
16452,Florida St,Notre Dame,Notre Dame,False,12,2024-11-09,-1.8242031843639925,-49,47.175796815636005
16453,Ohio St,Purdue,Ohio St,True,12,2024-11-09,-22.741301711680972,45,67.74130171168098
16454,Oregon,Maryland,Oregon,True,12,2024-11-09,-0.4617279924342797,21,21.46172799243428
16455,Penn St,Washington,Penn St,True,12,2024-11-09,2.1190580907332874,29,26.880941909266713
16456,Minnesota,Rutgers,Rutgers,False,12,2024-11-09,-0.41898986440070174,-7,6.581010135599298
16457,San Jose St,Oregon St,San Jose St,True,12,2024-11-09,2.0399800988806245,11,8.960019901119376
16458,South Carolina,Vanderbilt,South Carolina,True,12,2024-11-09,1.569442005124267,21,19.430557994875734
16459,Mississippi St,Tennessee,Tennessee,False,12,2024-11-09,-2.491413673813914,-19,16.508586326186087
16460,Florida,Texas,Texas,False,12,2024-11-09,0.9862384210825421,-32,32.98623842108254
16461,Oklahoma St,TCU,TCU,False,12,2024-11-09,1.0232587928925152,-25,26.023258792892516
16462,Texas St,UL Monroe,Texas St,True,12,2024-11-09,-1.4845599652465213,21,22.484559965246522
16463,UTEP,Kennesaw St,UTEP,True,12,2024-11-09,-1.5862509101504045,8,9.586250910150405
16464,Tulane,Temple,Tulane,True,12,2024-11-09,-0.14230594176900968,46,46.14230594176901
16465,Pittsburgh,Virginia,Virginia,False,12,2024-11-09,1.5905242063085125,-5,6.590524206308513
16466,Washington St,Utah St,Washington St,True,12,2024-11-09,1.6229102448992045,21,19.377089755100794
16467,West Virginia,Cincinnati,West Virginia,True,12,2024-11-09,0.13486112698812452,7,6.865138873011875
16468,New Mexico St,W Kentucky,W Kentucky,False,12,2024-11-09,1.085994612551876,-13,14.085994612551875
16469,Bowling Green,W Michigan,Bowling Green,True,13,2024-11-12,-1.3815389987777045,18,19.381538998777703
16470,Buffalo,Ball St,Buffalo,True,13,2024-11-12,-1.098751861209594,3,4.098751861209594
16471,C Michigan,Toledo,Toledo,False,13,2024-11-12,0.7056329272705503,-27,27.70563292727055
16472,Miami OH,Kent St,Miami OH,True,13,2024-11-13,-4.108352864097507,27,31.108352864097508
16473,N Illinois,Akron,N Illinois,True,13,2024-11-13,-3.162401479336539,13,16.162401479336538
16474,E Michigan,Ohio,Ohio,False,13,2024-11-13,0.8289837962313704,-25,25.82898379623137
16475,E Carolina,Tulsa,E Carolina,True,13,2024-11-14,0.9375430077897519,7,6.062456992210248
16476,Arizona,Houston,Arizona,True,13,2024-11-15,0.951320533668857,24,23.048679466331144
16477,Colorado St,Wyoming,Colorado St,True,13,2024-11-15,2.184854833545793,14,11.815145166454208
16478,UTSA,N Texas,UTSA,True,13,2024-11-15,1.8081553208113215,21,19.19184467918868
16479,UCLA,Washington,Washington,False,13,2024-11-15,3.515806210126988,-12,15.515806210126987
16480,Oregon St,Air Force,Air Force,False,13,2024-11-16,-1.776088408353382,-28,26.22391159164662
16482,Kansas St,Arizona St,Arizona St,False,13,2024-11-16,0.31612977920870866,-10,10.316129779208708
16483,Georgia St,Arkansas St,Arkansas St,False,13,2024-11-16,0.3384499950252273,-7,7.338449995025227
16484,Auburn,UL Monroe,Auburn,True,13,2024-11-16,-1.284504499964975,34,35.284504499964974
16485,Baylor,West Virginia,Baylor,True,13,2024-11-16,0.12706235758058437,14,13.872937642419416
16486,San Jose St,Boise St,Boise St,False,13,2024-11-16,0.21505976592395593,-21,21.215059765923957
16487,Clemson,Pittsburgh,Clemson,True,13,2024-11-16,-0.6175361945608899,4,4.6175361945608895
16488,Colorado,Utah,Colorado,True,13,2024-11-16,0.37036232742373304,25,24.629637672576266
16489,Florida,LSU,Florida,True,13,2024-11-16,0.7126374567436249,11,10.287362543256375
16490,Georgia,Tennessee,Georgia,True,13,2024-11-16,2.389991045948491,14,11.610008954051509
16491,Michigan St,Illinois,Illinois,False,13,2024-11-16,0.6307442675467972,-22,22.6307442675468
16492,Cincinnati,Iowa St,Iowa St,False,13,2024-11-16,0.7873078819471178,-17,17.787307881947118
16493,Jacksonville St,Florida Intl,Jacksonville St,True,13,2024-11-16,-1.4755595575976903,3,4.47555955759769
16494,J Madison,Old Dominion,J Madison,True,13,2024-11-16,-0.624239848043108,3,3.624239848043108
16495,BYU,Kansas,Kansas,False,13,2024-11-16,1.0084388248313245,-4,5.008438824831325
16497,Liberty,UMass,Liberty,True,13,2024-11-16,-3.453219705836633,1,4.4532197058366325
16498,W Kentucky,Louisiana Tech,Louisiana Tech,False,13,2024-11-16,-0.3264741791216948,-5,4.6735258208783055
16499,Marshall,Coastal Car,Marshall,True,13,2024-11-16,-3.106120039550476,12,15.106120039550476
16500,Memphis,UAB,Memphis,True,13,2024-11-16,0.14877619867693215,35,34.851223801323066
16501,UNLV,San Diego St,UNLV,True,13,2024-11-16,-2.9914508433908744,21,23.991450843390876
16502,Washington St,New Mexico,New Mexico,False,13,2024-11-16,0.08667057075316974,-3,3.08667057075317
16503,Wake Forest,North Carolina,North Carolina,False,13,2024-11-16,0.5320414093189129,-7,7.5320414093189125
16504,Notre Dame,Virginia,Notre Dame,True,13,2024-11-16,-3.9617908228082954,21,24.961790822808297
16505,Ohio St,Northwestern,Ohio St,True,13,2024-11-16,-8.040253797206033,24,32.040253797206034
16506,Wisconsin,Oregon,Oregon,False,13,2024-11-16,-1.322104673528015,-3,1.677895326471985
16507,Purdue,Penn St,Penn St,False,13,2024-11-16,1.8562967236918493,-39,40.85629672369185
16508,Rutgers,Maryland,Rutgers,True,13,2024-11-16,0.4659920596934307,14,13.53400794030657
16509,Kennesaw St,Sam Houston,Sam Houston,False,13,2024-11-16,0.34124992334666265,-6,6.341249923346663
16510,Louisiana,S Alabama,S Alabama,False,13,2024-11-16,-1.825720458124385,-2,0.1742795418756149
16511,Missouri,South Carolina,South Carolina,False,13,2024-11-16,-1.4464170553864062,-4,2.553582944613594
16512,Charlotte,S Florida,S Florida,False,13,2024-11-16,1.2225282204919685,-35,36.22252822049197
16513,USC,Nebraska,USC,True,13,2024-11-16,0.41210337892249305,8,7.5878966210775065
16514,Boston College,SMU,SMU,False,13,2024-11-16,0.8334774471386596,-10,10.833477447138659
16515,Louisville,Stanford,Stanford,False,13,2024-11-16,0.6367419052371197,-3,3.6367419052371197
16516,Syracuse,California,Syracuse,True,13,2024-11-16,0.3987832420432099,8,7.60121675795679
16517,Temple,Florida Atlantic,Temple,True,13,2024-11-16,0.13908032596012934,3,2.8609196740398706
16518,Texas,Arkansas,Texas,True,13,2024-11-16,-0.4076243192787638,10,10.407624319278764
16519,New Mexico St,Texas A&M,Texas A&M,False,13,2024-11-16,1.0897285412985136,-35,36.08972854129851
16520,Texas St,Southern Miss,Texas St,True,13,2024-11-16,-3.1608609534362655,55,58.16086095343626
16521,Georgia So,Troy,Troy,False,13,2024-11-16,-0.9107640155515643,-8,7.089235984448436
16522,Tulane,Navy,Tulane,True,13,2024-11-16,-1.4690584890038616,35,36.469058489003864
16523,Utah St,Hawai'i,Utah St,True,13,2024-11-16,-1.6161512618750173,45,46.61615126187502
16524,Kent St,Akron,Akron,False,14,2024-11-19,-0.49025875244035116,-21,20.50974124755965
16525,C Michigan,W Michigan,C Michigan,True,14,2024-11-19,0.13871745932539994,2,1.8612825406746
16526,Miami OH,N Illinois,Miami OH,True,14,2024-11-19,-0.13109330148441578,11,11.131093301484416
16527,Buffalo,E Michigan,Buffalo,True,14,2024-11-20,0.17970835882469308,17,16.820291641175306
16528,Toledo,Ohio,Ohio,False,14,2024-11-20,0.5882469876612226,-17,17.588246987661222
16529,Georgia Tech,NC State,Georgia Tech,True,14,2024-11-21,-0.0931155216226406,1,1.0931155216226407
16530,Michigan St,Purdue,Michigan St,True,14,2024-11-22,-0.9184219432185524,7,7.9184219432185525
16531,San Jose St,UNLV,UNLV,False,14,2024-11-22,-0.31343336993393456,-11,10.686566630066066
16532,Temple,UTSA,UTSA,False,14,2024-11-22,0.18530615662337954,-24,24.18530615662338
16533,Air Force,Nevada,Air Force,True,14,2024-11-23,-4.464081734032219,3,7.464081734032219
16534,UAB,Rice,UAB,True,14,2024-11-23,-2.2095245381862396,26,28.20952453818624
16535,J Madison,App State,App State,False,14,2024-11-23,-1.4323096513314844,-14,12.567690348668515
16536,BYU,Arizona St,Arizona St,False,14,2024-11-23,2.163882033519838,-5,7.1638820335198385
16537,Louisiana Tech,Arkansas,Arkansas,False,14,2024-11-23,0.3573568155463749,-21,21.357356815546375
16538,Arkansas St,UL Monroe,Arkansas St,True,14,2024-11-23,-0.3807260420800398,7,7.38072604208004
16539,Texas A&M,Auburn,Auburn,False,14,2024-11-23,1.7702093417213474,-2,3.7702093417213476
16540,Houston,Baylor,Baylor,False,14,2024-11-23,-0.02212143789937941,-10,9.97787856210062
16541,Wyoming,Boise St,Boise St,False,14,2024-11-23,1.1493679987059064,-4,5.149367998705906
16542,Boston College,North Carolina,Boston College,True,14,2024-11-23,0.34695522181032235,20,19.653044778189678
16543,Bowling Green,Ball St,Bowling Green,True,14,2024-11-23,-1.3455339659464596,25,26.34553396594646
16544,Stanford,California,California,False,14,2024-11-23,0.13611466228831853,-3,3.1361146622883185
16545,Florida Atlantic,Charlotte,Charlotte,False,14,2024-11-23,0.36111849320695794,-12,12.361118493206957
16547,Virginia Tech,Duke,Duke,False,14,2024-11-23,-2.040154653583112,-3,0.9598453464168881
16548,E Carolina,N Texas,E Carolina,True,14,2024-11-23,0.26988146451228934,12,11.73011853548771
16549,Mississippi,Florida,Florida,False,14,2024-11-23,0.7495660236565591,-7,7.749566023656559
16551,Fresno St,Colorado St,Fresno St,True,14,2024-11-23,-0.33974027720150907,6,6.339740277201509
16552,UMass,Georgia,Georgia,False,14,2024-11-23,0.7708544539048706,-38,38.77085445390487
16553,Georgia So,Coastal Car,Georgia So,True,14,2024-11-23,-1.7628589607793608,20,21.76285896077936
16554,Georgia St,Texas St,Georgia St,True,14,2024-11-23,2.335673131711387,8,5.664326868288613
16555,Illinois,Rutgers,Illinois,True,14,2024-11-23,-1.1088375144715787,7,8.10883751447158
16556,Maryland,Iowa,Iowa,False,14,2024-11-23,0.3351402418384972,-16,16.3351402418385
16557,Iowa St,Utah,Iowa St,True,14,2024-11-23,-2.0574067577247552,3,5.057406757724755
16558,Sam Houston,Jacksonville St,Jacksonville St,False,14,2024-11-23,-0.7536425928052536,-10,9.246357407194747
16559,Colorado,Kansas,Kansas,False,14,2024-11-23,1.199825031539294,-16,17.199825031539294
16560,Cincinnati,Kansas St,Kansas St,False,14,2024-11-23,5.598454017834877,-26,31.598454017834875
16561,Kennesaw St,Florida Intl,Kennesaw St,True,14,2024-11-23,-0.620661655344259,1,1.620661655344259
16562,Liberty,W Kentucky,Liberty,True,14,2024-11-23,-0.15453264275064663,17,17.154532642750645
16563,Louisiana,Troy,Louisiana,True,14,2024-11-23,-4.253512283405444,21,25.253512283405442
16564,Vanderbilt,LSU,LSU,False,14,2024-11-23,-1.075704130425787,-7,5.9242958695742125
16565,Louisville,Pittsburgh,Louisville,True,14,2024-11-23,-1.403815778488499,28,29.4038157784885
16566,Marshall,Old Dominion,Marshall,True,14,2024-11-23,-1.6494668210790635,7,8.649466821079063
16567,Wake Forest,Miami,Miami,False,14,2024-11-23,1.4997724655474889,-28,29.49977246554749
16568,Northwestern,Michigan,Michigan,False,14,2024-11-23,-0.3948251385410344,-44,43.60517486145896
16569,Missouri,Mississippi St,Missouri,True,14,2024-11-23,0.8378351800217194,19,18.16216481997828
16570,Nebraska,Wisconsin,Nebraska,True,14,2024-11-23,0.32497154646341253,19,18.675028453536587
16571,New Mexico St,Middle Tenn,New Mexico St,True,14,2024-11-23,-0.3711528539577792,15,15.37115285395778
16572,Army,Notre Dame,Notre Dame,False,14,2024-11-23,-2.8712900985757166,-35,32.12870990142429
16573,Ohio St,Indiana,Ohio St,True,14,2024-11-23,-3.7248935489842077,23,26.72489354898421
16574,Oklahoma,Alabama,Oklahoma,True,14,2024-11-23,0.43620369877195275,21,20.56379630122805
16575,Oregon St,Washington St,Oregon St,True,14,2024-11-23,0.8512281659911427,3,2.1487718340088575
16576,Minnesota,Penn St,Penn St,False,14,2024-11-23,0.09981754176513304,-1,1.099817541765133
16577,S Alabama,Southern Miss,S Alabama,True,14,2024-11-23,-4.567188619375486,21,25.567188619375486
16579,S Florida,Tulsa,S Florida,True,14,2024-11-23,0.17138190577523052,33,32.82861809422477
16580,UCLA,USC,USC,False,14,2024-11-23,0.6722240446344545,-6,6.672224044634454
16581,SMU,Virginia,SMU,True,14,2024-11-23,2.0199936079856506,26,23.98000639201435
16582,Syracuse,UConn,Syracuse,True,14,2024-11-23,0.7214588812395559,7,6.278541118760444
16583,Tennessee,UTEP,Tennessee,True,14,2024-11-23,4.997901467501032,56,51.00209853249897
16584,Texas,Kentucky,Texas,True,14,2024-11-23,-5.389097238362958,17,22.389097238362957
16585,Arizona,TCU,TCU,False,14,2024-11-23,2.4673757095659217,-21,23.46737570956592
16586,Oklahoma St,Texas Tech,Texas Tech,False,14,2024-11-23,1.0935913553784404,-8,9.09359135537844
16587,Utah St,San Diego St,Utah St,True,14,2024-11-23,-0.9937797589549009,21,21.9937797589549
16588,West Virginia,UCF,West Virginia,True,14,2024-11-23,0.0428439952889606,10,9.95715600471104
16589,Akron,Toledo,Akron,True,15,2024-11-26,1.4239258405587119,7,5.576074159441288
16590,Kent St,Buffalo,Buffalo,False,15,2024-11-26,2.0446449627279533,-36,38.04464496272795
16591,Memphis,Tulane,Memphis,True,15,2024-11-28,-0.3109346141324275,10,10.310934614132428
16592,Oregon St,Boise St,Boise St,False,15,2024-11-29,-0.43525429468028626,-16,15.564745705319714
16593,Colorado,Oklahoma St,Colorado,True,15,2024-11-29,-0.07787741286975904,52,52.07787741286976
16594,Colorado St,Utah St,Colorado St,True,15,2024-11-29,0.10416739024504935,5,4.895832609754951
16595,Georgia,Georgia Tech,Georgia,True,15,2024-11-29,3.2579956137502215,2,1.2579956137502215
16596,Nebraska,Iowa,Iowa,False,15,2024-11-29,-0.1302340360764398,-3,2.86976596392356
16597,Miami OH,Bowling Green,Miami OH,True,15,2024-11-29,-0.2979119709272774,16,16.297911970927277
16598,Minnesota,Wisconsin,Minnesota,True,15,2024-11-29,-0.41898986440070174,17,17.4189898644007
16599,Mississippi,Mississippi St,Mississippi,True,15,2024-11-29,-3.3657215482378007,12,15.3657215482378
16600,Navy,E Carolina,Navy,True,15,2024-11-29,-0.49430168411531017,14,14.49430168411531
16601,Ohio,Ball St,Ohio,True,15,2024-11-29,-1.8029968410906683,21,22.802996841090668
16602,Sam Houston,Liberty,Sam Houston,True,15,2024-11-29,-0.24843536375838865,2,2.2484353637583885
16603,San Jose St,Stanford,San Jose St,True,15,2024-11-29,0.4377686723323317,3,2.5622313276676683
16604,Texas St,S Alabama,Texas St,True,15,2024-11-29,-1.461563308264331,7,8.461563308264331
16605,Utah,UCF,Utah,True,15,2024-11-29,0.21380131868257238,14,13.786198681317428
16606,San Diego St,Air Force,Air Force,False,15,2024-11-30,-1.2154394016803125,-11,9.784560598319688
16607,Auburn,Alabama,Alabama,False,15,2024-11-30,-0.7855665932227128,-14,13.214433406777287
16608,Arizona St,Arizona,Arizona St,True,15,2024-11-30,-0.7561543950579249,42,42.756154395057926
16609,Army,UTSA,Army,True,15,2024-11-30,-1.018188149321518,5,6.018188149321518
16610,Baylor,Kansas,Baylor,True,15,2024-11-30,-0.8750387813438234,28,28.875038781343825
16611,Boston College,Pittsburgh,Boston College,True,15,2024-11-30,0.23486110091500154,11,10.765138899084999
16612,BYU,Houston,BYU,True,15,2024-11-30,1.072234190866808,12,10.927765809133192
16613,Charlotte,UAB,Charlotte,True,15,2024-11-30,-0.04916605104538545,2,2.0491660510453853
16614,Coastal Car,Georgia St,Coastal Car,True,15,2024-11-30,0.48571534315047776,21,20.514284656849522
16615,UMass,UConn,UConn,False,15,2024-11-30,1.5992537741014359,-5,6.599253774101436
16616,Wake Forest,Duke,Duke,False,15,2024-11-30,-0.7471869320860269,-6,5.252813067913973
16617,Florida,Florida St,Florida,True,15,2024-11-30,0.4669794003252183,20,19.53302059967478
16618,Florida Atlantic,Tulsa,Florida Atlantic,True,15,2024-11-30,-0.1085090710481035,47,47.108509071048104
16619,Florida Intl,Middle Tenn,Florida Intl,True,15,2024-11-30,-2.408843341717951,11,13.408843341717951
16620,App State,Georgia So,Georgia So,False,15,2024-11-30,1.2820382975760352,-9,10.282038297576035
16621,New Mexico,Hawai'i,Hawai'i,False,15,2024-11-30,-1.0946075185664617,-8,6.905392481433538
16622,Illinois,Northwestern,Illinois,True,15,2024-11-30,-0.9003035966123896,10,10.900303596612389
16623,Purdue,Indiana,Indiana,False,15,2024-11-30,0.489451740644489,-66,66.48945174064448
16624,Kansas St,Iowa St,Iowa St,False,15,2024-11-30,-0.8913960465310816,-8,7.1086039534689185
16625,UL Monroe,Louisiana,Louisiana,False,15,2024-11-30,0.7634484016963562,-14,14.763448401696357
16626,LSU,Oklahoma,LSU,True,15,2024-11-30,1.3771240821328838,20,18.622875917867116
16627,Louisiana Tech,Kennesaw St,Louisiana Tech,True,15,2024-11-30,-1.0999376083773487,33,34.099937608377346
16628,Louisville,Kentucky,Louisville,True,15,2024-11-30,-1.5511329844723165,27,28.551132984472318
16629,Marshall,J Madison,Marshall,True,15,2024-11-30,-3.4843275227906623,2,5.484327522790663
16630,Ohio St,Michigan,Michigan,False,15,2024-11-30,-8.569633479746877,-3,5.5696334797468765
16631,Missouri,Arkansas,Missouri,True,15,2024-11-30,0.7889044983989839,7,6.211095501601016
16632,Nevada,UNLV,UNLV,False,15,2024-11-30,0.5337276260377031,-24,24.533727626037702
16633,North Carolina,NC State,NC State,False,15,2024-11-30,0.12022535370786126,-5,5.120225353707862
16634,Temple,N Texas,N Texas,False,15,2024-11-30,-0.05265040943046053,-7,6.947349590569539
16635,C Michigan,N Illinois,N Illinois,False,15,2024-11-30,-0.09261051417227255,-8,7.907389485827728
16636,Notre Dame,USC,Notre Dame,True,15,2024-11-30,-3.918138800387236,14,17.918138800387236
16637,Arkansas St,Old Dominion,Old Dominion,False,15,2024-11-30,-0.15358731757911456,-8,7.846412682420885
16638,Oregon,Washington,Oregon,True,15,2024-11-30,-1.066474889853373,28,29.066474889853374
16639,Penn St,Maryland,Penn St,True,15,2024-11-30,-0.3043681356953337,37,37.304368135695334
16640,Rice,S Florida,Rice,True,15,2024-11-30,0.06026841443260576,7,6.939731585567395
16641,Michigan St,Rutgers,Rutgers,False,15,2024-11-30,0.17458414475339348,-27,27.174584144753393
16642,South Carolina,Clemson,South Carolina,True,15,2024-11-30,1.3260674067129183,3,1.6739325932870817
16643,California,SMU,SMU,False,15,2024-11-30,1.1266615648645408,-32,33.12666156486454
16644,Miami,Syracuse,Syracuse,False,15,2024-11-30,0.8848233137674894,-4,4.884823313767489
16645,Vanderbilt,Tennessee,Tennessee,False,15,2024-11-30,-1.700499394082297,-13,11.299500605917704
16646,Texas A&M,Texas,Texas,False,15,2024-11-30,2.989527836105636,-10,12.989527836105637
16647,TCU,Cincinnati,TCU,True,15,2024-11-30,0.1366744824031576,7,6.863325517596842
16648,Texas Tech,West Virginia,Texas Tech,True,15,2024-11-30,0.6505195295375615,37,36.34948047046244
16649,UTEP,New Mexico St,UTEP,True,15,2024-11-30,-1.5763218989068544,7,8.576321898906855
16650,Southern Miss,Troy,Troy,False,15,2024-11-30,0.03970827774696336,-32,32.03970827774696
16651,UCLA,Fresno St,UCLA,True,15,2024-11-30,0.029756785156535133,7,6.970243214843465
16652,Virginia Tech,Virginia,Virginia Tech,True,15,2024-11-30,-0.3356977561164175,20,20.335697756116417
16653,W Kentucky,Jacksonville St,W Kentucky,True,15,2024-11-30,0.6514612679281735,2,1.3485387320718265
16654,W Michigan,E Michigan,W Michigan,True,15,2024-11-30,-1.0053764448427756,8,9.005376444842776
16655,Washington St,Wyoming,Wyoming,False,15,2024-11-30,-0.4043883860872296,-1,0.5956116139127704
16656,Army,Tulane,Army,True,16,2024-12-06,-0.7642928897909721,21,21.764292889790973
16657,Boise St,UNLV,Boise St,True,16,2024-12-06,-0.6482179930187901,14,14.64821799301879
16658,W Kentucky,Jacksonville St,Jacksonville St,False,16,2024-12-06,1.9932586701106052,-40,41.993258670110606
16659,Iowa St,Arizona St,Arizona St,False,16,2024-12-07,2.1561880482322806,-26,28.15618804823228
16660,SMU,Clemson,Clemson,False,16,2024-12-07,0.10548944671204379,-3,3.1054894467120437
16661,Georgia,Texas,Georgia,True,16,2024-12-07,-1.4017996338804335,3,4.401799633880433
16662,Louisiana,Marshall,Marshall,False,16,2024-12-07,-1.8130593397832786,-28,26.18694066021672
16663,Ohio,Miami OH,Ohio,True,16,2024-12-07,-0.6995392222094265,35,35.699539222209424
16664,Penn St,Oregon,Oregon,False,16,2024-12-07,-0.9524525724976447,-8,7.047547427502355
16665,Navy,Army,Navy,True,17,2024-12-14,-1.4496546022596841,18,19.449654602259685
16666,S Alabama,W Michigan,S Alabama,True,17,2024-12-14,-0.5369206865367614,7,7.536920686536761
16667,West Virginia,Memphis,Memphis,False,18,2024-12-17,0.6448884763377052,-5,5.644888476337705
16668,W Kentucky,J Madison,J Madison,False,18,2024-12-18,-0.5169866904329041,-10,9.483013309567095
16669,California,UNLV,UNLV,False,18,2024-12-18,0.6378106204455899,-11,11.63781062044559
16670,Sam Houston,Georgia So,Sam Houston,True,18,2024-12-19,-1.6098398801455631,5,6.609839880145563
16671,Tulane,Florida,Florida,False,18,2024-12-20,-2.3581968572835015,-25,22.641803142716498
16672,Notre Dame,Indiana,Notre Dame,True,18,2024-12-20,0.40523997580178955,10,9.59476002419821
16673,Jacksonville St,Ohio,Ohio,False,18,2024-12-20,-1.1654394387038196,-3,1.8345605612961804
16674,Ohio St,Tennessee,Ohio St,True,18,2024-12-21,-5.046872193123801,25,30.0468721931238
16675,Penn St,SMU,Penn St,True,18,2024-12-21,0.20920641688158276,28,27.79079358311842
16676,Texas,Clemson,Texas,True,18,2024-12-21,-2.6800959557924964,14,16.680095955792495
16677,Fresno St,N Illinois,N Illinois,False,18,2024-12-23,-0.02508479553559849,-8,7.974915204464401
16678,UTSA,Coastal Car,UTSA,True,18,2024-12-23,0.21827199445807013,29,28.78172800554193
16679,S Florida,San Jose St,S Florida,True,19,2024-12-24,-0.554004588333589,2,2.554004588333589
16680,Arkansas St,Bowling Green,Arkansas St,True,19,2024-12-26,0.24345517781416323,7,6.756544822185837
16681,Rutgers,Kansas St,Kansas St,False,19,2024-12-26,0.3167143095513636,-3,3.3167143095513634
16682,Toledo,Pittsburgh,Toledo,True,19,2024-12-26,-0.4696034872050263,2,2.4696034872050263
16683,Texas Tech,Arkansas,Arkansas,False,19,2024-12-27,1.0120537715646045,-13,14.012053771564604
16684,Navy,Oklahoma,Navy,True,19,2024-12-27,-2.0102116256768428,1,3.0102116256768428
16685,USC,Texas A&M,USC,True,19,2024-12-27,4.238126749073735,4,0.23812674907373488
16686,Washington St,Syracuse,Syracuse,False,19,2024-12-27,1.3654425176596534,-17,18.365442517659652
16687,Vanderbilt,Georgia Tech,Vanderbilt,True,19,2024-12-27,-0.7607763914110653,8,8.760776391411065
16688,Army,Louisiana Tech,Army,True,19,2024-12-28,-1.5939955806280397,21,22.59399558062804
16689,BYU,Colorado,BYU,True,19,2024-12-28,0.9915191834760593,22,21.008480816523942
16690,UConn,North Carolina,UConn,True,19,2024-12-28,-1.3741094917204275,13,14.374109491720427
16691,E Carolina,NC State,E Carolina,True,19,2024-12-28,-0.3363025951713471,5,5.336302595171347
16692,Iowa St,Miami,Iowa St,True,19,2024-12-28,1.2055688683300123,1,0.2055688683300123
16693,Miami OH,Colorado St,Miami OH,True,19,2024-12-28,0.20634150500722853,26,25.793658494992773
16694,Boston College,Nebraska,Nebraska,False,19,2024-12-28,0.3090091269894837,-5,5.3090091269894835
16695,Louisiana,TCU,TCU,False,19,2024-12-28,-1.2319327180837525,-31,29.76806728191625
16696,Missouri,Iowa,Missouri,True,20,2024-12-30,0.8765408592150237,3,2.123459140784976
16697,Illinois,South Carolina,Illinois,True,21,2024-12-31,-1.612690150116549,4,5.612690150116549
16698,Baylor,LSU,LSU,False,21,2024-12-31,-1.7564160816043335,-13,11.243583918395666
16699,Louisville,Washington,Louisville,True,21,2024-12-31,-1.3595874586129177,1,2.3595874586129177
16700,Michigan,Alabama,Michigan,True,21,2024-12-31,1.3800911390647796,6,4.619908860935221
16701,Boise St,Penn St,Penn St,False,21,2024-12-31,-1.0625053843416263,-17,15.937494615658373
16702,Oregon,Ohio St,Ohio St,False,21,2025-01-01,-5.138719703782433,-20,14.861280296217567
16703,Arizona St,Texas,Texas,False,21,2025-01-01,-4.542508289026018,-8,3.457491710973982
16704,Mississippi,Duke,Mississippi,True,21,2025-01-02,2.7060151582449823,32,29.29398484175502
16705,Georgia,Notre Dame,Notre Dame,False,21,2025-01-02,1.3497025667571367,-13,14.349702566757136
16706,Minnesota,Virginia Tech,Minnesota,True,21,2025-01-03,-0.2970527055193014,14,14.2970527055193
16707,N Texas,Texas St,Texas St,False,21,2025-01-03,0.7364664184739743,-2,2.736466418473974
16708,Liberty,Buffalo,Buffalo,False,21,2025-01-04,-1.134430171601155,-19,17.865569828398844
16709,Penn St,Notre Dame,Notre Dame,False,22,2025-01-09,-0.8639422168072803,-3,2.1360577831927197
16710,Texas,Ohio St,Ohio St,False,22,2025-01-10,-4.8962891259576375,-14,9.103710874042363
16711,Notre Dame,Ohio St,Ohio St,False,23,2025-01-20,2.029455488372905,-11,13.029455488372905
