game_idx,team1,team2,actual_winner,team1_winner,week,date,predicted_mov,actual_mov,error
14984,California,Auburn,Auburn,False,3,2023-09-09,1.0962971561034396,-4,5.096297156103439
14988,UCF,Boise St,UCF,True,3,2023-09-09,6.54010994333029,2,4.54010994333029
14992,Coastal Car,Jacksonville St,Coastal Car,True,3,2023-09-09,4.9508435591794555,14,9.049156440820544
14993,Nebraska,Colorado,Colorado,False,3,2023-09-09,-0.17002657928876405,-22,21.829973420711237
14996,Florida Intl,N Texas,Florida Intl,True,3,2023-09-09,-2.672576808380009,7,9.67257680838001
15009,New Mexico St,Liberty,Liberty,False,3,2023-09-09,0.5235228566513173,-16,16.52352285665132
15016,Miami,Texas A&M,Miami,True,3,2023-09-09,4.488136466212429,15,10.511863533787572
15017,UMass,Miami OH,Miami OH,False,3,2023-09-09,-1.5163126654154846,-13,11.483687334584516
15027,UTEP,Northwestern,Northwestern,False,3,2023-09-09,-3.9400840883291446,-31,27.059915911670856
15028,NC State,Notre Dame,Notre Dame,False,3,2023-09-09,-0.4954437428361031,-21,20.504556257163898
15031,SMU,Oklahoma,Oklahoma,False,3,2023-09-09,-0.5541338568784331,-17,16.445866143121567
15037,Purdue,Virginia Tech,Purdue,True,3,2023-09-09,-0.251796663072929,7,7.251796663072929
15038,Houston,Rice,Rice,False,3,2023-09-09,-7.053827395759223,-2,5.053827395759223
15039,Temple,Rutgers,Rutgers,False,3,2023-09-09,-0.8486918530039345,-29,28.151308146996065
15044,Stanford,USC,USC,False,3,2023-09-09,-1.2309310150017565,-46,44.76906898499824
15048,Alabama,Texas,Texas,False,3,2023-09-09,2.9551158703515408,-10,12.955115870351541
15050,UTSA,Texas St,UTSA,True,3,2023-09-09,-4.551681963408136,7,11.551681963408136
15052,San Diego St,UCLA,UCLA,False,3,2023-09-09,-1.125969681654058,-25,23.87403031834594
15053,Utah,Baylor,Utah,True,3,2023-09-09,-5.031145183438184,7,12.031145183438184
15057,Wisconsin,Washington St,Washington St,False,3,2023-09-09,11.142059806924998,-9,20.142059806924998
15062,Navy,Memphis,Memphis,False,4,2023-09-14,0.6542951621871238,-4,4.654295162187124
15064,Utah St,Air Force,Air Force,False,4,2023-09-15,2.551325559211938,-18,20.55132555921194
15065,UTSA,Army,Army,False,4,2023-09-15,5.073692449790224,-8,13.073692449790224
15066,Maryland,Virginia,Maryland,True,4,2023-09-15,4.827755356076571,28,23.172244643923428
15067,S Florida,Alabama,Alabama,False,4,2023-09-16,1.8271370807567944,-14,15.827137080756794
15068,E Carolina,App State,App State,False,4,2023-09-16,5.389509852178675,-15,20.389509852178676
15069,Arizona,UTEP,Arizona,True,4,2023-09-16,2.084956177702294,21,18.915043822297704
15075,BYU,Arkansas,BYU,True,4,2023-09-16,1.301531232412335,7,5.698468767587665
15078,Clemson,Florida Atlantic,Clemson,True,4,2023-09-16,1.4244817109196657,34,32.575518289080335
15080,Colorado St,Colorado,Colorado,False,4,2023-09-16,-5.183030049441911,-8,2.8169699505580894
15081,Northwestern,Duke,Duke,False,4,2023-09-16,-1.0797053691376128,-24,22.920294630862386
15082,UMass,E Michigan,E Michigan,False,4,2023-09-16,1.0191883406569424,-2,3.0191883406569424
15083,Florida,Tennessee,Florida,True,4,2023-09-16,-1.9476535948064044,13,14.947653594806404
15084,Florida Intl,UConn,Florida Intl,True,4,2023-09-16,-2.045198355607383,7,9.045198355607383
15085,Boston College,Florida St,Florida St,False,4,2023-09-16,-3.4183905101326664,-2,1.4183905101326664
15086,Arizona St,Fresno St,Fresno St,False,4,2023-09-16,-1.7185087463423265,-29,27.281491253657673
15087,Georgia,South Carolina,Georgia,True,4,2023-09-16,2.9251105781120703,10,7.07488942188793
15088,Charlotte,Georgia St,Georgia St,False,4,2023-09-16,0.8782813051242994,-16,16.8782813051243
15089,W Michigan,Iowa,Iowa,False,4,2023-09-16,-1.2413216972220222,-31,29.758678302777977
15090,Troy,J Madison,J Madison,False,4,2023-09-16,0.6226825553129947,-2,2.622682555312995
15091,Kansas,Nevada,Kansas,True,4,2023-09-16,4.3613002525809375,7,2.6386997474190625
15093,Akron,Kentucky,Kentucky,False,4,2023-09-16,-1.2916908090227903,-32,30.70830919097721
15094,Buffalo,Liberty,Liberty,False,4,2023-09-16,0.7107805115326845,-28,28.710780511532686
15095,UAB,Louisiana,Louisiana,False,4,2023-09-16,-0.6364852874143679,-20,19.363514712585634
15096,LSU,Mississippi St,LSU,True,4,2023-09-16,1.1399406816631699,27,25.86005931833683
15097,Louisville,Indiana,Louisville,True,4,2023-09-16,12.71411469474147,7,5.71411469474147
15098,Cincinnati,Miami OH,Miami OH,False,4,2023-09-16,-2.903743495787502,-7,4.096256504212498
15099,Michigan,Bowling Green,Michigan,True,4,2023-09-16,2.231211944800107,25,22.76878805519989
15101,Mississippi,Georgia Tech,Mississippi,True,4,2023-09-16,1.4999670238690883,25,23.50003297613091
15102,Kansas St,Missouri,Missouri,False,4,2023-09-16,2.2875209473019615,-3,5.287520947301962
15103,N Illinois,Nebraska,Nebraska,False,4,2023-09-16,0.3230402553364416,-24,24.32304025533644
15104,Vanderbilt,UNLV,UNLV,False,4,2023-09-16,0.8137511035123849,-3,3.8137511035123848
15105,New Mexico,New Mexico St,New Mexico St,False,4,2023-09-16,1.1925645899026014,-10,11.192564589902602
15106,Minnesota,North Carolina,North Carolina,False,4,2023-09-16,-3.371753068373376,-18,14.628246931626624
15108,N Texas,Louisiana Tech,N Texas,True,4,2023-09-16,0.2348257745408421,3,2.765174225459158
15109,Notre Dame,C Michigan,Notre Dame,True,4,2023-09-16,5.483445473862356,24,18.516554526137643
15110,Iowa St,Ohio,Ohio,False,4,2023-09-16,-0.6570517450779727,-3,2.3429482549220273
15111,Ohio St,W Kentucky,Ohio St,True,4,2023-09-16,3.035658041766142,53,49.96434195823386
15112,Tulsa,Oklahoma,Oklahoma,False,4,2023-09-16,-6.205969300500148,-49,42.79403069949985
15113,Hawai'i,Oregon,Oregon,False,4,2023-09-16,1.9198439595715597,-45,46.91984395957156
15114,Oregon St,San Diego St,Oregon St,True,4,2023-09-16,-1.6394960014519249,17,18.639496001451924
15115,Illinois,Penn St,Penn St,False,4,2023-09-16,0.06573986431454197,-17,17.06573986431454
15117,Virginia Tech,Rutgers,Rutgers,False,4,2023-09-16,-0.47503048066086473,-19,18.524969519339134
15119,S Alabama,Oklahoma St,S Alabama,True,4,2023-09-16,1.100256934140787,26,24.899743065859212
15121,Syracuse,Purdue,Syracuse,True,4,2023-09-16,0.2452663738648761,15,14.754733626135124
15123,Texas,Wyoming,Texas,True,4,2023-09-16,2.482665552949386,21,18.517334447050615
15124,UL Monroe,Texas A&M,Texas A&M,False,4,2023-09-16,-3.1144713238660646,-44,40.88552867613394
15125,TCU,Houston,TCU,True,4,2023-09-16,-5.308121668828142,23,28.308121668828143
15128,San Jose St,Toledo,Toledo,False,4,2023-09-16,-1.4650010091720271,-4,2.534998990827973
15129,Tulane,Southern Miss,Tulane,True,4,2023-09-16,-2.57728965567498,18,20.57728965567498
15132,Wake Forest,Old Dominion,Wake Forest,True,4,2023-09-16,2.4156722391087557,3,0.5843277608912443
15133,Washington,Michigan St,Washington,True,4,2023-09-16,0.4873294400697375,34,33.512670559930264
15135,Pittsburgh,West Virginia,West Virginia,False,4,2023-09-16,-2.7868210754409923,-11,8.213178924559008
15136,Wisconsin,Georgia So,Wisconsin,True,4,2023-09-16,-2.335955282264447,21,23.335955282264447
15137,Coastal Car,Georgia St,Georgia St,False,5,2023-09-21,-0.7118264762013614,-13,12.288173523798639
15138,San Jose St,Air Force,Air Force,False,5,2023-09-22,0.7105000635620883,-25,25.710500063562087
15139,Boise St,San Diego St,Boise St,True,5,2023-09-22,1.4854797077480413,3,1.5145202922519587
15140,NC State,Virginia,NC State,True,5,2023-09-22,1.6428918964434378,3,1.3571081035565622
15141,Purdue,Wisconsin,Wisconsin,False,5,2023-09-22,-0.8695551573988349,-21,20.130444842601165
15142,Mississippi,Alabama,Alabama,False,5,2023-09-23,1.8405258368512967,-14,15.840525836851297
15143,Arizona,Stanford,Arizona,True,5,2023-09-23,-2.976265321449438,1,3.976265321449438
15144,Southern Miss,Arkansas St,Arkansas St,False,5,2023-09-23,-2.808505073857213,-7,4.191494926142787
15145,S Alabama,C Michigan,C Michigan,False,5,2023-09-23,0.4457528023516852,-4,4.445752802351685
15146,Colorado St,Middle Tenn,Colorado St,True,5,2023-09-23,-8.68548370417698,8,16.68548370417698
15147,Duke,UConn,Duke,True,5,2023-09-23,3.8766297817010114,34,30.123370218298987
15149,Charlotte,Florida,Florida,False,5,2023-09-23,-0.5126733700664123,-15,14.487326629933587
15150,Florida St,Clemson,Florida St,True,5,2023-09-23,-0.3856554274005476,7,7.385655427400548
15151,Fresno St,Kent St,Fresno St,True,5,2023-09-23,2.9882518192683905,43,40.01174818073161
15152,UAB,Georgia,Georgia,False,5,2023-09-23,-2.0260286703717196,-28,25.97397132962828
15153,Ball St,Georgia So,Georgia So,False,5,2023-09-23,0.02884467205945382,-37,37.028844672059456
15154,Georgia Tech,Wake Forest,Georgia Tech,True,5,2023-09-23,0.23784077197833942,14,13.76215922802166
15155,Sam Houston,Houston,Houston,False,5,2023-09-23,-5.291344903684663,-31,25.708655096315336
15156,Illinois,Florida Atlantic,Illinois,True,5,2023-09-23,-1.0787352752439587,6,7.078735275243959
15157,Indiana,Akron,Indiana,True,5,2023-09-23,0.23304292364994872,2,1.7669570763500513
15158,Iowa St,Oklahoma St,Iowa St,True,5,2023-09-23,-0.889972273270279,7,7.889972273270279
15159,E Michigan,Jacksonville St,Jacksonville St,False,5,2023-09-23,-0.8218994726622587,-21,20.17810052733774
15160,Utah St,J Madison,J Madison,False,5,2023-09-23,-3.380610053891309,-7,3.619389946108691
15161,BYU,Kansas,Kansas,False,5,2023-09-23,0.23847603737630035,-11,11.2384760373763
15162,UCF,Kansas St,Kansas St,False,5,2023-09-23,2.0587091775383355,-13,15.058709177538336
15163,Vanderbilt,Kentucky,Kentucky,False,5,2023-09-23,-1.0186237334991386,-17,15.981376266500861
15164,Liberty,Florida Intl,Liberty,True,5,2023-09-23,2.8039600512977834,32,29.196039948702218
15165,Louisiana,Buffalo,Louisiana,True,5,2023-09-23,3.8634925929882975,7,3.1365074070117025
15166,Arkansas,LSU,LSU,False,5,2023-09-23,-1.1057967607612822,-3,1.8942032392387178
15167,Boston College,Louisville,Louisville,False,5,2023-09-23,-1.2474585957095523,-28,26.752541404290447
15168,Marshall,Virginia Tech,Marshall,True,5,2023-09-23,-2.32800754764351,7,9.32800754764351
15169,Michigan St,Maryland,Maryland,False,5,2023-09-23,-0.5605618550398571,-22,21.439438144960143
15170,Temple,Miami,Miami,False,5,2023-09-23,-1.355187050808667,-34,32.64481294919133
15172,Michigan,Rutgers,Michigan,True,5,2023-09-23,2.045003990980599,24,21.9549960090194
15173,Memphis,Missouri,Missouri,False,5,2023-09-23,-0.5901912659228441,-7,6.409808734077156
15174,Louisiana Tech,Nebraska,Nebraska,False,5,2023-09-23,-0.0526817574912109,-14,13.94731824250879
15175,UNLV,UTEP,UNLV,True,5,2023-09-23,-0.2831786143613133,17,17.28317861436131
15176,UMass,New Mexico,New Mexico,False,5,2023-09-23,0.4505879360754737,-3,3.4505879360754736
15177,Pittsburgh,North Carolina,North Carolina,False,5,2023-09-23,-0.7904076222060981,-17,16.209592377793903
15178,Northwestern,Minnesota,Northwestern,True,5,2023-09-23,-1.981909169517624,3,4.981909169517624
15179,Bowling Green,Ohio,Ohio,False,5,2023-09-23,-0.9739482698989288,-31,30.02605173010107
15180,Notre Dame,Ohio St,Ohio St,False,5,2023-09-23,1.2660551874643255,-3,4.2660551874643255
15181,Cincinnati,Oklahoma,Oklahoma,False,5,2023-09-23,-0.16474129318783357,-14,13.835258706812166
15183,Colorado,Oregon,Oregon,False,5,2023-09-23,3.498116657134973,-36,39.49811665713497
15184,Penn St,Iowa,Penn St,True,5,2023-09-23,1.632949824286769,31,29.36705017571323
15185,Mississippi St,South Carolina,South Carolina,False,5,2023-09-23,-2.835134100101788,-7,4.164865899898212
15186,Rice,S Florida,S Florida,False,5,2023-09-23,0.4782602622522049,-13,13.478260262252205
15187,Arizona St,USC,USC,False,5,2023-09-23,-0.6144184416481066,-14,13.385581558351893
15188,Syracuse,Army,Syracuse,True,5,2023-09-23,2.0140478276209772,13,10.985952172379022
15189,UTSA,Tennessee,Tennessee,False,5,2023-09-23,-1.020787053936696,-31,29.979212946063303
15190,Texas,Baylor,Texas,True,5,2023-09-23,0.9891266104663305,32,31.01087338953367
15191,Auburn,Texas A&M,Texas A&M,False,5,2023-09-23,1.0686631852599566,-17,18.068663185259958
15192,TCU,SMU,TCU,True,5,2023-09-23,2.2712893928952647,17,14.728710607104736
15193,Texas St,Nevada,Texas St,True,5,2023-09-23,-0.8898947226158882,11,11.889894722615889
15194,W Michigan,Toledo,Toledo,False,5,2023-09-23,-0.3038057326141125,-18,17.696194267385888
15195,W Kentucky,Troy,Troy,False,5,2023-09-23,-0.22331821954874573,-3,2.7766817804512542
15197,N Illinois,Tulsa,Tulsa,False,5,2023-09-23,8.381254003759201,-8,16.381254003759203
15198,Utah,UCLA,Utah,True,5,2023-09-23,1.1046686039904627,7,5.895331396009537
15199,California,Washington,Washington,False,5,2023-09-23,2.5003471397716592,-27,29.50034713977166
15200,Oregon St,Washington St,Washington St,False,5,2023-09-23,-0.6464840192293652,-3,2.3535159807706347
15201,West Virginia,Texas Tech,West Virginia,True,5,2023-09-23,-1.682077264439015,7,8.682077264439014
15202,Wyoming,App State,Wyoming,True,5,2023-09-23,0.29464622325231066,3,2.7053537767476894
15203,Hawai'i,New Mexico St,Hawai'i,True,5,2023-09-24,-0.7272499635074334,3,3.7272499635074334
15204,Sam Houston,Jacksonville St,Jacksonville St,False,6,2023-09-28,-3.2150116436979466,-7,3.7849883563020534
15205,Temple,Tulsa,Tulsa,False,6,2023-09-28,-2.7671907970114153,-22,19.232809202988584
15206,W Kentucky,Middle Tenn,W Kentucky,True,6,2023-09-28,1.5473822077349397,21,19.45261779226506
15207,BYU,Cincinnati,BYU,True,6,2023-09-29,-0.17802736498024227,8,8.178027364980242
15208,Louisiana Tech,UTEP,Louisiana Tech,True,6,2023-09-29,-1.4149610773196868,14,15.414961077319687
15209,Louisville,NC State,Louisville,True,6,2023-09-29,0.5231235312980963,3,2.476876468701904
15210,Oregon St,Utah,Oregon St,True,6,2023-09-29,2.6584472866757607,14,11.341552713324239
15211,San Diego St,Air Force,Air Force,False,6,2023-09-30,-0.13695777143876728,-39,38.863042228561234
15212,Alabama,Mississippi St,Alabama,True,6,2023-09-30,-2.2246630146404334,23,25.224663014640434
15213,UL Monroe,App State,App State,False,6,2023-09-30,-1.0977447555028303,-1,0.09774475550283035
15214,Arkansas St,UMass,Arkansas St,True,6,2023-09-30,2.1925153115797045,24,21.807484688420296
15215,Baylor,UCF,Baylor,True,6,2023-09-30,-0.8796471272601659,1,1.8796471272601658
15216,Boston College,Virginia,Boston College,True,6,2023-09-30,1.7207358571680287,3,1.2792641428319713
15217,Bowling Green,Georgia Tech,Bowling Green,True,6,2023-09-30,-2.422276706151397,11,13.422276706151397
15218,Akron,Buffalo,Buffalo,False,6,2023-09-30,-0.2393903589524087,-3,2.760609641047591
15219,Arizona St,California,California,False,6,2023-09-30,-2.3903912459095946,-3,0.6096087540904054
15220,E Michigan,C Michigan,C Michigan,False,6,2023-09-30,1.2013782012174172,-3,4.201378201217417
15221,Clemson,Syracuse,Clemson,True,6,2023-09-30,0.4005057416536207,17,16.59949425834638
15223,Fresno St,Nevada,Fresno St,True,6,2023-09-30,2.0088747206252475,18,15.991125279374753
15224,Georgia,Auburn,Georgia,True,6,2023-09-30,1.074022643832631,7,5.925977356167369
15225,Georgia So,Coastal Car,Georgia So,True,6,2023-09-30,2.2994177778012443,10,7.700582222198756
15226,Michigan St,Iowa,Iowa,False,6,2023-09-30,4.21890239351221,-10,14.21890239351221
15227,S Alabama,J Madison,J Madison,False,6,2023-09-30,-4.691533714830789,-8,3.308466285169211
15228,Florida,Kentucky,Kentucky,False,6,2023-09-30,-2.3954089113503354,-19,16.604591088649663
15229,Old Dominion,Marshall,Marshall,False,6,2023-09-30,-1.1862699533453163,-6,4.813730046654683
15230,Indiana,Maryland,Maryland,False,6,2023-09-30,1.5802252100417429,-27,28.580225210041743
15231,Boise St,Memphis,Memphis,False,6,2023-09-30,-1.007187497182076,-3,1.992812502817924
15232,Miami OH,Kent St,Miami OH,True,6,2023-09-30,1.0145610573309434,20,18.985438942669056
15233,Michigan,Nebraska,Michigan,True,6,2023-09-30,1.97973081631944,38,36.02026918368056
15234,Louisiana,Minnesota,Minnesota,False,6,2023-09-30,-0.9969667221524372,-11,10.003033277847562
15235,LSU,Mississippi,Mississippi,False,6,2023-09-30,2.856143891137736,-6,8.856143891137735
15236,Vanderbilt,Missouri,Missouri,False,6,2023-09-30,-1.6732588332060447,-17,15.326741166793955
15237,UNLV,Hawai'i,UNLV,True,6,2023-09-30,4.1623421553641,24,19.8376578446359
15239,Notre Dame,Duke,Notre Dame,True,6,2023-09-30,0.8951976842605667,7,6.104802315739433
15240,Oklahoma,Iowa St,Oklahoma,True,6,2023-09-30,2.9543405169693706,30,27.04565948303063
15241,Stanford,Oregon,Oregon,False,6,2023-09-30,-0.3489381328429352,-36,35.65106186715707
15242,Northwestern,Penn St,Penn St,False,6,2023-09-30,-1.1143635152391156,-28,26.885636484760884
15243,Illinois,Purdue,Purdue,False,6,2023-09-30,0.10753952804883476,-25,25.107539528048836
15244,Rice,E Carolina,Rice,True,6,2023-09-30,-1.2203885646257424,7,8.220388564625743
15246,Navy,S Florida,S Florida,False,6,2023-09-30,-2.175215989343759,-14,11.824784010656241
15247,Colorado,USC,USC,False,6,2023-09-30,0.01977944410845129,-7,7.019779444108451
15248,Charlotte,SMU,SMU,False,6,2023-09-30,-0.3719969647577384,-18,17.628003035242262
15249,Tennessee,South Carolina,Tennessee,True,6,2023-09-30,0.5013475031245102,21,20.49865249687549
15250,Kansas,Texas,Texas,False,6,2023-09-30,0.41723736463711597,-26,26.417237364637117
15251,Texas A&M,Arkansas,Texas A&M,True,6,2023-09-30,-2.3204622727134194,12,14.320462272713419
15252,Southern Miss,Texas St,Texas St,False,6,2023-09-30,-2.0976043375029376,-14,11.902395662497062
15253,Houston,Texas Tech,Texas Tech,False,6,2023-09-30,1.0408444177294918,-21,22.04084441772949
15254,N Illinois,Toledo,Toledo,False,6,2023-09-30,-0.3548544565100145,-2,1.6451455434899855
15255,Troy,Georgia St,Troy,True,6,2023-09-30,0.07704470770887487,21,20.922955292291125
15256,UAB,Tulane,Tulane,False,6,2023-09-30,0.7141372746657986,-12,12.714137274665799
15257,UConn,Utah St,Utah St,False,6,2023-09-30,-2.4811264647071725,-1,1.4811264647071725
15258,Pittsburgh,Virginia Tech,Virginia Tech,False,6,2023-09-30,-0.6097148584497941,-17,16.390285141550205
15259,Washington,Arizona,Washington,True,6,2023-09-30,2.378021310140595,7,4.6219786898594055
15260,TCU,West Virginia,West Virginia,False,6,2023-09-30,3.9444640363892414,-3,6.944464036389242
15261,W Michigan,Ball St,W Michigan,True,6,2023-09-30,-1.4472083344220605,18,19.44720833442206
15262,Wyoming,New Mexico,Wyoming,True,6,2023-09-30,3.7124804376748948,9,5.287519562325105
15263,Middle Tenn,Jacksonville St,Jacksonville St,False,7,2023-10-04,1.374391794398945,-15,16.374391794398946
15264,New Mexico St,Florida Intl,New Mexico St,True,7,2023-10-04,0.2980801072272888,17,16.70191989277271
15265,Sam Houston,Liberty,Liberty,False,7,2023-10-05,-1.7402413486340882,-5,3.259758651365912
15266,Louisiana Tech,W Kentucky,W Kentucky,False,7,2023-10-05,-1.0742995593465463,-7,5.925700440653454
15267,Illinois,Nebraska,Nebraska,False,7,2023-10-06,0.3521001782051928,-13,13.352100178205193
15268,Kansas St,Oklahoma St,Oklahoma St,False,7,2023-10-06,1.427973055745055,-8,9.427973055745055
15269,Texas A&M,Alabama,Alabama,False,7,2023-10-07,-1.3905360278977978,-6,4.609463972102202
15270,S Florida,UAB,UAB,False,7,2023-10-07,-1.8540433694986997,-21,19.1459566305013
15271,Boise St,San Jose St,Boise St,True,7,2023-10-07,-1.9409425270878558,8,9.940942527087856
15272,Army,Boston College,Boston College,False,7,2023-10-07,-0.8692081557326673,-3,2.130791844267333
15273,Buffalo,C Michigan,Buffalo,True,7,2023-10-07,-1.0476826497088665,24,25.047682649708868
15274,Wake Forest,Clemson,Clemson,False,7,2023-10-07,-0.26929688947651653,-5,4.730703110523484
15275,Colorado,Arizona St,Colorado,True,7,2023-10-07,2.7990249302538026,3,0.2009750697461974
15276,Rice,UConn,UConn,False,7,2023-10-07,0.5398925653466982,-7,7.539892565346698
15277,Ball St,E Michigan,E Michigan,False,7,2023-10-07,-0.5127994310850679,-14,13.487200568914933
15278,Florida,Vanderbilt,Florida,True,7,2023-10-07,-3.4471348370295356,24,27.447134837029537
15279,Tulsa,Florida Atlantic,Florida Atlantic,False,7,2023-10-07,-1.9200127638049023,-3,1.0799872361950977
15280,Virginia Tech,Florida St,Florida St,False,7,2023-10-07,-1.9002900868704227,-22,20.099709913129576
15281,Kentucky,Georgia,Georgia,False,7,2023-10-07,0.9942041175578248,-38,38.99420411755783
15282,Georgia Tech,Miami,Georgia Tech,True,7,2023-10-07,0.589793970438123,3,2.410206029561877
15283,Iowa,Purdue,Iowa,True,7,2023-10-07,-1.462514164764781,6,7.462514164764781
15284,Iowa St,TCU,Iowa St,True,7,2023-10-07,-1.0843819674265833,13,14.084381967426584
15285,UCF,Kansas,Kansas,False,7,2023-10-07,-0.7753395484414126,-29,28.224660451558588
15286,Louisiana,Texas St,Louisiana,True,7,2023-10-07,-1.5023011497981498,4,5.50230114979815
15287,Missouri,LSU,LSU,False,7,2023-10-07,1.670818092054117,-10,11.670818092054116
15288,Notre Dame,Louisville,Louisville,False,7,2023-10-07,-0.20290028416619763,-13,12.797099715833802
15289,Miami OH,Bowling Green,Miami OH,True,7,2023-10-07,-2.111535623996634,27,29.111535623996634
15290,Michigan,Minnesota,Michigan,True,7,2023-10-07,1.9296120368350904,42,40.07038796316491
15291,Arkansas,Mississippi,Mississippi,False,7,2023-10-07,-0.487547347684932,-7,6.512452652315068
15292,Mississippi St,W Michigan,Mississippi St,True,7,2023-10-07,1.176080563680422,13,11.823919436319578
15293,N Texas,Navy,Navy,False,7,2023-10-07,-0.1704989032110622,-3,2.829501096788938
15294,North Carolina,Syracuse,North Carolina,True,7,2023-10-07,1.0659191603932003,33,31.9340808396068
15295,Marshall,NC State,NC State,False,7,2023-10-07,-0.03476171253416234,-7,6.965238287465838
15296,N Illinois,Akron,N Illinois,True,7,2023-10-07,-0.024181185055872936,41,41.02418118505587
15298,Ohio,Kent St,Ohio,True,7,2023-10-07,1.9640049902876617,25,23.035995009712337
15299,Ohio St,Maryland,Ohio St,True,7,2023-10-07,3.2111419369686574,20,16.78885806303134
15300,Oklahoma,Texas,Oklahoma,True,7,2023-10-07,6.52427795320903,4,2.5242779532090296
15301,Southern Miss,Old Dominion,Old Dominion,False,7,2023-10-07,-1.2276914848924556,-4,2.7723085151075444
15302,Oregon St,California,Oregon St,True,7,2023-10-07,-0.11610077796841957,12,12.11610077796842
15303,S Alabama,UL Monroe,S Alabama,True,7,2023-10-07,-0.2430479360677723,48,48.243047936067775
15304,Arizona,USC,USC,False,7,2023-10-07,0.3186488555513448,-2,2.318648855551345
15305,Texas Tech,Baylor,Texas Tech,True,7,2023-10-07,0.7708901345507777,25,24.22910986544922
15306,Temple,UTSA,UTSA,False,7,2023-10-07,-0.6042439356756377,-15,14.395756064324363
15307,UMass,Toledo,Toledo,False,7,2023-10-07,-1.0675611058122971,-17,15.932438894187703
15308,Arkansas St,Troy,Troy,False,7,2023-10-07,-1.1973701062336324,-34,32.802629893766365
15309,Washington St,UCLA,UCLA,False,7,2023-10-07,3.2068886479960517,-8,11.206888647996053
15310,Colorado St,Utah St,Utah St,False,7,2023-10-07,1.7458444409152312,-20,21.74584444091523
15312,Wisconsin,Rutgers,Wisconsin,True,7,2023-10-07,0.8723959795641225,11,10.127604020435877
15313,Wyoming,Fresno St,Wyoming,True,7,2023-10-07,0.3051413787224304,5,4.69485862127757
15314,Coastal Car,App State,Coastal Car,True,8,2023-10-10,-1.2444110923150233,3,4.244411092315024
15315,Jacksonville St,Liberty,Liberty,False,8,2023-10-10,-0.7976297746972916,-18,17.202370225302708
15316,Middle Tenn,Louisiana Tech,Middle Tenn,True,8,2023-10-10,-0.7784813576376146,8,8.778481357637615
15317,New Mexico St,Sam Houston,New Mexico St,True,8,2023-10-11,-2.06090939078277,14,16.06090939078277
15318,UTEP,Florida Intl,UTEP,True,8,2023-10-11,-0.9438961987543406,13,13.943896198754341
15319,West Virginia,Houston,Houston,False,8,2023-10-12,-1.5684992593467981,-2,0.4315007406532019
15320,SMU,E Carolina,SMU,True,8,2023-10-12,-2.0242661237909534,21,23.02426612379095
15321,Fresno St,Utah St,Fresno St,True,8,2023-10-13,1.5358371140048874,5,3.464162885995113
15322,Colorado,Stanford,Stanford,False,8,2023-10-13,-1.1549208769458488,-3,1.8450791230541512
15323,Tulane,Memphis,Tulane,True,8,2023-10-13,1.3312160527947148,10,8.668783947205284
15324,Air Force,Wyoming,Air Force,True,8,2023-10-14,0.011373059542520403,7,6.98862694045748
15325,Arkansas,Alabama,Alabama,False,8,2023-10-14,-0.7583169748180263,-3,2.241683025181974
15326,Arizona,Washington St,Arizona,True,8,2023-10-14,-1.8340389854080648,38,39.834038985408064
15327,Bowling Green,Buffalo,Bowling Green,True,8,2023-10-14,-1.4073340870128996,10,11.407334087012899
15328,C Michigan,Akron,C Michigan,True,8,2023-10-14,-1.0063099067964083,7,8.006309906796409
15329,Colorado St,Boise St,Colorado St,True,8,2023-10-14,-1.2602593919430458,1,2.2602593919430456
15330,NC State,Duke,Duke,False,8,2023-10-14,0.6451745288326376,-21,21.645174528832637
15331,Kent St,E Michigan,E Michigan,False,8,2023-10-14,-2.393802276962872,-14,11.606197723037127
15332,Florida,South Carolina,Florida,True,8,2023-10-14,-4.498359461145994,2,6.498359461145994
15333,S Florida,Florida Atlantic,Florida Atlantic,False,8,2023-10-14,0.2692136875057728,-42,42.269213687505776
15334,Florida St,Syracuse,Florida St,True,8,2023-10-14,1.8073147054252465,38,36.19268529457475
15335,Georgia,Vanderbilt,Georgia,True,8,2023-10-14,2.1992417937093456,17,14.800758206290654
15336,Georgia St,Marshall,Georgia St,True,8,2023-10-14,-1.2513677744507834,17,18.251367774450785
15337,Maryland,Illinois,Illinois,False,8,2023-10-14,2.09267189670186,-3,5.0926718967018605
15338,Wisconsin,Iowa,Iowa,False,8,2023-10-14,2.6891768487672447,-9,11.689176848767245
15339,Iowa St,Cincinnati,Iowa St,True,8,2023-10-14,0.46145925386943554,20,19.538540746130565
15340,Georgia So,J Madison,J Madison,False,8,2023-10-14,-0.9703153567620971,-28,27.029684643237903
15341,Texas Tech,Kansas St,Kansas St,False,8,2023-10-14,2.467220231191726,-17,19.467220231191725
15342,LSU,Auburn,LSU,True,8,2023-10-14,4.567188485027839,30,25.432811514972162
15343,W Michigan,Miami OH,Miami OH,False,8,2023-10-14,-0.7286334835560951,-13,12.271366516443905
15344,Michigan,Indiana,Michigan,True,8,2023-10-14,0.8665673422489332,45,44.133432657751065
15345,Kentucky,Missouri,Missouri,False,8,2023-10-14,0.1761913073283766,-17,17.176191307328377
15346,Charlotte,Navy,Navy,False,8,2023-10-14,3.945141229356274,-14,17.945141229356274
15347,Nevada,UNLV,UNLV,False,8,2023-10-14,-0.26208581185964486,-18,17.737914188140355
15348,North Carolina,Miami,North Carolina,True,8,2023-10-14,0.8168170683525893,10,9.18318293164741
15349,Temple,N Texas,N Texas,False,8,2023-10-14,-1.7608994295475064,-31,29.239100570452493
15350,N Illinois,Ohio,N Illinois,True,8,2023-10-14,-0.9535762254245911,10,10.953576225424591
15351,Notre Dame,USC,Notre Dame,True,8,2023-10-14,-0.619591271076881,28,28.61959127107688
15352,Purdue,Ohio St,Ohio St,False,8,2023-10-14,-0.24599065737654993,-34,33.75400934262345
15353,Oklahoma St,Kansas,Oklahoma St,True,8,2023-10-14,-0.1844265690098262,7,7.184426569009826
15354,UCLA,Oregon St,Oregon St,False,8,2023-10-14,0.5226154421135625,-12,12.522615442113562
15355,Penn St,UMass,Penn St,True,8,2023-10-14,-11.422556844965834,63,74.42255684496584
15356,Louisville,Pittsburgh,Pittsburgh,False,8,2023-10-14,1.8627295974641644,-17,18.862729597464163
15357,Rutgers,Michigan St,Rutgers,True,8,2023-10-14,-2.5276042548328235,3,5.5276042548328235
15358,San Diego St,Hawai'i,San Diego St,True,8,2023-10-14,2.6056986429092452,7,4.394301357090755
15359,New Mexico,San Jose St,San Jose St,False,8,2023-10-14,-4.463740769913628,-28,23.536259230086372
15360,Texas A&M,Tennessee,Tennessee,False,8,2023-10-14,1.0460199193461892,-7,8.04601991934619
15361,BYU,TCU,TCU,False,8,2023-10-14,0.7495991570175291,-33,33.74959915701753
15362,UL Monroe,Texas St,Texas St,False,8,2023-10-14,0.858697129076708,-1,1.858697129076708
15363,UAB,UTSA,UTSA,False,8,2023-10-14,-1.2190091243901187,-21,19.78099087560988
15364,Ball St,Toledo,Toledo,False,8,2023-10-14,-1.0840970200351245,-7,5.9159029799648755
15365,Army,Troy,Troy,False,8,2023-10-14,-1.1469953494282425,-19,17.85300465057176
15366,Utah,California,Utah,True,8,2023-10-14,-1.9484364528106863,20,21.948436452810686
15367,Virginia Tech,Wake Forest,Virginia Tech,True,8,2023-10-14,0.7197940764673445,17,16.280205923532655
15368,Oregon,Washington,Washington,False,8,2023-10-14,-4.241891419591535,-3,1.2418914195915347
15369,Jacksonville St,W Kentucky,Jacksonville St,True,9,2023-10-17,-0.8028042274320005,3,3.8028042274320004
15370,Liberty,Middle Tenn,Liberty,True,9,2023-10-17,0.7342213071234345,7,6.265778692876566
15371,S Alabama,Southern Miss,S Alabama,True,9,2023-10-17,2.974732002295044,52,49.02526799770496
15372,Florida Intl,Sam Houston,Florida Intl,True,9,2023-10-18,-1.570736028463409,6,7.5707360284634095
15373,UTEP,New Mexico St,New Mexico St,False,9,2023-10-18,-0.9383149222812743,-21,20.061685077718725
15374,Marshall,J Madison,J Madison,False,9,2023-10-19,-0.7331052845362623,-11,10.266894715463737
15375,Rice,Tulsa,Rice,True,9,2023-10-19,0.4460969617550902,32,31.55390303824491
15376,SMU,Temple,SMU,True,9,2023-10-20,3.285093913596492,55,51.71490608640351
15377,Air Force,Navy,Air Force,True,9,2023-10-21,-1.2418009250062296,11,12.24180092500623
15378,Alabama,Tennessee,Alabama,True,9,2023-10-21,0.5558572119434344,14,13.444142788056565
15379,C Michigan,Ball St,Ball St,False,9,2023-10-21,-0.27207165488426704,-7,6.727928345115733
15380,Baylor,Cincinnati,Baylor,True,9,2023-10-21,0.06041108880137763,3,2.9395889111986224
15381,Georgia Tech,Boston College,Boston College,False,9,2023-10-21,-0.4032538197046965,-15,14.596746180295304
15382,Akron,Bowling Green,Bowling Green,False,9,2023-10-21,-1.621429226256193,-27,25.378570773743807
15383,Texas Tech,BYU,BYU,False,9,2023-10-21,2.469433507565473,-13,15.469433507565473
15384,Kent St,Buffalo,Buffalo,False,9,2023-10-21,-1.0841690143919516,-18,16.91583098560805
15385,Charlotte,E Carolina,Charlotte,True,9,2023-10-21,0.8566335488943422,3,2.143366451105658
15386,Arkansas St,Coastal Car,Coastal Car,False,9,2023-10-21,-0.24407742450257872,-10,9.755922575497422
15387,Duke,Florida St,Florida St,False,9,2023-10-21,-0.9366677748799899,-18,17.06333222512001
15388,Georgia So,UL Monroe,Georgia So,True,9,2023-10-21,3.0966539679807488,10,6.903346032019251
15389,Louisiana,Georgia St,Georgia St,False,9,2023-10-21,0.09110693911196578,-3,3.091106939111966
15390,Kansas St,TCU,Kansas St,True,9,2023-10-21,1.7397600800898427,38,36.260239919910155
15391,LSU,Army,LSU,True,9,2023-10-21,4.989542650099137,62,57.01045734990086
15392,Memphis,UAB,Memphis,True,9,2023-10-21,-2.355206354289879,24,26.35520635428988
15393,Miami,Clemson,Miami,True,9,2023-10-21,1.1371361552662942,8,6.862863844733706
15394,Michigan,Michigan St,Michigan,True,9,2023-10-21,-1.7318519657418987,49,50.731851965741896
15395,Iowa,Minnesota,Minnesota,False,9,2023-10-21,-2.3780046199581593,-2,0.37800461995815926
15396,Auburn,Mississippi,Mississippi,False,9,2023-10-21,-1.3456725880939668,-7,5.654327411906033
15397,Arkansas,Mississippi St,Mississippi St,False,9,2023-10-21,-1.3054490260252285,-4,2.6945509739747715
15398,South Carolina,Missouri,Missouri,False,9,2023-10-21,1.9304687132977607,-22,23.93046871329776
15399,Nebraska,Northwestern,Nebraska,True,9,2023-10-21,0.22977160353147516,8,7.770228396468525
15400,Nevada,San Diego St,Nevada,True,9,2023-10-21,-0.249049147215372,6,6.249049147215372
15401,Colorado St,UNLV,UNLV,False,9,2023-10-21,-0.5492787490817574,-2,1.4507212509182426
15402,Hawai'i,New Mexico,New Mexico,False,9,2023-10-21,0.21123345224043602,-21,21.211233452240435
15403,N Illinois,E Michigan,N Illinois,True,9,2023-10-21,-0.9061011920748275,7,7.906101192074828
15404,W Michigan,Ohio,Ohio,False,9,2023-10-21,-1.0413546717423425,-3,1.9586453282576575
15405,Penn St,Ohio St,Ohio St,False,9,2023-10-21,3.0046336895237675,-8,11.004633689523768
15406,UCF,Oklahoma,Oklahoma,False,9,2023-10-21,0.8379574032039406,-2,2.8379574032039407
15407,West Virginia,Oklahoma St,Oklahoma St,False,9,2023-10-21,-3.678019739596656,-14,10.321980260403343
15408,App State,Old Dominion,Old Dominion,False,9,2023-10-21,1.1891043663194953,-7,8.189104366319496
15409,Oregon,Washington St,Oregon,True,9,2023-10-21,9.6996478402086,14,4.3003521597914
15410,Rutgers,Indiana,Rutgers,True,9,2023-10-21,-0.4213852484273308,17,17.42138524842733
15411,Utah St,San Jose St,San Jose St,False,9,2023-10-21,3.0806876422100533,-21,24.08068764221005
15412,S Florida,UConn,S Florida,True,9,2023-10-21,0.6507304904294966,3,2.3492695095705036
15413,Texas,Houston,Texas,True,9,2023-10-21,3.2290802182975162,7,3.7709197817024838
15414,UTSA,Florida Atlantic,UTSA,True,9,2023-10-21,-0.11017190994970477,26,26.110171909949706
15415,Miami OH,Toledo,Toledo,False,9,2023-10-21,-0.4063261551010722,-4,3.5936738448989276
15416,N Texas,Tulane,Tulane,False,9,2023-10-21,0.7628882299610479,-7,7.762888229961048
15417,Stanford,UCLA,UCLA,False,9,2023-10-21,-0.6874833769397339,-35,34.31251662306027
15418,Utah,USC,Utah,True,9,2023-10-21,-0.965279770516548,2,2.965279770516548
15419,Virginia,North Carolina,Virginia,True,9,2023-10-21,-1.2785985293134248,4,5.278598529313425
15420,Wake Forest,Pittsburgh,Wake Forest,True,9,2023-10-21,-0.47944363572880505,4,4.479443635728805
15421,Washington,Arizona St,Washington,True,9,2023-10-21,5.814854595397598,8,2.1851454046024017
15422,Wisconsin,Illinois,Wisconsin,True,9,2023-10-21,-0.8838371546028758,4,4.883837154602876
15423,W Kentucky,Liberty,Liberty,False,10,2023-10-24,-0.6601467938171515,-13,12.339853206182848
15424,Louisiana Tech,New Mexico St,New Mexico St,False,10,2023-10-24,-1.5187545949816095,-3,1.4812454050183905
15425,Florida Intl,Jacksonville St,Jacksonville St,False,10,2023-10-25,-1.5470866767595637,-25,23.452913323240438
15426,UTEP,Sam Houston,UTEP,True,10,2023-10-25,-1.8960350755700561,3,4.896035075570056
15427,Georgia So,Georgia St,Georgia So,True,10,2023-10-26,1.412224548512812,17,15.587775451487188
15428,Syracuse,Virginia Tech,Virginia Tech,False,10,2023-10-26,0.23776174094908292,-28,28.237761740949082
15429,Charlotte,Florida Atlantic,Florida Atlantic,False,10,2023-10-27,-0.18872825140604657,-22,21.811271748593953
15430,Air Force,Colorado St,Air Force,True,10,2023-10-28,1.8614681439376002,17,15.1385318560624
15431,Southern Miss,App State,App State,False,10,2023-10-28,-0.48369593975060693,-10,9.516304060249393
15432,Oregon St,Arizona,Arizona,False,10,2023-10-28,1.0326621526626099,-3,4.03266215266261
15433,Arizona St,Washington St,Arizona St,True,10,2023-10-28,-1.9087099644195966,11,12.908709964419597
15434,Arkansas St,UL Monroe,Arkansas St,True,10,2023-10-28,-0.14428609569658687,10,10.144286095696588
15435,Auburn,Mississippi St,Auburn,True,10,2023-10-28,-1.4634959209322786,14,15.463495920932278
15436,Wyoming,Boise St,Boise St,False,10,2023-10-28,-1.788454488533914,-25,23.211545511466085
15437,Boston College,UConn,Boston College,True,10,2023-10-28,1.0797185739684223,7,5.920281426031577
15438,Coastal Car,Marshall,Coastal Car,True,10,2023-10-28,-1.2525615194359057,28,29.252561519435904
15439,Florida St,Wake Forest,Florida St,True,10,2023-10-28,2.688715128609166,25,22.311284871390832
15440,Fresno St,UNLV,Fresno St,True,10,2023-10-28,-0.8509426656904233,7,7.8509426656904235
15441,Georgia,Florida,Georgia,True,10,2023-10-28,1.5879150900395556,23,21.412084909960445
15442,North Carolina,Georgia Tech,Georgia Tech,False,10,2023-10-28,1.4552322869068792,-4,5.455232286906879
15443,Baylor,Iowa St,Iowa St,False,10,2023-10-28,-1.091304556341113,-12,10.908695443658887
15444,Old Dominion,J Madison,J Madison,False,10,2023-10-28,-0.8080289540056741,-3,2.191971045994326
15445,Oklahoma,Kansas,Kansas,False,10,2023-10-28,2.046840538058725,-5,7.046840538058725
15446,Houston,Kansas St,Kansas St,False,10,2023-10-28,-1.3445954932695265,-41,39.65540450673048
15447,S Alabama,Louisiana,Louisiana,False,10,2023-10-28,0.8257672330651424,-13,13.825767233065143
15448,Louisville,Duke,Louisville,True,10,2023-10-28,2.8545407702024277,23,20.145459229797574
15449,UMass,Army,UMass,True,10,2023-10-28,2.308921036990606,7,4.691078963009394
15450,N Texas,Memphis,Memphis,False,10,2023-10-28,0.05612058359075262,-3,3.0561205835907526
15451,Miami,Virginia,Miami,True,10,2023-10-28,0.9051176023189256,3,2.0948823976810744
15452,Ohio,Miami OH,Miami OH,False,10,2023-10-28,0.5788338790447527,-14,14.578833879044753
15453,Minnesota,Michigan St,Minnesota,True,10,2023-10-28,-2.234225038078656,15,17.234225038078655
15454,Vanderbilt,Mississippi,Mississippi,False,10,2023-10-28,-0.9383637955040673,-26,25.061636204495933
15455,Nebraska,Purdue,Nebraska,True,10,2023-10-28,-0.6638594430403857,17,17.663859443040387
15456,Nevada,New Mexico,Nevada,True,10,2023-10-28,0.26311861566353734,10,9.736881384336463
15457,NC State,Clemson,NC State,True,10,2023-10-28,0.38212937792350404,7,6.617870622076496
15458,Maryland,Northwestern,Northwestern,False,10,2023-10-28,-0.33725688826296385,-6,5.662743111737036
15459,Notre Dame,Pittsburgh,Notre Dame,True,10,2023-10-28,0.379681348839016,51,50.620318651160986
15460,Wisconsin,Ohio St,Ohio St,False,10,2023-10-28,-3.5843452028080742,-14,10.415654797191927
15461,Oklahoma St,Cincinnati,Oklahoma St,True,10,2023-10-28,1.1675480340565,32,30.8324519659435
15462,Utah,Oregon,Oregon,False,10,2023-10-28,-0.9841292697144769,-29,28.015870730285524
15463,Indiana,Penn St,Penn St,False,10,2023-10-28,-2.0680886732747603,-9,6.93191132672524
15464,USC,California,USC,True,10,2023-10-28,0.14222098134095046,1,0.8577790186590495
15465,SMU,Tulsa,SMU,True,10,2023-10-28,1.7414055754737103,59,57.25859442452629
15466,Kentucky,Tennessee,Tennessee,False,10,2023-10-28,-0.7034489023749355,-6,5.2965510976250645
15467,Texas,BYU,Texas,True,10,2023-10-28,1.3955724524708744,29,27.604427547529127
15468,Texas A&M,South Carolina,Texas A&M,True,10,2023-10-28,-1.7896992639552407,13,14.78969926395524
15469,E Carolina,UTSA,UTSA,False,10,2023-10-28,-1.3721761307685192,-14,12.62782386923148
15470,Texas St,Troy,Troy,False,10,2023-10-28,-2.111461264793059,-18,15.888538735206941
15471,Rice,Tulane,Tulane,False,10,2023-10-28,-1.396641033402954,-2,0.603358966597046
15472,UCLA,Colorado,UCLA,True,10,2023-10-28,0.9775055415833908,12,11.02249445841661
15473,Stanford,Washington,Washington,False,10,2023-10-28,0.8022205033570101,-9,9.80222050335701
15474,UCF,West Virginia,West Virginia,False,10,2023-10-28,-1.0983095894393597,-13,11.90169041056064
15475,E Michigan,W Michigan,W Michigan,False,10,2023-10-28,-1.274259972834284,-24,22.725740027165717
15476,Hawai'i,San Jose St,San Jose St,False,10,2023-10-29,-1.0182457711466915,-35,33.98175422885331
15477,N Illinois,C Michigan,C Michigan,False,11,2023-10-31,-0.9630389507581879,-6,5.036961049241812
15478,Buffalo,Toledo,Toledo,False,11,2023-10-31,-0.40284871417331247,-18,17.597151285826687
15479,Akron,Kent St,Akron,True,11,2023-11-01,3.01277219895419,4,0.98722780104581
15480,Bowling Green,Ball St,Bowling Green,True,11,2023-11-01,3.1269324312798137,3,0.12693243127981368
15481,Wake Forest,Duke,Duke,False,11,2023-11-02,2.296301776747749,-3,5.2963017767477485
15482,TCU,Texas Tech,Texas Tech,False,11,2023-11-02,0.17919145538831063,-7,7.1791914553883105
15483,S Alabama,Troy,Troy,False,11,2023-11-02,-0.5414406662709813,-18,17.458559333729017
15484,Boston College,Syracuse,Boston College,True,11,2023-11-03,-0.2708771627940187,7,7.270877162794019
15485,Colorado St,Wyoming,Wyoming,False,11,2023-11-03,-1.9311054504455427,-9,7.068894549554457
15486,LSU,Alabama,Alabama,False,11,2023-11-04,0.2835586845396408,-14,14.28355868453964
15487,Florida Atlantic,UAB,UAB,False,11,2023-11-04,1.9395746082071943,-3,4.939574608207194
15488,App State,Marshall,App State,True,11,2023-11-04,-2.121571511184953,22,24.121571511184953
15489,Arizona,UCLA,Arizona,True,11,2023-11-04,0.4471293624010833,17,16.552870637598918
15490,Florida,Arkansas,Arkansas,False,11,2023-11-04,-0.08881160311454916,-3,2.911188396885451
15491,Louisiana,Arkansas St,Arkansas St,False,11,2023-11-04,3.360975340026931,-20,23.360975340026933
15492,Army,Air Force,Army,True,11,2023-11-04,0.0295371040588628,20,19.970462895941136
15493,Auburn,Vanderbilt,Auburn,True,11,2023-11-04,-0.266707958590631,16,16.26670795859063
15494,UCF,Cincinnati,UCF,True,11,2023-11-04,-0.24195286407250138,2,2.2419528640725015
15495,Tulsa,Charlotte,Charlotte,False,11,2023-11-04,-0.5743000719839486,-7,6.425699928016051
15496,Clemson,Notre Dame,Clemson,True,11,2023-11-04,1.3286270408265977,8,6.671372959173402
15497,Old Dominion,Coastal Car,Coastal Car,False,11,2023-11-04,-1.6502557626930685,-4,2.3497442373069317
15498,Pittsburgh,Florida St,Florida St,False,11,2023-11-04,-0.10898633934706546,-17,16.891013660652934
15499,Fresno St,Boise St,Fresno St,True,11,2023-11-04,-0.4970889836417436,7,7.497088983641744
15500,Georgia,Missouri,Georgia,True,11,2023-11-04,1.238378917406976,9,7.761621082593024
15501,Georgia Tech,Virginia,Georgia Tech,True,11,2023-11-04,1.6393690830783143,28,26.360630916921686
15502,Hawai'i,Nevada,Hawai'i,True,11,2023-11-04,-1.2109102608880735,13,14.210910260888074
15503,Baylor,Houston,Houston,False,11,2023-11-04,-0.8215982292944969,-1,0.17840177070550312
15504,Minnesota,Illinois,Illinois,False,11,2023-11-04,-0.646263456864731,-1,0.35373654313526903
15505,Wisconsin,Indiana,Indiana,False,11,2023-11-04,-0.413534722964132,-6,5.586465277035868
15506,Iowa,Northwestern,Iowa,True,11,2023-11-04,-1.6105302275684095,3,4.610530227568409
15507,Georgia St,J Madison,J Madison,False,11,2023-11-04,0.4135132480163436,-28,28.413513248016343
15508,Kansas,Iowa St,Kansas,True,11,2023-11-04,-0.05185995060139555,7,7.051859950601395
15509,Kentucky,Mississippi St,Kentucky,True,11,2023-11-04,-0.7659027573862897,21,21.76590275738629
15510,Louisiana Tech,Liberty,Liberty,False,11,2023-11-04,-2.9879495790747623,-26,23.012050420925238
15511,Louisville,Virginia Tech,Louisville,True,11,2023-11-04,-0.4531706030734551,31,31.453170603073456
15513,S Florida,Memphis,Memphis,False,11,2023-11-04,-1.1433180204804938,-9,7.856681979519506
15514,Purdue,Michigan,Michigan,False,11,2023-11-04,0.3392283135566993,-28,28.3392283135567
15515,Nebraska,Michigan St,Michigan St,False,11,2023-11-04,-0.6606432124437461,-3,2.339356787556254
15516,Texas A&M,Mississippi,Mississippi,False,11,2023-11-04,0.5823935854903922,-3,3.5823935854903923
15517,UNLV,New Mexico,UNLV,True,11,2023-11-04,4.596154635845424,42,37.40384536415458
15518,Middle Tenn,New Mexico St,New Mexico St,False,11,2023-11-04,2.1938880943366628,-6,8.193888094336662
15520,NC State,Miami,NC State,True,11,2023-11-04,-0.11946780603056303,14,14.119467806030563
15521,Rutgers,Ohio St,Ohio St,False,11,2023-11-04,-0.6274361874381047,-19,18.372563812561896
15522,Oklahoma,Oklahoma St,Oklahoma St,False,11,2023-11-04,-0.48486048195856857,-3,2.5151395180414315
15523,Oregon,California,Oregon,True,11,2023-11-04,1.7821059588584849,44,42.21789404114151
15524,Oregon St,Colorado,Oregon St,True,11,2023-11-04,-1.1562078995925031,7,8.156207899592504
15525,Maryland,Penn St,Penn St,False,11,2023-11-04,-0.7781945975462512,-36,35.22180540245375
15527,Jacksonville St,South Carolina,South Carolina,False,11,2023-11-04,-2.3952028760877053,-10,7.604797123912295
15528,Rice,SMU,SMU,False,11,2023-11-04,-1.177637367030922,-5,3.822362632969078
15529,UL Monroe,Southern Miss,Southern Miss,False,11,2023-11-04,1.121298190922455,-17,18.121298190922456
15530,Washington St,Stanford,Stanford,False,11,2023-11-04,-2.2360529691855318,-3,0.7639470308144682
15531,Navy,Temple,Temple,False,11,2023-11-04,0.9867653890131302,-14,14.98676538901313
15532,Tennessee,UConn,Tennessee,True,11,2023-11-04,1.2376118948675876,56,54.76238810513241
15533,Kansas St,Texas,Texas,False,11,2023-11-04,0.4948566822122747,-3,3.4948566822122746
15534,Texas St,Georgia So,Texas St,True,11,2023-11-04,-1.8075106758625987,21,22.8075106758626
15535,UTSA,N Texas,UTSA,True,11,2023-11-04,1.6444356503141815,8,6.355564349685818
15536,E Carolina,Tulane,Tulane,False,11,2023-11-04,0.31039516070756873,-3,3.310395160707569
15537,Utah,Arizona St,Utah,True,11,2023-11-04,-0.11398519512344647,52,52.11398519512345
15538,Utah St,San Diego St,Utah St,True,11,2023-11-04,0.4437791671528426,8,7.556220832847157
15539,USC,Washington,Washington,False,11,2023-11-04,3.264480689062651,-10,13.264480689062651
15540,West Virginia,BYU,West Virginia,True,11,2023-11-04,1.4286095050076866,30,28.571390494992315
15541,W Kentucky,UTEP,W Kentucky,True,11,2023-11-04,1.5549211233867768,8,6.445078876613223
15542,N Illinois,Ball St,Ball St,False,12,2023-11-07,2.7948423080452676,-3,5.794842308045268
15543,Ohio,Buffalo,Ohio,True,12,2023-11-07,-1.9242909695399126,10,11.924290969539912
15544,W Michigan,C Michigan,W Michigan,True,12,2023-11-07,-1.0758760524758126,10,11.075876052475813
15545,Bowling Green,Kent St,Bowling Green,True,12,2023-11-08,2.9415776313283457,30,27.058422368671653
15546,Miami OH,Akron,Miami OH,True,12,2023-11-08,0.5834329260224111,19,18.41656707397759
15547,E Michigan,Toledo,Toledo,False,12,2023-11-08,-0.6974854411286994,-26,25.3025145588713
15548,Louisville,Virginia,Louisville,True,12,2023-11-09,0.37703183436347604,7,6.622968165636524
15549,Louisiana,Southern Miss,Southern Miss,False,12,2023-11-09,0.21715683093168486,-3,3.217156830931685
15550,UNLV,Wyoming,UNLV,True,12,2023-11-10,-0.3252786808831686,20,20.32527868088317
15551,N Texas,SMU,SMU,False,12,2023-11-10,0.9489076397231396,-24,24.94890763972314
15552,Kentucky,Alabama,Alabama,False,12,2023-11-11,-2.9835495706377535,-28,25.016450429362248
15553,App State,Georgia St,App State,True,12,2023-11-11,-0.6906055929592498,28,28.69060559295925
15554,Colorado,Arizona,Arizona,False,12,2023-11-11,0.5336642051814681,-3,3.533664205181468
15555,Arizona St,UCLA,Arizona St,True,12,2023-11-11,-1.7422180189099017,10,11.742218018909902
15557,Auburn,Arkansas,Auburn,True,12,2023-11-11,-1.2598027709150876,38,39.25980277091509
15558,Boise St,New Mexico,Boise St,True,12,2023-11-11,3.042938340220262,28,24.95706165977974
15559,Washington St,California,California,False,12,2023-11-11,-3.2031423483115775,-3,0.20314234831157751
15560,UCF,Oklahoma St,UCF,True,12,2023-11-11,-1.3411402478646446,42,43.341140247864644
15561,Houston,Cincinnati,Cincinnati,False,12,2023-11-11,-0.697616731839502,-10,9.302383268160497
15562,Clemson,Georgia Tech,Clemson,True,12,2023-11-11,-1.6072937394859113,21,22.60729373948591
15563,Texas St,Coastal Car,Coastal Car,False,12,2023-11-11,-1.732114151318574,-8,6.267885848681426
15564,San Diego St,Colorado St,Colorado St,False,12,2023-11-11,-2.1787087778936307,-3,0.8212912221063693
15565,Florida Atlantic,E Carolina,E Carolina,False,12,2023-11-11,-0.6998691811270571,-15,14.300130818872942
15566,Miami,Florida St,Florida St,False,12,2023-11-11,0.5807259565114753,-7,7.5807259565114755
15567,Georgia,Mississippi,Georgia,True,12,2023-11-11,0.12380680233060574,35,34.876193197669394
15568,Air Force,Hawai'i,Hawai'i,False,12,2023-11-11,1.3762976489486325,-14,15.376297648948633
15569,Illinois,Indiana,Illinois,True,12,2023-11-11,0.19550836117758777,3,2.8044916388224124
15570,Rutgers,Iowa,Iowa,False,12,2023-11-11,-1.0443167795629866,-22,20.955683220437013
15571,Iowa St,BYU,Iowa St,True,12,2023-11-11,0.5358175544029082,32,31.464182445597093
15572,UConn,J Madison,J Madison,False,12,2023-11-11,0.41195842280019607,-38,38.4119584228002
15573,Baylor,Kansas St,Kansas St,False,12,2023-11-11,-0.7583709891570812,-34,33.24162901084292
15574,Old Dominion,Liberty,Liberty,False,12,2023-11-11,-2.8053480750714272,-28,25.19465192492857
15575,LSU,Florida,LSU,True,12,2023-11-11,-1.8602026611765514,17,18.86020266117655
15576,Georgia So,Marshall,Marshall,False,12,2023-11-11,1.3001758454533707,-5,6.300175845453371
15577,Maryland,Nebraska,Maryland,True,12,2023-11-11,1.1032144319390327,3,1.8967855680609673
15578,Charlotte,Memphis,Memphis,False,12,2023-11-11,-0.9407916985455095,-6,5.059208301454491
15579,Michigan,Penn St,Michigan,True,12,2023-11-11,0.12754768174618766,9,8.872452318253812
15580,Middle Tenn,Florida Intl,Middle Tenn,True,12,2023-11-11,0.046003448540577294,34,33.953996551459426
15581,Tennessee,Missouri,Missouri,False,12,2023-11-11,2.840646567794849,-29,31.84064656779485
15582,UAB,Navy,Navy,False,12,2023-11-11,1.6889601644906707,-25,26.68896016449067
15583,W Kentucky,New Mexico St,New Mexico St,False,12,2023-11-11,0.6114641111447087,-9,9.61146411114471
15584,Duke,North Carolina,North Carolina,False,12,2023-11-11,-2.0929279481100833,-2,0.09292794811008331
15585,NC State,Wake Forest,NC State,True,12,2023-11-11,0.2631346529994327,20,19.736865347000567
15586,Wisconsin,Northwestern,Northwestern,False,12,2023-11-11,-1.9273018879395103,-14,12.07269811206049
15587,Michigan St,Ohio St,Ohio St,False,12,2023-11-11,0.07193835658175354,-35,35.071938356581754
15588,Oklahoma,West Virginia,Oklahoma,True,12,2023-11-11,-0.09689266969883281,39,39.09689266969883
15589,USC,Oregon,Oregon,False,12,2023-11-11,1.8814613130049458,-9,10.881461313004946
15590,Stanford,Oregon St,Oregon St,False,12,2023-11-11,-0.39429313333318367,-45,44.605706866666814
15591,Minnesota,Purdue,Purdue,False,12,2023-11-11,-0.19326703010818214,-19,18.80673296989182
15592,Louisiana Tech,Sam Houston,Sam Houston,False,12,2023-11-11,-1.6672912125586947,-15,13.332708787441305
15593,Fresno St,San Jose St,San Jose St,False,12,2023-11-11,-0.4696175776465532,-24,23.530382422353448
15594,Arkansas St,S Alabama,S Alabama,False,12,2023-11-11,-1.36758544602922,-7,5.63241455397078
15595,Vanderbilt,South Carolina,South Carolina,False,12,2023-11-11,-1.9610508353391625,-41,39.038949164660835
15596,S Florida,Temple,S Florida,True,12,2023-11-11,0.14421807023733937,4,3.8557819297626605
15597,Syracuse,Pittsburgh,Syracuse,True,12,2023-11-11,-1.1503809944678358,15,16.150380994467834
15598,Texas,TCU,Texas,True,12,2023-11-11,0.753890995570767,3,2.246109004429233
15599,Texas A&M,Mississippi St,Texas A&M,True,12,2023-11-11,-0.790223576268786,41,41.79022357626879
15600,Texas Tech,Kansas,Texas Tech,True,12,2023-11-11,-0.5687202628054647,3,3.568720262805465
15601,UTSA,Rice,UTSA,True,12,2023-11-11,0.9474542839873128,20,19.052545716012688
15602,UL Monroe,Troy,Troy,False,12,2023-11-11,-3.07355054060308,-31,27.92644945939692
15603,Tulsa,Tulane,Tulane,False,12,2023-11-11,-0.9429065410870333,-2,1.0570934589129668
15604,Utah St,Nevada,Utah St,True,12,2023-11-11,-0.3377250705543589,17,17.33772507055436
15605,Boston College,Virginia Tech,Virginia Tech,False,12,2023-11-11,0.15524594712095416,-26,26.155245947120953
15606,Utah,Washington,Washington,False,12,2023-11-11,0.604286859299783,-7,7.604286859299783
15607,E Michigan,Akron,E Michigan,True,13,2023-11-14,-0.9543133802090263,3,3.9543133802090265
15608,N Illinois,W Michigan,N Illinois,True,13,2023-11-14,-1.449724143223801,24,25.4497241432238
15609,Toledo,Bowling Green,Toledo,True,13,2023-11-14,-1.9274277388818486,1,2.927427738881849
15610,Miami OH,Buffalo,Miami OH,True,13,2023-11-15,-0.2199940499165709,13,13.21999404991657
15611,C Michigan,Ohio,Ohio,False,13,2023-11-15,-1.181925673945928,-14,12.818074326054072
15612,Pittsburgh,Boston College,Pittsburgh,True,13,2023-11-16,1.0052725626331809,8,6.994727437366819
15613,UTSA,S Florida,UTSA,True,13,2023-11-17,-0.33216425860365045,28,28.33216425860365
15614,Colorado,Washington St,Washington St,False,13,2023-11-17,-1.8442479089580475,-42,40.155752091041954
15616,Temple,UAB,UAB,False,13,2023-11-18,-1.370280871434052,-10,8.629719128565949
15617,App State,J Madison,App State,True,13,2023-11-18,0.10612499180312053,3,2.8938750081968796
15618,Utah,Arizona,Arizona,False,13,2023-11-18,1.864872557819581,-24,25.86487255781958
15619,Florida Intl,Arkansas,Arkansas,False,13,2023-11-18,-1.7219077829143479,-24,22.278092217085653
15620,Arkansas St,Texas St,Arkansas St,True,13,2023-11-18,-1.7874761413773894,46,47.78747614137739
15621,Army,Coastal Car,Army,True,13,2023-11-18,-2.2824493302170232,7,9.282449330217023
15622,Ball St,Kent St,Ball St,True,13,2023-11-18,-5.506415910714275,31,36.506415910714274
15623,Boise St,Utah St,Boise St,True,13,2023-11-18,-0.5811830703013581,35,35.58118307030136
15624,Stanford,California,California,False,13,2023-11-18,-3.043965346482132,-12,8.956034653517868
15625,North Carolina,Clemson,Clemson,False,13,2023-11-18,0.6880602323340798,-11,11.68806023233408
15626,Colorado St,Nevada,Colorado St,True,13,2023-11-18,-0.9074229600580972,10,10.907422960058097
15629,Georgia,Tennessee,Georgia,True,13,2023-11-18,1.1997233011019799,28,26.80027669889802
15630,Syracuse,Georgia Tech,Georgia Tech,False,13,2023-11-18,-1.443497332010836,-9,7.5565026679891645
15631,Illinois,Iowa,Iowa,False,13,2023-11-18,0.5363740038860982,-2,2.536374003886098
15632,Jacksonville St,Louisiana Tech,Jacksonville St,True,13,2023-11-18,0.14554046632319276,39,38.85445953367681
15633,Kansas,Kansas St,Kansas St,False,13,2023-11-18,-1.1420617432627216,-4,2.8579382567372784
15634,Liberty,UMass,Liberty,True,13,2023-11-18,-9.038616917333885,24,33.03861691733388
15635,LSU,Georgia St,LSU,True,13,2023-11-18,1.9172484684672224,42,40.08275153153278
15636,Louisville,Miami,Louisville,True,13,2023-11-18,2.3863221485294295,7,4.6136778514705705
15637,Maryland,Michigan,Michigan,False,13,2023-11-18,0.1824174214533292,-7,7.182417421453329
15638,Michigan St,Indiana,Michigan St,True,13,2023-11-18,-1.7341683995168642,3,4.734168399516864
15639,Middle Tenn,UTEP,Middle Tenn,True,13,2023-11-18,-0.6493538358794595,4,4.6493538358794595
15640,UL Monroe,Mississippi,Mississippi,False,13,2023-11-18,-0.5631665512428936,-32,31.436833448757106
15641,Southern Miss,Mississippi St,Mississippi St,False,13,2023-11-18,-0.1020136049176217,-21,20.897986395082377
15642,Florida,Missouri,Missouri,False,13,2023-11-18,1.9376101809834874,-2,3.937610180983487
15643,E Carolina,Navy,Navy,False,13,2023-11-18,2.1153996858808757,-10,12.115399685880876
15644,Air Force,UNLV,UNLV,False,13,2023-11-18,-2.878846511990691,-4,1.121153488009309
15645,Fresno St,New Mexico,New Mexico,False,13,2023-11-18,4.125842114356531,-8,12.12584211435653
15646,Auburn,New Mexico St,New Mexico St,False,13,2023-11-18,0.4501828421400238,-21,21.450182842140023
15647,Virginia Tech,NC State,NC State,False,13,2023-11-18,1.1930753263728235,-7,8.193075326372824
15648,Tulsa,N Texas,N Texas,False,13,2023-11-18,-0.022114426310659237,-7,6.977885573689341
15649,Northwestern,Purdue,Northwestern,True,13,2023-11-18,-0.3509494116193796,8,8.35094941161938
15650,Notre Dame,Wake Forest,Notre Dame,True,13,2023-11-18,1.6319490050943093,38,36.368050994905694
15651,Ohio St,Minnesota,Ohio St,True,13,2023-11-18,1.1927926213722313,34,32.807207378627766
15652,Oklahoma,BYU,Oklahoma,True,13,2023-11-18,1.4219597389964722,7,5.578040261003528
15653,Oklahoma St,Houston,Oklahoma St,True,13,2023-11-18,0.06705063664651023,13,12.93294936335349
15654,Georgia So,Old Dominion,Old Dominion,False,13,2023-11-18,0.3366279101962439,-3,3.3366279101962437
15655,Arizona St,Oregon,Oregon,False,13,2023-11-18,-3.634042994461289,-36,32.36595700553871
15656,Rutgers,Penn St,Penn St,False,13,2023-11-18,-1.944990962369566,-21,19.055009037630434
15657,Rice,Charlotte,Rice,True,13,2023-11-18,-2.118617146387697,21,23.1186171463877
15658,San Diego St,San Jose St,San Jose St,False,13,2023-11-18,-1.8044432682689073,-11,9.195556731731093
15659,S Alabama,Marshall,S Alabama,True,13,2023-11-18,-1.587137421694639,28,29.58713742169464
15660,Kentucky,South Carolina,South Carolina,False,13,2023-11-18,-2.2841741321594955,-3,0.7158258678405045
15661,SMU,Memphis,SMU,True,13,2023-11-18,0.6079144062664195,4,3.3920855937335803
15662,Iowa St,Texas,Texas,False,13,2023-11-18,1.1186203982832454,-10,11.118620398283245
15664,Baylor,TCU,TCU,False,13,2023-11-18,-0.8975859643782743,-25,24.102414035621727
15665,UCF,Texas Tech,Texas Tech,False,13,2023-11-18,1.282632361491315,-1,2.282632361491315
15666,Louisiana,Troy,Troy,False,13,2023-11-18,-2.5573759781004957,-7,4.442624021899505
15667,Tulane,Florida Atlantic,Tulane,True,13,2023-11-18,-0.4413658479407084,16,16.44136584794071
15668,USC,UCLA,UCLA,False,13,2023-11-18,0.6077024912249296,-18,18.60770249122493
15669,Virginia,Duke,Virginia,True,13,2023-11-18,-1.3801807873799994,3,4.38018078738
15670,Oregon St,Washington,Washington,False,13,2023-11-18,1.591968688736176,-2,3.591968688736176
15671,Cincinnati,West Virginia,West Virginia,False,13,2023-11-18,-1.246258955934708,-21,19.753741044065293
15672,W Kentucky,Sam Houston,W Kentucky,True,13,2023-11-18,0.6846130986901612,5,4.3153869013098385
15673,Wisconsin,Nebraska,Wisconsin,True,13,2023-11-18,1.5343019501943451,7,5.465698049805654
15674,Wyoming,Hawai'i,Wyoming,True,13,2023-11-18,-0.343967142731141,33,33.34396714273114
15675,Bowling Green,W Michigan,Bowling Green,True,14,2023-11-21,-1.325880264774086,24,25.325880264774085
15676,Buffalo,E Michigan,E Michigan,False,14,2023-11-21,-2.6089195656162065,-13,10.391080434383793
15677,Mississippi St,Mississippi,Mississippi,False,14,2023-11-23,-0.6979648731235878,-10,9.302035126876412
15678,Boise St,Air Force,Boise St,True,14,2023-11-24,-0.1106062312387732,8,8.110606231238773
15679,Nebraska,Iowa,Iowa,False,14,2023-11-24,1.546659019996566,-3,4.546659019996566
15680,Temple,Memphis,Memphis,False,14,2023-11-24,-2.008867258385046,-24,21.991132741614955
15681,Miami,Boston College,Miami,True,14,2023-11-24,-0.4082250436781774,25,25.40822504367818
15682,Missouri,Arkansas,Missouri,True,14,2023-11-24,-0.20823192159223947,34,34.20823192159224
15683,Akron,Ohio,Ohio,False,14,2023-11-24,-2.3249665867476472,-11,8.675033413252352
15684,Oklahoma,TCU,Oklahoma,True,14,2023-11-24,0.4082308254980744,24,23.591769174501927
15685,Oregon,Oregon St,Oregon,True,14,2023-11-24,3.399873834060691,24,20.600126165939308
15686,Penn St,Michigan St,Penn St,True,14,2023-11-24,3.7235748493131724,42,38.276425150686826
15687,Texas Tech,Texas,Texas,False,14,2023-11-24,-0.1802318475662735,-50,49.819768152433724
15688,Toledo,C Michigan,Toledo,True,14,2023-11-24,-0.06911538939635078,15,15.069115389396352
15689,UTSA,Tulane,Tulane,False,14,2023-11-24,0.02670208122560163,-13,13.026702081225602
15690,New Mexico,Utah St,Utah St,False,14,2023-11-24,-2.369260800836402,-3,0.6307391991635982
15691,Alabama,Auburn,Alabama,True,14,2023-11-25,-0.6715892273101514,3,3.671589227310151
15692,Georgia So,App State,App State,False,14,2023-11-25,-2.4320179912643662,-28,25.567982008735633
15693,Arizona St,Arizona,Arizona,False,14,2023-11-25,-1.4909149113181743,-36,34.50908508868183
15694,UCLA,California,California,False,14,2023-11-25,-1.2214951601480706,-26,24.77850483985193
15695,UCF,Houston,UCF,True,14,2023-11-25,1.5705176986514642,14,12.429482301348536
15696,South Carolina,Clemson,Clemson,False,14,2023-11-25,0.9945147452037942,-9,9.994514745203794
15697,UMass,UConn,UConn,False,14,2023-11-25,5.043922407197263,-13,18.043922407197265
15698,Pittsburgh,Duke,Duke,False,14,2023-11-25,-0.9224551716047186,-11,10.07754482839528
15699,Florida,Florida St,Florida St,False,14,2023-11-25,0.5812839248368441,-9,9.581283924836844
15700,Georgia Tech,Georgia,Georgia,False,14,2023-11-25,1.102566845556988,-8,9.102566845556987
15701,Colorado St,Hawai'i,Hawai'i,False,14,2023-11-25,-0.3109382070686252,-3,2.689061792931375
15702,Kansas St,Iowa St,Iowa St,False,14,2023-11-25,0.5265897276490957,-7,7.526589727649096
15703,Coastal Car,J Madison,J Madison,False,14,2023-11-25,-1.349141634541813,-42,40.650858365458184
15704,Kansas,Cincinnati,Kansas,True,14,2023-11-25,-0.469632624232979,33,33.46963262423298
15705,Kentucky,Louisville,Kentucky,True,14,2023-11-25,0.9083406402877867,7,6.091659359712214
15706,Liberty,UTEP,Liberty,True,14,2023-11-25,8.171450671128024,14,5.828549328871976
15707,UL Monroe,Louisiana,Louisiana,False,14,2023-11-25,-0.8192053785105675,-31,30.180794621489433
15708,LSU,Texas A&M,LSU,True,14,2023-11-25,1.8935674233085906,12,10.10643257669141
15709,Marshall,Arkansas St,Marshall,True,14,2023-11-25,-2.5176598211284196,14,16.51765982112842
15710,Maryland,Rutgers,Maryland,True,14,2023-11-25,-0.6195993801970751,18,18.619599380197076
15711,Miami OH,Ball St,Miami OH,True,14,2023-11-25,1.0655853151629684,2,0.9344146848370316
15712,Ohio St,Michigan,Michigan,False,14,2023-11-25,3.3257382973277507,-6,9.325738297327751
15713,New Mexico St,Jacksonville St,New Mexico St,True,14,2023-11-25,-1.1618153792634085,3,4.161815379263409
15714,NC State,North Carolina,NC State,True,14,2023-11-25,0.05703973515798655,19,18.942960264842014
15715,UAB,N Texas,N Texas,False,14,2023-11-25,-0.977846556011367,-3,2.022153443988633
15716,Kent St,N Illinois,N Illinois,False,14,2023-11-25,-2.4422396665796455,-10,7.5577603334203545
15717,Illinois,Northwestern,Northwestern,False,14,2023-11-25,-6.146022153637976,-2,4.146022153637976
15718,Notre Dame,Stanford,Notre Dame,True,14,2023-11-25,0.7270571095619852,33,32.27294289043802
15719,Oklahoma St,BYU,Oklahoma St,True,14,2023-11-25,0.6957240721667387,6,5.304275927833261
15720,Georgia St,Old Dominion,Old Dominion,False,14,2023-11-25,-0.2698512391317864,-1,0.7301487608682136
15721,Purdue,Indiana,Purdue,True,14,2023-11-25,0.512196911270067,4,3.487803088729933
15722,Rice,Florida Atlantic,Rice,True,14,2023-11-25,-3.4835402434981058,3,6.483540243498106
15723,Middle Tenn,Sam Houston,Sam Houston,False,14,2023-11-25,-0.1849717936999519,-3,2.815028206300048
15724,Fresno St,San Diego St,San Diego St,False,14,2023-11-25,1.4642755629387,-15,16.4642755629387
15725,San Jose St,UNLV,San Jose St,True,14,2023-11-25,1.5266439286497293,6,4.4733560713502705
15726,Charlotte,S Florida,S Florida,False,14,2023-11-25,-1.0229847982019473,-34,32.977015201798054
15727,Navy,SMU,SMU,False,14,2023-11-25,-0.8437185973054803,-45,44.15628140269452
15728,Wake Forest,Syracuse,Syracuse,False,14,2023-11-25,1.1769775097572568,-4,5.176977509757257
15729,Tennessee,Vanderbilt,Tennessee,True,14,2023-11-25,3.4843872663702595,24,20.51561273362974
15730,Texas St,S Alabama,Texas St,True,14,2023-11-25,-1.1211886533965285,8,9.121188653396528
15731,Troy,Southern Miss,Troy,True,14,2023-11-25,5.159577996018455,18,12.840422003981544
15732,E Carolina,Tulsa,Tulsa,False,14,2023-11-25,-0.6102645838775275,-2,1.3897354161224724
15733,Colorado,Utah,Utah,False,14,2023-11-25,-0.056211263054226156,-6,5.943788736945774
15734,Virginia,Virginia Tech,Virginia Tech,False,14,2023-11-25,-1.7539177031890987,-38,36.246082296810904
15735,Washington,Washington St,Washington,True,14,2023-11-25,-0.48601774495240907,3,3.486017744952409
15736,West Virginia,Baylor,West Virginia,True,14,2023-11-25,0.033515793398375904,3,2.966484206601624
15737,W Kentucky,Florida Intl,W Kentucky,True,14,2023-11-25,-1.6231396907754483,13,14.623139690775448
15738,Wisconsin,Minnesota,Wisconsin,True,14,2023-11-25,-3.376703846638136,14,17.376703846638136
15739,Nevada,Wyoming,Wyoming,False,14,2023-11-25,-1.2670460036169853,-36,34.73295399638302
15740,New Mexico St,Liberty,Liberty,False,15,2023-12-01,-0.8003664067233686,-14,13.199633593276632
15741,Oregon,Washington,Washington,False,15,2023-12-01,8.325334511423401,-3,11.325334511423401
15742,Georgia,Alabama,Alabama,False,15,2023-12-02,1.5535006787011985,-3,4.553500678701198
15743,UNLV,Boise St,Boise St,False,15,2023-12-02,-1.2956579519725628,-24,22.70434204802744
15744,Florida St,Louisville,Florida St,True,15,2023-12-02,-2.5709308471298282,10,12.570930847129828
15745,Miami OH,Toledo,Miami OH,True,15,2023-12-02,-1.3635046832615276,9,10.363504683261528
15746,Iowa,Michigan,Michigan,False,15,2023-12-02,1.2126469995129867,-26,27.212646999512987
15747,Tulane,SMU,SMU,False,15,2023-12-02,0.3842179367193265,-12,12.384217936719326
15748,Texas,Oklahoma St,Texas,True,15,2023-12-02,1.0044779068119774,28,26.995522093188022
15749,App State,Troy,Troy,False,15,2023-12-02,0.45688926549596376,-26,26.456889265495963
15750,Navy,Army,Army,False,16,2023-12-09,-0.4877023275629063,-6,5.512297672437094
15751,Miami OH,App State,App State,False,17,2023-12-16,-0.13512784629618527,-4,3.8648721537038147
15752,Fresno St,New Mexico St,Fresno St,True,17,2023-12-16,-0.12446275949763518,27,27.124462759497636
15753,Louisiana,Jacksonville St,Jacksonville St,False,17,2023-12-16,-2.3630478595802598,-3,0.6369521404197402
15754,Georgia So,Ohio,Ohio,False,17,2023-12-16,-1.9665346064174443,-20,18.033465393582556
15755,Texas Tech,California,Texas Tech,True,17,2023-12-16,0.3349896753889933,20,19.665010324611007
15756,UCLA,Boise St,UCLA,True,17,2023-12-16,0.15100453725002624,13,12.848995462749974
15757,W Kentucky,Old Dominion,W Kentucky,True,17,2023-12-18,-0.01239807667143315,3,3.0123980766714333
15758,Marshall,UTSA,UTSA,False,18,2023-12-19,-1.2694959393699667,-18,16.730504060630032
15759,Syracuse,S Florida,S Florida,False,18,2023-12-21,-1.0208434757940252,-45,43.979156524205976
15760,UCF,Georgia Tech,Georgia Tech,False,18,2023-12-22,0.9985276888437321,-13,13.998527688843732
15761,Air Force,J Madison,Air Force,True,18,2023-12-23,-2.0283363284122307,10,12.02833632841223
15762,San Jose St,Coastal Car,Coastal Car,False,18,2023-12-23,-0.41164695141764207,-10,9.588353048582357
15763,Duke,Troy,Duke,True,18,2023-12-23,0.6960921341322204,7,6.30390786586778
15764,Utah St,Georgia St,Georgia St,False,18,2023-12-23,-1.0830836433113196,-23,21.91691635668868
15765,N Illinois,Arkansas St,N Illinois,True,18,2023-12-23,-1.1864944887833533,2,3.186494488783353
15766,Utah,Northwestern,Northwestern,False,18,2023-12-23,0.12426511079186811,-7,7.124265110791868
15767,S Alabama,E Michigan,S Alabama,True,18,2023-12-23,2.872037456509252,49,46.127962543490746
15768,UNLV,Kansas,Kansas,False,19,2023-12-26,-0.7121709030884904,-13,12.28782909691151
15769,Minnesota,Bowling Green,Minnesota,True,19,2023-12-26,-3.014918424515143,6,9.014918424515143
15770,Rice,Texas St,Texas St,False,19,2023-12-26,-1.4724142249267878,-24,22.527585775073213
15771,Texas A&M,Oklahoma St,Oklahoma St,False,19,2023-12-27,-1.3412352721843448,-8,6.658764727815655
15772,Louisville,USC,USC,False,19,2023-12-27,-2.386803580044365,-14,11.613196419955635
15773,Virginia Tech,Tulane,Virginia Tech,True,19,2023-12-27,0.6992744785891448,21,20.300725521410854
15774,North Carolina,West Virginia,West Virginia,False,19,2023-12-27,0.5279007426404324,-20,20.527900742640433
15775,Oklahoma,Arizona,Arizona,False,19,2023-12-28,-0.6881869099949605,-14,13.311813090005039
15776,SMU,Boston College,Boston College,False,19,2023-12-28,-0.31615849318890504,-9,8.683841506811095
15777,NC State,Kansas St,Kansas St,False,19,2023-12-28,0.9461143086497129,-9,9.946114308649713
15778,Rutgers,Miami,Rutgers,True,19,2023-12-28,-0.3953132617930335,7,7.395313261793033
15779,Kentucky,Clemson,Clemson,False,19,2023-12-29,-0.531280807790597,-3,2.468719192209403
15780,Iowa St,Memphis,Memphis,False,19,2023-12-29,0.9479994007748617,-10,10.947999400774862
15781,Ohio St,Missouri,Missouri,False,19,2023-12-29,2.278116408033743,-11,13.278116408033743
15782,Oregon St,Notre Dame,Notre Dame,False,19,2023-12-29,1.577914214345531,-32,33.57791421434553
15783,Georgia,Florida St,Georgia,True,19,2023-12-30,-1.2486086205535007,60,61.2486086205535
15784,Maryland,Auburn,Maryland,True,19,2023-12-30,0.1588396935690823,18,17.84116030643092
15785,Mississippi,Penn St,Mississippi,True,19,2023-12-30,-1.0193778929247028,13,14.019377892924703
15786,Toledo,Wyoming,Wyoming,False,19,2023-12-30,-1.2444110923150233,-1,0.24441109231502334
15787,Wisconsin,LSU,LSU,False,20,2024-01-01,-2.0905597087392933,-4,1.9094402912607067
15788,Michigan,Alabama,Michigan,True,20,2024-01-01,0.8295617565298148,7,6.170438243470185
15789,Oregon,Liberty,Oregon,True,20,2024-01-01,8.167741334750895,39,30.832258665249107
15790,Iowa,Tennessee,Tennessee,False,20,2024-01-01,0.1273546123322378,-35,35.12735461233224
15791,Texas,Washington,Washington,False,20,2024-01-01,1.620386003461938,-6,7.620386003461938
15792,Washington,Michigan,Michigan,False,21,2024-01-08,0.5697915613916962,-21,21.569791561391696
15914,Nevada,Georgia So,Georgia So,False,3,2024-09-07,6.368777669041026,-3,9.368777669041027
15928,Michigan St,Maryland,Michigan St,True,3,2024-09-07,-0.9020799143840011,3,3.902079914384001
15935,Charlotte,North Carolina,North Carolina,False,3,2024-09-07,1.9044687610551885,-18,19.90446876105519
15938,S Alabama,Ohio,Ohio,False,3,2024-09-07,-6.245707027128491,-7,0.7542929728715091
15939,Ohio St,W Michigan,Ohio St,True,3,2024-09-07,5.4675759649023306,56,50.53242403509767
15940,Houston,Oklahoma,Oklahoma,False,3,2024-09-07,3.75004254450843,-4,7.75004254450843
15949,Kentucky,South Carolina,South Carolina,False,3,2024-09-07,3.6716728778929033,-25,28.671672877892902
15955,Georgia Tech,Syracuse,Syracuse,False,3,2024-09-07,-1.3916893601285591,-3,1.6083106398714409
15957,Texas,Michigan,Texas,True,3,2024-09-07,3.0754429125322122,19,15.924557087467788
15971,Texas St,Arizona St,Arizona St,False,4,2024-09-12,-1.3787744012074385,-3,1.6212255987925615
15973,Kansas St,Arizona,Kansas St,True,4,2024-09-13,1.2513409418562913,24,22.74865905814371
15974,UNLV,Kansas,UNLV,True,4,2024-09-13,-1.2071326022874025,3,4.207132602287403
15976,Alabama,Wisconsin,Alabama,True,4,2024-09-14,-2.628313434396297,32,34.6283134343963
15977,App State,E Carolina,App State,True,4,2024-09-14,-7.9336902530361115,2,9.933690253036112
15978,UAB,Arkansas,Arkansas,False,4,2024-09-14,-1.1905275176144285,-10,8.809472482385571
15979,Auburn,New Mexico,Auburn,True,4,2024-09-14,-3.2349866724639296,26,29.23498667246393
15980,Baylor,Air Force,Baylor,True,4,2024-09-14,-0.1085935439422455,28,28.108593543942245
15981,Wyoming,BYU,BYU,False,4,2024-09-14,-0.5922164791023528,-20,19.40778352089765
15982,Buffalo,UMass,Buffalo,True,4,2024-09-14,5.129214573199778,31,25.87078542680022
15983,California,San Diego St,California,True,4,2024-09-14,9.26365839115323,21,11.73634160884677
15984,UCF,TCU,UCF,True,4,2024-09-14,10.43186919396316,1,9.43186919396316
15986,Miami OH,Cincinnati,Cincinnati,False,4,2024-09-14,0.8184038051419477,-11,11.818403805141948
15987,Temple,Coastal Car,Coastal Car,False,4,2024-09-14,-0.9103067227635518,-8,7.0896932772364485
15988,Colorado,Colorado St,Colorado,True,4,2024-09-14,5.969287996986784,19,13.030712003013216
15989,Duke,UConn,Duke,True,4,2024-09-14,-2.511817843820424,5,7.511817843820424
15990,E Michigan,Jacksonville St,E Michigan,True,4,2024-09-14,-2.4654105013771925,3,5.4654105013771925
15991,Florida Atlantic,Florida Intl,Florida Atlantic,True,4,2024-09-14,0.5392324843318008,18,17.4607675156682
15992,Fresno St,New Mexico St,Fresno St,True,4,2024-09-14,2.3451324056573264,48,45.654867594342676
15993,Georgia,Kentucky,Georgia,True,4,2024-09-14,0.5701690686713872,1,0.42983093132861283
15995,Vanderbilt,Georgia St,Georgia St,False,4,2024-09-14,2.4164499031221847,-4,6.416449903122185
15997,Houston,Rice,Houston,True,4,2024-09-14,-1.8544601394533462,26,27.854460139453344
15998,Illinois,C Michigan,Illinois,True,4,2024-09-14,2.310655884780021,21,18.689344115219978
15999,Indiana,UCLA,Indiana,True,4,2024-09-14,2.334724634341739,29,26.66527536565826
16000,Troy,Iowa,Iowa,False,4,2024-09-14,1.8915946317404324,-17,18.891594631740432
16001,Liberty,UTEP,Liberty,True,4,2024-09-14,3.032046535388334,18,14.967953464611666
16002,LSU,South Carolina,LSU,True,4,2024-09-14,3.751320155114469,3,0.751320155114469
16003,Maryland,Virginia,Maryland,True,4,2024-09-14,3.6642198467996647,14,10.335780153200336
16004,Memphis,Florida St,Memphis,True,4,2024-09-14,3.5902857882747594,8,4.409714211725241
16006,Arkansas St,Michigan,Michigan,False,4,2024-09-14,-2.033601312053205,-10,7.9663986879467945
16008,Minnesota,Nevada,Minnesota,True,4,2024-09-14,0.6965554028449104,27,26.30344459715509
16009,Mississippi,Wake Forest,Mississippi,True,4,2024-09-14,-1.9936805318349244,34,35.993680531834926
16010,Boston College,Missouri,Missouri,False,4,2024-09-14,0.24654667645598688,-6,6.246546676455987
16017,Tulane,Oklahoma,Oklahoma,False,4,2024-09-14,0.6920727881247054,-15,15.692072788124705
16018,Oklahoma St,Tulsa,Oklahoma St,True,4,2024-09-14,-8.508201681898164,35,43.508201681898164
16019,Oregon,Oregon St,Oregon,True,4,2024-09-14,-1.4323009163043405,35,36.43230091630434
16020,West Virginia,Pittsburgh,Pittsburgh,False,4,2024-09-14,0.8568071899629197,-4,4.85680718996292
16021,Hawai'i,Sam Houston,Sam Houston,False,4,2024-09-14,-0.07143650978156342,-18,17.928563490218437
16022,Kennesaw St,San Jose St,San Jose St,False,4,2024-09-14,-2.934498512940776,-21,18.065501487059223
16023,S Florida,Southern Miss,S Florida,True,4,2024-09-14,8.535526034397424,25,16.464473965602576
16024,Tennessee,Kent St,Tennessee,True,4,2024-09-14,-0.4796529684116247,71,71.47965296841163
16025,UTSA,Texas,Texas,False,4,2024-09-14,-4.214131698913452,-49,44.78586830108655
16026,Florida,Texas A&M,Texas A&M,False,4,2024-09-14,6.854194994056602,-13,19.854194994056602
16027,N Texas,Texas Tech,Texas Tech,False,4,2024-09-14,-1.7391114434934614,-45,43.260888556506536
16028,Mississippi St,Toledo,Toledo,False,4,2024-09-14,-6.001706380097731,-24,17.99829361990227
16029,Utah,Utah St,Utah,True,4,2024-09-14,3.914255180455427,17,13.085744819544573
16030,Old Dominion,Virginia Tech,Virginia Tech,False,4,2024-09-14,-2.062697371122652,-20,17.937302628877347
16031,Washington,Washington St,Washington St,False,4,2024-09-14,1.164273354802828,-5,6.164273354802828
16032,Middle Tenn,W Kentucky,W Kentucky,False,4,2024-09-14,14.032986822845404,-28,42.0329868228454
16034,S Alabama,App State,S Alabama,True,5,2024-09-19,-2.0552316008154845,34,36.05523160081548
16035,Illinois,Nebraska,Illinois,True,5,2024-09-20,-0.07437304577882485,7,7.074373045778825
16036,Syracuse,Stanford,Stanford,False,5,2024-09-20,-2.1359062638138,-2,0.1359062638138
16037,Washington St,San Jose St,Washington St,True,5,2024-09-20,-0.7508783418374386,2,2.7508783418374385
16038,Auburn,Arkansas,Arkansas,False,5,2024-09-21,0.30917506044018134,-10,10.30917506044018
16039,Army,Rice,Army,True,5,2024-09-21,11.888626259166832,23,11.111373740833168
16041,Michigan St,Boston College,Boston College,False,5,2024-09-21,0.13591636013563627,-4,4.135916360135636
16042,BYU,Kansas St,BYU,True,5,2024-09-21,0.22366973504519116,29,28.776330264954808
16043,Buffalo,N Illinois,Buffalo,True,5,2024-09-21,-2.5573130977199447,3,5.557313097719945
16044,C Michigan,Ball St,C Michigan,True,5,2024-09-21,4.577718136324237,3,1.5777181363242372
16045,Houston,Cincinnati,Cincinnati,False,5,2024-09-21,-2.3980678978480388,-34,31.601932102151963
16046,NC State,Clemson,Clemson,False,5,2024-09-21,-1.9056055386649895,-24,22.09439446133501
16047,Baylor,Colorado,Colorado,False,5,2024-09-21,-3.177577905564575,-7,3.822422094435425
16048,Colorado St,UTEP,Colorado St,True,5,2024-09-21,1.06868712457874,10,8.93131287542126
16049,UConn,Florida Atlantic,UConn,True,5,2024-09-21,-1.2871865167391854,34,35.28718651673918
16050,Duke,Middle Tenn,Duke,True,5,2024-09-21,3.249929441116558,28,24.750070558883444
16052,Mississippi St,Florida,Florida,False,5,2024-09-21,-1.6236372758656896,-17,15.37636272413431
16053,Florida St,California,Florida St,True,5,2024-09-21,-3.4674694949097287,5,8.467469494909729
16054,Fresno St,New Mexico,Fresno St,True,5,2024-09-21,1.3843668184357998,17,15.6156331815642
16055,Indiana,Charlotte,Indiana,True,5,2024-09-21,4.610312242485282,38,33.38968775751472
16056,Iowa,Minnesota,Iowa,True,5,2024-09-21,-0.38326305150834994,17,17.38326305150835
16057,Iowa St,Arkansas St,Iowa St,True,5,2024-09-21,-2.867189958609302,45,47.8671899586093
16058,Jacksonville St,Southern Miss,Jacksonville St,True,5,2024-09-21,2.7912349436190103,37,34.20876505638099
16059,North Carolina,J Madison,J Madison,False,5,2024-09-21,-0.3887464545485351,-20,19.611253545451465
16060,Ohio,Kentucky,Kentucky,False,5,2024-09-21,3.101697314579094,-35,38.10169731457909
16061,Liberty,E Carolina,Liberty,True,5,2024-09-21,-0.2532628405435306,11,11.253262840543531
16062,UCLA,LSU,LSU,False,5,2024-09-21,-0.14162884738959775,-17,16.858371152610403
16063,Louisville,Georgia Tech,Louisville,True,5,2024-09-21,1.6912276479959554,12,10.308772352004045
16066,Miami,S Florida,Miami,True,5,2024-09-21,-3.172090963927851,35,38.17209096392785
16067,Michigan,USC,Michigan,True,5,2024-09-21,0.7489232196615103,3,2.2510767803384897
16068,Mississippi,Georgia So,Mississippi,True,5,2024-09-21,-0.20183517431117634,39,39.20183517431118
16069,Missouri,Vanderbilt,Missouri,True,5,2024-09-21,0.7206654856380305,3,2.2793345143619694
16071,Navy,Memphis,Navy,True,5,2024-09-21,1.5212765697939148,12,10.478723430206085
16073,N Texas,Wyoming,N Texas,True,5,2024-09-21,2.267580882479147,27,24.732419117520852
16074,Miami OH,Notre Dame,Notre Dame,False,5,2024-09-21,-1.0746072249436214,-25,23.92539277505638
16075,Ohio St,Marshall,Ohio St,True,5,2024-09-21,7.04170259915527,35,27.958297400844728
16076,Purdue,Oregon St,Oregon St,False,5,2024-09-21,-0.652883559574015,-17,16.347116440425985
16077,Kent St,Penn St,Penn St,False,5,2024-09-21,-2.2196269969051095,-56,53.780373003094894
16079,Rutgers,Virginia Tech,Rutgers,True,5,2024-09-21,2.703021667644385,3,0.2969783323556152
16080,Sam Houston,New Mexico St,Sam Houston,True,5,2024-09-21,-1.3948048557652672,20,21.394804855765265
16081,South Carolina,Akron,South Carolina,True,5,2024-09-21,9.750268946925573,43,33.24973105307443
16082,TCU,SMU,SMU,False,5,2024-09-21,0.9154017530629387,-24,24.915401753062937
16083,Temple,Utah St,Temple,True,5,2024-09-21,-0.858397730284178,16,16.858397730284178
16084,Tennessee,Oklahoma,Tennessee,True,5,2024-09-21,0.5200136547503532,10,9.479986345249646
16085,UL Monroe,Texas,Texas,False,5,2024-09-21,-1.0072313229233865,-48,46.99276867707661
16086,Bowling Green,Texas A&M,Texas A&M,False,5,2024-09-21,0.5508994570573421,-6,6.5508994570573424
16087,Texas Tech,Arizona St,Texas Tech,True,5,2024-09-21,0.8593679495300033,8,7.140632050469996
16090,Louisiana,Tulane,Tulane,False,5,2024-09-21,0.27537635735439975,-8,8.2753763573544
16091,Louisiana Tech,Tulsa,Tulsa,False,5,2024-09-21,-2.3393666992716233,-3,0.6606333007283767
16092,Utah,Oklahoma St,Utah,True,5,2024-09-21,-0.6316990307278223,3,3.6316990307278223
16093,Coastal Car,Virginia,Virginia,False,5,2024-09-21,-2.8459331854716523,-19,16.15406681452835
16094,Washington,Northwestern,Washington,True,5,2024-09-21,-0.16502866495806565,19,19.165028664958065
16095,West Virginia,Kansas,West Virginia,True,5,2024-09-21,-0.1770819905402043,4,4.177081990540204
16096,W Kentucky,Toledo,W Kentucky,True,5,2024-09-21,-2.1967591084113725,5,7.1967591084113725
16098,Army,Temple,Army,True,6,2024-09-26,8.034106806047983,28,19.965893193952017
16099,Virginia Tech,Miami,Miami,False,6,2024-09-27,0.46405692974941193,-4,4.464056929749412
16100,Washington,Rutgers,Rutgers,False,6,2024-09-27,0.3012310326757267,-3,3.3012310326757266
16101,Alabama,Georgia,Alabama,True,6,2024-09-28,0.310507896603062,7,6.689492103396938
16102,Utah,Arizona,Arizona,False,6,2024-09-28,0.7080520949131724,-13,13.708052094913173
16103,Washington St,Boise St,Boise St,False,6,2024-09-28,-1.5215467204723219,-21,19.478453279527677
16104,Boston College,W Kentucky,Boston College,True,6,2024-09-28,0.07929337678221302,1,0.920706623217787
16105,BYU,Baylor,BYU,True,6,2024-09-28,0.47953639563884576,6,5.520463604361154
16106,C Michigan,San Diego St,C Michigan,True,6,2024-09-28,1.2814627364108135,1,0.28146273641081354
16107,Rice,Charlotte,Charlotte,False,6,2024-09-28,-0.7614775959396686,-1,0.23852240406033143
16108,Stanford,Clemson,Clemson,False,6,2024-09-28,0.6969981313365008,-26,26.6969981313365
16109,Colorado,UCF,Colorado,True,6,2024-09-28,-1.4951003516466672,27,28.495100351646666
16110,UConn,Buffalo,UConn,True,6,2024-09-28,-0.036710135772913585,44,44.036710135772914
16111,North Carolina,Duke,Duke,False,6,2024-09-28,-0.498289622679977,-1,0.501710377320023
16112,UTSA,E Carolina,E Carolina,False,6,2024-09-28,-0.4203899474881649,-10,9.579610052511836
16113,Kent St,E Michigan,E Michigan,False,6,2024-09-28,0.4142926998948692,-19,19.41429269989487
16115,Louisiana Tech,Florida Intl,Florida Intl,False,6,2024-09-28,-0.8884834962997767,-7,6.111516503700223
16116,Georgia So,Georgia St,Georgia So,True,6,2024-09-28,-0.5745065936619344,17,17.574506593661933
16117,Maryland,Indiana,Indiana,False,6,2024-09-28,1.9527083275078294,-14,15.95270832750783
16118,Houston,Iowa St,Iowa St,False,6,2024-09-28,-0.30271791217305904,-20,19.69728208782694
16119,Ball St,J Madison,J Madison,False,6,2024-09-28,1.2355293694115164,-56,57.235529369411516
16120,Oklahoma St,Kansas St,Kansas St,False,6,2024-09-28,0.839934664269456,-22,22.839934664269457
16121,Kentucky,Mississippi,Kentucky,True,6,2024-09-28,-0.11475286395298828,3,3.1147528639529884
16122,Wake Forest,Louisiana,Louisiana,False,6,2024-09-28,1.025658719180022,-3,4.025658719180022
16123,LSU,S Alabama,LSU,True,6,2024-09-28,-0.14532866150777254,32,32.145328661507776
16124,Troy,UL Monroe,UL Monroe,False,6,2024-09-28,2.509447853629747,-4,6.509447853629747
16125,W Michigan,Marshall,Marshall,False,6,2024-09-28,-0.658454529783621,-7,6.341545470216379
16126,Middle Tenn,Memphis,Memphis,False,6,2024-09-28,-0.8701738516375472,-17,16.129826148362454
16127,Miami OH,UMass,Miami OH,True,6,2024-09-28,8.522806685664653,3,5.522806685664653
16128,Minnesota,Michigan,Michigan,False,6,2024-09-28,0.0231323356832776,-3,3.0231323356832775
16129,Navy,UAB,Navy,True,6,2024-09-28,5.086473276617917,23,17.913526723382084
16130,Nebraska,Purdue,Nebraska,True,6,2024-09-28,3.319382966127073,18,14.680617033872927
16131,UNLV,Fresno St,UNLV,True,6,2024-09-28,-1.1185576924762297,45,46.11855769247623
16132,New Mexico St,New Mexico,New Mexico,False,6,2024-09-28,0.027072137449028567,-10,10.027072137449029
16133,NC State,N Illinois,NC State,True,6,2024-09-28,-0.19869329767822191,7,7.198693297678222
16134,N Texas,Tulsa,N Texas,True,6,2024-09-28,-2.4766430402228607,32,34.47664304022286
16135,Louisville,Notre Dame,Notre Dame,False,6,2024-09-28,1.2545506807469529,-7,8.254550680746952
16136,Akron,Ohio,Ohio,False,6,2024-09-28,-2.084455148448637,-20,17.915544851551363
16137,Michigan St,Ohio St,Ohio St,False,6,2024-09-28,0.3357463188090231,-31,31.335746318809022
16138,Auburn,Oklahoma,Oklahoma,False,6,2024-09-28,0.1824174214533292,-6,6.182417421453329
16139,Bowling Green,Old Dominion,Old Dominion,False,6,2024-09-28,0.6463376325361121,-3,3.6463376325361123
16140,UCLA,Oregon,Oregon,False,6,2024-09-28,1.3162351898067715,-21,22.316235189806772
16141,Illinois,Penn St,Penn St,False,6,2024-09-28,-0.8227347599278308,-14,13.177265240072169
16142,Texas St,Sam Houston,Sam Houston,False,6,2024-09-28,0.454601997138941,-1,1.454601997138941
16143,USC,Wisconsin,USC,True,6,2024-09-28,0.5651880669151993,17,16.434811933084802
16144,SMU,Florida St,SMU,True,6,2024-09-28,-0.07978202708300926,26,26.07978202708301
16147,Texas,Mississippi St,Texas,True,6,2024-09-28,-14.018246969409232,22,36.01824696940923
16148,Texas A&M,Arkansas,Texas A&M,True,6,2024-09-28,-1.3558597129345376,4,5.355859712934538
16149,TCU,Kansas,TCU,True,6,2024-09-28,0.8139536426703721,11,10.186046357329628
16150,Cincinnati,Texas Tech,Texas Tech,False,6,2024-09-28,1.4733374921894546,-3,4.473337492189454
16151,S Florida,Tulane,Tulane,False,6,2024-09-28,1.1565326322860927,-35,36.156532632286094
16152,Wyoming,Air Force,Wyoming,True,6,2024-09-28,4.421142870848846,12,7.578857129151154
16153,Sam Houston,UTEP,Sam Houston,True,7,2024-10-03,2.2629544571177003,20,17.7370455428823
16154,Texas St,Troy,Texas St,True,7,2024-10-03,2.0074877104511977,21,18.992512289548802
16155,Houston,TCU,Houston,True,7,2024-10-04,-1.3315024404948568,11,12.331502440494857
16156,Kennesaw St,Jacksonville St,Jacksonville St,False,7,2024-10-04,-0.14352793618736015,-39,38.85647206381264
16157,Michigan St,Oregon,Oregon,False,7,2024-10-04,-0.18980256313310515,-21,20.810197436866893
16158,Syracuse,UNLV,Syracuse,True,7,2024-10-04,2.0064740364355775,3,0.9935259635644225
16159,Kansas,Arizona St,Arizona St,False,7,2024-10-05,-0.6875531073682473,-4,3.312446892631753
16160,Tennessee,Arkansas,Arkansas,False,7,2024-10-05,-0.9584344036353828,-5,4.0415655963646175
16161,Arkansas St,S Alabama,Arkansas St,True,7,2024-10-05,-1.64203916517565,2,3.64203916517565
16162,Army,Tulsa,Army,True,7,2024-10-05,-1.5795176850495791,42,43.57951768504958
16163,Boise St,Utah St,Boise St,True,7,2024-10-05,8.209528098001185,32,23.790471901998814
16164,Akron,Bowling Green,Bowling Green,False,7,2024-10-05,-1.0430210860079654,-7,5.956978913992034
16165,Charlotte,E Carolina,Charlotte,True,7,2024-10-05,-0.6535078886731487,31,31.653507888673147
16166,Clemson,Florida St,Clemson,True,7,2024-10-05,-0.022234896640585578,16,16.022234896640587
16167,Old Dominion,Coastal Car,Coastal Car,False,7,2024-10-05,-1.831009138988112,-8,6.168990861011888
16168,Temple,UConn,UConn,False,7,2024-10-05,-1.1496205937904431,-9,7.850379406209557
16169,Florida,UCF,Florida,True,7,2024-10-05,-0.7840148279080527,11,11.784014827908052
16170,Auburn,Georgia,Georgia,False,7,2024-10-05,-2.676527226651455,-18,15.323472773348545
16171,Duke,Georgia Tech,Georgia Tech,False,7,2024-10-05,0.5343816563333927,-10,10.534381656333393
16172,Indiana,Northwestern,Indiana,True,7,2024-10-05,0.6737785658774441,17,16.326221434122555
16173,Baylor,Iowa St,Iowa St,False,7,2024-10-05,0.10413816963104248,-22,22.104138169631042
16174,Southern Miss,Louisiana,Louisiana,False,7,2024-10-05,0.14078910279728152,-10,10.140789102797282
16175,UL Monroe,J Madison,UL Monroe,True,7,2024-10-05,-0.6108113013478763,2,2.6108113013478764
16176,Marshall,App State,Marshall,True,7,2024-10-05,-1.9785005474903996,15,16.9785005474904
16177,Miami,California,Miami,True,7,2024-10-05,1.9104381237087917,1,0.9104381237087917
16178,USC,Minnesota,Minnesota,False,7,2024-10-05,0.48979154237117445,-7,7.489791542371174
16179,South Carolina,Mississippi,Mississippi,False,7,2024-10-05,1.8924343871351823,-24,25.892434387135182
16180,Air Force,Navy,Navy,False,7,2024-10-05,-1.933528514669448,-27,25.066471485330553
16181,Nebraska,Rutgers,Nebraska,True,7,2024-10-05,-0.08518765612270636,7,7.085187656122707
16182,N Illinois,UMass,N Illinois,True,7,2024-10-05,-3.769707274398544,14,17.769707274398545
16183,Iowa,Ohio St,Ohio St,False,7,2024-10-05,1.6223753550127207,-28,29.62237535501272
16184,Colorado St,Oregon St,Oregon St,False,7,2024-10-05,-1.3218990395137133,-8,6.678100960486287
16185,UCLA,Penn St,Penn St,False,7,2024-10-05,-1.6696746150961206,-16,14.33032538490388
16186,Pittsburgh,North Carolina,Pittsburgh,True,7,2024-10-05,-1.0841624633905897,10,11.084162463390589
16187,San Diego St,Hawai'i,San Diego St,True,7,2024-10-05,2.808654986986411,3,0.19134501301358897
16188,Nevada,San Jose St,San Jose St,False,7,2024-10-05,-3.1002412842550795,-4,0.8997587157449205
16189,SMU,Louisville,SMU,True,7,2024-10-05,2.6921828568983037,7,4.307817143101696
16190,Missouri,Texas A&M,Texas A&M,False,7,2024-10-05,1.647436245453201,-31,32.6474362454532
16191,Texas Tech,Arizona,Texas Tech,True,7,2024-10-05,1.529970672849604,6,4.470029327150396
16192,Miami OH,Toledo,Toledo,False,7,2024-10-05,-2.0295244469211786,-10,7.970475553078821
16193,UAB,Tulane,Tulane,False,7,2024-10-05,-1.2063508523798772,-51,49.79364914762012
16194,Alabama,Vanderbilt,Vanderbilt,False,7,2024-10-05,-4.5894903991814,-5,0.41050960081860044
16195,Virginia,Boston College,Virginia,True,7,2024-10-05,-0.16730875088621391,10,10.167308750886214
16196,Virginia Tech,Stanford,Virginia Tech,True,7,2024-10-05,0.4897658451311759,24,23.510234154868826
16197,Wake Forest,NC State,Wake Forest,True,7,2024-10-05,-1.5761515787495615,4,5.5761515787495615
16198,Michigan,Washington,Washington,False,7,2024-10-05,-0.6613285563663254,-10,9.338671443633675
16199,Oklahoma St,West Virginia,West Virginia,False,7,2024-10-05,0.7552745694028341,-24,24.755274569402832
16200,W Michigan,Ball St,W Michigan,True,7,2024-10-05,0.1441708770962293,3,2.8558291229037707
16201,Purdue,Wisconsin,Wisconsin,False,7,2024-10-05,-2.8006727563873413,-46,43.19932724361266
16202,Liberty,Florida Intl,Liberty,True,8,2024-10-08,-0.7540621775225665,7,7.754062177522567
16203,New Mexico St,Jacksonville St,Jacksonville St,False,8,2024-10-09,-0.8961373649029132,-41,40.10386263509709
16204,Coastal Car,J Madison,J Madison,False,8,2024-10-10,0.19330546755974717,-32,32.193305467559746
16205,Middle Tenn,Louisiana Tech,Louisiana Tech,False,8,2024-10-10,0.5053444300605152,-27,27.505344430060514
16206,W Kentucky,UTEP,W Kentucky,True,8,2024-10-10,0.2021779744995053,27,26.797822025500494
16207,Arizona St,Utah,Arizona St,True,8,2024-10-11,1.2691890178358982,8,6.730810982164102
16208,UNLV,Utah St,UNLV,True,8,2024-10-11,3.693981666486045,16,12.306018333513954
16209,Maryland,Northwestern,Northwestern,False,8,2024-10-11,-0.4507571011607403,-27,26.54924289883926
16210,South Carolina,Alabama,Alabama,False,8,2024-10-12,-0.45394561280143836,-2,1.5460543871985617
16211,UAB,Army,Army,False,8,2024-10-12,0.3810884948114408,-34,34.38108849481144
16212,Ball St,Kent St,Ball St,True,8,2024-10-12,-1.1100339985413517,2,3.1100339985413514
16213,Boise St,Hawai'i,Boise St,True,8,2024-10-12,6.504163390391158,21,14.495836609608842
16214,BYU,Arizona,BYU,True,8,2024-10-12,1.072174646795108,22,20.92782535320489
16215,Toledo,Buffalo,Buffalo,False,8,2024-10-12,3.3990267568806902,-15,18.39902675688069
16216,Cincinnati,UCF,Cincinnati,True,8,2024-10-12,0.3460112181940094,6,5.653988781805991
16217,Clemson,Wake Forest,Clemson,True,8,2024-10-12,1.3512439326182935,35,33.648756067381704
16218,Colorado St,San Jose St,Colorado St,True,8,2024-10-12,-2.0037629726246853,7,9.003762972624685
16219,Georgia,Mississippi St,Georgia,True,8,2024-10-12,-4.329116416214092,10,14.329116416214092
16220,Georgia So,Marshall,Georgia So,True,8,2024-10-12,-2.219758739573728,1,3.219758739573728
16221,Georgia Tech,North Carolina,Georgia Tech,True,8,2024-10-12,-2.1073687552408797,7,9.10736875524088
16222,Illinois,Purdue,Illinois,True,8,2024-10-12,0.5861020161916867,1,0.41389798380831333
16223,Washington,Iowa,Iowa,False,8,2024-10-12,0.17451056675641113,-24,24.17451056675641
16224,Iowa St,West Virginia,Iowa St,True,8,2024-10-12,1.3269715253198455,12,10.673028474680155
16225,Kansas St,Colorado,Kansas St,True,8,2024-10-12,-0.5532016426983772,3,3.5532016426983772
16226,Louisiana,App State,Louisiana,True,8,2024-10-12,0.9613240913657598,10,9.03867590863424
16227,Mississippi,LSU,LSU,False,8,2024-10-12,-0.745127105979714,-3,2.254872894020286
16228,Southern Miss,UL Monroe,UL Monroe,False,8,2024-10-12,1.1607129574479007,-17,18.1607129574479
16229,Louisville,Virginia,Louisville,True,8,2024-10-12,-0.2540522777079857,4,4.254052277707986
16230,Memphis,S Florida,Memphis,True,8,2024-10-12,-4.067556579158352,18,22.067556579158353
16231,E Michigan,Miami OH,Miami OH,False,8,2024-10-12,-0.8767011411790387,-24,23.123298858820963
16232,UCLA,Minnesota,Minnesota,False,8,2024-10-12,-1.4912130008702835,-4,2.5087869991297165
16233,UMass,Missouri,Missouri,False,8,2024-10-12,0.7530045734355373,-42,42.75300457343554
16234,Nevada,Oregon St,Nevada,True,8,2024-10-12,-3.258611259802287,5,8.258611259802286
16235,New Mexico,Air Force,New Mexico,True,8,2024-10-12,2.751756532274211,15,12.24824346772579
16236,N Texas,Florida Atlantic,N Texas,True,8,2024-10-12,-1.2090865630327283,4,5.209086563032728
16237,Bowling Green,N Illinois,N Illinois,False,8,2024-10-12,0.22324470308279282,-10,10.223244703082793
16238,Notre Dame,Stanford,Notre Dame,True,8,2024-10-12,0.9227930089545601,42,41.07720699104544
16239,Ohio,C Michigan,Ohio,True,8,2024-10-12,-0.597886230070988,2,2.597886230070988
16240,Old Dominion,Georgia St,Old Dominion,True,8,2024-10-12,-0.2000649236599313,7,7.200064923659931
16241,Ohio St,Oregon,Oregon,False,8,2024-10-12,7.283707247468314,-1,8.283707247468314
16242,USC,Penn St,Penn St,False,8,2024-10-12,0.0969962283465538,-3,3.096996228346554
16243,California,Pittsburgh,Pittsburgh,False,8,2024-10-12,-0.06043346306693193,-2,1.9395665369330681
16244,UTSA,Rice,Rice,False,8,2024-10-12,-1.4092377157273228,-2,0.5907622842726772
16245,Wyoming,San Diego St,San Diego St,False,8,2024-10-12,-1.0930783677254121,-3,1.9069216322745879
16246,Syracuse,NC State,Syracuse,True,8,2024-10-12,-0.24380799515578294,7,7.243807995155783
16247,Tennessee,Florida,Tennessee,True,8,2024-10-12,4.470672654732227,6,1.529327345267773
16248,Texas,Oklahoma,Texas,True,8,2024-10-12,3.138359977234092,31,27.861640022765908
16249,Texas St,Arkansas St,Texas St,True,8,2024-10-12,-0.64219094883054,32,32.64219094883054
16250,Kentucky,Vanderbilt,Vanderbilt,False,8,2024-10-12,-0.05121411155263425,-7,6.9487858884473654
16251,Fresno St,Washington St,Washington St,False,8,2024-10-12,-2.7192815425617844,-8,5.2807184574382156
16252,W Michigan,Akron,W Michigan,True,8,2024-10-12,-1.046722490813262,10,11.046722490813263
16253,Wisconsin,Rutgers,Wisconsin,True,8,2024-10-12,-1.0883595100201087,35,36.08835951002011
16254,Kennesaw St,Middle Tenn,Middle Tenn,False,9,2024-10-15,0.7965594039706936,-9,9.796559403970694
16255,Louisiana Tech,New Mexico St,New Mexico St,False,9,2024-10-15,-6.612165049815636,-3,3.612165049815636
16256,S Alabama,Troy,S Alabama,True,9,2024-10-15,0.8691580962135089,16,15.130841903786491
16257,UTEP,Florida Intl,UTEP,True,9,2024-10-16,-0.505865480569896,9,9.505865480569897
16258,W Kentucky,Sam Houston,W Kentucky,True,9,2024-10-16,-0.9528656047555695,17,17.95286560475557
16259,Marshall,Georgia St,Marshall,True,9,2024-10-17,1.697448365659867,15,13.302551634340134
16260,Boston College,Virginia Tech,Virginia Tech,False,9,2024-10-17,-0.7462310075893933,-21,20.253768992410606
16261,BYU,Oklahoma St,BYU,True,9,2024-10-18,-0.8378473023440218,3,3.837847302344022
16262,Florida St,Duke,Duke,False,9,2024-10-18,-0.6869816853583938,-7,6.313018314641607
16263,Nevada,Fresno St,Fresno St,False,9,2024-10-18,-0.8819399211270644,-3,2.1180600788729356
16264,Oregon,Purdue,Oregon,True,9,2024-10-18,1.8985647343087717,35,33.10143526569123
16265,Arkansas St,Southern Miss,Arkansas St,True,9,2024-10-19,0.7364674491087754,16,15.263532550891224
16266,E Carolina,Army,Army,False,9,2024-10-19,0.8288923820102171,-17,17.828892382010217
16267,Texas Tech,Baylor,Baylor,False,9,2024-10-19,-0.2267699006908366,-24,23.773230099309163
16268,Bowling Green,Kent St,Bowling Green,True,9,2024-10-19,-3.959521764391894,21,24.959521764391894
16269,Arizona St,Cincinnati,Cincinnati,False,9,2024-10-19,0.22608010735665315,-10,10.226080107356653
16270,Virginia,Clemson,Clemson,False,9,2024-10-19,1.0636665268901062,-17,18.063666526890106
16271,Arizona,Colorado,Colorado,False,9,2024-10-19,-1.1457717766482967,-27,25.854228223351704
16272,Colorado St,Air Force,Colorado St,True,9,2024-10-19,-0.3843313174727283,8,8.384331317472729
16273,E Michigan,C Michigan,E Michigan,True,9,2024-10-19,-0.4646745778219526,4,4.4646745778219525
16274,Florida,Kentucky,Florida,True,9,2024-10-19,-1.0736044340748274,28,29.073604434074827
16275,Texas,Georgia,Georgia,False,9,2024-10-19,-4.695900143614986,-15,10.304099856385015
16276,Georgia So,J Madison,Georgia So,True,9,2024-10-19,-0.6429622861090678,14,14.642962286109068
16277,Illinois,Michigan,Illinois,True,9,2024-10-19,2.5596821195371224,14,11.440317880462878
16278,Nebraska,Indiana,Indiana,False,9,2024-10-19,1.1595558619639146,-49,50.159555861963916
16279,Iowa St,UCF,Iowa St,True,9,2024-10-19,0.06509565923730284,3,2.934904340762697
16280,Kansas,Houston,Kansas,True,9,2024-10-19,5.060459365647393,28,22.939540634352607
16281,Kansas St,West Virginia,Kansas St,True,9,2024-10-19,0.24002422859776207,27,26.75997577140224
16282,Coastal Car,Louisiana,Louisiana,False,9,2024-10-19,-1.2882911799166687,-10,8.71170882008333
16283,LSU,Arkansas,LSU,True,9,2024-10-19,4.888393712307401,24,19.1116062876926
16284,USC,Maryland,Maryland,False,9,2024-10-19,-0.7188873401686181,-1,0.2811126598313819
16285,Memphis,N Texas,Memphis,True,9,2024-10-19,0.495073628255635,8,7.504926371744365
16286,Miami,Louisville,Miami,True,9,2024-10-19,3.3048710086588042,7,3.6951289913411958
16287,Ohio,Miami OH,Miami OH,False,9,2024-10-19,-1.64740905879285,-10,8.35259094120715
16288,Iowa,Michigan St,Michigan St,False,9,2024-10-19,-3.622751907800761,-12,8.377248092199238
16289,Auburn,Missouri,Missouri,False,9,2024-10-19,0.17083258979615112,-4,4.170832589796151
16290,Charlotte,Navy,Navy,False,9,2024-10-19,-0.3086609097573134,-34,33.691339090242685
16291,Oregon St,UNLV,UNLV,False,9,2024-10-19,-3.3447564641444263,-8,4.655243535855574
16292,Utah St,New Mexico,New Mexico,False,9,2024-10-19,3.0116175181792495,-5,8.01161751817925
16293,NC State,California,NC State,True,9,2024-10-19,-2.108157442908307,1,3.108157442908307
16294,Georgia Tech,Notre Dame,Notre Dame,False,9,2024-10-19,0.6481788866920296,-18,18.64817888669203
16295,Old Dominion,Texas St,Old Dominion,True,9,2024-10-19,-0.3107575665065744,10,10.310757566506574
16296,Wyoming,San Jose St,San Jose St,False,9,2024-10-19,-2.4435232651373653,-10,7.556476734862635
16297,South Carolina,Oklahoma,South Carolina,True,9,2024-10-19,-0.6541178077585504,26,26.65411780775855
16298,UAB,S Florida,S Florida,False,9,2024-10-19,-0.32385914430425533,-10,9.676140855695746
16299,Stanford,SMU,SMU,False,9,2024-10-19,-2.480040386289282,-30,27.519959613710718
16300,Temple,Tulsa,Temple,True,9,2024-10-19,0.09411623564623063,10,9.905883764353769
16301,Tennessee,Alabama,Tennessee,True,9,2024-10-19,2.0650914166287606,7,4.934908583371239
16302,Texas A&M,Mississippi St,Texas A&M,True,9,2024-10-19,0.63527899904736,10,9.36472100095264
16303,Utah,TCU,TCU,False,9,2024-10-19,-0.5815008985223429,-6,5.418499101477657
16304,Florida Atlantic,UTSA,UTSA,False,9,2024-10-19,-0.6742916307759897,-14,13.32570836922401
16305,Toledo,N Illinois,Toledo,True,9,2024-10-19,1.7926984394962657,7,5.207301560503734
16306,Rice,Tulane,Tulane,False,9,2024-10-19,-1.2622510514560188,-14,12.737748948543981
16307,Rutgers,UCLA,UCLA,False,9,2024-10-19,-0.9673247245852478,-3,2.032675275414752
16308,Vanderbilt,Ball St,Vanderbilt,True,9,2024-10-19,8.014129982780052,10,1.9858700172199484
16309,Wake Forest,UConn,Wake Forest,True,9,2024-10-19,-0.9822786489755138,3,3.9822786489755138
16310,Hawai'i,Washington St,Washington St,False,9,2024-10-19,-2.296739453780912,-32,29.703260546219088
16311,Buffalo,W Michigan,W Michigan,False,9,2024-10-19,-2.9298990584486244,-7,4.070100941551376
16312,Northwestern,Wisconsin,Wisconsin,False,9,2024-10-19,-0.30324221384115235,-20,19.696757786158848
16313,Louisiana Tech,UTEP,Louisiana Tech,True,10,2024-10-22,-2.73962074368926,4,6.73962074368926
16314,Sam Houston,Florida Intl,Sam Houston,True,10,2024-10-22,-0.11080094926591172,3,3.110800949265912
16315,Middle Tenn,Jacksonville St,Jacksonville St,False,10,2024-10-23,0.5919079204303141,-22,22.591907920430316
16316,Liberty,Kennesaw St,Kennesaw St,False,10,2024-10-23,-2.9975188942195055,-3,0.0024811057804945413
16317,Old Dominion,Georgia So,Old Dominion,True,10,2024-10-24,-2.0793376100942518,28,30.079337610094253
16318,Pittsburgh,Syracuse,Pittsburgh,True,10,2024-10-24,-0.5779621118086398,28,28.577962111808638
16319,UNLV,Boise St,Boise St,False,10,2024-10-25,0.19913669773376252,-5,5.1991366977337625
16320,Boston College,Louisville,Louisville,False,10,2024-10-25,0.7501252732586123,-4,4.750125273258613
16321,USC,Rutgers,USC,True,10,2024-10-25,-0.2549015308208664,22,22.254901530820867
16322,Akron,E Michigan,Akron,True,10,2024-10-26,-1.2146521052639168,4,5.214652105263917
16323,Missouri,Alabama,Alabama,False,10,2024-10-26,-2.9217257164974573,-34,31.078274283502545
16324,Georgia St,App State,App State,False,10,2024-10-26,0.23163369303147385,-7,7.2316336930314735
16325,Mississippi St,Arkansas,Arkansas,False,10,2024-10-26,-0.24418842733290705,-33,32.75581157266709
16326,Troy,Arkansas St,Arkansas St,False,10,2024-10-26,-0.6954971547500594,-3,2.3045028452499405
16327,Kentucky,Auburn,Auburn,False,10,2024-10-26,-0.9833700104998035,-14,13.016629989500196
16328,Ball St,N Illinois,Ball St,True,10,2024-10-26,0.040191850231539594,2,1.9598081497684605
16329,Oklahoma St,Baylor,Baylor,False,10,2024-10-26,-0.46385414441937844,-10,9.536145855580621
16330,Bowling Green,Toledo,Bowling Green,True,10,2024-10-26,-3.2539284735149727,15,18.25392847351497
16331,BYU,UCF,BYU,True,10,2024-10-26,0.5051094268798326,13,12.494890573120168
16332,Oregon St,California,California,False,10,2024-10-26,-2.4026835811160363,-37,34.59731641888396
16333,Colorado,Cincinnati,Colorado,True,10,2024-10-26,1.4668468887729267,11,9.533153111227072
16334,New Mexico,Colorado St,Colorado St,False,10,2024-10-26,0.7517549405124841,-11,11.751754940512484
16335,UConn,Rice,UConn,True,10,2024-10-26,-2.1729620407104973,7,9.172962040710498
16336,E Carolina,Temple,E Carolina,True,10,2024-10-26,-0.02722881248040977,22,22.02722881248041
16337,San Jose St,Fresno St,Fresno St,False,10,2024-10-26,-0.09937291483829687,-23,22.9006270851617
16338,Houston,Utah,Houston,True,10,2024-10-26,-0.09395973158125485,3,3.093959731581255
16339,Indiana,Washington,Indiana,True,10,2024-10-26,-0.5310513129415925,14,14.531051312941592
16340,Northwestern,Iowa,Iowa,False,10,2024-10-26,0.1760866501374572,-26,26.176086650137457
16341,Southern Miss,J Madison,J Madison,False,10,2024-10-26,0.05180082910868824,-17,17.05180082910869
16342,Kansas St,Kansas,Kansas St,True,10,2024-10-26,1.5705576789199136,2,0.4294423210800864
16344,Memphis,Charlotte,Memphis,True,10,2024-10-26,1.5279998257259326,5,3.4720001742740676
16345,Florida St,Miami,Miami,False,10,2024-10-26,-3.6776860988878024,-22,18.322313901112196
16346,Miami OH,C Michigan,Miami OH,True,10,2024-10-26,1.7715688763224617,39,37.22843112367754
16347,Michigan,Michigan St,Michigan,True,10,2024-10-26,-1.6721610540337628,7,8.672161054033763
16348,Minnesota,Maryland,Minnesota,True,10,2024-10-26,-2.882926901302482,25,27.882926901302483
16349,Oklahoma,Mississippi,Mississippi,False,10,2024-10-26,0.04220843112763283,-12,12.042208431127634
16350,North Carolina,Virginia,North Carolina,True,10,2024-10-26,0.011849276134599957,27,26.9881507238654
16351,Navy,Notre Dame,Notre Dame,False,10,2024-10-26,1.1438666332544307,-37,38.14386663325443
16352,Buffalo,Ohio,Ohio,False,10,2024-10-26,-0.9982950305786299,-31,30.00170496942137
16353,Nebraska,Ohio St,Ohio St,False,10,2024-10-26,-0.03337375414820411,-4,3.966626245851796
16354,Illinois,Oregon,Oregon,False,10,2024-10-26,-0.1998656408152706,-29,28.800134359184728
16355,Wisconsin,Penn St,Penn St,False,10,2024-10-26,0.6512222709766264,-15,15.651222270976627
16356,UL Monroe,S Alabama,S Alabama,False,10,2024-10-26,-2.2574581646508043,-29,26.742541835349197
16357,Duke,SMU,SMU,False,10,2024-10-26,0.3102762416184906,-1,1.3102762416184905
16358,Vanderbilt,Texas,Texas,False,10,2024-10-26,0.11447090953436756,-3,3.1144709095343677
16359,Texas A&M,LSU,Texas A&M,True,10,2024-10-26,1.4926842376016884,15,13.507315762398312
16360,Texas Tech,TCU,TCU,False,10,2024-10-26,0.10072683552636995,-1,1.10072683552637
16361,N Texas,Tulane,Tulane,False,10,2024-10-26,1.5997650066014233,-8,9.599765006601423
16362,Tulsa,UTSA,Tulsa,True,10,2024-10-26,-0.8057493003826394,1,1.8057493003826393
16363,Utah St,Wyoming,Utah St,True,10,2024-10-26,2.7318601840181396,2,0.7318601840181396
16364,Virginia Tech,Georgia Tech,Virginia Tech,True,10,2024-10-26,1.2955826202763705,15,13.70441737972363
16365,Wake Forest,Stanford,Wake Forest,True,10,2024-10-26,-1.3000079644580502,3,4.30000796445805
16366,San Diego St,Washington St,Washington St,False,10,2024-10-26,-1.7256522872370932,-3,1.2743477127629068
16367,West Virginia,Arizona,West Virginia,True,10,2024-10-26,0.440682255991214,5,4.559317744008786
16368,W Michigan,Kent St,W Michigan,True,10,2024-10-26,-16.93327262740985,31,47.93327262740985
16369,Hawai'i,Nevada,Hawai'i,True,10,2024-10-27,-2.4909494631254354,21,23.490949463125435
16370,Florida Intl,New Mexico St,Florida Intl,True,11,2024-10-29,0.29719460633414085,21,20.70280539366586
16371,Louisiana,Texas St,Louisiana,True,11,2024-10-29,0.021307722420151606,6,5.978692277579849
16372,Sam Houston,Louisiana Tech,Sam Houston,True,11,2024-10-29,-0.32408201863350483,6,6.324082018633505
16373,Liberty,Jacksonville St,Jacksonville St,False,11,2024-10-30,-0.08550069687852996,-10,9.91449930312147
16374,W Kentucky,Kennesaw St,W Kentucky,True,11,2024-10-30,4.239354424614984,17,12.760645575385016
16375,Charlotte,Tulane,Tulane,False,11,2024-10-31,0.018815824031876097,-31,31.018815824031876
16376,San Diego St,Boise St,Boise St,False,11,2024-11-01,-1.724510207476,-32,30.275489792524
16377,UConn,Georgia St,UConn,True,11,2024-11-01,-2.086235848253432,7,9.086235848253432
16378,S Florida,Florida Atlantic,S Florida,True,11,2024-11-01,-1.478986970101653,23,24.47898697010165
16379,Tulsa,UAB,UAB,False,11,2024-11-02,-0.38499728313715753,-38,37.61500271686284
16380,Old Dominion,App State,App State,False,11,2024-11-02,2.113373602437463,-8,10.113373602437463
16381,Oklahoma St,Arizona St,Arizona St,False,11,2024-11-02,-0.1240510915745191,-21,20.87594890842548
16382,Air Force,Army,Army,False,11,2024-11-02,0.186894314825099,-17,17.1868943148251
16383,TCU,Baylor,Baylor,False,11,2024-11-02,-0.8005118773587665,-3,2.1994881226412337
16384,Akron,Buffalo,Buffalo,False,11,2024-11-02,-0.9516956945036503,-11,10.04830430549635
16385,Arizona,UCF,UCF,False,11,2024-11-02,-0.3818946310730367,-44,43.61810536892696
16386,Colorado St,Nevada,Colorado St,True,11,2024-11-02,-0.09555804194938375,17,17.095558041949385
16387,Georgia,Florida,Georgia,True,11,2024-11-02,4.230308409872278,14,9.76969159012772
16388,S Alabama,Georgia So,Georgia So,False,11,2024-11-02,-0.4382764830972753,-4,3.561723516902725
16389,Hawai'i,Fresno St,Hawai'i,True,11,2024-11-02,-0.6070919002098267,1,1.6070919002098267
16390,Houston,Kansas St,Houston,True,11,2024-11-02,-0.13108811947807536,5,5.1310881194780755
16391,Michigan St,Indiana,Indiana,False,11,2024-11-02,-0.06572363015124175,-37,36.93427636984876
16392,Wisconsin,Iowa,Iowa,False,11,2024-11-02,-0.34197084561731556,-32,31.658029154382685
16393,Louisville,Clemson,Louisville,True,11,2024-11-02,-0.593086892967942,12,12.593086892967943
16394,UL Monroe,Marshall,Marshall,False,11,2024-11-02,-1.1886183218522317,-5,3.811381678147768
16395,Duke,Miami,Miami,False,11,2024-11-02,0.09137268713512804,-22,22.091372687135127
16396,Middle Tenn,UTEP,Middle Tenn,True,11,2024-11-02,1.4631655541753275,7,5.536834445824672
16397,Minnesota,Illinois,Minnesota,True,11,2024-11-02,2.2415006350045683,8,5.758499364995432
16398,Mississippi,Arkansas,Mississippi,True,11,2024-11-02,0.0037569480283725395,32,31.99624305197163
16399,UMass,Mississippi St,Mississippi St,False,11,2024-11-02,-0.3974798053772854,-25,24.602520194622716
16400,Florida St,North Carolina,North Carolina,False,11,2024-11-02,-3.434215629589172,-24,20.565784370410828
16401,Stanford,NC State,NC State,False,11,2024-11-02,-1.8508297569980563,-31,29.149170243001944
16402,Purdue,Northwestern,Northwestern,False,11,2024-11-02,-1.4888565437551105,-6,4.5111434562448895
16403,Penn St,Ohio St,Ohio St,False,11,2024-11-02,1.0399694343709187,-7,8.039969434370919
16405,Oregon,Michigan,Oregon,True,11,2024-11-02,6.17933078733751,21,14.82066921266249
16406,Rice,Navy,Rice,True,11,2024-11-02,-4.1507761589786565,14,18.15077615897866
16407,South Carolina,Texas A&M,South Carolina,True,11,2024-11-02,1.034327155407603,24,22.965672844592397
16408,Pittsburgh,SMU,SMU,False,11,2024-11-02,2.4135584055586388,-23,25.41355840555864
16409,Syracuse,Virginia Tech,Syracuse,True,11,2024-11-02,1.8265652807316537,7,5.1734347192683465
16410,Kentucky,Tennessee,Tennessee,False,11,2024-11-02,-0.6257249565186203,-10,9.37427504348138
16411,Texas Tech,Iowa St,Texas Tech,True,11,2024-11-02,0.8737652147038456,1,0.1262347852961544
16412,UTSA,Memphis,UTSA,True,11,2024-11-02,-0.17686025160059576,8,8.176860251600596
16413,Toledo,E Michigan,Toledo,True,11,2024-11-02,0.09694282314953752,1,0.9030571768504625
16414,Troy,Coastal Car,Troy,True,11,2024-11-02,-3.0643488332594924,14,17.064348833259494
16415,UCLA,Nebraska,UCLA,True,11,2024-11-02,-0.9121138743847669,7,7.912113874384767
16416,Auburn,Vanderbilt,Vanderbilt,False,11,2024-11-02,-0.05121411155263425,-10,9.948785888447366
16417,USC,Washington,Washington,False,11,2024-11-02,2.22078733889454,-5,7.2207873388945405
16418,Wyoming,New Mexico,Wyoming,True,11,2024-11-02,0.8801879590494519,4,3.1198120409505483
16419,C Michigan,Bowling Green,Bowling Green,False,12,2024-11-05,-1.5150457750252595,-10,8.484954224974741
16420,Miami OH,Ball St,Miami OH,True,12,2024-11-05,1.6676291048928973,6,4.332370895107102
16421,W Michigan,N Illinois,N Illinois,False,12,2024-11-06,-0.969298754701163,-14,13.030701245298838
16422,Ohio,Kent St,Ohio,True,12,2024-11-06,-10.62275763743752,41,51.622757637437516
16423,App State,Coastal Car,Coastal Car,False,12,2024-11-07,-1.3960915449373599,-14,12.60390845506264
16424,Florida Atlantic,E Carolina,E Carolina,False,12,2024-11-07,-0.40011106934336066,-35,34.59988893065664
16425,Wake Forest,California,California,False,12,2024-11-08,-0.12312730084370728,-10,9.876872699156293
16426,Rice,Memphis,Memphis,False,12,2024-11-08,-2.9888921215063977,-7,4.011107878493602
16427,New Mexico,San Diego St,New Mexico,True,12,2024-11-08,0.22720802624001465,5,4.772791973759985
16428,Iowa,UCLA,UCLA,False,12,2024-11-08,-0.5011387500687737,-3,2.498861249931226
16429,Air Force,Fresno St,Air Force,True,12,2024-11-09,-2.1677373280638914,8,10.167737328063891
16430,LSU,Alabama,Alabama,False,12,2024-11-09,-1.9244671074201067,-29,27.075532892579893
16431,Arizona St,UCF,Arizona St,True,12,2024-11-09,-1.3216542849543382,4,5.321654284954338
16432,N Texas,Army,Army,False,12,2024-11-09,1.5109723704370897,-11,12.51097237043709
16433,Boise St,Nevada,Boise St,True,12,2024-11-09,1.8717049829421841,7,5.128295017057816
16434,Boston College,Syracuse,Boston College,True,12,2024-11-09,-1.7949143485230101,6,7.79491434852301
16435,BYU,Utah,BYU,True,12,2024-11-09,0.9192839506444478,1,0.08071604935555221
16436,Clemson,Virginia Tech,Clemson,True,12,2024-11-09,1.1079280946642285,10,8.892071905335772
16437,Texas Tech,Colorado,Colorado,False,12,2024-11-09,-2.16687325904884,-14,11.83312674095116
16438,UConn,UAB,UConn,True,12,2024-11-09,-1.4406792097208418,8,9.440679209720841
16439,Duke,NC State,Duke,True,12,2024-11-09,-0.8670229507310324,10,10.867022950731032
16440,Georgia Tech,Miami,Georgia Tech,True,12,2024-11-09,-0.22728511393152104,5,5.227285113931521
16441,Indiana,Michigan,Indiana,True,12,2024-11-09,1.498286144037322,5,3.501713855962678
16442,Jacksonville St,Louisiana Tech,Jacksonville St,True,12,2024-11-09,14.28661770649882,7,7.28661770649882
16443,Georgia St,J Madison,J Madison,False,12,2024-11-09,-0.2538132158315447,-31,30.746186784168454
16444,Kansas,Iowa St,Kansas,True,12,2024-11-09,1.2154282259186364,9,7.784571774081364
16445,Liberty,Middle Tenn,Liberty,True,12,2024-11-09,-3.681452131024395,20,23.681452131024393
16446,Arkansas St,Louisiana,Louisiana,False,12,2024-11-09,-0.9419786214368658,-36,35.05802137856313
16447,Southern Miss,Marshall,Marshall,False,12,2024-11-09,-1.2611930262738986,-34,32.7388069737261
16448,Mississippi,Georgia,Mississippi,True,12,2024-11-09,5.051064105383377,18,12.948935894616623
16449,Missouri,Oklahoma,Missouri,True,12,2024-11-09,-0.06278106839267232,7,7.062781068392672
16450,S Florida,Navy,Navy,False,12,2024-11-09,4.21788837571551,-21,25.21788837571551
16451,UNLV,Hawai'i,UNLV,True,12,2024-11-09,3.008527946504724,2,1.0085279465047239
16452,Notre Dame,Florida St,Notre Dame,True,12,2024-11-09,4.262203356302707,49,44.737796643697294
16453,Ohio St,Purdue,Ohio St,True,12,2024-11-09,-5.1391931551982495,45,50.13919315519825
16454,Oregon,Maryland,Oregon,True,12,2024-11-09,-2.2086101469275428,21,23.208610146927544
16455,Penn St,Washington,Penn St,True,12,2024-11-09,-0.14918716767039034,29,29.14918716767039
16456,Rutgers,Minnesota,Rutgers,True,12,2024-11-09,-0.4971686656571556,7,7.4971686656571555
16457,Oregon St,San Jose St,San Jose St,False,12,2024-11-09,-0.5943531075018363,-11,10.405646892498163
16458,South Carolina,Vanderbilt,South Carolina,True,12,2024-11-09,1.7395248544242474,21,19.260475145575754
16459,Mississippi St,Tennessee,Tennessee,False,12,2024-11-09,1.1149277786446279,-19,20.114927778644628
16460,Texas,Florida,Texas,True,12,2024-11-09,1.4121113291247613,32,30.587888670875238
16461,TCU,Oklahoma St,TCU,True,12,2024-11-09,-1.2731373662316547,25,26.273137366231655
16462,UL Monroe,Texas St,Texas St,False,12,2024-11-09,-0.7782255190695819,-21,20.221774480930417
16463,Kennesaw St,UTEP,UTEP,False,12,2024-11-09,0.1734967050453647,-8,8.173496705045364
16464,Temple,Tulane,Tulane,False,12,2024-11-09,-0.08644940094958181,-46,45.91355059905042
16465,Virginia,Pittsburgh,Virginia,True,12,2024-11-09,-0.5801243608174299,5,5.58012436081743
16466,Utah St,Washington St,Washington St,False,12,2024-11-09,0.9570143553654961,-21,21.957014355365494
16467,Cincinnati,West Virginia,West Virginia,False,12,2024-11-09,-1.2633346560551482,-7,5.736665343944852
16468,New Mexico St,W Kentucky,W Kentucky,False,12,2024-11-09,-2.592224668387678,-13,10.407775331612322
16469,Bowling Green,W Michigan,Bowling Green,True,13,2024-11-12,-0.06725327894558872,18,18.06725327894559
16470,Ball St,Buffalo,Buffalo,False,13,2024-11-12,-3.1855844382649274,-3,0.18558443826492743
16471,Toledo,C Michigan,Toledo,True,13,2024-11-12,6.344728582180298,27,20.6552714178197
16472,Miami OH,Kent St,Miami OH,True,13,2024-11-13,-8.097865071961461,27,35.097865071961465
16473,N Illinois,Akron,N Illinois,True,13,2024-11-13,0.4794089150665432,13,12.520591084933457
16474,E Michigan,Ohio,Ohio,False,13,2024-11-13,-0.5885717929434854,-25,24.411428207056513
16475,Tulsa,E Carolina,E Carolina,False,13,2024-11-14,0.37345557251515493,-7,7.373455572515155
16476,Houston,Arizona,Arizona,False,13,2024-11-15,-0.31247688319285044,-24,23.68752311680715
16477,Wyoming,Colorado St,Colorado St,False,13,2024-11-15,0.31911690634177037,-14,14.31911690634177
16478,N Texas,UTSA,UTSA,False,13,2024-11-15,-3.542619589688759,-21,17.45738041031124
16479,UCLA,Washington,Washington,False,13,2024-11-15,-0.02131412853516885,-12,11.978685871464831
16480,Air Force,Oregon St,Air Force,True,13,2024-11-16,-2.693555577882527,28,30.693555577882528
16482,Arizona St,Kansas St,Arizona St,True,13,2024-11-16,0.4782845263206866,10,9.521715473679313
16483,Georgia St,Arkansas St,Arkansas St,False,13,2024-11-16,-1.333432189871351,-7,5.666567810128649
16484,UL Monroe,Auburn,Auburn,False,13,2024-11-16,-1.1100085885886168,-34,32.88999141141138
16485,Baylor,West Virginia,Baylor,True,13,2024-11-16,0.49530764150795786,14,13.504692358492042
16486,San Jose St,Boise St,Boise St,False,13,2024-11-16,-0.430100618009368,-21,20.56989938199063
16487,Clemson,Pittsburgh,Clemson,True,13,2024-11-16,1.5949924877646773,4,2.405007512235323
16488,Colorado,Utah,Colorado,True,13,2024-11-16,1.1697467250852078,25,23.830253274914792
16489,Florida,LSU,Florida,True,13,2024-11-16,-1.1395038383137734,11,12.139503838313773
16490,Tennessee,Georgia,Georgia,False,13,2024-11-16,-4.898152541062017,-14,9.101847458937982
16491,Illinois,Michigan St,Illinois,True,13,2024-11-16,-0.3630109301431257,22,22.363010930143126
16492,Iowa St,Cincinnati,Iowa St,True,13,2024-11-16,0.9275888611813897,17,16.07241113881861
16493,Jacksonville St,Florida Intl,Jacksonville St,True,13,2024-11-16,8.65269056344063,3,5.652690563440631
16494,J Madison,Old Dominion,J Madison,True,13,2024-11-16,-0.09230979934160029,3,3.0923097993416
16495,Kansas,BYU,Kansas,True,13,2024-11-16,2.8732201948962057,4,1.1267798051037943
16497,UMass,Liberty,Liberty,False,13,2024-11-16,-0.5872908782197428,-1,0.4127091217802572
16498,Louisiana Tech,W Kentucky,Louisiana Tech,True,13,2024-11-16,-1.3969283218501274,5,6.396928321850128
16499,Marshall,Coastal Car,Marshall,True,13,2024-11-16,0.4637024659894109,12,11.53629753401059
16500,Memphis,UAB,Memphis,True,13,2024-11-16,0.3021109510846103,35,34.69788904891539
16501,UNLV,San Diego St,UNLV,True,13,2024-11-16,1.5269277848169542,21,19.473072215183045
16502,New Mexico,Washington St,New Mexico,True,13,2024-11-16,-2.0984683784170857,3,5.098468378417086
16503,North Carolina,Wake Forest,North Carolina,True,13,2024-11-16,-0.7463075100952692,7,7.746307510095269
16504,Notre Dame,Virginia,Notre Dame,True,13,2024-11-16,5.819288324921746,21,15.180711675078253
16505,Ohio St,Northwestern,Ohio St,True,13,2024-11-16,-7.694904695866052,24,31.69490469586605
16506,Oregon,Wisconsin,Oregon,True,13,2024-11-16,3.1573239178460297,3,0.15732391784602973
16507,Purdue,Penn St,Penn St,False,13,2024-11-16,0.4576473961024162,-39,39.457647396102416
16508,Maryland,Rutgers,Rutgers,False,13,2024-11-16,-2.3209955039183554,-14,11.679004496081644
16509,Sam Houston,Kennesaw St,Sam Houston,True,13,2024-11-16,1.387472955478843,6,4.612527044521157
16510,Louisiana,S Alabama,S Alabama,False,13,2024-11-16,-0.6825016736916958,-2,1.3174983263083042
16511,Missouri,South Carolina,South Carolina,False,13,2024-11-16,-3.256764745469551,-4,0.743235254530449
16512,Charlotte,S Florida,S Florida,False,13,2024-11-16,-1.156570047347289,-35,33.84342995265271
16513,USC,Nebraska,USC,True,13,2024-11-16,1.7457278263049536,8,6.254272173695046
16514,SMU,Boston College,SMU,True,13,2024-11-16,0.4995903711172627,10,9.500409628882737
16515,Stanford,Louisville,Stanford,True,13,2024-11-16,0.4739723263005054,3,2.5260276736994944
16516,California,Syracuse,Syracuse,False,13,2024-11-16,3.456144573942373,-8,11.456144573942373
16517,Florida Atlantic,Temple,Temple,False,13,2024-11-16,0.2241802960541004,-3,3.2241802960541004
16518,Arkansas,Texas,Texas,False,13,2024-11-16,1.2882768512012948,-10,11.288276851201294
16519,New Mexico St,Texas A&M,Texas A&M,False,13,2024-11-16,-0.46861426401417716,-35,34.53138573598582
16520,Southern Miss,Texas St,Texas St,False,13,2024-11-16,-0.7993838727836338,-55,54.200616127216364
16521,Georgia So,Troy,Troy,False,13,2024-11-16,-2.031426165269334,-8,5.968573834730666
16522,Tulane,Navy,Tulane,True,13,2024-11-16,1.9013788787739048,35,33.098621121226095
16523,Utah St,Hawai'i,Utah St,True,13,2024-11-16,-0.049200681014352876,45,45.049200681014355
16524,Akron,Kent St,Akron,True,14,2024-11-19,-4.274885621862206,21,25.274885621862207
16525,C Michigan,W Michigan,C Michigan,True,14,2024-11-19,-1.4234861733985626,2,3.4234861733985626
16526,Miami OH,N Illinois,Miami OH,True,14,2024-11-19,1.1953572833917492,11,9.804642716608251
16527,E Michigan,Buffalo,Buffalo,False,14,2024-11-20,-2.486887208852292,-17,14.513112791147709
16528,Ohio,Toledo,Ohio,True,14,2024-11-20,-1.3739997387491156,17,18.373999738749117
16529,Georgia Tech,NC State,Georgia Tech,True,14,2024-11-21,-1.0316085283548653,1,2.031608528354865
16530,Michigan St,Purdue,Michigan St,True,14,2024-11-22,-4.797435087856666,7,11.797435087856666
16531,San Jose St,UNLV,UNLV,False,14,2024-11-22,1.228238284092645,-11,12.228238284092646
16532,UTSA,Temple,UTSA,True,14,2024-11-22,1.25366594796748,24,22.74633405203252
16533,Nevada,Air Force,Air Force,False,14,2024-11-23,1.258757832007039,-3,4.2587578320070385
16534,Rice,UAB,UAB,False,14,2024-11-23,-1.7334545992775896,-26,24.26654540072241
16535,J Madison,App State,App State,False,14,2024-11-23,0.4445099789744898,-14,14.444509978974489
16536,Arizona St,BYU,Arizona St,True,14,2024-11-23,1.2558407769675664,5,3.7441592230324336
16537,Arkansas,Louisiana Tech,Arkansas,True,14,2024-11-23,1.715174269820563,21,19.28482573017944
16538,UL Monroe,Arkansas St,Arkansas St,False,14,2024-11-23,-2.292231605057028,-7,4.707768394942972
16539,Texas A&M,Auburn,Auburn,False,14,2024-11-23,0.7733207264420164,-2,2.7733207264420163
16540,Baylor,Houston,Baylor,True,14,2024-11-23,1.6387804870565092,10,8.36121951294349
16541,Wyoming,Boise St,Boise St,False,14,2024-11-23,-0.9385498679734144,-4,3.0614501320265854
16542,North Carolina,Boston College,Boston College,False,14,2024-11-23,-0.7178834382380913,-20,19.28211656176191
16543,Ball St,Bowling Green,Bowling Green,False,14,2024-11-23,-0.678344149100426,-25,24.321655850899575
16544,California,Stanford,California,True,14,2024-11-23,2.398965267263171,3,0.6010347327368288
16545,Charlotte,Florida Atlantic,Charlotte,True,14,2024-11-23,1.0902663457917152,12,10.909733654208285
16547,Virginia Tech,Duke,Duke,False,14,2024-11-23,-0.8837546232059054,-3,2.1162453767940947
16548,N Texas,E Carolina,E Carolina,False,14,2024-11-23,-0.6453061475976564,-12,11.354693852402344
16549,Florida,Mississippi,Florida,True,14,2024-11-23,-0.9196242493753993,7,7.919624249375399
16551,Colorado St,Fresno St,Fresno St,False,14,2024-11-23,0.1789118689808073,-6,6.178911868980808
16552,Georgia,UMass,Georgia,True,14,2024-11-23,-1.334631704041567,38,39.33463170404157
16553,Georgia So,Coastal Car,Georgia So,True,14,2024-11-23,-2.3225529678705685,20,22.322552967870568
16554,Texas St,Georgia St,Georgia St,False,14,2024-11-23,2.84234709407321,-8,10.84234709407321
16555,Rutgers,Illinois,Illinois,False,14,2024-11-23,1.1154114442704426,-7,8.115411444270443
16556,Maryland,Iowa,Iowa,False,14,2024-11-23,-1.8081297976727797,-16,14.19187020232722
16557,Utah,Iowa St,Iowa St,False,14,2024-11-23,-0.08542176227748578,-3,2.9145782377225142
16558,Jacksonville St,Sam Houston,Jacksonville St,True,14,2024-11-23,-0.07999942644725085,10,10.079999426447252
16559,Colorado,Kansas,Kansas,False,14,2024-11-23,1.2003101630422217,-16,17.20031016304222
16560,Cincinnati,Kansas St,Kansas St,False,14,2024-11-23,-0.9562317459511626,-26,25.04376825404884
16561,Kennesaw St,Florida Intl,Kennesaw St,True,14,2024-11-23,-1.1949631018548972,1,2.1949631018548974
16562,Liberty,W Kentucky,Liberty,True,14,2024-11-23,1.0613416723245674,17,15.938658327675432
16563,Louisiana,Troy,Louisiana,True,14,2024-11-23,0.6962713539345885,21,20.303728646065412
16564,Vanderbilt,LSU,LSU,False,14,2024-11-23,-4.414612095310647,-7,2.5853879046893526
16565,Louisville,Pittsburgh,Louisville,True,14,2024-11-23,-0.9983689368956957,28,28.998368936895695
16566,Marshall,Old Dominion,Marshall,True,14,2024-11-23,0.11431609241419964,7,6.8856839075858005
16567,Wake Forest,Miami,Miami,False,14,2024-11-23,1.8737652373212978,-28,29.873765237321297
16568,Northwestern,Michigan,Michigan,False,14,2024-11-23,-2.5221335206315194,-44,41.47786647936848
16569,Missouri,Mississippi St,Missouri,True,14,2024-11-23,-0.9402395513115519,19,19.940239551311553
16570,Nebraska,Wisconsin,Nebraska,True,14,2024-11-23,-0.7751895128488901,19,19.77518951284889
16571,New Mexico St,Middle Tenn,New Mexico St,True,14,2024-11-23,-4.653933961118754,15,19.653933961118753
16572,Notre Dame,Army,Notre Dame,True,14,2024-11-23,13.677512441965863,35,21.322487558034137
16573,Indiana,Ohio St,Ohio St,False,14,2024-11-23,2.1652509887282627,-23,25.165250988728264
16574,Alabama,Oklahoma,Oklahoma,False,14,2024-11-23,6.1430412296331145,-21,27.143041229633113
16575,Oregon St,Washington St,Oregon St,True,14,2024-11-23,-0.45544166116697277,3,3.4554416611669727
16576,Penn St,Minnesota,Penn St,True,14,2024-11-23,-2.1529172464442237,1,3.1529172464442237
16577,S Alabama,Southern Miss,S Alabama,True,14,2024-11-23,3.60642235530989,21,17.39357764469011
16579,S Florida,Tulsa,S Florida,True,14,2024-11-23,2.844955721988943,33,30.155044278011058
16580,USC,UCLA,USC,True,14,2024-11-23,0.1622832320263113,6,5.8377167679736885
16581,SMU,Virginia,SMU,True,14,2024-11-23,1.175949696965914,26,24.824050303034085
16582,UConn,Syracuse,Syracuse,False,14,2024-11-23,-6.738740985949214,-7,0.2612590140507862
16583,Tennessee,UTEP,Tennessee,True,14,2024-11-23,8.500182072404394,56,47.49981792759561
16584,Kentucky,Texas,Texas,False,14,2024-11-23,0.5992057693732362,-17,17.599205769373235
16585,Arizona,TCU,TCU,False,14,2024-11-23,-0.33292262718147914,-21,20.66707737281852
16586,Oklahoma St,Texas Tech,Texas Tech,False,14,2024-11-23,-1.8166017478609386,-8,6.183398252139061
16587,San Diego St,Utah St,Utah St,False,14,2024-11-23,-0.5053412732767003,-21,20.4946587267233
16588,West Virginia,UCF,West Virginia,True,14,2024-11-23,0.16662401332394933,10,9.833375986676051
16589,Toledo,Akron,Akron,False,15,2024-11-26,-0.9388930692588314,-7,6.061106930741168
16590,Buffalo,Kent St,Buffalo,True,15,2024-11-26,-23.59389199723788,36,59.593891997237876
16591,Memphis,Tulane,Memphis,True,15,2024-11-28,1.3788914644314307,10,8.621108535568569
16592,Boise St,Oregon St,Boise St,True,15,2024-11-29,-1.3602452996990453,16,17.360245299699045
16593,Colorado,Oklahoma St,Colorado,True,15,2024-11-29,-0.8616315104168564,52,52.861631510416856
16594,Utah St,Colorado St,Colorado St,False,15,2024-11-29,-1.5368029765522124,-5,3.463197023447788
16595,Georgia Tech,Georgia,Georgia,False,15,2024-11-29,-2.9217257164974573,-2,0.9217257164974573
16596,Iowa,Nebraska,Iowa,True,15,2024-11-29,-0.16619933297432787,3,3.166199332974328
16597,Miami OH,Bowling Green,Miami OH,True,15,2024-11-29,-0.029410980259869643,16,16.02941098025987
16598,Minnesota,Wisconsin,Minnesota,True,15,2024-11-29,-0.5148265859171056,17,17.514826585917106
16599,Mississippi St,Mississippi,Mississippi,False,15,2024-11-29,-1.3454425666787333,-12,10.654557433321267
16600,E Carolina,Navy,Navy,False,15,2024-11-29,2.1660654284169962,-14,16.166065428416996
16601,Ball St,Ohio,Ohio,False,15,2024-11-29,-1.6725198535239765,-21,19.327480146476024
16602,Liberty,Sam Houston,Sam Houston,False,15,2024-11-29,0.14809975999454075,-2,2.148099759994541
16603,San Jose St,Stanford,San Jose St,True,15,2024-11-29,-2.6213847963789005,3,5.6213847963789005
16604,Texas St,S Alabama,Texas St,True,15,2024-11-29,-1.1337905422349097,7,8.133790542234909
16605,Utah,UCF,Utah,True,15,2024-11-29,2.180110719924923,14,11.819889280075078
16606,Air Force,San Diego St,Air Force,True,15,2024-11-30,-3.5177851564928364,11,14.517785156492836
16607,Alabama,Auburn,Alabama,True,15,2024-11-30,4.9304025232771895,14,9.06959747672281
16608,Arizona St,Arizona,Arizona St,True,15,2024-11-30,4.651386441004223,42,37.34861355899578
16609,Army,UTSA,Army,True,15,2024-11-30,-3.524530372221676,5,8.524530372221676
16610,Kansas,Baylor,Baylor,False,15,2024-11-30,1.1402761375780506,-28,29.140276137578052
16611,Pittsburgh,Boston College,Boston College,False,15,2024-11-30,-1.4010776352152463,-11,9.598922364784753
16612,BYU,Houston,BYU,True,15,2024-11-30,-0.5568400088822575,12,12.556840008882258
16613,Charlotte,UAB,Charlotte,True,15,2024-11-30,-0.0713330216308018,2,2.0713330216308017
16614,Coastal Car,Georgia St,Coastal Car,True,15,2024-11-30,-0.4584737336140209,21,21.45847373361402
16615,UMass,UConn,UConn,False,15,2024-11-30,0.1402426597142969,-5,5.140242659714297
16616,Wake Forest,Duke,Duke,False,15,2024-11-30,-0.39059490884884196,-6,5.609405091151158
16617,Florida St,Florida,Florida,False,15,2024-11-30,-3.166065962849215,-20,16.833934037150783
16618,Tulsa,Florida Atlantic,Florida Atlantic,False,15,2024-11-30,1.0038505593393647,-47,48.00385055933936
16619,Middle Tenn,Florida Intl,Florida Intl,False,15,2024-11-30,-0.4205308688469592,-11,10.57946913115304
16620,Georgia So,App State,Georgia So,True,15,2024-11-30,-2.662963790896353,9,11.662963790896352
16621,New Mexico,Hawai'i,Hawai'i,False,15,2024-11-30,7.708926505364309,-8,15.708926505364309
16622,Northwestern,Illinois,Illinois,False,15,2024-11-30,-1.0399728591808786,-10,8.960027140819122
16623,Indiana,Purdue,Indiana,True,15,2024-11-30,1.5880737095824846,66,64.41192629041751
16624,Iowa St,Kansas St,Iowa St,True,15,2024-11-30,0.6056068740446701,8,7.39439312595533
16625,Louisiana,UL Monroe,Louisiana,True,15,2024-11-30,0.13394133256374166,14,13.866058667436258
16626,LSU,Oklahoma,LSU,True,15,2024-11-30,-2.661249550647146,20,22.661249550647145
16627,Kennesaw St,Louisiana Tech,Louisiana Tech,False,15,2024-11-30,-1.0321324540759613,-33,31.96786754592404
16628,Kentucky,Louisville,Louisville,False,15,2024-11-30,0.1064453609152403,-27,27.10644536091524
16629,Marshall,J Madison,Marshall,True,15,2024-11-30,1.0321587480012617,2,0.9678412519987383
16630,Michigan,Ohio St,Michigan,True,15,2024-11-30,-0.2251732564874929,3,3.225173256487493
16631,Missouri,Arkansas,Missouri,True,15,2024-11-30,0.352219124087049,7,6.647780875912951
16632,Nevada,UNLV,UNLV,False,15,2024-11-30,-0.5768679593847724,-24,23.42313204061523
16633,North Carolina,NC State,NC State,False,15,2024-11-30,0.041488784695263084,-5,5.041488784695263
16634,Temple,N Texas,N Texas,False,15,2024-11-30,-0.3675895278709849,-7,6.632410472129015
16635,C Michigan,N Illinois,N Illinois,False,15,2024-11-30,-3.6471656539026505,-8,4.3528343460973495
16636,Notre Dame,USC,Notre Dame,True,15,2024-11-30,4.894902730372123,14,9.105097269627876
16637,Old Dominion,Arkansas St,Old Dominion,True,15,2024-11-30,0.4036305302752557,8,7.596369469724745
16638,Oregon,Washington,Oregon,True,15,2024-11-30,1.234575495763376,28,26.765424504236623
16639,Maryland,Penn St,Penn St,False,15,2024-11-30,-2.7812120090703827,-37,34.21878799092962
16640,Rice,S Florida,Rice,True,15,2024-11-30,-1.3710439527200373,7,8.371043952720036
16641,Michigan St,Rutgers,Rutgers,False,15,2024-11-30,-0.23869730979829534,-27,26.761302690201706
16642,Clemson,South Carolina,South Carolina,False,15,2024-11-30,-1.4060375567144583,-3,1.5939624432855417
16643,SMU,California,SMU,True,15,2024-11-30,0.5512488748830049,32,31.448751125116996
16644,Syracuse,Miami,Syracuse,True,15,2024-11-30,1.8125451409595397,4,2.1874548590404603
16645,Vanderbilt,Tennessee,Tennessee,False,15,2024-11-30,-0.47450188382043407,-13,12.525498116179566
16646,Texas,Texas A&M,Texas,True,15,2024-11-30,5.088178865641827,10,4.911821134358173
16647,Cincinnati,TCU,TCU,False,15,2024-11-30,-1.7565762260930005,-7,5.243423773907
16648,Texas Tech,West Virginia,Texas Tech,True,15,2024-11-30,-0.10021382291224797,37,37.100213822912245
16649,UTEP,New Mexico St,UTEP,True,15,2024-11-30,0.39097051116138104,7,6.609029488838619
16650,Troy,Southern Miss,Troy,True,15,2024-11-30,2.189841610990841,32,29.81015838900916
16651,Fresno St,UCLA,UCLA,False,15,2024-11-30,-1.8786477881681607,-7,5.121352211831839
16652,Virginia Tech,Virginia,Virginia Tech,True,15,2024-11-30,0.20660029987170128,20,19.793399700128298
16653,Jacksonville St,W Kentucky,W Kentucky,False,15,2024-11-30,7.721298798821061,-2,9.72129879882106
16654,W Michigan,E Michigan,W Michigan,True,15,2024-11-30,-1.3993835070509948,8,9.399383507050995
16655,Wyoming,Washington St,Wyoming,True,15,2024-11-30,-1.243396777501155,1,2.2433967775011547
16656,Tulane,Army,Army,False,16,2024-12-06,1.7867598342977429,-21,22.786759834297744
16657,UNLV,Boise St,Boise St,False,16,2024-12-06,0.7533235324647283,-14,14.753323532464728
16658,Jacksonville St,W Kentucky,Jacksonville St,True,16,2024-12-06,-2.655061455695413,40,42.65506145569541
16659,Arizona St,Iowa St,Arizona St,True,16,2024-12-07,1.0674384749222185,26,24.93256152507778
16660,Clemson,SMU,Clemson,True,16,2024-12-07,0.2177092406295592,3,2.782290759370441
16661,Georgia,Texas,Georgia,True,16,2024-12-07,1.7173230697368667,3,1.2826769302631333
16662,Louisiana,Marshall,Marshall,False,16,2024-12-07,-0.299002380755865,-28,27.700997619244134
16663,Miami OH,Ohio,Ohio,False,16,2024-12-07,-0.09771993285262945,-35,34.90228006714737
16664,Penn St,Oregon,Oregon,False,16,2024-12-07,1.1273934251328905,-8,9.12739342513289
16665,Navy,Army,Navy,True,17,2024-12-14,-0.11635604706695973,18,18.116356047066958
16666,W Michigan,S Alabama,S Alabama,False,17,2024-12-14,-0.7622281944627178,-7,6.237771805537282
16667,West Virginia,Memphis,Memphis,False,18,2024-12-17,-1.6156848049332382,-5,3.384315195066762
16668,J Madison,W Kentucky,J Madison,True,18,2024-12-18,-8.052156425056264,10,18.052156425056264
16669,California,UNLV,UNLV,False,18,2024-12-18,-0.8064128057544341,-11,10.193587194245566
16670,Georgia So,Sam Houston,Sam Houston,False,18,2024-12-19,-2.248143371882094,-5,2.751856628117906
16671,Tulane,Florida,Florida,False,18,2024-12-20,-1.795668901248084,-25,23.204331098751915
16672,Notre Dame,Indiana,Notre Dame,True,18,2024-12-20,5.938095983611272,10,4.061904016388728
16673,Jacksonville St,Ohio,Ohio,False,18,2024-12-20,-0.2910048344882124,-3,2.7089951655117877
16674,Tennessee,Ohio St,Ohio St,False,18,2024-12-21,-0.19929354856657036,-25,24.80070645143343
16675,SMU,Penn St,Penn St,False,18,2024-12-21,-0.6345130893738749,-28,27.365486910626124
16676,Texas,Clemson,Texas,True,18,2024-12-21,2.2016992139203317,14,11.798300786079668
16677,N Illinois,Fresno St,N Illinois,True,18,2024-12-23,2.3115241141784244,8,5.688475885821576
16678,Coastal Car,UTSA,UTSA,False,18,2024-12-23,-1.8036967955681174,-29,27.19630320443188
16679,San Jose St,S Florida,S Florida,False,19,2024-12-24,-1.1551805314659211,-2,0.8448194685340789
16680,Bowling Green,Arkansas St,Arkansas St,False,19,2024-12-26,0.7741905119499384,-7,7.774190511949938
16681,Rutgers,Kansas St,Kansas St,False,19,2024-12-26,0.08503784028456547,-3,3.0850378402845653
16682,Pittsburgh,Toledo,Toledo,False,19,2024-12-26,-1.7999376302077907,-2,0.20006236979220926
16683,Texas Tech,Arkansas,Arkansas,False,19,2024-12-27,3.6089073414144606,-13,16.60890734141446
16684,Oklahoma,Navy,Navy,False,19,2024-12-27,2.3880801557755107,-1,3.3880801557755107
16685,USC,Texas A&M,USC,True,19,2024-12-27,-0.2342243292876516,4,4.234224329287652
16686,Washington St,Syracuse,Syracuse,False,19,2024-12-27,-0.7267871789278154,-17,16.273212821072185
16687,Vanderbilt,Georgia Tech,Vanderbilt,True,19,2024-12-27,0.552340471224182,8,7.447659528775818
16688,Louisiana Tech,Army,Army,False,19,2024-12-28,-0.14916389093281232,-21,20.85083610906719
16689,Colorado,BYU,BYU,False,19,2024-12-28,1.9939777921937498,-22,23.99397779219375
16690,UConn,North Carolina,UConn,True,19,2024-12-28,-1.473279618400974,13,14.473279618400975
16691,NC State,E Carolina,E Carolina,False,19,2024-12-28,0.07287162431918572,-5,5.072871624319186
16692,Miami,Iowa St,Iowa St,False,19,2024-12-28,0.47503008695238486,-1,1.475030086952385
16693,Colorado St,Miami OH,Miami OH,False,19,2024-12-28,-2.1158964232389113,-26,23.88410357676109
16694,Nebraska,Boston College,Nebraska,True,19,2024-12-28,-0.9084655598907042,5,5.908465559890704
16695,Louisiana,TCU,TCU,False,19,2024-12-28,-0.140173015896115,-31,30.859826984103886
16696,Missouri,Iowa,Missouri,True,20,2024-12-30,1.150425298777393,3,1.849574701222607
16697,Illinois,South Carolina,Illinois,True,21,2024-12-31,-0.1937806787406007,4,4.193780678740601
16698,Baylor,LSU,LSU,False,21,2024-12-31,-0.5982625361966576,-13,12.401737463803343
16699,Washington,Louisville,Louisville,False,21,2024-12-31,0.0015849421402360196,-1,1.001584942140236
16700,Alabama,Michigan,Michigan,False,21,2024-12-31,2.6458028696306424,-6,8.645802869630643
16701,Penn St,Boise St,Penn St,True,21,2024-12-31,1.5546828845422962,17,15.445317115457703
16702,Ohio St,Oregon,Ohio St,True,21,2025-01-01,4.580787429263369,20,15.419212570736631
16703,Texas,Arizona St,Texas,True,21,2025-01-01,3.370037281033281,8,4.629962718966719
16704,Mississippi,Duke,Mississippi,True,21,2025-01-02,2.867243888843636,32,29.132756111156365
16705,Notre Dame,Georgia,Notre Dame,True,21,2025-01-02,2.464272409202322,13,10.535727590797677
16706,Minnesota,Virginia Tech,Minnesota,True,21,2025-01-03,-2.429987395840091,14,16.42998739584009
16707,N Texas,Texas St,Texas St,False,21,2025-01-03,-2.3054652251059493,-2,0.3054652251059493
16708,Buffalo,Liberty,Buffalo,True,21,2025-01-04,1.3029995273631534,19,17.697000472636848
16709,Penn St,Notre Dame,Notre Dame,False,22,2025-01-09,-0.1459824302824664,-3,2.8540175697175334
16710,Ohio St,Texas,Ohio St,True,22,2025-01-10,2.119516384836384,14,11.880483615163616
16711,Ohio St,Notre Dame,Ohio St,True,23,2025-01-20,2.5047881357829813,11,8.49521186421702
