game_idx,team1,team2,actual_winner,team1_winner,week,date,predicted_team1_wins,confidence,correct
14984,Auburn,California,Auburn,True,3,2023-09-09,1,0.5516678,True
14988,UCF,Boise St,UCF,True,3,2023-09-09,0,0.22530843,False
14992,Coastal Car,Jacksonville St,Coastal Car,True,3,2023-09-09,1,0.7653298,True
14993,Colorado,Nebraska,Colorado,True,3,2023-09-09,0,0.44358417,False
14996,Florida Intl,N Texas,Florida Intl,True,3,2023-09-09,1,0.55552924,True
15009,Liberty,New Mexico St,Liberty,True,3,2023-09-09,1,0.5716448,True
15016,Miami,Texas A&M,Miami,True,3,2023-09-09,1,0.9266352,True
15017,Miami OH,UMass,Miami OH,True,3,2023-09-09,0,0.2566229,False
15027,UTEP,Northwestern,Northwestern,False,3,2023-09-09,1,0.62590796,False
15028,Notre Dame,NC State,Notre Dame,True,3,2023-09-09,0,0.4068852,False
15031,SMU,Oklahoma,Oklahoma,False,3,2023-09-09,1,0.9137024,False
15037,Virginia Tech,Purdue,Purdue,False,3,2023-09-09,0,0.41289672,True
15038,Rice,Houston,Rice,True,3,2023-09-09,1,0.5451989,True
15039,Temple,Rutgers,Rutgers,False,3,2023-09-09,0,0.33672875,True
15044,USC,Stanford,USC,True,3,2023-09-09,0,0.45281538,False
15048,Texas,Alabama,Texas,True,3,2023-09-09,1,0.7918649,True
15050,UTSA,Texas St,UTSA,True,3,2023-09-09,1,0.6295519,True
15052,UCLA,San Diego St,UCLA,True,3,2023-09-09,1,0.8584138,True
15053,Utah,Baylor,Utah,True,3,2023-09-09,1,0.695045,True
15057,Wisconsin,Washington St,Washington St,False,3,2023-09-09,1,0.5052663,False
15062,Navy,Memphis,Memphis,False,4,2023-09-14,0,0.029758064,True
15064,Utah St,Air Force,Air Force,False,4,2023-09-15,1,0.7022677,False
15065,Army,UTSA,Army,True,4,2023-09-15,1,0.72895163,True
15066,Maryland,Virginia,Maryland,True,4,2023-09-15,1,0.5961023,True
15067,Alabama,S Florida,Alabama,True,4,2023-09-16,1,0.76804346,True
15068,E Carolina,App State,App State,False,4,2023-09-16,1,0.5092592,False
15069,UTEP,Arizona,Arizona,False,4,2023-09-16,1,0.80267817,False
15075,BYU,Arkansas,BYU,True,4,2023-09-16,0,0.093729876,False
15078,Clemson,Florida Atlantic,Clemson,True,4,2023-09-16,1,0.70756274,True
15080,Colorado,Colorado St,Colorado,True,4,2023-09-16,1,0.74767464,True
15081,Northwestern,Duke,Duke,False,4,2023-09-16,1,0.8505019,False
15082,UMass,E Michigan,E Michigan,False,4,2023-09-16,0,0.42197296,True
15083,Florida,Tennessee,Florida,True,4,2023-09-16,0,0.40367776,False
15084,Florida Intl,UConn,Florida Intl,True,4,2023-09-16,1,0.889516,True
15085,Boston College,Florida St,Florida St,False,4,2023-09-16,1,0.76807916,False
15086,Arizona St,Fresno St,Fresno St,False,4,2023-09-16,0,0.36877742,True
15087,South Carolina,Georgia,Georgia,False,4,2023-09-16,0,0.15956861,True
15088,Georgia St,Charlotte,Georgia St,True,4,2023-09-16,1,0.93943554,True
15089,W Michigan,Iowa,Iowa,False,4,2023-09-16,1,0.5354985,False
15090,Troy,J Madison,J Madison,False,4,2023-09-16,0,0.35990888,True
15091,Kansas,Nevada,Kansas,True,4,2023-09-16,0,0.23258087,False
15093,Kentucky,Akron,Kentucky,True,4,2023-09-16,1,0.668125,True
15094,Liberty,Buffalo,Liberty,True,4,2023-09-16,0,0.42349187,False
15095,UAB,Louisiana,Louisiana,False,4,2023-09-16,0,0.40743822,True
15096,Mississippi St,LSU,LSU,False,4,2023-09-16,1,0.60182166,False
15097,Louisville,Indiana,Louisville,True,4,2023-09-16,0,0.33087027,False
15098,Cincinnati,Miami OH,Miami OH,False,4,2023-09-16,1,0.5181181,False
15099,Bowling Green,Michigan,Michigan,False,4,2023-09-16,1,0.91315985,False
15101,Mississippi,Georgia Tech,Mississippi,True,4,2023-09-16,0,0.3470238,False
15102,Missouri,Kansas St,Missouri,True,4,2023-09-16,1,0.84198904,True
15103,Nebraska,N Illinois,Nebraska,True,4,2023-09-16,1,0.5298205,True
15104,Vanderbilt,UNLV,UNLV,False,4,2023-09-16,0,0.2859123,True
15105,New Mexico St,New Mexico,New Mexico St,True,4,2023-09-16,1,0.9117736,True
15106,North Carolina,Minnesota,North Carolina,True,4,2023-09-16,1,0.75832355,True
15108,Louisiana Tech,N Texas,N Texas,False,4,2023-09-16,1,0.6411468,False
15109,C Michigan,Notre Dame,Notre Dame,False,4,2023-09-16,0,0.4739422,True
15110,Ohio,Iowa St,Ohio,True,4,2023-09-16,0,0.31508482,False
15111,Ohio St,W Kentucky,Ohio St,True,4,2023-09-16,0,0.21353552,False
15112,Tulsa,Oklahoma,Oklahoma,False,4,2023-09-16,0,0.20559995,True
15113,Hawai'i,Oregon,Oregon,False,4,2023-09-16,1,0.54799676,False
15114,Oregon St,San Diego St,Oregon St,True,4,2023-09-16,1,0.5282967,True
15115,Illinois,Penn St,Penn St,False,4,2023-09-16,1,0.76039684,False
15117,Virginia Tech,Rutgers,Rutgers,False,4,2023-09-16,1,0.628869,False
15119,Oklahoma St,S Alabama,S Alabama,False,4,2023-09-16,1,0.5256087,False
15121,Syracuse,Purdue,Syracuse,True,4,2023-09-16,0,0.46560356,False
15123,Wyoming,Texas,Texas,False,4,2023-09-16,1,0.71561044,False
15124,UL Monroe,Texas A&M,Texas A&M,False,4,2023-09-16,1,0.5909802,False
15125,Houston,TCU,TCU,False,4,2023-09-16,0,0.10601113,True
15128,San Jose St,Toledo,Toledo,False,4,2023-09-16,0,0.40672472,True
15129,Southern Miss,Tulane,Tulane,False,4,2023-09-16,0,0.44001612,True
15132,Old Dominion,Wake Forest,Wake Forest,False,4,2023-09-16,0,0.27404422,True
15133,Michigan St,Washington,Washington,False,4,2023-09-16,1,0.97905356,False
15135,West Virginia,Pittsburgh,West Virginia,True,4,2023-09-16,0,0.33073562,False
15136,Georgia So,Wisconsin,Wisconsin,False,4,2023-09-16,0,0.28768802,True
15137,Coastal Car,Georgia St,Georgia St,False,5,2023-09-21,0,0.43899366,True
15138,San Jose St,Air Force,Air Force,False,5,2023-09-22,0,0.11489584,True
15139,San Diego St,Boise St,Boise St,False,5,2023-09-22,1,0.5661348,False
15140,Virginia,NC State,NC State,False,5,2023-09-22,1,0.57289886,False
15141,Wisconsin,Purdue,Wisconsin,True,5,2023-09-22,1,0.5098133,True
15142,Alabama,Mississippi,Alabama,True,5,2023-09-23,0,0.37857127,False
15143,Arizona,Stanford,Arizona,True,5,2023-09-23,0,0.38624132,False
15144,Southern Miss,Arkansas St,Arkansas St,False,5,2023-09-23,0,0.151135,True
15145,S Alabama,C Michigan,C Michigan,False,5,2023-09-23,1,0.8270999,False
15146,Middle Tenn,Colorado St,Colorado St,False,5,2023-09-23,1,0.5129214,False
15147,Duke,UConn,Duke,True,5,2023-09-23,1,0.5016312,True
15149,Charlotte,Florida,Florida,False,5,2023-09-23,0,0.41836408,True
15150,Clemson,Florida St,Florida St,False,5,2023-09-23,1,0.9264916,False
15151,Kent St,Fresno St,Fresno St,False,5,2023-09-23,0,0.109717466,True
15152,Georgia,UAB,Georgia,True,5,2023-09-23,1,0.5701938,True
15153,Ball St,Georgia So,Georgia So,False,5,2023-09-23,1,0.7194256,False
15154,Wake Forest,Georgia Tech,Georgia Tech,False,5,2023-09-23,0,0.24968417,True
15155,Houston,Sam Houston,Houston,True,5,2023-09-23,1,0.8778,True
15156,Florida Atlantic,Illinois,Illinois,False,5,2023-09-23,1,0.6139347,False
15157,Akron,Indiana,Indiana,False,5,2023-09-23,0,0.1671767,True
15158,Iowa St,Oklahoma St,Iowa St,True,5,2023-09-23,1,0.54598117,True
15159,Jacksonville St,E Michigan,Jacksonville St,True,5,2023-09-23,1,0.5225792,True
15160,J Madison,Utah St,J Madison,True,5,2023-09-23,1,0.56458527,True
15161,BYU,Kansas,Kansas,False,5,2023-09-23,1,0.60144055,False
15162,Kansas St,UCF,Kansas St,True,5,2023-09-23,0,0.35526055,False
15163,Kentucky,Vanderbilt,Kentucky,True,5,2023-09-23,1,0.72974724,True
15164,Liberty,Florida Intl,Liberty,True,5,2023-09-23,1,0.81588393,True
15165,Buffalo,Louisiana,Louisiana,False,5,2023-09-23,1,0.5351697,False
15166,Arkansas,LSU,LSU,False,5,2023-09-23,1,0.6315654,False
15167,Louisville,Boston College,Louisville,True,5,2023-09-23,1,0.6790997,True
15168,Virginia Tech,Marshall,Marshall,False,5,2023-09-23,1,0.8554354,False
15169,Michigan St,Maryland,Maryland,False,5,2023-09-23,1,0.50832677,False
15170,Temple,Miami,Miami,False,5,2023-09-23,1,0.73889333,False
15172,Michigan,Rutgers,Michigan,True,5,2023-09-23,1,0.55374604,True
15173,Memphis,Missouri,Missouri,False,5,2023-09-23,1,0.51543546,False
15174,Louisiana Tech,Nebraska,Nebraska,False,5,2023-09-23,0,0.39398563,True
15175,UTEP,UNLV,UNLV,False,5,2023-09-23,1,0.64976406,False
15176,UMass,New Mexico,New Mexico,False,5,2023-09-23,0,0.31886584,True
15177,Pittsburgh,North Carolina,North Carolina,False,5,2023-09-23,0,0.49097556,True
15178,Minnesota,Northwestern,Northwestern,False,5,2023-09-23,0,0.4928831,True
15179,Bowling Green,Ohio,Ohio,False,5,2023-09-23,1,0.70691717,False
15180,Ohio St,Notre Dame,Ohio St,True,5,2023-09-23,1,0.70776767,True
15181,Cincinnati,Oklahoma,Oklahoma,False,5,2023-09-23,1,0.6796876,False
15183,Colorado,Oregon,Oregon,False,5,2023-09-23,1,0.749012,False
15184,Penn St,Iowa,Penn St,True,5,2023-09-23,0,0.31815392,False
15185,South Carolina,Mississippi St,South Carolina,True,5,2023-09-23,1,0.53804773,True
15186,S Florida,Rice,S Florida,True,5,2023-09-23,0,0.3007345,False
15187,USC,Arizona St,USC,True,5,2023-09-23,1,0.5424324,True
15188,Army,Syracuse,Syracuse,False,5,2023-09-23,1,0.63910544,False
15189,UTSA,Tennessee,Tennessee,False,5,2023-09-23,1,0.57885104,False
15190,Baylor,Texas,Texas,False,5,2023-09-23,1,0.6357509,False
15191,Auburn,Texas A&M,Texas A&M,False,5,2023-09-23,1,0.7138716,False
15192,TCU,SMU,TCU,True,5,2023-09-23,1,0.62436736,True
15193,Texas St,Nevada,Texas St,True,5,2023-09-23,1,0.5521824,True
15194,W Michigan,Toledo,Toledo,False,5,2023-09-23,0,0.21267164,True
15195,Troy,W Kentucky,Troy,True,5,2023-09-23,1,0.50888574,True
15197,Tulsa,N Illinois,Tulsa,True,5,2023-09-23,1,0.7261859,True
15198,Utah,UCLA,Utah,True,5,2023-09-23,0,0.40511253,False
15199,Washington,California,Washington,True,5,2023-09-23,0,0.3503179,False
15200,Washington St,Oregon St,Washington St,True,5,2023-09-23,0,0.47948968,False
15201,West Virginia,Texas Tech,West Virginia,True,5,2023-09-23,0,0.41298512,False
15202,Wyoming,App State,Wyoming,True,5,2023-09-23,1,0.59558874,True
15203,New Mexico St,Hawai'i,Hawai'i,False,5,2023-09-24,0,0.30476296,True
15204,Sam Houston,Jacksonville St,Jacksonville St,False,6,2023-09-28,1,0.71629655,False
15205,Temple,Tulsa,Tulsa,False,6,2023-09-28,1,0.5316321,False
15206,Middle Tenn,W Kentucky,W Kentucky,False,6,2023-09-28,0,0.38296595,True
15207,Cincinnati,BYU,BYU,False,6,2023-09-29,0,0.37037334,True
15208,UTEP,Louisiana Tech,Louisiana Tech,False,6,2023-09-29,1,0.6066599,False
15209,NC State,Louisville,Louisville,False,6,2023-09-29,0,0.43382376,True
15210,Oregon St,Utah,Oregon St,True,6,2023-09-29,1,0.56178313,True
15211,San Diego St,Air Force,Air Force,False,6,2023-09-30,0,0.37700716,True
15212,Alabama,Mississippi St,Alabama,True,6,2023-09-30,1,0.5203526,True
15213,UL Monroe,App State,App State,False,6,2023-09-30,0,0.35348526,True
15214,UMass,Arkansas St,Arkansas St,False,6,2023-09-30,0,0.49571908,True
15215,UCF,Baylor,Baylor,False,6,2023-09-30,0,0.3191285,True
15216,Boston College,Virginia,Boston College,True,6,2023-09-30,0,0.46470806,False
15217,Georgia Tech,Bowling Green,Bowling Green,False,6,2023-09-30,0,0.49684426,True
15218,Akron,Buffalo,Buffalo,False,6,2023-09-30,0,0.4729919,True
15219,Arizona St,California,California,False,6,2023-09-30,1,0.8441886,False
15220,C Michigan,E Michigan,C Michigan,True,6,2023-09-30,1,0.79372597,True
15221,Clemson,Syracuse,Clemson,True,6,2023-09-30,1,0.50362265,True
15223,Nevada,Fresno St,Fresno St,False,6,2023-09-30,0,0.21344948,True
15224,Georgia,Auburn,Georgia,True,6,2023-09-30,1,0.6152829,True
15225,Georgia So,Coastal Car,Georgia So,True,6,2023-09-30,0,0.489102,False
15226,Iowa,Michigan St,Iowa,True,6,2023-09-30,1,0.5338486,True
15227,S Alabama,J Madison,J Madison,False,6,2023-09-30,0,0.33786085,True
15228,Kentucky,Florida,Kentucky,True,6,2023-09-30,0,0.43849343,False
15229,Marshall,Old Dominion,Marshall,True,6,2023-09-30,0,0.48244327,False
15230,Indiana,Maryland,Maryland,False,6,2023-09-30,0,0.35774186,True
15231,Memphis,Boise St,Memphis,True,6,2023-09-30,0,0.47563645,False
15232,Kent St,Miami OH,Miami OH,False,6,2023-09-30,1,0.5255204,False
15233,Nebraska,Michigan,Michigan,False,6,2023-09-30,1,0.51742554,False
15234,Louisiana,Minnesota,Minnesota,False,6,2023-09-30,1,0.6076356,False
15235,LSU,Mississippi,Mississippi,False,6,2023-09-30,1,0.8586334,False
15236,Missouri,Vanderbilt,Missouri,True,6,2023-09-30,0,0.43363345,False
15237,UNLV,Hawai'i,UNLV,True,6,2023-09-30,0,0.18505308,False
15239,Notre Dame,Duke,Notre Dame,True,6,2023-09-30,1,0.5929517,True
15240,Oklahoma,Iowa St,Oklahoma,True,6,2023-09-30,0,0.10465214,False
15241,Oregon,Stanford,Oregon,True,6,2023-09-30,1,0.5278758,True
15242,Penn St,Northwestern,Penn St,True,6,2023-09-30,1,0.5782221,True
15243,Purdue,Illinois,Purdue,True,6,2023-09-30,1,0.52226543,True
15244,Rice,E Carolina,Rice,True,6,2023-09-30,0,0.4083345,False
15246,Navy,S Florida,S Florida,False,6,2023-09-30,0,0.29483917,True
15247,USC,Colorado,USC,True,6,2023-09-30,0,0.3974655,False
15248,Charlotte,SMU,SMU,False,6,2023-09-30,1,0.5128877,False
15249,Tennessee,South Carolina,Tennessee,True,6,2023-09-30,1,0.6885712,True
15250,Kansas,Texas,Texas,False,6,2023-09-30,1,0.7212818,False
15251,Texas A&M,Arkansas,Texas A&M,True,6,2023-09-30,0,0.3777074,False
15252,Southern Miss,Texas St,Texas St,False,6,2023-09-30,1,0.64825505,False
15253,Houston,Texas Tech,Texas Tech,False,6,2023-09-30,0,0.3612698,True
15254,N Illinois,Toledo,Toledo,False,6,2023-09-30,0,0.36732197,True
15255,Troy,Georgia St,Troy,True,6,2023-09-30,1,0.6825631,True
15256,UAB,Tulane,Tulane,False,6,2023-09-30,0,0.260054,True
15257,Utah St,UConn,Utah St,True,6,2023-09-30,0,0.39460152,False
15258,Pittsburgh,Virginia Tech,Virginia Tech,False,6,2023-09-30,1,0.60742277,False
15259,Arizona,Washington,Washington,False,6,2023-09-30,1,0.9476764,False
15260,TCU,West Virginia,West Virginia,False,6,2023-09-30,1,0.52325946,False
15261,W Michigan,Ball St,W Michigan,True,6,2023-09-30,0,0.32458943,False
15262,Wyoming,New Mexico,Wyoming,True,6,2023-09-30,1,0.6566177,True
15263,Middle Tenn,Jacksonville St,Jacksonville St,False,7,2023-10-04,0,0.3359516,True
15264,New Mexico St,Florida Intl,New Mexico St,True,7,2023-10-04,1,0.8732213,True
15265,Sam Houston,Liberty,Liberty,False,7,2023-10-05,1,0.6327934,False
15266,Louisiana Tech,W Kentucky,W Kentucky,False,7,2023-10-05,0,0.16470948,True
15267,Nebraska,Illinois,Nebraska,True,7,2023-10-06,0,0.35791698,False
15268,Kansas St,Oklahoma St,Oklahoma St,False,7,2023-10-06,0,0.4846318,True
15269,Texas A&M,Alabama,Alabama,False,7,2023-10-07,1,0.87148285,False
15270,S Florida,UAB,UAB,False,7,2023-10-07,0,0.20279388,True
15271,Boise St,San Jose St,Boise St,True,7,2023-10-07,0,0.40925777,False
15272,Army,Boston College,Boston College,False,7,2023-10-07,0,0.45452496,True
15273,Buffalo,C Michigan,Buffalo,True,7,2023-10-07,0,0.4846631,False
15274,Wake Forest,Clemson,Clemson,False,7,2023-10-07,1,0.5650865,False
15275,Colorado,Arizona St,Colorado,True,7,2023-10-07,0,0.14081869,False
15276,UConn,Rice,UConn,True,7,2023-10-07,0,0.49237242,False
15277,Ball St,E Michigan,E Michigan,False,7,2023-10-07,1,0.73010343,False
15278,Florida,Vanderbilt,Florida,True,7,2023-10-07,1,0.74218327,True
15279,Florida Atlantic,Tulsa,Florida Atlantic,True,7,2023-10-07,1,0.57350993,True
15280,Florida St,Virginia Tech,Florida St,True,7,2023-10-07,0,0.3139836,False
15281,Kentucky,Georgia,Georgia,False,7,2023-10-07,1,0.8063946,False
15282,Miami,Georgia Tech,Georgia Tech,False,7,2023-10-07,1,0.5275744,False
15283,Iowa,Purdue,Iowa,True,7,2023-10-07,1,0.65122503,True
15284,Iowa St,TCU,Iowa St,True,7,2023-10-07,0,0.4137315,False
15285,UCF,Kansas,Kansas,False,7,2023-10-07,1,0.5116467,False
15286,Texas St,Louisiana,Louisiana,False,7,2023-10-07,1,0.5196755,False
15287,LSU,Missouri,LSU,True,7,2023-10-07,0,0.35029188,False
15288,Notre Dame,Louisville,Louisville,False,7,2023-10-07,0,0.49611017,True
15289,Miami OH,Bowling Green,Miami OH,True,7,2023-10-07,0,0.47577393,False
15290,Minnesota,Michigan,Michigan,False,7,2023-10-07,1,0.63862723,False
15291,Arkansas,Mississippi,Mississippi,False,7,2023-10-07,1,0.910915,False
15292,Mississippi St,W Michigan,Mississippi St,True,7,2023-10-07,1,0.6300649,True
15293,Navy,N Texas,Navy,True,7,2023-10-07,0,0.30285883,False
15294,Syracuse,North Carolina,North Carolina,False,7,2023-10-07,0,0.40289024,True
15295,Marshall,NC State,NC State,False,7,2023-10-07,1,0.52143914,False
15296,N Illinois,Akron,N Illinois,True,7,2023-10-07,1,0.6802285,True
15298,Kent St,Ohio,Ohio,False,7,2023-10-07,0,0.18228167,True
15299,Maryland,Ohio St,Ohio St,False,7,2023-10-07,1,0.56665826,False
15300,Texas,Oklahoma,Oklahoma,False,7,2023-10-07,1,0.7400354,False
15301,Southern Miss,Old Dominion,Old Dominion,False,7,2023-10-07,0,0.47735825,True
15302,Oregon St,California,Oregon St,True,7,2023-10-07,1,0.68264633,True
15303,S Alabama,UL Monroe,S Alabama,True,7,2023-10-07,1,0.5539198,True
15304,Arizona,USC,USC,False,7,2023-10-07,1,0.5654178,False
15305,Texas Tech,Baylor,Texas Tech,True,7,2023-10-07,0,0.4898298,False
15306,Temple,UTSA,UTSA,False,7,2023-10-07,1,0.5119295,False
15307,Toledo,UMass,Toledo,True,7,2023-10-07,1,0.5716398,True
15308,Troy,Arkansas St,Troy,True,7,2023-10-07,0,0.4741669,False
15309,UCLA,Washington St,UCLA,True,7,2023-10-07,1,0.55456007,True
15310,Utah St,Colorado St,Utah St,True,7,2023-10-07,0,0.11229893,False
15312,Rutgers,Wisconsin,Wisconsin,False,7,2023-10-07,1,0.61736184,False
15313,Fresno St,Wyoming,Wyoming,False,7,2023-10-07,1,0.67899495,False
15314,Coastal Car,App State,Coastal Car,True,8,2023-10-10,1,0.5431724,True
15315,Jacksonville St,Liberty,Liberty,False,8,2023-10-10,1,0.55542004,False
15316,Louisiana Tech,Middle Tenn,Middle Tenn,False,8,2023-10-10,1,0.5607015,False
15317,New Mexico St,Sam Houston,New Mexico St,True,8,2023-10-11,0,0.41608694,False
15318,UTEP,Florida Intl,UTEP,True,8,2023-10-11,0,0.36003968,False
15319,Houston,West Virginia,Houston,True,8,2023-10-12,1,0.5735336,True
15320,SMU,E Carolina,SMU,True,8,2023-10-12,1,0.5140618,True
15321,Fresno St,Utah St,Fresno St,True,8,2023-10-13,0,0.40844136,False
15322,Colorado,Stanford,Stanford,False,8,2023-10-13,0,0.4560076,True
15323,Tulane,Memphis,Tulane,True,8,2023-10-13,1,0.62757427,True
15324,Wyoming,Air Force,Air Force,False,8,2023-10-14,0,0.17081334,True
15325,Arkansas,Alabama,Alabama,False,8,2023-10-14,1,0.8213503,False
15326,Arizona,Washington St,Arizona,True,8,2023-10-14,1,0.5099645,True
15327,Buffalo,Bowling Green,Bowling Green,False,8,2023-10-14,0,0.40306872,True
15328,C Michigan,Akron,C Michigan,True,8,2023-10-14,1,0.718399,True
15329,Boise St,Colorado St,Colorado St,False,8,2023-10-14,0,0.18424536,True
15330,Duke,NC State,Duke,True,8,2023-10-14,1,0.6457739,True
15331,E Michigan,Kent St,E Michigan,True,8,2023-10-14,1,0.51119256,True
15332,South Carolina,Florida,Florida,False,8,2023-10-14,0,0.4344511,True
15333,Florida Atlantic,S Florida,Florida Atlantic,True,8,2023-10-14,1,0.54590034,True
15334,Syracuse,Florida St,Florida St,False,8,2023-10-14,0,0.39471373,True
15335,Georgia,Vanderbilt,Georgia,True,8,2023-10-14,0,0.41599983,False
15336,Georgia St,Marshall,Georgia St,True,8,2023-10-14,1,0.6615459,True
15337,Maryland,Illinois,Illinois,False,8,2023-10-14,0,0.49977598,True
15338,Iowa,Wisconsin,Iowa,True,8,2023-10-14,1,0.5041216,True
15339,Cincinnati,Iowa St,Iowa St,False,8,2023-10-14,1,0.63223904,False
15340,Georgia So,J Madison,J Madison,False,8,2023-10-14,0,0.46444887,True
15341,Kansas St,Texas Tech,Kansas St,True,8,2023-10-14,0,0.40814343,False
15342,Auburn,LSU,LSU,False,8,2023-10-14,1,0.9103779,False
15343,Miami OH,W Michigan,Miami OH,True,8,2023-10-14,1,0.72059244,True
15344,Michigan,Indiana,Michigan,True,8,2023-10-14,0,0.27466217,False
15345,Missouri,Kentucky,Missouri,True,8,2023-10-14,0,0.39248013,False
15346,Charlotte,Navy,Navy,False,8,2023-10-14,0,0.460437,True
15347,UNLV,Nevada,UNLV,True,8,2023-10-14,0,0.3847065,False
15348,Miami,North Carolina,North Carolina,False,8,2023-10-14,1,0.5943011,False
15349,N Texas,Temple,N Texas,True,8,2023-10-14,1,0.50863355,True
15350,N Illinois,Ohio,N Illinois,True,8,2023-10-14,1,0.53659433,True
15351,USC,Notre Dame,Notre Dame,False,8,2023-10-14,1,0.85552007,False
15352,Ohio St,Purdue,Ohio St,True,8,2023-10-14,0,0.17271943,False
15353,Oklahoma St,Kansas,Oklahoma St,True,8,2023-10-14,0,0.35369772,False
15354,UCLA,Oregon St,Oregon St,False,8,2023-10-14,1,0.73480713,False
15355,Penn St,UMass,Penn St,True,8,2023-10-14,0,0.45110056,False
15356,Louisville,Pittsburgh,Pittsburgh,False,8,2023-10-14,0,0.36675686,True
15357,Michigan St,Rutgers,Rutgers,False,8,2023-10-14,0,0.36586428,True
15358,San Diego St,Hawai'i,San Diego St,True,8,2023-10-14,1,0.66491604,True
15359,New Mexico,San Jose St,San Jose St,False,8,2023-10-14,1,0.73931676,False
15360,Tennessee,Texas A&M,Tennessee,True,8,2023-10-14,1,0.7303611,True
15361,BYU,TCU,TCU,False,8,2023-10-14,1,0.57208246,False
15362,Texas St,UL Monroe,Texas St,True,8,2023-10-14,0,0.35032552,False
15363,UTSA,UAB,UTSA,True,8,2023-10-14,0,0.236531,False
15364,Toledo,Ball St,Toledo,True,8,2023-10-14,1,0.61108226,True
15365,Troy,Army,Troy,True,8,2023-10-14,0,0.42760518,False
15366,Utah,California,Utah,True,8,2023-10-14,0,0.42379892,False
15367,Virginia Tech,Wake Forest,Virginia Tech,True,8,2023-10-14,0,0.49838245,False
15368,Oregon,Washington,Washington,False,8,2023-10-14,1,0.92748713,False
15369,W Kentucky,Jacksonville St,Jacksonville St,False,9,2023-10-17,1,0.50424945,False
15370,Middle Tenn,Liberty,Liberty,False,9,2023-10-17,1,0.82672226,False
15371,S Alabama,Southern Miss,S Alabama,True,9,2023-10-17,0,0.39766088,False
15372,Sam Houston,Florida Intl,Florida Intl,False,9,2023-10-18,1,0.7045329,False
15373,New Mexico St,UTEP,New Mexico St,True,9,2023-10-18,0,0.49046487,False
15374,Marshall,J Madison,J Madison,False,9,2023-10-19,0,0.44961652,True
15375,Rice,Tulsa,Rice,True,9,2023-10-19,0,0.46944273,False
15376,Temple,SMU,SMU,False,9,2023-10-20,1,0.73279876,False
15377,Air Force,Navy,Air Force,True,9,2023-10-21,1,0.81798285,True
15378,Tennessee,Alabama,Alabama,False,9,2023-10-21,1,0.60817677,False
15379,C Michigan,Ball St,Ball St,False,9,2023-10-21,1,0.82623047,False
15380,Baylor,Cincinnati,Baylor,True,9,2023-10-21,0,0.43636438,False
15381,Boston College,Georgia Tech,Boston College,True,9,2023-10-21,0,0.21560076,False
15382,Bowling Green,Akron,Bowling Green,True,9,2023-10-21,0,0.3118059,False
15383,Texas Tech,BYU,BYU,False,9,2023-10-21,0,0.36009628,True
15384,Buffalo,Kent St,Buffalo,True,9,2023-10-21,1,0.5884106,True
15385,E Carolina,Charlotte,Charlotte,False,9,2023-10-21,1,0.6522211,False
15386,Coastal Car,Arkansas St,Coastal Car,True,9,2023-10-21,1,0.5210405,True
15387,Florida St,Duke,Florida St,True,9,2023-10-21,1,0.73146486,True
15388,Georgia So,UL Monroe,Georgia So,True,9,2023-10-21,0,0.41924387,False
15389,Georgia St,Louisiana,Georgia St,True,9,2023-10-21,1,0.7380967,True
15390,Kansas St,TCU,Kansas St,True,9,2023-10-21,0,0.40419585,False
15391,LSU,Army,LSU,True,9,2023-10-21,0,0.44601622,False
15392,UAB,Memphis,Memphis,False,9,2023-10-21,0,0.29693964,True
15393,Clemson,Miami,Miami,False,9,2023-10-21,1,0.56272143,False
15394,Michigan St,Michigan,Michigan,False,9,2023-10-21,1,0.7821086,False
15395,Minnesota,Iowa,Minnesota,True,9,2023-10-21,1,0.6094398,True
15396,Mississippi,Auburn,Mississippi,True,9,2023-10-21,0,0.33754,False
15397,Mississippi St,Arkansas,Mississippi St,True,9,2023-10-21,1,0.5488578,True
15398,Missouri,South Carolina,Missouri,True,9,2023-10-21,1,0.58610904,True
15399,Northwestern,Nebraska,Nebraska,False,9,2023-10-21,1,0.610777,False
15400,Nevada,San Diego St,Nevada,True,9,2023-10-21,0,0.35414743,False
15401,UNLV,Colorado St,UNLV,True,9,2023-10-21,1,0.5743742,True
15402,Hawai'i,New Mexico,New Mexico,False,9,2023-10-21,1,0.6639135,False
15403,E Michigan,N Illinois,N Illinois,False,9,2023-10-21,0,0.15910648,True
15404,Ohio,W Michigan,Ohio,True,9,2023-10-21,1,0.5709163,True
15405,Penn St,Ohio St,Ohio St,False,9,2023-10-21,1,0.66926473,False
15406,UCF,Oklahoma,Oklahoma,False,9,2023-10-21,1,0.9140296,False
15407,West Virginia,Oklahoma St,Oklahoma St,False,9,2023-10-21,0,0.48613498,True
15408,App State,Old Dominion,Old Dominion,False,9,2023-10-21,1,0.66938615,False
15409,Oregon,Washington St,Oregon,True,9,2023-10-21,0,0.2968397,False
15410,Indiana,Rutgers,Rutgers,False,9,2023-10-21,0,0.46936947,True
15411,Utah St,San Jose St,San Jose St,False,9,2023-10-21,1,0.56756675,False
15412,S Florida,UConn,S Florida,True,9,2023-10-21,0,0.33711815,False
15413,Texas,Houston,Texas,True,9,2023-10-21,0,0.47778845,False
15414,Florida Atlantic,UTSA,UTSA,False,9,2023-10-21,1,0.52799314,False
15415,Toledo,Miami OH,Toledo,True,9,2023-10-21,0,0.3708172,False
15416,Tulane,N Texas,Tulane,True,9,2023-10-21,0,0.3001949,False
15417,UCLA,Stanford,UCLA,True,9,2023-10-21,1,0.52754086,True
15418,Utah,USC,Utah,True,9,2023-10-21,1,0.76386553,True
15419,Virginia,North Carolina,Virginia,True,9,2023-10-21,1,0.7409043,True
15420,Wake Forest,Pittsburgh,Wake Forest,True,9,2023-10-21,0,0.3913224,False
15421,Arizona St,Washington,Washington,False,9,2023-10-21,1,0.8662089,False
15422,Illinois,Wisconsin,Wisconsin,False,9,2023-10-21,0,0.40520382,True
15423,Liberty,W Kentucky,Liberty,True,10,2023-10-24,0,0.4086352,False
15424,Louisiana Tech,New Mexico St,New Mexico St,False,10,2023-10-24,0,0.36795422,True
15425,Jacksonville St,Florida Intl,Jacksonville St,True,10,2023-10-25,0,0.4897055,False
15426,UTEP,Sam Houston,UTEP,True,10,2023-10-25,0,0.23382773,False
15427,Georgia So,Georgia St,Georgia So,True,10,2023-10-26,0,0.48623332,False
15428,Virginia Tech,Syracuse,Virginia Tech,True,10,2023-10-26,1,0.57424295,True
15429,Florida Atlantic,Charlotte,Florida Atlantic,True,10,2023-10-27,0,0.42750728,False
15430,Air Force,Colorado St,Air Force,True,10,2023-10-28,0,0.41384825,False
15431,Southern Miss,App State,App State,False,10,2023-10-28,0,0.17645583,True
15432,Oregon St,Arizona,Arizona,False,10,2023-10-28,1,0.6853735,False
15433,Arizona St,Washington St,Arizona St,True,10,2023-10-28,0,0.1837455,False
15434,UL Monroe,Arkansas St,Arkansas St,False,10,2023-10-28,1,0.63673496,False
15435,Mississippi St,Auburn,Auburn,False,10,2023-10-28,0,0.42773196,True
15436,Wyoming,Boise St,Boise St,False,10,2023-10-28,1,0.5635606,False
15437,UConn,Boston College,Boston College,False,10,2023-10-28,0,0.38085905,True
15438,Marshall,Coastal Car,Coastal Car,False,10,2023-10-28,0,0.31991994,True
15439,Wake Forest,Florida St,Florida St,False,10,2023-10-28,1,0.861835,False
15440,Fresno St,UNLV,Fresno St,True,10,2023-10-28,1,0.76054364,True
15441,Florida,Georgia,Georgia,False,10,2023-10-28,0,0.23171932,True
15442,Georgia Tech,North Carolina,Georgia Tech,True,10,2023-10-28,0,0.41778332,False
15443,Iowa St,Baylor,Iowa St,True,10,2023-10-28,0,0.4279006,False
15444,Old Dominion,J Madison,J Madison,False,10,2023-10-28,0,0.36145112,True
15445,Oklahoma,Kansas,Kansas,False,10,2023-10-28,0,0.4977902,True
15446,Houston,Kansas St,Kansas St,False,10,2023-10-28,1,0.72471726,False
15447,Louisiana,S Alabama,Louisiana,True,10,2023-10-28,1,0.56921446,True
15448,Duke,Louisville,Louisville,False,10,2023-10-28,0,0.4970433,True
15449,Army,UMass,UMass,False,10,2023-10-28,1,0.55991673,False
15450,N Texas,Memphis,Memphis,False,10,2023-10-28,0,0.24137309,True
15451,Virginia,Miami,Miami,False,10,2023-10-28,1,0.66856927,False
15452,Miami OH,Ohio,Miami OH,True,10,2023-10-28,1,0.57789224,True
15453,Minnesota,Michigan St,Minnesota,True,10,2023-10-28,0,0.38144878,False
15454,Vanderbilt,Mississippi,Mississippi,False,10,2023-10-28,1,0.69496,False
15455,Nebraska,Purdue,Nebraska,True,10,2023-10-28,0,0.3203212,False
15456,Nevada,New Mexico,Nevada,True,10,2023-10-28,1,0.680586,True
15457,NC State,Clemson,NC State,True,10,2023-10-28,1,0.5428959,True
15458,Northwestern,Maryland,Northwestern,True,10,2023-10-28,0,0.48950842,False
15459,Notre Dame,Pittsburgh,Notre Dame,True,10,2023-10-28,0,0.4256309,False
15460,Ohio St,Wisconsin,Ohio St,True,10,2023-10-28,0,0.45183316,False
15461,Oklahoma St,Cincinnati,Oklahoma St,True,10,2023-10-28,0,0.4841502,False
15462,Utah,Oregon,Oregon,False,10,2023-10-28,0,0.3459771,True
15463,Penn St,Indiana,Penn St,True,10,2023-10-28,0,0.37215298,False
15464,California,USC,USC,False,10,2023-10-28,1,0.7366613,False
15465,Tulsa,SMU,SMU,False,10,2023-10-28,0,0.4371542,True
15466,Tennessee,Kentucky,Tennessee,True,10,2023-10-28,1,0.6615031,True
15467,Texas,BYU,Texas,True,10,2023-10-28,0,0.49699974,False
15468,Texas A&M,South Carolina,Texas A&M,True,10,2023-10-28,0,0.4018822,False
15469,UTSA,E Carolina,UTSA,True,10,2023-10-28,1,0.559991,True
15470,Troy,Texas St,Troy,True,10,2023-10-28,1,0.59924674,True
15471,Tulane,Rice,Tulane,True,10,2023-10-28,1,0.55141175,True
15472,Colorado,UCLA,UCLA,False,10,2023-10-28,0,0.36847475,True
15473,Washington,Stanford,Washington,True,10,2023-10-28,1,0.72932196,True
15474,West Virginia,UCF,West Virginia,True,10,2023-10-28,1,0.5812333,True
15475,E Michigan,W Michigan,W Michigan,False,10,2023-10-28,0,0.38107082,True
15476,Hawai'i,San Jose St,San Jose St,False,10,2023-10-29,0,0.41213325,True
15477,N Illinois,C Michigan,C Michigan,False,11,2023-10-31,0,0.45383382,True
15478,Buffalo,Toledo,Toledo,False,11,2023-10-31,0,0.48128903,True
15479,Akron,Kent St,Akron,True,11,2023-11-01,0,0.47354236,False
15480,Bowling Green,Ball St,Bowling Green,True,11,2023-11-01,0,0.37254038,False
15481,Duke,Wake Forest,Duke,True,11,2023-11-02,1,0.5744531,True
15482,Texas Tech,TCU,Texas Tech,True,11,2023-11-02,0,0.33170947,False
15483,Troy,S Alabama,Troy,True,11,2023-11-02,0,0.41066825,False
15484,Boston College,Syracuse,Boston College,True,11,2023-11-03,1,0.51109403,True
15485,Colorado St,Wyoming,Wyoming,False,11,2023-11-03,0,0.2160623,True
15486,LSU,Alabama,Alabama,False,11,2023-11-04,1,0.96194273,False
15487,Florida Atlantic,UAB,UAB,False,11,2023-11-04,1,0.5596701,False
15488,Marshall,App State,App State,False,11,2023-11-04,1,0.5250152,False
15489,Arizona,UCLA,Arizona,True,11,2023-11-04,0,0.40787843,False
15490,Florida,Arkansas,Arkansas,False,11,2023-11-04,0,0.40400377,True
15491,Arkansas St,Louisiana,Arkansas St,True,11,2023-11-04,0,0.3538262,False
15492,Army,Air Force,Army,True,11,2023-11-04,0,0.3096732,False
15493,Auburn,Vanderbilt,Auburn,True,11,2023-11-04,1,0.5558773,True
15494,UCF,Cincinnati,UCF,True,11,2023-11-04,1,0.5819545,True
15495,Tulsa,Charlotte,Charlotte,False,11,2023-11-04,0,0.13351859,True
15496,Clemson,Notre Dame,Clemson,True,11,2023-11-04,1,0.5008541,True
15497,Old Dominion,Coastal Car,Coastal Car,False,11,2023-11-04,0,0.3533517,True
15498,Florida St,Pittsburgh,Florida St,True,11,2023-11-04,1,0.7170031,True
15499,Boise St,Fresno St,Fresno St,False,11,2023-11-04,0,0.4969916,True
15500,Missouri,Georgia,Georgia,False,11,2023-11-04,0,0.28310868,True
15501,Virginia,Georgia Tech,Georgia Tech,False,11,2023-11-04,0,0.39975524,True
15502,Nevada,Hawai'i,Hawai'i,False,11,2023-11-04,1,0.5662252,False
15503,Baylor,Houston,Houston,False,11,2023-11-04,0,0.39477548,True
15504,Illinois,Minnesota,Illinois,True,11,2023-11-04,1,0.55567265,True
15505,Indiana,Wisconsin,Indiana,True,11,2023-11-04,0,0.2915868,False
15506,Northwestern,Iowa,Iowa,False,11,2023-11-04,0,0.22435749,True
15507,J Madison,Georgia St,J Madison,True,11,2023-11-04,1,0.6696762,True
15508,Iowa St,Kansas,Kansas,False,11,2023-11-04,1,0.50842357,False
15509,Mississippi St,Kentucky,Kentucky,False,11,2023-11-04,1,0.67467463,False
15510,Louisiana Tech,Liberty,Liberty,False,11,2023-11-04,0,0.2386218,True
15511,Louisville,Virginia Tech,Louisville,True,11,2023-11-04,1,0.7117382,True
15513,Memphis,S Florida,Memphis,True,11,2023-11-04,0,0.41500404,False
15514,Michigan,Purdue,Michigan,True,11,2023-11-04,0,0.24419472,False
15515,Michigan St,Nebraska,Michigan St,True,11,2023-11-04,1,0.5405819,True
15516,Texas A&M,Mississippi,Mississippi,False,11,2023-11-04,1,0.77399707,False
15517,UNLV,New Mexico,UNLV,True,11,2023-11-04,0,0.43430734,False
15518,Middle Tenn,New Mexico St,New Mexico St,False,11,2023-11-04,0,0.33584487,True
15520,NC State,Miami,NC State,True,11,2023-11-04,1,0.64446324,True
15521,Ohio St,Rutgers,Ohio St,True,11,2023-11-04,1,0.57982504,True
15522,Oklahoma,Oklahoma St,Oklahoma St,False,11,2023-11-04,1,0.5497382,False
15523,California,Oregon,Oregon,False,11,2023-11-04,0,0.39251575,True
15524,Oregon St,Colorado,Oregon St,True,11,2023-11-04,1,0.6300783,True
15525,Maryland,Penn St,Penn St,False,11,2023-11-04,0,0.46157634,True
15527,Jacksonville St,South Carolina,South Carolina,False,11,2023-11-04,0,0.45433092,True
15528,Rice,SMU,SMU,False,11,2023-11-04,0,0.4754874,True
15529,Southern Miss,UL Monroe,Southern Miss,True,11,2023-11-04,0,0.46031764,False
15530,Washington St,Stanford,Stanford,False,11,2023-11-04,1,0.61069864,False
15531,Navy,Temple,Temple,False,11,2023-11-04,0,0.38731226,True
15532,UConn,Tennessee,Tennessee,False,11,2023-11-04,0,0.41506457,True
15533,Kansas St,Texas,Texas,False,11,2023-11-04,1,0.79056793,False
15534,Texas St,Georgia So,Texas St,True,11,2023-11-04,0,0.49796608,False
15535,N Texas,UTSA,UTSA,False,11,2023-11-04,0,0.18798181,True
15536,E Carolina,Tulane,Tulane,False,11,2023-11-04,0,0.26046827,True
15537,Arizona St,Utah,Utah,False,11,2023-11-04,1,0.61356246,False
15538,Utah St,San Diego St,Utah St,True,11,2023-11-04,0,0.46022624,False
15539,Washington,USC,Washington,True,11,2023-11-04,1,0.80626816,True
15540,West Virginia,BYU,West Virginia,True,11,2023-11-04,1,0.7011845,True
15541,W Kentucky,UTEP,W Kentucky,True,11,2023-11-04,0,0.26614287,False
15542,N Illinois,Ball St,Ball St,False,12,2023-11-07,1,0.50145686,False
15543,Ohio,Buffalo,Ohio,True,12,2023-11-07,1,0.60247326,True
15544,C Michigan,W Michigan,W Michigan,False,12,2023-11-07,1,0.5025701,False
15545,Bowling Green,Kent St,Bowling Green,True,12,2023-11-08,1,0.56865054,True
15546,Miami OH,Akron,Miami OH,True,12,2023-11-08,0,0.3370464,False
15547,E Michigan,Toledo,Toledo,False,12,2023-11-08,0,0.3665282,True
15548,Louisville,Virginia,Louisville,True,12,2023-11-09,0,0.46561673,False
15549,Southern Miss,Louisiana,Southern Miss,True,12,2023-11-09,0,0.35998458,False
15550,UNLV,Wyoming,UNLV,True,12,2023-11-10,1,0.576632,True
15551,SMU,N Texas,SMU,True,12,2023-11-10,0,0.3504233,False
15552,Kentucky,Alabama,Alabama,False,12,2023-11-11,1,0.86529243,False
15553,App State,Georgia St,App State,True,12,2023-11-11,0,0.4227499,False
15554,Arizona,Colorado,Arizona,True,12,2023-11-11,1,0.5138418,True
15555,UCLA,Arizona St,Arizona St,False,12,2023-11-11,0,0.49161202,True
15557,Auburn,Arkansas,Auburn,True,12,2023-11-11,1,0.58703595,True
15558,Boise St,New Mexico,Boise St,True,12,2023-11-11,1,0.62923765,True
15559,Washington St,California,California,False,12,2023-11-11,1,0.72145504,False
15560,UCF,Oklahoma St,UCF,True,12,2023-11-11,1,0.6309744,True
15561,Cincinnati,Houston,Cincinnati,True,12,2023-11-11,1,0.5415633,True
15562,Clemson,Georgia Tech,Clemson,True,12,2023-11-11,1,0.6523173,True
15563,Coastal Car,Texas St,Coastal Car,True,12,2023-11-11,0,0.43045,False
15564,Colorado St,San Diego St,Colorado St,True,12,2023-11-11,0,0.34774783,False
15565,E Carolina,Florida Atlantic,E Carolina,True,12,2023-11-11,0,0.4387295,False
15566,Miami,Florida St,Florida St,False,12,2023-11-11,0,0.48880103,True
15567,Mississippi,Georgia,Georgia,False,12,2023-11-11,1,0.59654367,False
15568,Hawai'i,Air Force,Hawai'i,True,12,2023-11-11,1,0.52856094,True
15569,Indiana,Illinois,Illinois,False,12,2023-11-11,0,0.39079818,True
15570,Iowa,Rutgers,Iowa,True,12,2023-11-11,1,0.68476534,True
15571,Iowa St,BYU,Iowa St,True,12,2023-11-11,1,0.6214897,True
15572,J Madison,UConn,J Madison,True,12,2023-11-11,0,0.44887584,False
15573,Kansas St,Baylor,Kansas St,True,12,2023-11-11,1,0.5923033,True
15574,Liberty,Old Dominion,Liberty,True,12,2023-11-11,1,0.621941,True
15575,Florida,LSU,LSU,False,12,2023-11-11,1,0.7271879,False
15576,Marshall,Georgia So,Marshall,True,12,2023-11-11,1,0.59995717,True
15577,Nebraska,Maryland,Maryland,False,12,2023-11-11,1,0.5747666,False
15578,Charlotte,Memphis,Memphis,False,12,2023-11-11,1,0.63112605,False
15579,Michigan,Penn St,Michigan,True,12,2023-11-11,0,0.42239314,False
15580,Middle Tenn,Florida Intl,Middle Tenn,True,12,2023-11-11,0,0.47105765,False
15581,Missouri,Tennessee,Missouri,True,12,2023-11-11,0,0.4441294,False
15582,Navy,UAB,Navy,True,12,2023-11-11,1,0.6942962,True
15583,W Kentucky,New Mexico St,New Mexico St,False,12,2023-11-11,1,0.5538303,False
15584,North Carolina,Duke,North Carolina,True,12,2023-11-11,0,0.48246858,False
15585,NC State,Wake Forest,NC State,True,12,2023-11-11,1,0.5662617,True
15586,Northwestern,Wisconsin,Northwestern,True,12,2023-11-11,0,0.27758646,False
15587,Ohio St,Michigan St,Ohio St,True,12,2023-11-11,0,0.31313807,False
15588,Oklahoma,West Virginia,Oklahoma,True,12,2023-11-11,0,0.32993355,False
15589,Oregon,USC,Oregon,True,12,2023-11-11,0,0.355458,False
15590,Oregon St,Stanford,Oregon St,True,12,2023-11-11,1,0.64172816,True
15591,Minnesota,Purdue,Purdue,False,12,2023-11-11,1,0.56888145,False
15592,Louisiana Tech,Sam Houston,Sam Houston,False,12,2023-11-11,0,0.41931266,True
15593,Fresno St,San Jose St,San Jose St,False,12,2023-11-11,0,0.24358071,True
15594,Arkansas St,S Alabama,S Alabama,False,12,2023-11-11,0,0.22025476,True
15595,South Carolina,Vanderbilt,South Carolina,True,12,2023-11-11,0,0.35299677,False
15596,Temple,S Florida,S Florida,False,12,2023-11-11,0,0.25409484,True
15597,Syracuse,Pittsburgh,Syracuse,True,12,2023-11-11,0,0.47468928,False
15598,TCU,Texas,Texas,False,12,2023-11-11,1,0.8715471,False
15599,Mississippi St,Texas A&M,Texas A&M,False,12,2023-11-11,1,0.64636093,False
15600,Texas Tech,Kansas,Texas Tech,True,12,2023-11-11,0,0.36206195,False
15601,Rice,UTSA,UTSA,False,12,2023-11-11,1,0.6567529,False
15602,Troy,UL Monroe,Troy,True,12,2023-11-11,0,0.4844635,False
15603,Tulane,Tulsa,Tulane,True,12,2023-11-11,1,0.5812915,True
15604,Utah St,Nevada,Utah St,True,12,2023-11-11,1,0.60272235,True
15605,Virginia Tech,Boston College,Virginia Tech,True,12,2023-11-11,0,0.45897213,False
15606,Utah,Washington,Washington,False,12,2023-11-11,0,0.4762794,True
15607,Akron,E Michigan,E Michigan,False,13,2023-11-14,1,0.55301076,False
15608,W Michigan,N Illinois,N Illinois,False,13,2023-11-14,0,0.47115597,True
15609,Bowling Green,Toledo,Toledo,False,13,2023-11-14,1,0.5321355,False
15610,Buffalo,Miami OH,Miami OH,False,13,2023-11-15,0,0.33117434,True
15611,C Michigan,Ohio,Ohio,False,13,2023-11-15,0,0.468747,True
15612,Pittsburgh,Boston College,Pittsburgh,True,13,2023-11-16,1,0.6011069,True
15613,S Florida,UTSA,UTSA,False,13,2023-11-17,0,0.38146633,True
15614,Washington St,Colorado,Washington St,True,13,2023-11-17,1,0.61454755,True
15616,UAB,Temple,UAB,True,13,2023-11-18,0,0.349304,False
15617,App State,J Madison,App State,True,13,2023-11-18,0,0.2712351,False
15618,Utah,Arizona,Arizona,False,13,2023-11-18,0,0.40366238,True
15619,Arkansas,Florida Intl,Arkansas,True,13,2023-11-18,1,0.5951281,True
15620,Texas St,Arkansas St,Arkansas St,False,13,2023-11-18,1,0.65962636,False
15621,Army,Coastal Car,Army,True,13,2023-11-18,0,0.354752,False
15622,Ball St,Kent St,Ball St,True,13,2023-11-18,1,0.5830188,True
15623,Boise St,Utah St,Boise St,True,13,2023-11-18,1,0.59265757,True
15624,Stanford,California,California,False,13,2023-11-18,1,0.63140744,False
15625,North Carolina,Clemson,Clemson,False,13,2023-11-18,1,0.7404457,False
15626,Nevada,Colorado St,Colorado St,False,13,2023-11-18,0,0.49871045,True
15629,Tennessee,Georgia,Georgia,False,13,2023-11-18,1,0.5430173,False
15630,Georgia Tech,Syracuse,Georgia Tech,True,13,2023-11-18,0,0.47788125,False
15631,Iowa,Illinois,Iowa,True,13,2023-11-18,1,0.5075957,True
15632,Jacksonville St,Louisiana Tech,Jacksonville St,True,13,2023-11-18,0,0.34118274,False
15633,Kansas,Kansas St,Kansas St,False,13,2023-11-18,1,0.6213676,False
15634,Liberty,UMass,Liberty,True,13,2023-11-18,1,0.7185872,True
15635,LSU,Georgia St,LSU,True,13,2023-11-18,1,0.774655,True
15636,Louisville,Miami,Louisville,True,13,2023-11-18,1,0.6245878,True
15637,Michigan,Maryland,Michigan,True,13,2023-11-18,1,0.5857752,True
15638,Michigan St,Indiana,Michigan St,True,13,2023-11-18,0,0.44920456,False
15639,UTEP,Middle Tenn,Middle Tenn,False,13,2023-11-18,1,0.59773445,False
15640,Mississippi,UL Monroe,Mississippi,True,13,2023-11-18,0,0.41462764,False
15641,Mississippi St,Southern Miss,Mississippi St,True,13,2023-11-18,1,0.61170405,True
15642,Florida,Missouri,Missouri,False,13,2023-11-18,0,0.2511468,True
15643,E Carolina,Navy,Navy,False,13,2023-11-18,0,0.28939694,True
15644,UNLV,Air Force,UNLV,True,13,2023-11-18,1,0.59292173,True
15645,Fresno St,New Mexico,New Mexico,False,13,2023-11-18,0,0.454565,True
15646,Auburn,New Mexico St,New Mexico St,False,13,2023-11-18,1,0.5968132,False
15647,NC State,Virginia Tech,NC State,True,13,2023-11-18,1,0.5065782,True
15648,Tulsa,N Texas,N Texas,False,13,2023-11-18,0,0.18738832,True
15649,Northwestern,Purdue,Northwestern,True,13,2023-11-18,0,0.3932405,False
15650,Notre Dame,Wake Forest,Notre Dame,True,13,2023-11-18,0,0.2427448,False
15651,Ohio St,Minnesota,Ohio St,True,13,2023-11-18,0,0.2781982,False
15652,Oklahoma,BYU,Oklahoma,True,13,2023-11-18,1,0.7095489,True
15653,Houston,Oklahoma St,Oklahoma St,False,13,2023-11-18,1,0.56101084,False
15654,Georgia So,Old Dominion,Old Dominion,False,13,2023-11-18,0,0.3779799,True
15655,Arizona St,Oregon,Oregon,False,13,2023-11-18,0,0.4527907,True
15656,Rutgers,Penn St,Penn St,False,13,2023-11-18,1,0.50175333,False
15657,Charlotte,Rice,Rice,False,13,2023-11-18,0,0.27937546,True
15658,San Jose St,San Diego St,San Jose St,True,13,2023-11-18,1,0.52597123,True
15659,Marshall,S Alabama,S Alabama,False,13,2023-11-18,0,0.34230146,True
15660,South Carolina,Kentucky,South Carolina,True,13,2023-11-18,0,0.32307416,False
15661,SMU,Memphis,SMU,True,13,2023-11-18,1,0.50828224,True
15662,Iowa St,Texas,Texas,False,13,2023-11-18,1,0.7749659,False
15664,TCU,Baylor,TCU,True,13,2023-11-18,0,0.415605,False
15665,UCF,Texas Tech,Texas Tech,False,13,2023-11-18,1,0.5616394,False
15666,Louisiana,Troy,Troy,False,13,2023-11-18,1,0.5001906,False
15667,Tulane,Florida Atlantic,Tulane,True,13,2023-11-18,0,0.4997308,False
15668,UCLA,USC,UCLA,True,13,2023-11-18,1,0.71942085,True
15669,Virginia,Duke,Virginia,True,13,2023-11-18,0,0.24053499,False
15670,Oregon St,Washington,Washington,False,13,2023-11-18,1,0.82376415,False
15671,Cincinnati,West Virginia,West Virginia,False,13,2023-11-18,0,0.46117333,True
15672,Sam Houston,W Kentucky,W Kentucky,False,13,2023-11-18,0,0.4956639,True
15673,Nebraska,Wisconsin,Wisconsin,False,13,2023-11-18,0,0.48357898,True
15674,Wyoming,Hawai'i,Wyoming,True,13,2023-11-18,0,0.30127773,False
15675,W Michigan,Bowling Green,Bowling Green,False,14,2023-11-21,0,0.34720147,True
15676,Buffalo,E Michigan,E Michigan,False,14,2023-11-21,0,0.30727965,True
15677,Mississippi,Mississippi St,Mississippi,True,14,2023-11-23,0,0.42302123,False
15678,Boise St,Air Force,Boise St,True,14,2023-11-24,1,0.6546968,True
15679,Iowa,Nebraska,Iowa,True,14,2023-11-24,1,0.6179287,True
15680,Memphis,Temple,Memphis,True,14,2023-11-24,0,0.46156797,False
15681,Miami,Boston College,Miami,True,14,2023-11-24,0,0.483803,False
15682,Missouri,Arkansas,Missouri,True,14,2023-11-24,0,0.40697518,False
15683,Ohio,Akron,Ohio,True,14,2023-11-24,0,0.39310613,False
15684,Oklahoma,TCU,Oklahoma,True,14,2023-11-24,0,0.36841467,False
15685,Oregon St,Oregon,Oregon,False,14,2023-11-24,0,0.43032035,True
15686,Michigan St,Penn St,Penn St,False,14,2023-11-24,1,0.63775915,False
15687,Texas,Texas Tech,Texas,True,14,2023-11-24,0,0.43419188,False
15688,C Michigan,Toledo,Toledo,False,14,2023-11-24,0,0.26629636,True
15689,UTSA,Tulane,Tulane,False,14,2023-11-24,1,0.6899476,False
15690,Utah St,New Mexico,Utah St,True,14,2023-11-24,1,0.67055994,True
15691,Alabama,Auburn,Alabama,True,14,2023-11-25,1,0.56515914,True
15692,Georgia So,App State,App State,False,14,2023-11-25,0,0.33567563,True
15693,Arizona St,Arizona,Arizona,False,14,2023-11-25,1,0.66406244,False
15694,UCLA,California,California,False,14,2023-11-25,0,0.4857126,True
15695,UCF,Houston,UCF,True,14,2023-11-25,1,0.6667986,True
15696,South Carolina,Clemson,Clemson,False,14,2023-11-25,0,0.4227961,True
15697,UConn,UMass,UConn,True,14,2023-11-25,1,0.7513181,True
15698,Duke,Pittsburgh,Duke,True,14,2023-11-25,0,0.43417624,False
15699,Florida,Florida St,Florida St,False,14,2023-11-25,0,0.2676412,True
15700,Georgia Tech,Georgia,Georgia,False,14,2023-11-25,0,0.49637556,True
15701,Colorado St,Hawai'i,Hawai'i,False,14,2023-11-25,0,0.14344321,True
15702,Iowa St,Kansas St,Iowa St,True,14,2023-11-25,0,0.47311512,False
15703,Coastal Car,J Madison,J Madison,False,14,2023-11-25,0,0.32316828,True
15704,Kansas,Cincinnati,Kansas,True,14,2023-11-25,1,0.64327085,True
15705,Kentucky,Louisville,Kentucky,True,14,2023-11-25,1,0.5270993,True
15706,Liberty,UTEP,Liberty,True,14,2023-11-25,1,0.552215,True
15707,Louisiana,UL Monroe,Louisiana,True,14,2023-11-25,1,0.6965069,True
15708,LSU,Texas A&M,LSU,True,14,2023-11-25,1,0.7460146,True
15709,Arkansas St,Marshall,Marshall,False,14,2023-11-25,1,0.52201384,False
15710,Rutgers,Maryland,Maryland,False,14,2023-11-25,0,0.39923307,True
15711,Ball St,Miami OH,Miami OH,False,14,2023-11-25,0,0.39976546,True
15712,Michigan,Ohio St,Michigan,True,14,2023-11-25,1,0.8572516,True
15713,Jacksonville St,New Mexico St,New Mexico St,False,14,2023-11-25,0,0.4281786,True
15714,North Carolina,NC State,NC State,False,14,2023-11-25,1,0.51933527,False
15715,N Texas,UAB,N Texas,True,14,2023-11-25,0,0.4670662,False
15716,Kent St,N Illinois,N Illinois,False,14,2023-11-25,0,0.37910652,True
15717,Northwestern,Illinois,Northwestern,True,14,2023-11-25,0,0.40892544,False
15718,Stanford,Notre Dame,Notre Dame,False,14,2023-11-25,1,0.5013554,False
15719,Oklahoma St,BYU,Oklahoma St,True,14,2023-11-25,0,0.41638008,False
15720,Old Dominion,Georgia St,Old Dominion,True,14,2023-11-25,0,0.3056788,False
15721,Indiana,Purdue,Purdue,False,14,2023-11-25,0,0.44621262,True
15722,Rice,Florida Atlantic,Rice,True,14,2023-11-25,0,0.4913615,False
15723,Sam Houston,Middle Tenn,Sam Houston,True,14,2023-11-25,1,0.52438074,True
15724,San Diego St,Fresno St,San Diego St,True,14,2023-11-25,0,0.31468752,False
15725,San Jose St,UNLV,San Jose St,True,14,2023-11-25,1,0.5135267,True
15726,S Florida,Charlotte,S Florida,True,14,2023-11-25,0,0.41281033,False
15727,Navy,SMU,SMU,False,14,2023-11-25,0,0.41940776,True
15728,Wake Forest,Syracuse,Syracuse,False,14,2023-11-25,0,0.4887607,True
15729,Vanderbilt,Tennessee,Tennessee,False,14,2023-11-25,0,0.326847,True
15730,S Alabama,Texas St,Texas St,False,14,2023-11-25,0,0.49189892,True
15731,Troy,Southern Miss,Troy,True,14,2023-11-25,1,0.71046555,True
15732,E Carolina,Tulsa,Tulsa,False,14,2023-11-25,0,0.33279338,True
15733,Colorado,Utah,Utah,False,14,2023-11-25,0,0.37915373,True
15734,Virginia,Virginia Tech,Virginia Tech,False,14,2023-11-25,1,0.5150357,False
15735,Washington St,Washington,Washington,False,14,2023-11-25,1,0.6052639,False
15736,West Virginia,Baylor,West Virginia,True,14,2023-11-25,1,0.5483924,True
15737,Florida Intl,W Kentucky,W Kentucky,False,14,2023-11-25,0,0.4352461,True
15738,Wisconsin,Minnesota,Wisconsin,True,14,2023-11-25,1,0.55420166,True
15739,Wyoming,Nevada,Wyoming,True,14,2023-11-25,0,0.4959464,False
15740,Liberty,New Mexico St,Liberty,True,15,2023-12-01,1,0.6032083,True
15741,Oregon,Washington,Washington,False,15,2023-12-01,1,0.66214377,False
15742,Georgia,Alabama,Alabama,False,15,2023-12-02,1,0.5920753,False
15743,UNLV,Boise St,Boise St,False,15,2023-12-02,0,0.40658703,True
15744,Florida St,Louisville,Florida St,True,15,2023-12-02,0,0.44338858,False
15745,Miami OH,Toledo,Miami OH,True,15,2023-12-02,0,0.41529283,False
15746,Michigan,Iowa,Michigan,True,15,2023-12-02,0,0.245699,False
15747,SMU,Tulane,SMU,True,15,2023-12-02,1,0.5531243,True
15748,Texas,Oklahoma St,Texas,True,15,2023-12-02,1,0.5425889,True
15749,Troy,App State,Troy,True,15,2023-12-02,0,0.45830444,False
15750,Army,Navy,Army,True,16,2023-12-09,0,0.42221296,False
15751,Miami OH,App State,App State,False,17,2023-12-16,0,0.18138601,True
15752,Fresno St,New Mexico St,Fresno St,True,17,2023-12-16,0,0.32385373,False
15753,Louisiana,Jacksonville St,Jacksonville St,False,17,2023-12-16,1,0.57058096,False
15754,Georgia So,Ohio,Ohio,False,17,2023-12-16,1,0.51579607,False
15755,Texas Tech,California,Texas Tech,True,17,2023-12-16,0,0.43923536,False
15756,Boise St,UCLA,UCLA,False,17,2023-12-16,0,0.41831633,True
15757,Old Dominion,W Kentucky,W Kentucky,False,17,2023-12-18,1,0.55574435,False
15758,Marshall,UTSA,UTSA,False,18,2023-12-19,0,0.35433272,True
15759,Syracuse,S Florida,S Florida,False,18,2023-12-21,0,0.33369926,True
15760,Georgia Tech,UCF,Georgia Tech,True,18,2023-12-22,1,0.55630714,True
15761,J Madison,Air Force,Air Force,False,18,2023-12-23,0,0.36884683,True
15762,San Jose St,Coastal Car,Coastal Car,False,18,2023-12-23,1,0.73268473,False
15763,Troy,Duke,Duke,False,18,2023-12-23,0,0.49646205,True
15764,Utah St,Georgia St,Georgia St,False,18,2023-12-23,1,0.5310181,False
15765,N Illinois,Arkansas St,N Illinois,True,18,2023-12-23,1,0.514076,True
15766,Northwestern,Utah,Northwestern,True,18,2023-12-23,0,0.2940572,False
15767,E Michigan,S Alabama,S Alabama,False,18,2023-12-23,0,0.34779176,True
15768,Kansas,UNLV,Kansas,True,19,2023-12-26,0,0.35002032,False
15769,Minnesota,Bowling Green,Minnesota,True,19,2023-12-26,0,0.3876511,False
15770,Rice,Texas St,Texas St,False,19,2023-12-26,0,0.44065017,True
15771,Oklahoma St,Texas A&M,Oklahoma St,True,19,2023-12-27,1,0.6310577,True
15772,Louisville,USC,USC,False,19,2023-12-27,1,0.51840335,False
15773,Virginia Tech,Tulane,Virginia Tech,True,19,2023-12-27,1,0.7107171,True
15774,North Carolina,West Virginia,West Virginia,False,19,2023-12-27,0,0.41984257,True
15775,Oklahoma,Arizona,Arizona,False,19,2023-12-28,1,0.5622519,False
15776,SMU,Boston College,Boston College,False,19,2023-12-28,1,0.5577496,False
15777,Kansas St,NC State,Kansas St,True,19,2023-12-28,0,0.40995923,False
15778,Rutgers,Miami,Rutgers,True,19,2023-12-28,0,0.30860505,False
15779,Kentucky,Clemson,Clemson,False,19,2023-12-29,0,0.4410227,True
15780,Memphis,Iowa St,Memphis,True,19,2023-12-29,0,0.41196308,False
15781,Ohio St,Missouri,Missouri,False,19,2023-12-29,0,0.417438,True
15782,Oregon St,Notre Dame,Notre Dame,False,19,2023-12-29,0,0.28637618,True
15783,Florida St,Georgia,Georgia,False,19,2023-12-30,1,0.66369474,False
15784,Maryland,Auburn,Maryland,True,19,2023-12-30,0,0.3702009,False
15785,Penn St,Mississippi,Mississippi,False,19,2023-12-30,0,0.4307325,True
15786,Toledo,Wyoming,Wyoming,False,19,2023-12-30,0,0.45556268,True
15787,LSU,Wisconsin,LSU,True,20,2024-01-01,1,0.71861273,True
15788,Michigan,Alabama,Michigan,True,20,2024-01-01,1,0.84506273,True
15789,Liberty,Oregon,Oregon,False,20,2024-01-01,0,0.3667469,True
15790,Tennessee,Iowa,Tennessee,True,20,2024-01-01,0,0.45541778,False
15791,Texas,Washington,Washington,False,20,2024-01-01,1,0.76569486,False
15792,Washington,Michigan,Michigan,False,21,2024-01-08,1,0.9227554,False
15914,Nevada,Georgia So,Georgia So,False,3,2024-09-07,0,0.4985783,True
15928,Maryland,Michigan St,Michigan St,False,3,2024-09-07,1,0.6786402,False
15935,North Carolina,Charlotte,North Carolina,True,3,2024-09-07,1,0.52631587,True
15938,Ohio,S Alabama,Ohio,True,3,2024-09-07,0,0.31469178,False
15939,Ohio St,W Michigan,Ohio St,True,3,2024-09-07,0,0.20679893,False
15940,Oklahoma,Houston,Oklahoma,True,3,2024-09-07,1,0.5528673,True
15949,South Carolina,Kentucky,South Carolina,True,3,2024-09-07,0,0.42142162,False
15955,Syracuse,Georgia Tech,Syracuse,True,3,2024-09-07,1,0.5859815,True
15957,Michigan,Texas,Texas,False,3,2024-09-07,1,0.6255688,False
15971,Texas St,Arizona St,Arizona St,False,4,2024-09-12,0,0.44066212,True
15973,Kansas St,Arizona,Kansas St,True,4,2024-09-13,1,0.53587997,True
15974,UNLV,Kansas,UNLV,True,4,2024-09-13,1,0.61159307,True
15976,Wisconsin,Alabama,Alabama,False,4,2024-09-14,1,0.8928723,False
15977,App State,E Carolina,App State,True,4,2024-09-14,1,0.57991385,True
15978,UAB,Arkansas,Arkansas,False,4,2024-09-14,1,0.83608776,False
15979,Auburn,New Mexico,Auburn,True,4,2024-09-14,0,0.1393154,False
15980,Baylor,Air Force,Baylor,True,4,2024-09-14,1,0.56157863,True
15981,Wyoming,BYU,BYU,False,4,2024-09-14,0,0.4024625,True
15982,Buffalo,UMass,Buffalo,True,4,2024-09-14,0,0.2715821,False
15983,San Diego St,California,California,False,4,2024-09-14,1,0.88477045,False
15984,TCU,UCF,UCF,False,4,2024-09-14,0,0.3119439,True
15986,Cincinnati,Miami OH,Cincinnati,True,4,2024-09-14,0,0.20977281,False
15987,Temple,Coastal Car,Coastal Car,False,4,2024-09-14,1,0.71461403,False
15988,Colorado,Colorado St,Colorado,True,4,2024-09-14,1,0.64090914,True
15989,UConn,Duke,Duke,False,4,2024-09-14,1,0.9210498,False
15990,Jacksonville St,E Michigan,E Michigan,False,4,2024-09-14,1,0.56325096,False
15991,Florida Atlantic,Florida Intl,Florida Atlantic,True,4,2024-09-14,1,0.5081234,True
15992,New Mexico St,Fresno St,Fresno St,False,4,2024-09-14,1,0.87800455,False
15993,Kentucky,Georgia,Georgia,False,4,2024-09-14,1,0.5146552,False
15995,Georgia St,Vanderbilt,Georgia St,True,4,2024-09-14,1,0.7999114,True
15997,Houston,Rice,Houston,True,4,2024-09-14,0,0.31669474,False
15998,Illinois,C Michigan,Illinois,True,4,2024-09-14,1,0.65694135,True
15999,Indiana,UCLA,Indiana,True,4,2024-09-14,0,0.41940096,False
16000,Iowa,Troy,Iowa,True,4,2024-09-14,1,0.52834505,True
16001,Liberty,UTEP,Liberty,True,4,2024-09-14,1,0.68830603,True
16002,LSU,South Carolina,LSU,True,4,2024-09-14,1,0.662605,True
16003,Virginia,Maryland,Maryland,False,4,2024-09-14,1,0.61068493,False
16004,Florida St,Memphis,Memphis,False,4,2024-09-14,1,0.61964905,False
16006,Michigan,Arkansas St,Michigan,True,4,2024-09-14,0,0.4208085,False
16008,Nevada,Minnesota,Minnesota,False,4,2024-09-14,1,0.57436186,False
16009,Mississippi,Wake Forest,Mississippi,True,4,2024-09-14,0,0.07488462,False
16010,Boston College,Missouri,Missouri,False,4,2024-09-14,0,0.2920919,True
16017,Oklahoma,Tulane,Oklahoma,True,4,2024-09-14,0,0.39471653,False
16018,Oklahoma St,Tulsa,Oklahoma St,True,4,2024-09-14,1,0.5046398,True
16019,Oregon St,Oregon,Oregon,False,4,2024-09-14,0,0.4567834,True
16020,West Virginia,Pittsburgh,Pittsburgh,False,4,2024-09-14,0,0.35501865,True
16021,Hawai'i,Sam Houston,Sam Houston,False,4,2024-09-14,0,0.368625,True
16022,San Jose St,Kennesaw St,San Jose St,True,4,2024-09-14,1,0.58469325,True
16023,Southern Miss,S Florida,S Florida,False,4,2024-09-14,0,0.43317062,True
16024,Tennessee,Kent St,Tennessee,True,4,2024-09-14,0,0.114908785,False
16025,UTSA,Texas,Texas,False,4,2024-09-14,1,0.84909767,False
16026,Florida,Texas A&M,Texas A&M,False,4,2024-09-14,0,0.4138092,True
16027,Texas Tech,N Texas,Texas Tech,True,4,2024-09-14,1,0.71107286,True
16028,Mississippi St,Toledo,Toledo,False,4,2024-09-14,1,0.58328575,False
16029,Utah,Utah St,Utah,True,4,2024-09-14,1,0.6393803,True
16030,Old Dominion,Virginia Tech,Virginia Tech,False,4,2024-09-14,1,0.5463072,False
16031,Washington St,Washington,Washington St,True,4,2024-09-14,0,0.4849759,False
16032,W Kentucky,Middle Tenn,W Kentucky,True,4,2024-09-14,1,0.6970909,True
16034,App State,S Alabama,S Alabama,False,5,2024-09-19,1,0.54805845,False
16035,Nebraska,Illinois,Illinois,False,5,2024-09-20,0,0.4507051,True
16036,Syracuse,Stanford,Stanford,False,5,2024-09-20,0,0.22547446,True
16037,Washington St,San Jose St,Washington St,True,5,2024-09-20,1,0.6553127,True
16038,Arkansas,Auburn,Arkansas,True,5,2024-09-21,0,0.32152346,False
16039,Rice,Army,Army,False,5,2024-09-21,1,0.8430323,False
16041,Michigan St,Boston College,Boston College,False,5,2024-09-21,0,0.45091566,True
16042,BYU,Kansas St,BYU,True,5,2024-09-21,1,0.6679844,True
16043,N Illinois,Buffalo,Buffalo,False,5,2024-09-21,0,0.34903842,True
16044,C Michigan,Ball St,C Michigan,True,5,2024-09-21,1,0.52236277,True
16045,Houston,Cincinnati,Cincinnati,False,5,2024-09-21,0,0.43352866,True
16046,NC State,Clemson,Clemson,False,5,2024-09-21,1,0.54790276,False
16047,Baylor,Colorado,Colorado,False,5,2024-09-21,1,0.56815004,False
16048,UTEP,Colorado St,Colorado St,False,5,2024-09-21,0,0.4797113,True
16049,Florida Atlantic,UConn,UConn,False,5,2024-09-21,1,0.6282303,False
16050,Duke,Middle Tenn,Duke,True,5,2024-09-21,0,0.47496092,False
16052,Mississippi St,Florida,Florida,False,5,2024-09-21,1,0.64237756,False
16053,Florida St,California,Florida St,True,5,2024-09-21,1,0.8923492,True
16054,Fresno St,New Mexico,Fresno St,True,5,2024-09-21,1,0.64797914,True
16055,Indiana,Charlotte,Indiana,True,5,2024-09-21,1,0.50312984,True
16056,Minnesota,Iowa,Iowa,False,5,2024-09-21,0,0.49386516,True
16057,Arkansas St,Iowa St,Iowa St,False,5,2024-09-21,1,0.7354341,False
16058,Jacksonville St,Southern Miss,Jacksonville St,True,5,2024-09-21,1,0.6461614,True
16059,North Carolina,J Madison,J Madison,False,5,2024-09-21,1,0.61421436,False
16060,Kentucky,Ohio,Kentucky,True,5,2024-09-21,1,0.56924295,True
16061,Liberty,E Carolina,Liberty,True,5,2024-09-21,1,0.88796455,True
16062,UCLA,LSU,LSU,False,5,2024-09-21,0,0.36959827,True
16063,Georgia Tech,Louisville,Louisville,False,5,2024-09-21,0,0.37299785,True
16066,S Florida,Miami,Miami,False,5,2024-09-21,0,0.21628846,True
16067,Michigan,USC,Michigan,True,5,2024-09-21,1,0.7693905,True
16068,Mississippi,Georgia So,Mississippi,True,5,2024-09-21,0,0.38772675,False
16069,Missouri,Vanderbilt,Missouri,True,5,2024-09-21,1,0.6159214,True
16071,Memphis,Navy,Navy,False,5,2024-09-21,1,0.72342986,False
16073,Wyoming,N Texas,N Texas,False,5,2024-09-21,0,0.446526,True
16074,Miami OH,Notre Dame,Notre Dame,False,5,2024-09-21,1,0.8352031,False
16075,Ohio St,Marshall,Ohio St,True,5,2024-09-21,0,0.16879924,False
16076,Oregon St,Purdue,Oregon St,True,5,2024-09-21,0,0.24737976,False
16077,Kent St,Penn St,Penn St,False,5,2024-09-21,1,0.660238,False
16079,Virginia Tech,Rutgers,Rutgers,False,5,2024-09-21,0,0.2883165,True
16080,Sam Houston,New Mexico St,Sam Houston,True,5,2024-09-21,0,0.37577757,False
16081,Akron,South Carolina,South Carolina,False,5,2024-09-21,1,0.5255172,False
16082,TCU,SMU,SMU,False,5,2024-09-21,0,0.36395645,True
16083,Temple,Utah St,Temple,True,5,2024-09-21,1,0.77864003,True
16084,Tennessee,Oklahoma,Tennessee,True,5,2024-09-21,0,0.4302724,False
16085,Texas,UL Monroe,Texas,True,5,2024-09-21,0,0.4460794,False
16086,Texas A&M,Bowling Green,Texas A&M,True,5,2024-09-21,0,0.44225907,False
16087,Texas Tech,Arizona St,Texas Tech,True,5,2024-09-21,0,0.46431276,False
16090,Tulane,Louisiana,Tulane,True,5,2024-09-21,1,0.834061,True
16091,Tulsa,Louisiana Tech,Tulsa,True,5,2024-09-21,0,0.27424872,False
16092,Oklahoma St,Utah,Utah,False,5,2024-09-21,0,0.47523507,True
16093,Coastal Car,Virginia,Virginia,False,5,2024-09-21,1,0.60420907,False
16094,Northwestern,Washington,Washington,False,5,2024-09-21,0,0.3177655,True
16095,West Virginia,Kansas,West Virginia,True,5,2024-09-21,0,0.37757385,False
16096,Toledo,W Kentucky,W Kentucky,False,5,2024-09-21,0,0.4656638,True
16098,Temple,Army,Army,False,6,2024-09-26,1,0.7955457,False
16099,Miami,Virginia Tech,Miami,True,6,2024-09-27,0,0.18474482,False
16100,Washington,Rutgers,Rutgers,False,6,2024-09-27,0,0.32567862,True
16101,Georgia,Alabama,Alabama,False,6,2024-09-28,1,0.9211099,False
16102,Arizona,Utah,Arizona,True,6,2024-09-28,0,0.2924582,False
16103,Washington St,Boise St,Boise St,False,6,2024-09-28,1,0.6892876,False
16104,W Kentucky,Boston College,Boston College,False,6,2024-09-28,0,0.3501871,True
16105,BYU,Baylor,BYU,True,6,2024-09-28,1,0.6722007,True
16106,San Diego St,C Michigan,C Michigan,False,6,2024-09-28,1,0.7468586,False
16107,Charlotte,Rice,Charlotte,True,6,2024-09-28,0,0.16877915,False
16108,Clemson,Stanford,Clemson,True,6,2024-09-28,1,0.5090423,True
16109,Colorado,UCF,Colorado,True,6,2024-09-28,1,0.7335166,True
16110,Buffalo,UConn,UConn,False,6,2024-09-28,0,0.35374278,True
16111,North Carolina,Duke,Duke,False,6,2024-09-28,1,0.7731917,False
16112,UTSA,E Carolina,E Carolina,False,6,2024-09-28,1,0.6267517,False
16113,Kent St,E Michigan,E Michigan,False,6,2024-09-28,1,0.7933429,False
16115,Florida Intl,Louisiana Tech,Florida Intl,True,6,2024-09-28,1,0.72205395,True
16116,Georgia So,Georgia St,Georgia So,True,6,2024-09-28,0,0.4448039,False
16117,Maryland,Indiana,Indiana,False,6,2024-09-28,1,0.55537933,False
16118,Iowa St,Houston,Iowa St,True,6,2024-09-28,1,0.5734987,True
16119,J Madison,Ball St,J Madison,True,6,2024-09-28,1,0.51116604,True
16120,Oklahoma St,Kansas St,Kansas St,False,6,2024-09-28,0,0.44199398,True
16121,Mississippi,Kentucky,Kentucky,False,6,2024-09-28,0,0.24746896,True
16122,Wake Forest,Louisiana,Louisiana,False,6,2024-09-28,0,0.3749492,True
16123,LSU,S Alabama,LSU,True,6,2024-09-28,1,0.70962775,True
16124,UL Monroe,Troy,UL Monroe,True,6,2024-09-28,0,0.30879807,False
16125,Marshall,W Michigan,Marshall,True,6,2024-09-28,0,0.20262519,False
16126,Memphis,Middle Tenn,Memphis,True,6,2024-09-28,0,0.36116582,False
16127,UMass,Miami OH,Miami OH,False,6,2024-09-28,1,0.69679666,False
16128,Minnesota,Michigan,Michigan,False,6,2024-09-28,1,0.52019286,False
16129,UAB,Navy,Navy,False,6,2024-09-28,0,0.27207595,True
16130,Nebraska,Purdue,Nebraska,True,6,2024-09-28,0,0.26516634,False
16131,UNLV,Fresno St,UNLV,True,6,2024-09-28,1,0.5570862,True
16132,New Mexico St,New Mexico,New Mexico,False,6,2024-09-28,1,0.67198426,False
16133,NC State,N Illinois,NC State,True,6,2024-09-28,0,0.30722317,False
16134,N Texas,Tulsa,N Texas,True,6,2024-09-28,1,0.75022286,True
16135,Notre Dame,Louisville,Notre Dame,True,6,2024-09-28,0,0.24841297,False
16136,Akron,Ohio,Ohio,False,6,2024-09-28,0,0.39877683,True
16137,Ohio St,Michigan St,Ohio St,True,6,2024-09-28,0,0.4056645,False
16138,Auburn,Oklahoma,Oklahoma,False,6,2024-09-28,1,0.63006496,False
16139,Old Dominion,Bowling Green,Old Dominion,True,6,2024-09-28,0,0.37711698,False
16140,Oregon,UCLA,Oregon,True,6,2024-09-28,1,0.71612376,True
16141,Penn St,Illinois,Penn St,True,6,2024-09-28,0,0.48829004,False
16142,Sam Houston,Texas St,Sam Houston,True,6,2024-09-28,0,0.19506651,False
16143,Wisconsin,USC,USC,False,6,2024-09-28,1,0.827802,False
16144,SMU,Florida St,SMU,True,6,2024-09-28,0,0.48336422,False
16147,Texas,Mississippi St,Texas,True,6,2024-09-28,0,0.03290908,False
16148,Arkansas,Texas A&M,Texas A&M,False,6,2024-09-28,1,0.55088794,False
16149,TCU,Kansas,TCU,True,6,2024-09-28,1,0.56920916,True
16150,Texas Tech,Cincinnati,Texas Tech,True,6,2024-09-28,1,0.7846658,True
16151,S Florida,Tulane,Tulane,False,6,2024-09-28,0,0.30599195,True
16152,Air Force,Wyoming,Wyoming,False,6,2024-09-28,1,0.58068836,False
16153,Sam Houston,UTEP,Sam Houston,True,7,2024-10-03,0,0.49246684,False
16154,Texas St,Troy,Texas St,True,7,2024-10-03,1,0.6164973,True
16155,Houston,TCU,Houston,True,7,2024-10-04,0,0.41235545,False
16156,Jacksonville St,Kennesaw St,Jacksonville St,True,7,2024-10-04,0,0.3969797,False
16157,Oregon,Michigan St,Oregon,True,7,2024-10-04,0,0.48826945,False
16158,UNLV,Syracuse,Syracuse,False,7,2024-10-04,1,0.5391175,False
16159,Arizona St,Kansas,Arizona St,True,7,2024-10-05,0,0.41131625,False
16160,Tennessee,Arkansas,Arkansas,False,7,2024-10-05,1,0.7051783,False
16161,S Alabama,Arkansas St,Arkansas St,False,7,2024-10-05,0,0.35121125,True
16162,Tulsa,Army,Army,False,7,2024-10-05,1,0.7757077,False
16163,Boise St,Utah St,Boise St,True,7,2024-10-05,0,0.4795204,False
16164,Akron,Bowling Green,Bowling Green,False,7,2024-10-05,1,0.6427612,False
16165,Charlotte,E Carolina,Charlotte,True,7,2024-10-05,1,0.6222945,True
16166,Clemson,Florida St,Clemson,True,7,2024-10-05,1,0.61084604,True
16167,Old Dominion,Coastal Car,Coastal Car,False,7,2024-10-05,1,0.5876229,False
16168,UConn,Temple,UConn,True,7,2024-10-05,0,0.44797066,False
16169,UCF,Florida,Florida,False,7,2024-10-05,0,0.38348064,True
16170,Georgia,Auburn,Georgia,True,7,2024-10-05,0,0.4242182,False
16171,Duke,Georgia Tech,Georgia Tech,False,7,2024-10-05,1,0.677345,False
16172,Northwestern,Indiana,Indiana,False,7,2024-10-05,0,0.367102,True
16173,Baylor,Iowa St,Iowa St,False,7,2024-10-05,1,0.7073758,False
16174,Southern Miss,Louisiana,Louisiana,False,7,2024-10-05,1,0.7604827,False
16175,UL Monroe,J Madison,UL Monroe,True,7,2024-10-05,0,0.24894103,False
16176,App State,Marshall,Marshall,False,7,2024-10-05,1,0.70983386,False
16177,California,Miami,Miami,False,7,2024-10-05,1,0.79913837,False
16178,Minnesota,USC,Minnesota,True,7,2024-10-05,1,0.86393285,True
16179,South Carolina,Mississippi,Mississippi,False,7,2024-10-05,0,0.4460065,True
16180,Navy,Air Force,Navy,True,7,2024-10-05,1,0.6656255,True
16181,Rutgers,Nebraska,Nebraska,False,7,2024-10-05,0,0.41071984,True
16182,N Illinois,UMass,N Illinois,True,7,2024-10-05,0,0.28614345,False
16183,Ohio St,Iowa,Ohio St,True,7,2024-10-05,1,0.6030017,True
16184,Colorado St,Oregon St,Oregon St,False,7,2024-10-05,0,0.41131294,True
16185,UCLA,Penn St,Penn St,False,7,2024-10-05,0,0.34370244,True
16186,Pittsburgh,North Carolina,Pittsburgh,True,7,2024-10-05,1,0.5065729,True
16187,San Diego St,Hawai'i,San Diego St,True,7,2024-10-05,0,0.25556645,False
16188,San Jose St,Nevada,San Jose St,True,7,2024-10-05,0,0.3896086,False
16189,SMU,Louisville,SMU,True,7,2024-10-05,1,0.7497457,True
16190,Missouri,Texas A&M,Texas A&M,False,7,2024-10-05,0,0.49016395,True
16191,Arizona,Texas Tech,Texas Tech,False,7,2024-10-05,1,0.5149423,False
16192,Miami OH,Toledo,Toledo,False,7,2024-10-05,1,0.51099825,False
16193,Tulane,UAB,Tulane,True,7,2024-10-05,1,0.6161376,True
16194,Alabama,Vanderbilt,Vanderbilt,False,7,2024-10-05,0,0.2956715,True
16195,Virginia,Boston College,Virginia,True,7,2024-10-05,1,0.7219762,True
16196,Stanford,Virginia Tech,Virginia Tech,False,7,2024-10-05,0,0.2070037,True
16197,Wake Forest,NC State,Wake Forest,True,7,2024-10-05,0,0.27599564,False
16198,Michigan,Washington,Washington,False,7,2024-10-05,0,0.37361762,True
16199,West Virginia,Oklahoma St,West Virginia,True,7,2024-10-05,1,0.68464136,True
16200,W Michigan,Ball St,W Michigan,True,7,2024-10-05,0,0.40002984,False
16201,Purdue,Wisconsin,Wisconsin,False,7,2024-10-05,1,0.87383556,False
16202,Liberty,Florida Intl,Liberty,True,8,2024-10-08,1,0.7958579,True
16203,New Mexico St,Jacksonville St,Jacksonville St,False,8,2024-10-09,0,0.39539054,True
16204,Coastal Car,J Madison,J Madison,False,8,2024-10-10,1,0.6943003,False
16205,Louisiana Tech,Middle Tenn,Louisiana Tech,True,8,2024-10-10,0,0.43459517,False
16206,W Kentucky,UTEP,W Kentucky,True,8,2024-10-10,1,0.7392896,True
16207,Utah,Arizona St,Arizona St,False,8,2024-10-11,0,0.43216437,True
16208,Utah St,UNLV,UNLV,False,8,2024-10-11,1,0.6878436,False
16209,Northwestern,Maryland,Northwestern,True,8,2024-10-11,0,0.085696876,False
16210,Alabama,South Carolina,Alabama,True,8,2024-10-12,1,0.7247423,True
16211,UAB,Army,Army,False,8,2024-10-12,1,0.8457005,False
16212,Kent St,Ball St,Ball St,False,8,2024-10-12,1,0.64849424,False
16213,Hawai'i,Boise St,Boise St,False,8,2024-10-12,1,0.55774784,False
16214,Arizona,BYU,BYU,False,8,2024-10-12,1,0.5139999,False
16215,Toledo,Buffalo,Buffalo,False,8,2024-10-12,0,0.38218376,True
16216,UCF,Cincinnati,Cincinnati,False,8,2024-10-12,1,0.61559314,False
16217,Clemson,Wake Forest,Clemson,True,8,2024-10-12,1,0.5535271,True
16218,Colorado St,San Jose St,Colorado St,True,8,2024-10-12,1,0.57183397,True
16219,Mississippi St,Georgia,Georgia,False,8,2024-10-12,1,0.70957696,False
16220,Marshall,Georgia So,Georgia So,False,8,2024-10-12,0,0.43848333,True
16221,North Carolina,Georgia Tech,Georgia Tech,False,8,2024-10-12,0,0.48449045,True
16222,Purdue,Illinois,Illinois,False,8,2024-10-12,1,0.6759467,False
16223,Washington,Iowa,Iowa,False,8,2024-10-12,0,0.3012947,True
16224,Iowa St,West Virginia,Iowa St,True,8,2024-10-12,1,0.5492327,True
16225,Kansas St,Colorado,Kansas St,True,8,2024-10-12,0,0.4195813,False
16226,App State,Louisiana,Louisiana,False,8,2024-10-12,0,0.34380037,True
16227,Mississippi,LSU,LSU,False,8,2024-10-12,1,0.7500638,False
16228,UL Monroe,Southern Miss,UL Monroe,True,8,2024-10-12,0,0.43914014,False
16229,Louisville,Virginia,Louisville,True,8,2024-10-12,0,0.40475246,False
16230,Memphis,S Florida,Memphis,True,8,2024-10-12,0,0.45148998,False
16231,Miami OH,E Michigan,Miami OH,True,8,2024-10-12,0,0.45185176,False
16232,UCLA,Minnesota,Minnesota,False,8,2024-10-12,1,0.51471716,False
16233,UMass,Missouri,Missouri,False,8,2024-10-12,0,0.4965053,True
16234,Oregon St,Nevada,Nevada,False,8,2024-10-12,1,0.63193345,False
16235,New Mexico,Air Force,New Mexico,True,8,2024-10-12,1,0.79578346,True
16236,N Texas,Florida Atlantic,N Texas,True,8,2024-10-12,1,0.58529925,True
16237,Bowling Green,N Illinois,N Illinois,False,8,2024-10-12,1,0.65184045,False
16238,Notre Dame,Stanford,Notre Dame,True,8,2024-10-12,0,0.43832585,False
16239,C Michigan,Ohio,Ohio,False,8,2024-10-12,1,0.7758716,False
16240,Old Dominion,Georgia St,Old Dominion,True,8,2024-10-12,0,0.44155774,False
16241,Oregon,Ohio St,Oregon,True,8,2024-10-12,1,0.57278305,True
16242,USC,Penn St,Penn St,False,8,2024-10-12,1,0.69948494,False
16243,Pittsburgh,California,Pittsburgh,True,8,2024-10-12,1,0.5513977,True
16244,Rice,UTSA,Rice,True,8,2024-10-12,1,0.75915205,True
16245,Wyoming,San Diego St,San Diego St,False,8,2024-10-12,1,0.66572416,False
16246,NC State,Syracuse,Syracuse,False,8,2024-10-12,0,0.3855316,True
16247,Tennessee,Florida,Tennessee,True,8,2024-10-12,0,0.45008004,False
16248,Texas,Oklahoma,Texas,True,8,2024-10-12,1,0.8249704,True
16249,Arkansas St,Texas St,Texas St,False,8,2024-10-12,0,0.34452885,True
16250,Vanderbilt,Kentucky,Vanderbilt,True,8,2024-10-12,0,0.32877678,False
16251,Washington St,Fresno St,Washington St,True,8,2024-10-12,1,0.5733841,True
16252,Akron,W Michigan,W Michigan,False,8,2024-10-12,0,0.2694413,True
16253,Rutgers,Wisconsin,Wisconsin,False,8,2024-10-12,0,0.3629692,True
16254,Kennesaw St,Middle Tenn,Middle Tenn,False,9,2024-10-15,0,0.482334,True
16255,Louisiana Tech,New Mexico St,New Mexico St,False,9,2024-10-15,0,0.4677134,True
16256,S Alabama,Troy,S Alabama,True,9,2024-10-15,1,0.56029326,True
16257,UTEP,Florida Intl,UTEP,True,9,2024-10-16,0,0.38853934,False
16258,W Kentucky,Sam Houston,W Kentucky,True,9,2024-10-16,0,0.44066343,False
16259,Georgia St,Marshall,Marshall,False,9,2024-10-17,0,0.31787932,True
16260,Virginia Tech,Boston College,Virginia Tech,True,9,2024-10-17,1,0.7393185,True
16261,BYU,Oklahoma St,BYU,True,9,2024-10-18,1,0.54988074,True
16262,Florida St,Duke,Duke,False,9,2024-10-18,1,0.7041151,False
16263,Nevada,Fresno St,Fresno St,False,9,2024-10-18,0,0.3458571,True
16264,Purdue,Oregon,Oregon,False,9,2024-10-18,0,0.35034508,True
16265,Southern Miss,Arkansas St,Arkansas St,False,9,2024-10-19,1,0.84847933,False
16266,Army,E Carolina,Army,True,9,2024-10-19,1,0.7570478,True
16267,Texas Tech,Baylor,Baylor,False,9,2024-10-19,0,0.42600682,True
16268,Kent St,Bowling Green,Bowling Green,False,9,2024-10-19,1,0.76001024,False
16269,Arizona St,Cincinnati,Cincinnati,False,9,2024-10-19,0,0.48740113,True
16270,Virginia,Clemson,Clemson,False,9,2024-10-19,0,0.30907115,True
16271,Colorado,Arizona,Colorado,True,9,2024-10-19,0,0.41149715,False
16272,Air Force,Colorado St,Colorado St,False,9,2024-10-19,1,0.6693177,False
16273,E Michigan,C Michigan,E Michigan,True,9,2024-10-19,1,0.6273945,True
16274,Florida,Kentucky,Florida,True,9,2024-10-19,1,0.7158054,True
16275,Georgia,Texas,Georgia,True,9,2024-10-19,1,0.7623918,True
16276,J Madison,Georgia So,Georgia So,False,9,2024-10-19,1,0.688285,False
16277,Michigan,Illinois,Illinois,False,9,2024-10-19,0,0.33537763,True
16278,Nebraska,Indiana,Indiana,False,9,2024-10-19,0,0.4247465,True
16279,UCF,Iowa St,Iowa St,False,9,2024-10-19,0,0.21103166,True
16280,Houston,Kansas,Kansas,False,9,2024-10-19,0,0.39116827,True
16281,Kansas St,West Virginia,Kansas St,True,9,2024-10-19,0,0.32829493,False
16282,Louisiana,Coastal Car,Louisiana,True,9,2024-10-19,0,0.4899823,False
16283,LSU,Arkansas,LSU,True,9,2024-10-19,0,0.34541985,False
16284,USC,Maryland,Maryland,False,9,2024-10-19,0,0.37718067,True
16285,Memphis,N Texas,Memphis,True,9,2024-10-19,0,0.3731372,False
16286,Louisville,Miami,Miami,False,9,2024-10-19,1,0.8730124,False
16287,Ohio,Miami OH,Miami OH,False,9,2024-10-19,0,0.3348355,True
16288,Iowa,Michigan St,Michigan St,False,9,2024-10-19,0,0.41101542,True
16289,Auburn,Missouri,Missouri,False,9,2024-10-19,0,0.36033106,True
16290,Navy,Charlotte,Navy,True,9,2024-10-19,0,0.28091043,False
16291,UNLV,Oregon St,UNLV,True,9,2024-10-19,0,0.48088136,False
16292,Utah St,New Mexico,New Mexico,False,9,2024-10-19,1,0.54906857,False
16293,California,NC State,NC State,False,9,2024-10-19,1,0.5807061,False
16294,Georgia Tech,Notre Dame,Notre Dame,False,9,2024-10-19,0,0.23067276,True
16295,Old Dominion,Texas St,Old Dominion,True,9,2024-10-19,0,0.18919598,False
16296,Wyoming,San Jose St,San Jose St,False,9,2024-10-19,1,0.60073406,False
16297,Oklahoma,South Carolina,South Carolina,False,9,2024-10-19,0,0.29048598,True
16298,S Florida,UAB,S Florida,True,9,2024-10-19,0,0.40639794,False
16299,Stanford,SMU,SMU,False,9,2024-10-19,1,0.50607544,False
16300,Temple,Tulsa,Temple,True,9,2024-10-19,1,0.5137701,True
16301,Alabama,Tennessee,Tennessee,False,9,2024-10-19,1,0.8594991,False
16302,Mississippi St,Texas A&M,Texas A&M,False,9,2024-10-19,1,0.68775904,False
16303,TCU,Utah,TCU,True,9,2024-10-19,0,0.23535408,False
16304,UTSA,Florida Atlantic,UTSA,True,9,2024-10-19,1,0.5687333,True
16305,N Illinois,Toledo,Toledo,False,9,2024-10-19,0,0.44554684,True
16306,Tulane,Rice,Tulane,True,9,2024-10-19,0,0.48862526,False
16307,Rutgers,UCLA,UCLA,False,9,2024-10-19,1,0.5357053,False
16308,Ball St,Vanderbilt,Vanderbilt,False,9,2024-10-19,0,0.39020076,True
16309,Wake Forest,UConn,Wake Forest,True,9,2024-10-19,0,0.37715963,False
16310,Washington St,Hawai'i,Washington St,True,9,2024-10-19,0,0.3418952,False
16311,Buffalo,W Michigan,W Michigan,False,9,2024-10-19,1,0.63207316,False
16312,Northwestern,Wisconsin,Wisconsin,False,9,2024-10-19,0,0.25338027,True
16313,UTEP,Louisiana Tech,Louisiana Tech,False,10,2024-10-22,1,0.6124708,False
16314,Sam Houston,Florida Intl,Sam Houston,True,10,2024-10-22,0,0.47967312,False
16315,Middle Tenn,Jacksonville St,Jacksonville St,False,10,2024-10-23,1,0.73778784,False
16316,Liberty,Kennesaw St,Kennesaw St,False,10,2024-10-23,1,0.8627144,False
16317,Old Dominion,Georgia So,Old Dominion,True,10,2024-10-24,0,0.4522071,False
16318,Pittsburgh,Syracuse,Pittsburgh,True,10,2024-10-24,0,0.45489323,False
16319,Boise St,UNLV,Boise St,True,10,2024-10-25,1,0.7115814,True
16320,Boston College,Louisville,Louisville,False,10,2024-10-25,1,0.7656047,False
16321,USC,Rutgers,USC,True,10,2024-10-25,1,0.5019055,True
16322,E Michigan,Akron,Akron,False,10,2024-10-26,1,0.6012661,False
16323,Alabama,Missouri,Alabama,True,10,2024-10-26,1,0.5552025,True
16324,App State,Georgia St,App State,True,10,2024-10-26,0,0.2746292,False
16325,Arkansas,Mississippi St,Arkansas,True,10,2024-10-26,0,0.4124247,False
16326,Arkansas St,Troy,Arkansas St,True,10,2024-10-26,0,0.3974706,False
16327,Auburn,Kentucky,Auburn,True,10,2024-10-26,1,0.54317254,True
16328,Ball St,N Illinois,Ball St,True,10,2024-10-26,0,0.30969498,False
16329,Baylor,Oklahoma St,Baylor,True,10,2024-10-26,1,0.5972834,True
16330,Bowling Green,Toledo,Bowling Green,True,10,2024-10-26,0,0.49654528,False
16331,BYU,UCF,BYU,True,10,2024-10-26,1,0.5214529,True
16332,California,Oregon St,California,True,10,2024-10-26,1,0.60753,True
16333,Colorado,Cincinnati,Colorado,True,10,2024-10-26,0,0.4442859,False
16334,New Mexico,Colorado St,Colorado St,False,10,2024-10-26,1,0.6476597,False
16335,Rice,UConn,UConn,False,10,2024-10-26,1,0.7848395,False
16336,E Carolina,Temple,E Carolina,True,10,2024-10-26,1,0.67560303,True
16337,San Jose St,Fresno St,Fresno St,False,10,2024-10-26,0,0.24136156,True
16338,Houston,Utah,Houston,True,10,2024-10-26,1,0.5108748,True
16339,Indiana,Washington,Indiana,True,10,2024-10-26,0,0.24830608,False
16340,Northwestern,Iowa,Iowa,False,10,2024-10-26,0,0.3278626,True
16341,Southern Miss,J Madison,J Madison,False,10,2024-10-26,0,0.408085,True
16342,Kansas St,Kansas,Kansas St,True,10,2024-10-26,1,0.58050334,True
16344,Memphis,Charlotte,Memphis,True,10,2024-10-26,0,0.34548712,False
16345,Florida St,Miami,Miami,False,10,2024-10-26,1,0.857405,False
16346,C Michigan,Miami OH,Miami OH,False,10,2024-10-26,0,0.40943047,True
16347,Michigan,Michigan St,Michigan,True,10,2024-10-26,0,0.40715802,False
16348,Maryland,Minnesota,Minnesota,False,10,2024-10-26,0,0.22750041,True
16349,Mississippi,Oklahoma,Mississippi,True,10,2024-10-26,0,0.38643646,False
16350,North Carolina,Virginia,North Carolina,True,10,2024-10-26,1,0.5566705,True
16351,Notre Dame,Navy,Notre Dame,True,10,2024-10-26,1,0.7561398,True
16352,Buffalo,Ohio,Ohio,False,10,2024-10-26,0,0.2847582,True
16353,Ohio St,Nebraska,Ohio St,True,10,2024-10-26,0,0.27492893,False
16354,Oregon,Illinois,Oregon,True,10,2024-10-26,0,0.39447454,False
16355,Wisconsin,Penn St,Penn St,False,10,2024-10-26,1,0.6607528,False
16356,S Alabama,UL Monroe,S Alabama,True,10,2024-10-26,1,0.5748926,True
16357,Duke,SMU,SMU,False,10,2024-10-26,0,0.43073368,True
16358,Vanderbilt,Texas,Texas,False,10,2024-10-26,1,0.6054452,False
16359,LSU,Texas A&M,Texas A&M,False,10,2024-10-26,1,0.5624575,False
16360,Texas Tech,TCU,TCU,False,10,2024-10-26,0,0.34893686,True
16361,N Texas,Tulane,Tulane,False,10,2024-10-26,0,0.35588053,True
16362,UTSA,Tulsa,Tulsa,False,10,2024-10-26,1,0.64868486,False
16363,Utah St,Wyoming,Utah St,True,10,2024-10-26,1,0.5470851,True
16364,Georgia Tech,Virginia Tech,Virginia Tech,False,10,2024-10-26,1,0.52107066,False
16365,Stanford,Wake Forest,Wake Forest,False,10,2024-10-26,0,0.27474335,True
16366,San Diego St,Washington St,Washington St,False,10,2024-10-26,1,0.7996997,False
16367,West Virginia,Arizona,West Virginia,True,10,2024-10-26,1,0.60703826,True
16368,Kent St,W Michigan,W Michigan,False,10,2024-10-26,0,0.4599991,True
16369,Hawai'i,Nevada,Hawai'i,True,10,2024-10-27,1,0.61271995,True
16370,New Mexico St,Florida Intl,Florida Intl,False,11,2024-10-29,1,0.61793953,False
16371,Louisiana,Texas St,Louisiana,True,11,2024-10-29,0,0.2244117,False
16372,Louisiana Tech,Sam Houston,Sam Houston,False,11,2024-10-29,1,0.5000052,False
16373,Liberty,Jacksonville St,Jacksonville St,False,11,2024-10-30,1,0.7587181,False
16374,W Kentucky,Kennesaw St,W Kentucky,True,11,2024-10-30,0,0.21659602,False
16375,Charlotte,Tulane,Tulane,False,11,2024-10-31,1,0.6779241,False
16376,Boise St,San Diego St,Boise St,True,11,2024-11-01,0,0.3186102,False
16377,UConn,Georgia St,UConn,True,11,2024-11-01,0,0.3314503,False
16378,Florida Atlantic,S Florida,S Florida,False,11,2024-11-01,0,0.44419554,True
16379,UAB,Tulsa,UAB,True,11,2024-11-02,0,0.48629004,False
16380,App State,Old Dominion,App State,True,11,2024-11-02,0,0.44133574,False
16381,Arizona St,Oklahoma St,Arizona St,True,11,2024-11-02,0,0.48454377,False
16382,Army,Air Force,Army,True,11,2024-11-02,1,0.5501427,True
16383,Baylor,TCU,Baylor,True,11,2024-11-02,0,0.46890545,False
16384,Akron,Buffalo,Buffalo,False,11,2024-11-02,1,0.5790282,False
16385,UCF,Arizona,UCF,True,11,2024-11-02,1,0.561691,True
16386,Colorado St,Nevada,Colorado St,True,11,2024-11-02,0,0.4059618,False
16387,Georgia,Florida,Georgia,True,11,2024-11-02,1,0.5625679,True
16388,S Alabama,Georgia So,Georgia So,False,11,2024-11-02,1,0.62428486,False
16389,Hawai'i,Fresno St,Hawai'i,True,11,2024-11-02,0,0.4437952,False
16390,Kansas St,Houston,Houston,False,11,2024-11-02,1,0.5363795,False
16391,Indiana,Michigan St,Indiana,True,11,2024-11-02,0,0.36876237,False
16392,Iowa,Wisconsin,Iowa,True,11,2024-11-02,0,0.26608935,False
16393,Clemson,Louisville,Louisville,False,11,2024-11-02,1,0.7238457,False
16394,UL Monroe,Marshall,Marshall,False,11,2024-11-02,0,0.31143644,True
16395,Duke,Miami,Miami,False,11,2024-11-02,1,0.78485346,False
16396,UTEP,Middle Tenn,Middle Tenn,False,11,2024-11-02,1,0.8065871,False
16397,Illinois,Minnesota,Minnesota,False,11,2024-11-02,0,0.20995274,True
16398,Mississippi,Arkansas,Mississippi,True,11,2024-11-02,0,0.25323257,False
16399,UMass,Mississippi St,Mississippi St,False,11,2024-11-02,1,0.72820705,False
16400,Florida St,North Carolina,North Carolina,False,11,2024-11-02,1,0.66993433,False
16401,NC State,Stanford,NC State,True,11,2024-11-02,0,0.42902648,False
16402,Northwestern,Purdue,Northwestern,True,11,2024-11-02,0,0.43427378,False
16403,Penn St,Ohio St,Ohio St,False,11,2024-11-02,1,0.5192777,False
16405,Michigan,Oregon,Oregon,False,11,2024-11-02,0,0.4602826,True
16406,Navy,Rice,Rice,False,11,2024-11-02,0,0.47726825,True
16407,South Carolina,Texas A&M,South Carolina,True,11,2024-11-02,1,0.75195324,True
16408,SMU,Pittsburgh,SMU,True,11,2024-11-02,0,0.45107454,False
16409,Virginia Tech,Syracuse,Syracuse,False,11,2024-11-02,0,0.3525387,True
16410,Tennessee,Kentucky,Tennessee,True,11,2024-11-02,0,0.48286772,False
16411,Texas Tech,Iowa St,Texas Tech,True,11,2024-11-02,0,0.2882571,False
16412,Memphis,UTSA,UTSA,False,11,2024-11-02,1,0.62186813,False
16413,Toledo,E Michigan,Toledo,True,11,2024-11-02,1,0.56933594,True
16414,Troy,Coastal Car,Troy,True,11,2024-11-02,0,0.49706334,False
16415,Nebraska,UCLA,UCLA,False,11,2024-11-02,0,0.3934463,True
16416,Vanderbilt,Auburn,Vanderbilt,True,11,2024-11-02,0,0.48895535,False
16417,Washington,USC,Washington,True,11,2024-11-02,1,0.56539774,True
16418,Wyoming,New Mexico,Wyoming,True,11,2024-11-02,1,0.8607678,True
16419,C Michigan,Bowling Green,Bowling Green,False,12,2024-11-05,0,0.49122742,True
16420,Ball St,Miami OH,Miami OH,False,12,2024-11-05,0,0.18606387,True
16421,N Illinois,W Michigan,N Illinois,True,12,2024-11-06,1,0.54526585,True
16422,Kent St,Ohio,Ohio,False,12,2024-11-06,0,0.2350084,True
16423,App State,Coastal Car,Coastal Car,False,12,2024-11-07,0,0.4663424,True
16424,Florida Atlantic,E Carolina,E Carolina,False,12,2024-11-07,1,0.6231595,False
16425,California,Wake Forest,California,True,12,2024-11-08,1,0.648505,True
16426,Rice,Memphis,Memphis,False,12,2024-11-08,1,0.59066516,False
16427,New Mexico,San Diego St,New Mexico,True,12,2024-11-08,1,0.6036209,True
16428,UCLA,Iowa,UCLA,True,12,2024-11-08,1,0.5046416,True
16429,Fresno St,Air Force,Air Force,False,12,2024-11-09,0,0.36011836,True
16430,Alabama,LSU,Alabama,True,12,2024-11-09,1,0.8022414,True
16431,Arizona St,UCF,Arizona St,True,12,2024-11-09,1,0.63245547,True
16432,Army,N Texas,Army,True,12,2024-11-09,0,0.25555363,False
16433,Nevada,Boise St,Boise St,False,12,2024-11-09,1,0.6709817,False
16434,Boston College,Syracuse,Boston College,True,12,2024-11-09,1,0.5875318,True
16435,BYU,Utah,BYU,True,12,2024-11-09,0,0.33930838,False
16436,Virginia Tech,Clemson,Clemson,False,12,2024-11-09,1,0.5086329,False
16437,Colorado,Texas Tech,Colorado,True,12,2024-11-09,0,0.31784758,False
16438,UAB,UConn,UConn,False,12,2024-11-09,0,0.49769273,True
16439,Duke,NC State,Duke,True,12,2024-11-09,1,0.6490192,True
16440,Georgia Tech,Miami,Georgia Tech,True,12,2024-11-09,1,0.6733583,True
16441,Indiana,Michigan,Indiana,True,12,2024-11-09,1,0.5303815,True
16442,Louisiana Tech,Jacksonville St,Jacksonville St,False,12,2024-11-09,1,0.64781725,False
16443,J Madison,Georgia St,J Madison,True,12,2024-11-09,0,0.17470944,False
16444,Iowa St,Kansas,Kansas,False,12,2024-11-09,0,0.28136122,True
16445,Liberty,Middle Tenn,Liberty,True,12,2024-11-09,1,0.79207355,True
16446,Louisiana,Arkansas St,Louisiana,True,12,2024-11-09,0,0.2397594,False
16447,Southern Miss,Marshall,Marshall,False,12,2024-11-09,0,0.25730368,True
16448,Georgia,Mississippi,Mississippi,False,12,2024-11-09,1,0.5905278,False
16449,Oklahoma,Missouri,Missouri,False,12,2024-11-09,1,0.5667291,False
16450,Navy,S Florida,Navy,True,12,2024-11-09,0,0.44190684,False
16451,UNLV,Hawai'i,UNLV,True,12,2024-11-09,1,0.55181056,True
16452,Florida St,Notre Dame,Notre Dame,False,12,2024-11-09,1,0.5135451,False
16453,Purdue,Ohio St,Ohio St,False,12,2024-11-09,1,0.680096,False
16454,Oregon,Maryland,Oregon,True,12,2024-11-09,0,0.46713933,False
16455,Penn St,Washington,Penn St,True,12,2024-11-09,1,0.50623614,True
16456,Minnesota,Rutgers,Rutgers,False,12,2024-11-09,0,0.4328968,True
16457,Oregon St,San Jose St,San Jose St,False,12,2024-11-09,1,0.7101668,False
16458,South Carolina,Vanderbilt,South Carolina,True,12,2024-11-09,1,0.65892684,True
16459,Mississippi St,Tennessee,Tennessee,False,12,2024-11-09,1,0.7825896,False
16460,Texas,Florida,Texas,True,12,2024-11-09,0,0.25909737,False
16461,Oklahoma St,TCU,TCU,False,12,2024-11-09,0,0.47501242,True
16462,UL Monroe,Texas St,Texas St,False,12,2024-11-09,0,0.27006945,True
16463,UTEP,Kennesaw St,UTEP,True,12,2024-11-09,0,0.4343114,False
16464,Tulane,Temple,Tulane,True,12,2024-11-09,1,0.738985,True
16465,Virginia,Pittsburgh,Virginia,True,12,2024-11-09,0,0.41116044,False
16466,Washington St,Utah St,Washington St,True,12,2024-11-09,0,0.37761414,False
16467,West Virginia,Cincinnati,West Virginia,True,12,2024-11-09,1,0.54182214,True
16468,W Kentucky,New Mexico St,W Kentucky,True,12,2024-11-09,0,0.21139339,False
16469,Bowling Green,W Michigan,Bowling Green,True,13,2024-11-12,0,0.42403093,False
16470,Ball St,Buffalo,Buffalo,False,13,2024-11-12,0,0.35573974,True
16471,Toledo,C Michigan,Toledo,True,13,2024-11-12,1,0.562006,True
16472,Kent St,Miami OH,Miami OH,False,13,2024-11-13,0,0.2945145,True
16473,Akron,N Illinois,N Illinois,False,13,2024-11-13,0,0.31007454,True
16474,E Michigan,Ohio,Ohio,False,13,2024-11-13,0,0.49051183,True
16475,Tulsa,E Carolina,E Carolina,False,13,2024-11-14,1,0.615549,False
16476,Houston,Arizona,Arizona,False,13,2024-11-15,0,0.41588745,True
16477,Colorado St,Wyoming,Colorado St,True,13,2024-11-15,1,0.63872945,True
16478,UTSA,N Texas,UTSA,True,13,2024-11-15,0,0.21498632,False
16479,Washington,UCLA,Washington,True,13,2024-11-15,1,0.70714533,True
16480,Air Force,Oregon St,Air Force,True,13,2024-11-16,0,0.4082511,False
16482,Kansas St,Arizona St,Arizona St,False,13,2024-11-16,1,0.57156456,False
16483,Arkansas St,Georgia St,Arkansas St,True,13,2024-11-16,0,0.28716728,False
16484,UL Monroe,Auburn,Auburn,False,13,2024-11-16,1,0.51741785,False
16485,West Virginia,Baylor,Baylor,False,13,2024-11-16,1,0.5181626,False
16486,Boise St,San Jose St,Boise St,True,13,2024-11-16,1,0.75328666,True
16487,Pittsburgh,Clemson,Clemson,False,13,2024-11-16,1,0.6056685,False
16488,Utah,Colorado,Colorado,False,13,2024-11-16,1,0.5233655,False
16489,Florida,LSU,Florida,True,13,2024-11-16,1,0.94176763,True
16490,Georgia,Tennessee,Georgia,True,13,2024-11-16,1,0.79483235,True
16491,Michigan St,Illinois,Illinois,False,13,2024-11-16,1,0.50083137,False
16492,Iowa St,Cincinnati,Iowa St,True,13,2024-11-16,0,0.42119402,False
16493,Jacksonville St,Florida Intl,Jacksonville St,True,13,2024-11-16,1,0.5814497,True
16494,Old Dominion,J Madison,J Madison,False,13,2024-11-16,0,0.3234163,True
16495,BYU,Kansas,Kansas,False,13,2024-11-16,0,0.42109874,True
16497,Liberty,UMass,Liberty,True,13,2024-11-16,1,0.55306655,True
16498,W Kentucky,Louisiana Tech,Louisiana Tech,False,13,2024-11-16,0,0.31378782,True
16499,Coastal Car,Marshall,Marshall,False,13,2024-11-16,0,0.35043266,True
16500,UAB,Memphis,Memphis,False,13,2024-11-16,0,0.42298222,True
16501,UNLV,San Diego St,UNLV,True,13,2024-11-16,0,0.36504945,False
16502,New Mexico,Washington St,New Mexico,True,13,2024-11-16,1,0.80170286,True
16503,North Carolina,Wake Forest,North Carolina,True,13,2024-11-16,0,0.47772977,False
16504,Notre Dame,Virginia,Notre Dame,True,13,2024-11-16,0,0.49260378,False
16505,Northwestern,Ohio St,Ohio St,False,13,2024-11-16,1,0.8628055,False
16506,Wisconsin,Oregon,Oregon,False,13,2024-11-16,0,0.47033435,True
16507,Penn St,Purdue,Penn St,True,13,2024-11-16,1,0.5711875,True
16508,Rutgers,Maryland,Rutgers,True,13,2024-11-16,1,0.5698515,True
16509,Sam Houston,Kennesaw St,Sam Houston,True,13,2024-11-16,1,0.6084769,True
16510,Louisiana,S Alabama,S Alabama,False,13,2024-11-16,0,0.30644146,True
16511,Missouri,South Carolina,South Carolina,False,13,2024-11-16,1,0.85400224,False
16512,S Florida,Charlotte,S Florida,True,13,2024-11-16,0,0.43051124,False
16513,Nebraska,USC,USC,False,13,2024-11-16,1,0.6618738,False
16514,Boston College,SMU,SMU,False,13,2024-11-16,1,0.5116657,False
16515,Louisville,Stanford,Stanford,False,13,2024-11-16,0,0.31189707,True
16516,California,Syracuse,Syracuse,False,13,2024-11-16,0,0.485778,True
16517,Temple,Florida Atlantic,Temple,True,13,2024-11-16,1,0.6516346,True
16518,Texas,Arkansas,Texas,True,13,2024-11-16,0,0.35883915,False
16519,Texas A&M,New Mexico St,Texas A&M,True,13,2024-11-16,0,0.3074791,False
16520,Texas St,Southern Miss,Texas St,True,13,2024-11-16,0,0.4544343,False
16521,Georgia So,Troy,Troy,False,13,2024-11-16,0,0.4886552,True
16522,Navy,Tulane,Tulane,False,13,2024-11-16,0,0.45467046,True
16523,Hawai'i,Utah St,Utah St,False,13,2024-11-16,0,0.47525132,True
16524,Akron,Kent St,Akron,True,14,2024-11-19,1,0.6074959,True
16525,C Michigan,W Michigan,C Michigan,True,14,2024-11-19,1,0.5215219,True
16526,N Illinois,Miami OH,Miami OH,False,14,2024-11-19,1,0.64199746,False
16527,E Michigan,Buffalo,Buffalo,False,14,2024-11-20,1,0.5238579,False
16528,Ohio,Toledo,Ohio,True,14,2024-11-20,1,0.61562854,True
16529,Georgia Tech,NC State,Georgia Tech,True,14,2024-11-21,1,0.60185164,True
16530,Purdue,Michigan St,Michigan St,False,14,2024-11-22,0,0.3273989,True
16531,San Jose St,UNLV,UNLV,False,14,2024-11-22,1,0.59592414,False
16532,Temple,UTSA,UTSA,False,14,2024-11-22,0,0.3546269,True
16533,Nevada,Air Force,Air Force,False,14,2024-11-23,0,0.24181974,True
16534,Rice,UAB,UAB,False,14,2024-11-23,1,0.741583,False
16535,J Madison,App State,App State,False,14,2024-11-23,1,0.6536119,False
16536,Arizona St,BYU,Arizona St,True,14,2024-11-23,0,0.4457279,False
16537,Arkansas,Louisiana Tech,Arkansas,True,14,2024-11-23,0,0.40191785,False
16538,Arkansas St,UL Monroe,Arkansas St,True,14,2024-11-23,0,0.48475188,False
16539,Auburn,Texas A&M,Auburn,True,14,2024-11-23,1,0.6070622,True
16540,Baylor,Houston,Baylor,True,14,2024-11-23,0,0.1820878,False
16541,Wyoming,Boise St,Boise St,False,14,2024-11-23,1,0.7682986,False
16542,North Carolina,Boston College,Boston College,False,14,2024-11-23,1,0.79016006,False
16543,Ball St,Bowling Green,Bowling Green,False,14,2024-11-23,0,0.15158546,True
16544,California,Stanford,California,True,14,2024-11-23,1,0.57479787,True
16545,Florida Atlantic,Charlotte,Charlotte,False,14,2024-11-23,0,0.37062642,True
16547,Virginia Tech,Duke,Duke,False,14,2024-11-23,0,0.43419763,True
16548,N Texas,E Carolina,E Carolina,False,14,2024-11-23,1,0.5415839,False
16549,Mississippi,Florida,Florida,False,14,2024-11-23,0,0.43303588,True
16551,Colorado St,Fresno St,Fresno St,False,14,2024-11-23,1,0.5228486,False
16552,Georgia,UMass,Georgia,True,14,2024-11-23,0,0.25194865,False
16553,Coastal Car,Georgia So,Georgia So,False,14,2024-11-23,0,0.43560022,True
16554,Texas St,Georgia St,Georgia St,False,14,2024-11-23,1,0.67946166,False
16555,Rutgers,Illinois,Illinois,False,14,2024-11-23,0,0.45856273,True
16556,Iowa,Maryland,Iowa,True,14,2024-11-23,0,0.45771357,False
16557,Utah,Iowa St,Iowa St,False,14,2024-11-23,0,0.28221023,True
16558,Jacksonville St,Sam Houston,Jacksonville St,True,14,2024-11-23,0,0.38357186,False
16559,Colorado,Kansas,Kansas,False,14,2024-11-23,0,0.44720572,True
16560,Cincinnati,Kansas St,Kansas St,False,14,2024-11-23,0,0.4015561,True
16561,Kennesaw St,Florida Intl,Kennesaw St,True,14,2024-11-23,1,0.54690397,True
16562,W Kentucky,Liberty,Liberty,False,14,2024-11-23,0,0.3432752,True
16563,Troy,Louisiana,Louisiana,False,14,2024-11-23,1,0.52773374,False
16564,LSU,Vanderbilt,LSU,True,14,2024-11-23,1,0.61580145,True
16565,Pittsburgh,Louisville,Louisville,False,14,2024-11-23,1,0.51760733,False
16566,Marshall,Old Dominion,Marshall,True,14,2024-11-23,1,0.52111876,True
16567,Wake Forest,Miami,Miami,False,14,2024-11-23,0,0.29550236,True
16568,Northwestern,Michigan,Michigan,False,14,2024-11-23,0,0.3829603,True
16569,Missouri,Mississippi St,Missouri,True,14,2024-11-23,1,0.5713743,True
16570,Nebraska,Wisconsin,Nebraska,True,14,2024-11-23,0,0.4489577,False
16571,New Mexico St,Middle Tenn,New Mexico St,True,14,2024-11-23,1,0.5966017,True
16572,Notre Dame,Army,Notre Dame,True,14,2024-11-23,1,0.8336181,True
16573,Indiana,Ohio St,Ohio St,False,14,2024-11-23,0,0.48382282,True
16574,Oklahoma,Alabama,Oklahoma,True,14,2024-11-23,1,0.9310745,True
16575,Washington St,Oregon St,Oregon St,False,14,2024-11-23,1,0.5118338,False
16576,Minnesota,Penn St,Penn St,False,14,2024-11-23,1,0.520163,False
16577,Southern Miss,S Alabama,S Alabama,False,14,2024-11-23,0,0.28468484,True
16579,S Florida,Tulsa,S Florida,True,14,2024-11-23,0,0.4712652,False
16580,UCLA,USC,USC,False,14,2024-11-23,1,0.59648097,False
16581,SMU,Virginia,SMU,True,14,2024-11-23,1,0.51225257,True
16582,Syracuse,UConn,Syracuse,True,14,2024-11-23,0,0.46623862,False
16583,UTEP,Tennessee,Tennessee,False,14,2024-11-23,1,0.8573507,False
16584,Texas,Kentucky,Texas,True,14,2024-11-23,0,0.36595473,False
16585,Arizona,TCU,TCU,False,14,2024-11-23,1,0.5214277,False
16586,Texas Tech,Oklahoma St,Texas Tech,True,14,2024-11-23,0,0.3680059,False
16587,San Diego St,Utah St,Utah St,False,14,2024-11-23,0,0.49550405,True
16588,UCF,West Virginia,West Virginia,False,14,2024-11-23,1,0.55242103,False
16589,Akron,Toledo,Akron,True,15,2024-11-26,1,0.6692375,True
16590,Kent St,Buffalo,Buffalo,False,15,2024-11-26,0,0.36777508,True
16591,Tulane,Memphis,Memphis,False,15,2024-11-28,1,0.59769565,False
16592,Oregon St,Boise St,Boise St,False,15,2024-11-29,0,0.44279453,True
16593,Colorado,Oklahoma St,Colorado,True,15,2024-11-29,1,0.57698107,True
16594,Colorado St,Utah St,Colorado St,True,15,2024-11-29,0,0.4438263,False
16595,Georgia Tech,Georgia,Georgia,False,15,2024-11-29,1,0.81369036,False
16596,Iowa,Nebraska,Iowa,True,15,2024-11-29,0,0.39089653,False
16597,Bowling Green,Miami OH,Miami OH,False,15,2024-11-29,0,0.49668476,True
16598,Wisconsin,Minnesota,Minnesota,False,15,2024-11-29,0,0.42277575,True
16599,Mississippi,Mississippi St,Mississippi,True,15,2024-11-29,0,0.18345626,False
16600,E Carolina,Navy,Navy,False,15,2024-11-29,0,0.35971886,True
16601,Ohio,Ball St,Ohio,True,15,2024-11-29,1,0.6393803,True
16602,Sam Houston,Liberty,Sam Houston,True,15,2024-11-29,0,0.3231809,False
16603,San Jose St,Stanford,San Jose St,True,15,2024-11-29,0,0.40946501,False
16604,Texas St,S Alabama,Texas St,True,15,2024-11-29,1,0.5599545,True
16605,UCF,Utah,Utah,False,15,2024-11-29,1,0.5581273,False
16606,San Diego St,Air Force,Air Force,False,15,2024-11-30,1,0.5141517,False
16607,Auburn,Alabama,Alabama,False,15,2024-11-30,1,0.7590221,False
16608,Arizona St,Arizona,Arizona St,True,15,2024-11-30,1,0.5848662,True
16609,Army,UTSA,Army,True,15,2024-11-30,0,0.316867,False
16610,Baylor,Kansas,Baylor,True,15,2024-11-30,0,0.36315683,False
16611,Pittsburgh,Boston College,Boston College,False,15,2024-11-30,1,0.7971987,False
16612,BYU,Houston,BYU,True,15,2024-11-30,0,0.31195688,False
16613,Charlotte,UAB,Charlotte,True,15,2024-11-30,0,0.4885926,False
16614,Georgia St,Coastal Car,Coastal Car,False,15,2024-11-30,0,0.30407465,True
16615,UMass,UConn,UConn,False,15,2024-11-30,0,0.30409288,True
16616,Duke,Wake Forest,Duke,True,15,2024-11-30,0,0.49636868,False
16617,Florida,Florida St,Florida,True,15,2024-11-30,0,0.40505883,False
16618,Tulsa,Florida Atlantic,Florida Atlantic,False,15,2024-11-30,1,0.61049557,False
16619,Florida Intl,Middle Tenn,Florida Intl,True,15,2024-11-30,1,0.5882923,True
16620,Georgia So,App State,Georgia So,True,15,2024-11-30,1,0.6511576,True
16621,Hawai'i,New Mexico,Hawai'i,True,15,2024-11-30,1,0.84602803,True
16622,Illinois,Northwestern,Illinois,True,15,2024-11-30,0,0.34486192,False
16623,Purdue,Indiana,Indiana,False,15,2024-11-30,1,0.6180006,False
16624,Iowa St,Kansas St,Iowa St,True,15,2024-11-30,1,0.53254414,True
16625,Louisiana,UL Monroe,Louisiana,True,15,2024-11-30,1,0.6793307,True
16626,Oklahoma,LSU,LSU,False,15,2024-11-30,1,0.67629826,False
16627,Louisiana Tech,Kennesaw St,Louisiana Tech,True,15,2024-11-30,0,0.41339597,False
16628,Kentucky,Louisville,Louisville,False,15,2024-11-30,0,0.46755186,True
16629,Marshall,J Madison,Marshall,True,15,2024-11-30,0,0.1964218,False
16630,Michigan,Ohio St,Michigan,True,15,2024-11-30,1,0.9183919,True
16631,Missouri,Arkansas,Missouri,True,15,2024-11-30,0,0.4976262,False
16632,UNLV,Nevada,UNLV,True,15,2024-11-30,0,0.4323358,False
16633,NC State,North Carolina,NC State,True,15,2024-11-30,1,0.63412416,True
16634,Temple,N Texas,N Texas,False,15,2024-11-30,0,0.30466303,True
16635,C Michigan,N Illinois,N Illinois,False,15,2024-11-30,0,0.2665558,True
16636,Notre Dame,USC,Notre Dame,True,15,2024-11-30,0,0.4498658,False
16637,Old Dominion,Arkansas St,Old Dominion,True,15,2024-11-30,1,0.62132156,True
16638,Washington,Oregon,Oregon,False,15,2024-11-30,0,0.3189373,True
16639,Penn St,Maryland,Penn St,True,15,2024-11-30,0,0.4994643,False
16640,Rice,S Florida,Rice,True,15,2024-11-30,0,0.3542088,False
16641,Rutgers,Michigan St,Rutgers,True,15,2024-11-30,0,0.45986596,False
16642,Clemson,South Carolina,South Carolina,False,15,2024-11-30,1,0.91813004,False
16643,California,SMU,SMU,False,15,2024-11-30,0,0.28642106,True
16644,Syracuse,Miami,Syracuse,True,15,2024-11-30,0,0.41886124,False
16645,Tennessee,Vanderbilt,Tennessee,True,15,2024-11-30,1,0.6595694,True
16646,Texas,Texas A&M,Texas,True,15,2024-11-30,1,0.81676906,True
16647,TCU,Cincinnati,TCU,True,15,2024-11-30,0,0.34329,False
16648,West Virginia,Texas Tech,Texas Tech,False,15,2024-11-30,1,0.56973326,False
16649,New Mexico St,UTEP,UTEP,False,15,2024-11-30,1,0.5863614,False
16650,Southern Miss,Troy,Troy,False,15,2024-11-30,0,0.23462832,True
16651,Fresno St,UCLA,UCLA,False,15,2024-11-30,0,0.33552977,True
16652,Virginia Tech,Virginia,Virginia Tech,True,15,2024-11-30,0,0.40818182,False
16653,W Kentucky,Jacksonville St,W Kentucky,True,15,2024-11-30,0,0.34314153,False
16654,E Michigan,W Michigan,W Michigan,False,15,2024-11-30,0,0.4629769,True
16655,Wyoming,Washington St,Wyoming,True,15,2024-11-30,1,0.5298177,True
16656,Tulane,Army,Army,False,16,2024-12-06,1,0.7815517,False
16657,UNLV,Boise St,Boise St,False,16,2024-12-06,1,0.71015865,False
16658,Jacksonville St,W Kentucky,Jacksonville St,True,16,2024-12-06,1,0.6454422,True
16659,Arizona St,Iowa St,Arizona St,True,16,2024-12-07,0,0.33868086,False
16660,SMU,Clemson,Clemson,False,16,2024-12-07,0,0.49788114,True
16661,Georgia,Texas,Georgia,True,16,2024-12-07,1,0.7780943,True
16662,Louisiana,Marshall,Marshall,False,16,2024-12-07,0,0.44167846,True
16663,Miami OH,Ohio,Ohio,False,16,2024-12-07,0,0.49874443,True
16664,Penn St,Oregon,Oregon,False,16,2024-12-07,0,0.26757896,True
16665,Army,Navy,Navy,False,17,2024-12-14,1,0.5024464,False
16666,S Alabama,W Michigan,S Alabama,True,17,2024-12-14,1,0.53619945,True
16667,Memphis,West Virginia,Memphis,True,18,2024-12-17,1,0.5893144,True
16668,J Madison,W Kentucky,J Madison,True,18,2024-12-18,1,0.62985325,True
16669,UNLV,California,UNLV,True,18,2024-12-18,1,0.684526,True
16670,Sam Houston,Georgia So,Sam Houston,True,18,2024-12-19,0,0.4106043,False
16671,Tulane,Florida,Florida,False,18,2024-12-20,1,0.81655467,False
16672,Indiana,Notre Dame,Notre Dame,False,18,2024-12-20,0,0.3239723,True
16673,Ohio,Jacksonville St,Ohio,True,18,2024-12-20,1,0.6451338,True
16674,Tennessee,Ohio St,Ohio St,False,18,2024-12-21,1,0.81676507,False
16675,Penn St,SMU,Penn St,True,18,2024-12-21,1,0.7653585,True
16676,Clemson,Texas,Texas,False,18,2024-12-21,1,0.82969207,False
16677,N Illinois,Fresno St,N Illinois,True,18,2024-12-23,1,0.7288371,True
16678,UTSA,Coastal Car,UTSA,True,18,2024-12-23,1,0.52850837,True
16679,S Florida,San Jose St,S Florida,True,19,2024-12-24,0,0.40178627,False
16680,Bowling Green,Arkansas St,Arkansas St,False,19,2024-12-26,1,0.56343555,False
16681,Kansas St,Rutgers,Kansas St,True,19,2024-12-26,1,0.7289024,True
16682,Toledo,Pittsburgh,Toledo,True,19,2024-12-26,1,0.6418585,True
16683,Arkansas,Texas Tech,Arkansas,True,19,2024-12-27,0,0.31408182,False
16684,Oklahoma,Navy,Navy,False,19,2024-12-27,0,0.4860578,True
16685,USC,Texas A&M,USC,True,19,2024-12-27,1,0.76592857,True
16686,Syracuse,Washington St,Syracuse,True,19,2024-12-27,0,0.44869885,False
16687,Georgia Tech,Vanderbilt,Vanderbilt,False,19,2024-12-27,1,0.74127734,False
16688,Army,Louisiana Tech,Army,True,19,2024-12-28,0,0.46639445,False
16689,Colorado,BYU,BYU,False,19,2024-12-28,0,0.2805497,True
16690,North Carolina,UConn,UConn,False,19,2024-12-28,1,0.5831259,False
16691,E Carolina,NC State,E Carolina,True,19,2024-12-28,0,0.49733847,False
16692,Iowa St,Miami,Iowa St,True,19,2024-12-28,0,0.4780191,False
16693,Miami OH,Colorado St,Miami OH,True,19,2024-12-28,1,0.50109863,True
16694,Nebraska,Boston College,Nebraska,True,19,2024-12-28,1,0.89121133,True
16695,Louisiana,TCU,TCU,False,19,2024-12-28,0,0.3212432,True
16696,Missouri,Iowa,Missouri,True,20,2024-12-30,1,0.51589423,True
16697,South Carolina,Illinois,Illinois,False,21,2024-12-31,1,0.5574077,False
16698,Baylor,LSU,LSU,False,21,2024-12-31,1,0.86941266,False
16699,Louisville,Washington,Louisville,True,21,2024-12-31,0,0.3272282,False
16700,Alabama,Michigan,Michigan,False,21,2024-12-31,1,0.5389449,False
16701,Boise St,Penn St,Penn St,False,21,2024-12-31,1,0.88485914,False
16702,Ohio St,Oregon,Ohio St,True,21,2025-01-01,0,0.118988335,False
16703,Texas,Arizona St,Texas,True,21,2025-01-01,1,0.730681,True
16704,Duke,Mississippi,Mississippi,False,21,2025-01-02,0,0.42678788,True
16705,Georgia,Notre Dame,Notre Dame,False,21,2025-01-02,1,0.6197136,False
16706,Minnesota,Virginia Tech,Minnesota,True,21,2025-01-03,0,0.38541797,False
16707,Texas St,N Texas,Texas St,True,21,2025-01-03,1,0.67129236,True
16708,Liberty,Buffalo,Buffalo,False,21,2025-01-04,1,0.6391603,False
16709,Penn St,Notre Dame,Notre Dame,False,22,2025-01-09,1,0.78040606,False
16710,Texas,Ohio St,Ohio St,False,22,2025-01-10,0,0.46853063,True
16711,Notre Dame,Ohio St,Ohio St,False,23,2025-01-20,0,0.46743098,True
