game_idx,team1,team2,actual_winner,team1_winner,week,date,predicted_team1_wins,confidence,correct
14984,California,Auburn,Auburn,False,3,2023-09-09,0,0.110794604,True
14988,Boise St,UCF,UCF,False,3,2023-09-09,0,0.28341928,True
14992,Jacksonville St,Coastal Car,Coastal Car,False,3,2023-09-09,1,0.70792574,False
14993,Nebraska,Colorado,Colorado,False,3,2023-09-09,1,0.8171386,False
14996,Florida Intl,N Texas,Florida Intl,True,3,2023-09-09,1,0.5849304,True
15009,Liberty,New Mexico St,Liberty,True,3,2023-09-09,1,0.7727239,True
15016,Miami,Texas A&M,Miami,True,3,2023-09-09,1,0.9090154,True
15017,Miami OH,UMass,Miami OH,True,3,2023-09-09,0,0.42017555,False
15027,UTEP,Northwestern,Northwestern,False,3,2023-09-09,1,0.5222908,False
15028,NC State,Notre Dame,Notre Dame,False,3,2023-09-09,1,0.60943925,False
15031,Oklahoma,SMU,Oklahoma,True,3,2023-09-09,1,0.81900716,True
15037,Purdue,Virginia Tech,Purdue,True,3,2023-09-09,1,0.5776929,True
15038,Houston,Rice,Rice,False,3,2023-09-09,1,0.7902446,False
15039,Temple,Rutgers,Rutgers,False,3,2023-09-09,0,0.17942171,True
15044,USC,Stanford,USC,True,3,2023-09-09,1,0.7335295,True
15048,Alabama,Texas,Texas,False,3,2023-09-09,1,0.79407024,False
15050,Texas St,UTSA,UTSA,False,3,2023-09-09,0,0.3557643,True
15052,UCLA,San Diego St,UCLA,True,3,2023-09-09,1,0.6381341,True
15053,Baylor,Utah,Utah,False,3,2023-09-09,0,0.3662005,True
15057,Washington St,Wisconsin,Washington St,True,3,2023-09-09,1,0.787918,True
15062,Memphis,Navy,Memphis,True,4,2023-09-14,1,0.61654437,True
15064,Air Force,Utah St,Air Force,True,4,2023-09-15,1,0.6194501,True
15065,Army,UTSA,Army,True,4,2023-09-15,0,0.15884264,False
15066,Maryland,Virginia,Maryland,True,4,2023-09-15,0,0.36234412,False
15067,S Florida,Alabama,Alabama,False,4,2023-09-16,1,0.5349166,False
15068,App State,E Carolina,App State,True,4,2023-09-16,0,0.44759047,False
15069,Arizona,UTEP,Arizona,True,4,2023-09-16,1,0.85068005,True
15075,BYU,Arkansas,BYU,True,4,2023-09-16,0,0.20107204,False
15078,Clemson,Florida Atlantic,Clemson,True,4,2023-09-16,1,0.6016151,True
15080,Colorado,Colorado St,Colorado,True,4,2023-09-16,1,0.83841836,True
15081,Duke,Northwestern,Duke,True,4,2023-09-16,0,0.46892774,False
15082,E Michigan,UMass,E Michigan,True,4,2023-09-16,0,0.28264004,False
15083,Florida,Tennessee,Florida,True,4,2023-09-16,1,0.6482959,True
15084,Florida Intl,UConn,Florida Intl,True,4,2023-09-16,1,0.7847071,True
15085,Florida St,Boston College,Florida St,True,4,2023-09-16,0,0.43215236,False
15086,Fresno St,Arizona St,Fresno St,True,4,2023-09-16,0,0.42251995,False
15087,South Carolina,Georgia,Georgia,False,4,2023-09-16,1,0.980198,False
15088,Georgia St,Charlotte,Georgia St,True,4,2023-09-16,0,0.14811864,False
15089,Iowa,W Michigan,Iowa,True,4,2023-09-16,1,0.5671389,True
15090,J Madison,Troy,J Madison,True,4,2023-09-16,1,0.5027328,True
15091,Kansas,Nevada,Kansas,True,4,2023-09-16,0,0.18977815,False
15093,Akron,Kentucky,Kentucky,False,4,2023-09-16,1,0.52542794,False
15094,Buffalo,Liberty,Liberty,False,4,2023-09-16,1,0.62621814,False
15095,UAB,Louisiana,Louisiana,False,4,2023-09-16,1,0.8870403,False
15096,LSU,Mississippi St,LSU,True,4,2023-09-16,0,0.22091967,False
15097,Indiana,Louisville,Louisville,False,4,2023-09-16,0,0.051291198,True
15098,Miami OH,Cincinnati,Miami OH,True,4,2023-09-16,0,0.47221583,False
15099,Bowling Green,Michigan,Michigan,False,4,2023-09-16,0,0.44837186,True
15101,Georgia Tech,Mississippi,Mississippi,False,4,2023-09-16,0,0.2527568,True
15102,Kansas St,Missouri,Missouri,False,4,2023-09-16,1,0.5747519,False
15103,N Illinois,Nebraska,Nebraska,False,4,2023-09-16,0,0.4623662,True
15104,Vanderbilt,UNLV,UNLV,False,4,2023-09-16,1,0.8454107,False
15105,New Mexico,New Mexico St,New Mexico St,False,4,2023-09-16,0,0.38232228,True
15106,North Carolina,Minnesota,North Carolina,True,4,2023-09-16,0,0.23200765,False
15108,Louisiana Tech,N Texas,N Texas,False,4,2023-09-16,0,0.19130504,True
15109,C Michigan,Notre Dame,Notre Dame,False,4,2023-09-16,0,0.27375805,True
15110,Ohio,Iowa St,Ohio,True,4,2023-09-16,0,0.43562555,False
15111,W Kentucky,Ohio St,Ohio St,False,4,2023-09-16,0,0.14638664,True
15112,Tulsa,Oklahoma,Oklahoma,False,4,2023-09-16,1,0.5361579,False
15113,Oregon,Hawai'i,Oregon,True,4,2023-09-16,1,0.8313534,True
15114,San Diego St,Oregon St,Oregon St,False,4,2023-09-16,1,0.5686261,False
15115,Penn St,Illinois,Penn St,True,4,2023-09-16,0,0.48340642,False
15117,Virginia Tech,Rutgers,Rutgers,False,4,2023-09-16,0,0.19523649,True
15119,S Alabama,Oklahoma St,S Alabama,True,4,2023-09-16,0,0.41319987,False
15121,Syracuse,Purdue,Syracuse,True,4,2023-09-16,0,0.36574644,False
15123,Wyoming,Texas,Texas,False,4,2023-09-16,1,0.8694805,False
15124,UL Monroe,Texas A&M,Texas A&M,False,4,2023-09-16,1,0.6529162,False
15125,TCU,Houston,TCU,True,4,2023-09-16,1,0.75911623,True
15128,Toledo,San Jose St,Toledo,True,4,2023-09-16,1,0.5514014,True
15129,Tulane,Southern Miss,Tulane,True,4,2023-09-16,0,0.25620168,False
15132,Old Dominion,Wake Forest,Wake Forest,False,4,2023-09-16,1,0.5130669,False
15133,Washington,Michigan St,Washington,True,4,2023-09-16,1,0.54181236,True
15135,West Virginia,Pittsburgh,West Virginia,True,4,2023-09-16,0,0.4451305,False
15136,Georgia So,Wisconsin,Wisconsin,False,4,2023-09-16,1,0.6367388,False
15137,Coastal Car,Georgia St,Georgia St,False,5,2023-09-21,1,0.5615625,False
15138,Air Force,San Jose St,Air Force,True,5,2023-09-22,1,0.58892554,True
15139,Boise St,San Diego St,Boise St,True,5,2023-09-22,1,0.56863624,True
15140,NC State,Virginia,NC State,True,5,2023-09-22,1,0.66385096,True
15141,Wisconsin,Purdue,Wisconsin,True,5,2023-09-22,1,0.57510406,True
15142,Mississippi,Alabama,Alabama,False,5,2023-09-23,0,0.12413634,True
15143,Arizona,Stanford,Arizona,True,5,2023-09-23,0,0.2372754,False
15144,Southern Miss,Arkansas St,Arkansas St,False,5,2023-09-23,0,0.2556612,True
15145,S Alabama,C Michigan,C Michigan,False,5,2023-09-23,0,0.44029352,True
15146,Middle Tenn,Colorado St,Colorado St,False,5,2023-09-23,1,0.8672333,False
15147,UConn,Duke,Duke,False,5,2023-09-23,0,0.37199166,True
15149,Charlotte,Florida,Florida,False,5,2023-09-23,1,0.5574772,False
15150,Clemson,Florida St,Florida St,False,5,2023-09-23,1,0.69611466,False
15151,Fresno St,Kent St,Fresno St,True,5,2023-09-23,0,0.4728183,False
15152,UAB,Georgia,Georgia,False,5,2023-09-23,1,0.9669129,False
15153,Ball St,Georgia So,Georgia So,False,5,2023-09-23,1,0.67937493,False
15154,Wake Forest,Georgia Tech,Georgia Tech,False,5,2023-09-23,0,0.4486589,True
15155,Sam Houston,Houston,Houston,False,5,2023-09-23,0,0.2002168,True
15156,Illinois,Florida Atlantic,Illinois,True,5,2023-09-23,1,0.51776487,True
15157,Akron,Indiana,Indiana,False,5,2023-09-23,0,0.2780276,True
15158,Oklahoma St,Iowa St,Iowa St,False,5,2023-09-23,1,0.5954453,False
15159,Jacksonville St,E Michigan,Jacksonville St,True,5,2023-09-23,0,0.37996688,False
15160,J Madison,Utah St,J Madison,True,5,2023-09-23,1,0.6041935,True
15161,BYU,Kansas,Kansas,False,5,2023-09-23,1,0.50852454,False
15162,Kansas St,UCF,Kansas St,True,5,2023-09-23,1,0.5354371,True
15163,Kentucky,Vanderbilt,Kentucky,True,5,2023-09-23,1,0.5725431,True
15164,Liberty,Florida Intl,Liberty,True,5,2023-09-23,1,0.5121945,True
15165,Louisiana,Buffalo,Louisiana,True,5,2023-09-23,1,0.54415315,True
15166,Arkansas,LSU,LSU,False,5,2023-09-23,0,0.4603777,True
15167,Boston College,Louisville,Louisville,False,5,2023-09-23,0,0.4113483,True
15168,Marshall,Virginia Tech,Marshall,True,5,2023-09-23,0,0.3191795,False
15169,Michigan St,Maryland,Maryland,False,5,2023-09-23,1,0.59175,False
15170,Miami,Temple,Miami,True,5,2023-09-23,0,0.4404192,False
15172,Rutgers,Michigan,Michigan,False,5,2023-09-23,0,0.4023589,True
15173,Missouri,Memphis,Missouri,True,5,2023-09-23,1,0.52981895,True
15174,Nebraska,Louisiana Tech,Nebraska,True,5,2023-09-23,1,0.7975428,True
15175,UNLV,UTEP,UNLV,True,5,2023-09-23,0,0.49762145,False
15176,New Mexico,UMass,New Mexico,True,5,2023-09-23,1,0.6227534,True
15177,Pittsburgh,North Carolina,North Carolina,False,5,2023-09-23,1,0.5648266,False
15178,Northwestern,Minnesota,Northwestern,True,5,2023-09-23,0,0.43202907,False
15179,Bowling Green,Ohio,Ohio,False,5,2023-09-23,0,0.26991293,True
15180,Notre Dame,Ohio St,Ohio St,False,5,2023-09-23,1,0.7513502,False
15181,Oklahoma,Cincinnati,Oklahoma,True,5,2023-09-23,0,0.36407712,False
15183,Oregon,Colorado,Oregon,True,5,2023-09-23,0,0.44522476,False
15184,Iowa,Penn St,Penn St,False,5,2023-09-23,1,0.70533866,False
15185,South Carolina,Mississippi St,South Carolina,True,5,2023-09-23,1,0.736846,True
15186,Rice,S Florida,S Florida,False,5,2023-09-23,0,0.15108983,True
15187,Arizona St,USC,USC,False,5,2023-09-23,0,0.23806162,True
15188,Syracuse,Army,Syracuse,True,5,2023-09-23,0,0.39193675,False
15189,Tennessee,UTSA,Tennessee,True,5,2023-09-23,0,0.41410396,False
15190,Baylor,Texas,Texas,False,5,2023-09-23,0,0.23214588,True
15191,Texas A&M,Auburn,Texas A&M,True,5,2023-09-23,0,0.3930693,False
15192,TCU,SMU,TCU,True,5,2023-09-23,0,0.47419232,False
15193,Texas St,Nevada,Texas St,True,5,2023-09-23,0,0.410037,False
15194,W Michigan,Toledo,Toledo,False,5,2023-09-23,0,0.2922028,True
15195,W Kentucky,Troy,Troy,False,5,2023-09-23,0,0.35569498,True
15197,Tulsa,N Illinois,Tulsa,True,5,2023-09-23,1,0.7601584,True
15198,UCLA,Utah,Utah,False,5,2023-09-23,0,0.33808237,True
15199,California,Washington,Washington,False,5,2023-09-23,1,0.61363214,False
15200,Washington St,Oregon St,Washington St,True,5,2023-09-23,1,0.77953196,True
15201,West Virginia,Texas Tech,West Virginia,True,5,2023-09-23,0,0.3252348,False
15202,Wyoming,App State,Wyoming,True,5,2023-09-23,1,0.6391474,True
15203,New Mexico St,Hawai'i,Hawai'i,False,5,2023-09-24,1,0.6909542,False
15204,Jacksonville St,Sam Houston,Jacksonville St,True,6,2023-09-28,0,0.14656386,False
15205,Tulsa,Temple,Tulsa,True,6,2023-09-28,1,0.51758105,True
15206,Middle Tenn,W Kentucky,W Kentucky,False,6,2023-09-28,1,0.57544243,False
15207,Cincinnati,BYU,BYU,False,6,2023-09-29,0,0.36748222,True
15208,UTEP,Louisiana Tech,Louisiana Tech,False,6,2023-09-29,1,0.61946994,False
15209,Louisville,NC State,Louisville,True,6,2023-09-29,0,0.29620045,False
15210,Oregon St,Utah,Oregon St,True,6,2023-09-29,0,0.40073538,False
15211,Air Force,San Diego St,Air Force,True,6,2023-09-30,1,0.64724934,True
15212,Alabama,Mississippi St,Alabama,True,6,2023-09-30,1,0.5412531,True
15213,App State,UL Monroe,App State,True,6,2023-09-30,1,0.623427,True
15214,Arkansas St,UMass,Arkansas St,True,6,2023-09-30,1,0.71030444,True
15215,UCF,Baylor,Baylor,False,6,2023-09-30,1,0.57478374,False
15216,Virginia,Boston College,Boston College,False,6,2023-09-30,0,0.4893894,True
15217,Bowling Green,Georgia Tech,Bowling Green,True,6,2023-09-30,0,0.46052542,False
15218,Akron,Buffalo,Buffalo,False,6,2023-09-30,0,0.47037435,True
15219,California,Arizona St,California,True,6,2023-09-30,0,0.49620014,False
15220,C Michigan,E Michigan,C Michigan,True,6,2023-09-30,1,0.8953545,True
15221,Syracuse,Clemson,Clemson,False,6,2023-09-30,0,0.28874457,True
15223,Fresno St,Nevada,Fresno St,True,6,2023-09-30,0,0.48954648,False
15224,Auburn,Georgia,Georgia,False,6,2023-09-30,1,0.7388336,False
15225,Georgia So,Coastal Car,Georgia So,True,6,2023-09-30,0,0.48289996,False
15226,Iowa,Michigan St,Iowa,True,6,2023-09-30,1,0.6123924,True
15227,S Alabama,J Madison,J Madison,False,6,2023-09-30,0,0.37225327,True
15228,Kentucky,Florida,Kentucky,True,6,2023-09-30,1,0.51772356,True
15229,Old Dominion,Marshall,Marshall,False,6,2023-09-30,1,0.68341994,False
15230,Indiana,Maryland,Maryland,False,6,2023-09-30,0,0.44495285,True
15231,Boise St,Memphis,Memphis,False,6,2023-09-30,1,0.5480039,False
15232,Kent St,Miami OH,Miami OH,False,6,2023-09-30,1,0.78193355,False
15233,Michigan,Nebraska,Michigan,True,6,2023-09-30,1,0.634156,True
15234,Minnesota,Louisiana,Minnesota,True,6,2023-09-30,1,0.5708667,True
15235,LSU,Mississippi,Mississippi,False,6,2023-09-30,0,0.45038104,True
15236,Vanderbilt,Missouri,Missouri,False,6,2023-09-30,0,0.46716765,True
15237,Hawai'i,UNLV,UNLV,False,6,2023-09-30,0,0.1665548,True
15239,Duke,Notre Dame,Notre Dame,False,6,2023-09-30,0,0.3602342,True
15240,Iowa St,Oklahoma,Oklahoma,False,6,2023-09-30,1,0.7647826,False
15241,Stanford,Oregon,Oregon,False,6,2023-09-30,1,0.731074,False
15242,Penn St,Northwestern,Penn St,True,6,2023-09-30,0,0.48130554,False
15243,Illinois,Purdue,Purdue,False,6,2023-09-30,0,0.31801063,True
15244,E Carolina,Rice,Rice,False,6,2023-09-30,1,0.50242627,False
15246,Navy,S Florida,S Florida,False,6,2023-09-30,0,0.29147995,True
15247,Colorado,USC,USC,False,6,2023-09-30,0,0.3411035,True
15248,SMU,Charlotte,SMU,True,6,2023-09-30,1,0.5531217,True
15249,South Carolina,Tennessee,Tennessee,False,6,2023-09-30,0,0.23532237,True
15250,Texas,Kansas,Texas,True,6,2023-09-30,1,0.5686514,True
15251,Texas A&M,Arkansas,Texas A&M,True,6,2023-09-30,0,0.49348363,False
15252,Southern Miss,Texas St,Texas St,False,6,2023-09-30,0,0.31473282,True
15253,Houston,Texas Tech,Texas Tech,False,6,2023-09-30,0,0.44934982,True
15254,Toledo,N Illinois,Toledo,True,6,2023-09-30,1,0.67445123,True
15255,Georgia St,Troy,Troy,False,6,2023-09-30,0,0.20409383,True
15256,Tulane,UAB,Tulane,True,6,2023-09-30,0,0.46924415,False
15257,Utah St,UConn,Utah St,True,6,2023-09-30,0,0.48512816,False
15258,Virginia Tech,Pittsburgh,Virginia Tech,True,6,2023-09-30,0,0.29443806,False
15259,Arizona,Washington,Washington,False,6,2023-09-30,1,0.6327419,False
15260,TCU,West Virginia,West Virginia,False,6,2023-09-30,1,0.5289477,False
15261,W Michigan,Ball St,W Michigan,True,6,2023-09-30,1,0.806123,True
15262,New Mexico,Wyoming,Wyoming,False,6,2023-09-30,0,0.3887802,True
15263,Middle Tenn,Jacksonville St,Jacksonville St,False,7,2023-10-04,1,0.54254174,False
15264,Florida Intl,New Mexico St,New Mexico St,False,7,2023-10-04,1,0.5802761,False
15265,Sam Houston,Liberty,Liberty,False,7,2023-10-05,1,0.6996852,False
15266,W Kentucky,Louisiana Tech,W Kentucky,True,7,2023-10-05,0,0.47042683,False
15267,Nebraska,Illinois,Nebraska,True,7,2023-10-06,0,0.49247786,False
15268,Oklahoma St,Kansas St,Oklahoma St,True,7,2023-10-06,0,0.4464105,False
15269,Texas A&M,Alabama,Alabama,False,7,2023-10-07,1,0.51852906,False
15270,S Florida,UAB,UAB,False,7,2023-10-07,1,0.6612181,False
15271,San Jose St,Boise St,Boise St,False,7,2023-10-07,0,0.44374698,True
15272,Army,Boston College,Boston College,False,7,2023-10-07,1,0.7751688,False
15273,C Michigan,Buffalo,Buffalo,False,7,2023-10-07,1,0.78979206,False
15274,Wake Forest,Clemson,Clemson,False,7,2023-10-07,0,0.43175283,True
15275,Arizona St,Colorado,Colorado,False,7,2023-10-07,0,0.4232768,True
15276,UConn,Rice,UConn,True,7,2023-10-07,1,0.78256935,True
15277,Ball St,E Michigan,E Michigan,False,7,2023-10-07,0,0.071314074,True
15278,Vanderbilt,Florida,Florida,False,7,2023-10-07,0,0.31583562,True
15279,Tulsa,Florida Atlantic,Florida Atlantic,False,7,2023-10-07,0,0.3847161,True
15280,Virginia Tech,Florida St,Florida St,False,7,2023-10-07,1,0.50064325,False
15281,Kentucky,Georgia,Georgia,False,7,2023-10-07,0,0.41567197,True
15282,Miami,Georgia Tech,Georgia Tech,False,7,2023-10-07,1,0.6458745,False
15283,Iowa,Purdue,Iowa,True,7,2023-10-07,1,0.5359043,True
15284,TCU,Iowa St,Iowa St,False,7,2023-10-07,0,0.46619767,True
15285,Kansas,UCF,Kansas,True,7,2023-10-07,1,0.73780566,True
15286,Texas St,Louisiana,Louisiana,False,7,2023-10-07,1,0.59835976,False
15287,Missouri,LSU,LSU,False,7,2023-10-07,1,0.5264764,False
15288,Notre Dame,Louisville,Louisville,False,7,2023-10-07,1,0.6928616,False
15289,Miami OH,Bowling Green,Miami OH,True,7,2023-10-07,1,0.6583392,True
15290,Minnesota,Michigan,Michigan,False,7,2023-10-07,1,0.7058316,False
15291,Arkansas,Mississippi,Mississippi,False,7,2023-10-07,1,0.5315796,False
15292,W Michigan,Mississippi St,Mississippi St,False,7,2023-10-07,0,0.39277926,True
15293,Navy,N Texas,Navy,True,7,2023-10-07,0,0.37267524,False
15294,Syracuse,North Carolina,North Carolina,False,7,2023-10-07,0,0.39501873,True
15295,Marshall,NC State,NC State,False,7,2023-10-07,0,0.3354891,True
15296,N Illinois,Akron,N Illinois,True,7,2023-10-07,0,0.47557238,False
15298,Ohio,Kent St,Ohio,True,7,2023-10-07,0,0.2839439,False
15299,Ohio St,Maryland,Ohio St,True,7,2023-10-07,0,0.26364416,False
15300,Texas,Oklahoma,Oklahoma,False,7,2023-10-07,1,0.6820973,False
15301,Southern Miss,Old Dominion,Old Dominion,False,7,2023-10-07,0,0.36333477,True
15302,Oregon St,California,Oregon St,True,7,2023-10-07,1,0.5012412,True
15303,S Alabama,UL Monroe,S Alabama,True,7,2023-10-07,1,0.6395729,True
15304,Arizona,USC,USC,False,7,2023-10-07,1,0.7073971,False
15305,Texas Tech,Baylor,Texas Tech,True,7,2023-10-07,1,0.5174292,True
15306,Temple,UTSA,UTSA,False,7,2023-10-07,0,0.4844699,True
15307,Toledo,UMass,Toledo,True,7,2023-10-07,0,0.49971464,False
15308,Arkansas St,Troy,Troy,False,7,2023-10-07,0,0.4226461,True
15309,Washington St,UCLA,UCLA,False,7,2023-10-07,1,0.65077096,False
15310,Utah St,Colorado St,Utah St,True,7,2023-10-07,1,0.8951036,True
15312,Rutgers,Wisconsin,Wisconsin,False,7,2023-10-07,0,0.40610543,True
15313,Wyoming,Fresno St,Wyoming,True,7,2023-10-07,1,0.60591155,True
15314,Coastal Car,App State,Coastal Car,True,8,2023-10-10,0,0.3828953,False
15315,Jacksonville St,Liberty,Liberty,False,8,2023-10-10,1,0.543746,False
15316,Louisiana Tech,Middle Tenn,Middle Tenn,False,8,2023-10-10,1,0.70454335,False
15317,New Mexico St,Sam Houston,New Mexico St,True,8,2023-10-11,1,0.6564586,True
15318,Florida Intl,UTEP,UTEP,False,8,2023-10-11,1,0.753603,False
15319,West Virginia,Houston,Houston,False,8,2023-10-12,1,0.5061129,False
15320,SMU,E Carolina,SMU,True,8,2023-10-12,0,0.38574684,False
15321,Utah St,Fresno St,Fresno St,False,8,2023-10-13,1,0.6558915,False
15322,Colorado,Stanford,Stanford,False,8,2023-10-13,1,0.7419169,False
15323,Tulane,Memphis,Tulane,True,8,2023-10-13,0,0.4068565,False
15324,Air Force,Wyoming,Air Force,True,8,2023-10-14,1,0.51131713,True
15325,Alabama,Arkansas,Alabama,True,8,2023-10-14,0,0.49962655,False
15326,Arizona,Washington St,Arizona,True,8,2023-10-14,0,0.37095675,False
15327,Bowling Green,Buffalo,Bowling Green,True,8,2023-10-14,0,0.42362586,False
15328,C Michigan,Akron,C Michigan,True,8,2023-10-14,0,0.4959681,False
15329,Colorado St,Boise St,Colorado St,True,8,2023-10-14,1,0.8364782,True
15330,Duke,NC State,Duke,True,8,2023-10-14,0,0.4663032,False
15331,Kent St,E Michigan,E Michigan,False,8,2023-10-14,1,0.60007197,False
15332,Florida,South Carolina,Florida,True,8,2023-10-14,0,0.48651096,False
15333,Florida Atlantic,S Florida,Florida Atlantic,True,8,2023-10-14,1,0.6881753,True
15334,Florida St,Syracuse,Florida St,True,8,2023-10-14,0,0.48514616,False
15335,Vanderbilt,Georgia,Georgia,False,8,2023-10-14,1,0.8267671,False
15336,Georgia St,Marshall,Georgia St,True,8,2023-10-14,0,0.3352216,False
15337,Illinois,Maryland,Illinois,True,8,2023-10-14,0,0.29001224,False
15338,Iowa,Wisconsin,Iowa,True,8,2023-10-14,0,0.36252624,False
15339,Iowa St,Cincinnati,Iowa St,True,8,2023-10-14,0,0.23658763,False
15340,Georgia So,J Madison,J Madison,False,8,2023-10-14,0,0.24440342,True
15341,Kansas St,Texas Tech,Kansas St,True,8,2023-10-14,1,0.5428702,True
15342,LSU,Auburn,LSU,True,8,2023-10-14,0,0.48162183,False
15343,W Michigan,Miami OH,Miami OH,False,8,2023-10-14,1,0.5485956,False
15344,Michigan,Indiana,Michigan,True,8,2023-10-14,1,0.5002007,True
15345,Missouri,Kentucky,Missouri,True,8,2023-10-14,0,0.4583587,False
15346,Charlotte,Navy,Navy,False,8,2023-10-14,1,0.6247487,False
15347,UNLV,Nevada,UNLV,True,8,2023-10-14,1,0.5599295,True
15348,North Carolina,Miami,North Carolina,True,8,2023-10-14,0,0.45539376,False
15349,Temple,N Texas,N Texas,False,8,2023-10-14,1,0.6574863,False
15350,Ohio,N Illinois,N Illinois,False,8,2023-10-14,1,0.6178929,False
15351,Notre Dame,USC,Notre Dame,True,8,2023-10-14,0,0.4092745,False
15352,Purdue,Ohio St,Ohio St,False,8,2023-10-14,1,0.58835894,False
15353,Kansas,Oklahoma St,Oklahoma St,False,8,2023-10-14,1,0.744139,False
15354,UCLA,Oregon St,Oregon St,False,8,2023-10-14,0,0.28779578,True
15355,UMass,Penn St,Penn St,False,8,2023-10-14,1,0.66722804,False
15356,Louisville,Pittsburgh,Pittsburgh,False,8,2023-10-14,0,0.3315643,True
15357,Michigan St,Rutgers,Rutgers,False,8,2023-10-14,0,0.3054926,True
15358,Hawai'i,San Diego St,San Diego St,False,8,2023-10-14,1,0.9028023,False
15359,San Jose St,New Mexico,San Jose St,True,8,2023-10-14,1,0.54316145,True
15360,Tennessee,Texas A&M,Tennessee,True,8,2023-10-14,0,0.24549778,False
15361,BYU,TCU,TCU,False,8,2023-10-14,0,0.23992464,True
15362,UL Monroe,Texas St,Texas St,False,8,2023-10-14,0,0.41735747,True
15363,UTSA,UAB,UTSA,True,8,2023-10-14,0,0.4458876,False
15364,Ball St,Toledo,Toledo,False,8,2023-10-14,1,0.8463548,False
15365,Troy,Army,Troy,True,8,2023-10-14,0,0.48154444,False
15366,Utah,California,Utah,True,8,2023-10-14,1,0.57709426,True
15367,Wake Forest,Virginia Tech,Virginia Tech,False,8,2023-10-14,0,0.4146303,True
15368,Washington,Oregon,Washington,True,8,2023-10-14,1,0.8293217,True
15369,Jacksonville St,W Kentucky,Jacksonville St,True,9,2023-10-17,1,0.5137946,True
15370,Middle Tenn,Liberty,Liberty,False,9,2023-10-17,1,0.52242434,False
15371,Southern Miss,S Alabama,S Alabama,False,9,2023-10-17,1,0.63723457,False
15372,Florida Intl,Sam Houston,Florida Intl,True,9,2023-10-18,1,0.7331408,True
15373,New Mexico St,UTEP,New Mexico St,True,9,2023-10-18,0,0.42099515,False
15374,Marshall,J Madison,J Madison,False,9,2023-10-19,0,0.4408505,True
15375,Rice,Tulsa,Rice,True,9,2023-10-19,1,0.5854249,True
15376,SMU,Temple,SMU,True,9,2023-10-20,1,0.6243913,True
15377,Air Force,Navy,Air Force,True,9,2023-10-21,1,0.5291143,True
15378,Alabama,Tennessee,Alabama,True,9,2023-10-21,1,0.5038163,True
15379,Ball St,C Michigan,Ball St,True,9,2023-10-21,0,0.34394076,False
15380,Baylor,Cincinnati,Baylor,True,9,2023-10-21,0,0.1906832,False
15381,Georgia Tech,Boston College,Boston College,False,9,2023-10-21,0,0.38525724,True
15382,Bowling Green,Akron,Bowling Green,True,9,2023-10-21,1,0.67503273,True
15383,BYU,Texas Tech,BYU,True,9,2023-10-21,0,0.41602054,False
15384,Buffalo,Kent St,Buffalo,True,9,2023-10-21,1,0.55897194,True
15385,E Carolina,Charlotte,Charlotte,False,9,2023-10-21,0,0.35059378,True
15386,Coastal Car,Arkansas St,Coastal Car,True,9,2023-10-21,1,0.5188106,True
15387,Duke,Florida St,Florida St,False,9,2023-10-21,1,0.6293835,False
15388,Georgia So,UL Monroe,Georgia So,True,9,2023-10-21,0,0.4384902,False
15389,Georgia St,Louisiana,Georgia St,True,9,2023-10-21,1,0.5217847,True
15390,Kansas St,TCU,Kansas St,True,9,2023-10-21,1,0.60607994,True
15391,LSU,Army,LSU,True,9,2023-10-21,1,0.52066857,True
15392,UAB,Memphis,Memphis,False,9,2023-10-21,0,0.44594297,True
15393,Miami,Clemson,Miami,True,9,2023-10-21,0,0.49087936,False
15394,Michigan,Michigan St,Michigan,True,9,2023-10-21,0,0.36407062,False
15395,Iowa,Minnesota,Minnesota,False,9,2023-10-21,0,0.30952105,True
15396,Auburn,Mississippi,Mississippi,False,9,2023-10-21,0,0.33752263,True
15397,Mississippi St,Arkansas,Mississippi St,True,9,2023-10-21,0,0.4340159,False
15398,South Carolina,Missouri,Missouri,False,9,2023-10-21,0,0.3291557,True
15399,Nebraska,Northwestern,Nebraska,True,9,2023-10-21,1,0.51368904,True
15400,Nevada,San Diego St,Nevada,True,9,2023-10-21,0,0.43535218,False
15401,UNLV,Colorado St,UNLV,True,9,2023-10-21,0,0.24755812,False
15402,Hawai'i,New Mexico,New Mexico,False,9,2023-10-21,0,0.36102912,True
15403,N Illinois,E Michigan,N Illinois,True,9,2023-10-21,1,0.6137505,True
15404,W Michigan,Ohio,Ohio,False,9,2023-10-21,1,0.5420232,False
15405,Ohio St,Penn St,Ohio St,True,9,2023-10-21,0,0.48575377,False
15406,UCF,Oklahoma,Oklahoma,False,9,2023-10-21,0,0.38869798,True
15407,West Virginia,Oklahoma St,Oklahoma St,False,9,2023-10-21,1,0.5482394,False
15408,App State,Old Dominion,Old Dominion,False,9,2023-10-21,1,0.55490667,False
15409,Oregon,Washington St,Oregon,True,9,2023-10-21,1,0.66024876,True
15410,Rutgers,Indiana,Rutgers,True,9,2023-10-21,0,0.37946045,False
15411,Utah St,San Jose St,San Jose St,False,9,2023-10-21,0,0.48774135,True
15412,UConn,S Florida,S Florida,False,9,2023-10-21,0,0.38552395,True
15413,Texas,Houston,Texas,True,9,2023-10-21,0,0.37898937,False
15414,UTSA,Florida Atlantic,UTSA,True,9,2023-10-21,1,0.60464287,True
15415,Miami OH,Toledo,Toledo,False,9,2023-10-21,1,0.53535974,False
15416,N Texas,Tulane,Tulane,False,9,2023-10-21,0,0.42439026,True
15417,Stanford,UCLA,UCLA,False,9,2023-10-21,0,0.47546962,True
15418,USC,Utah,Utah,False,9,2023-10-21,0,0.4183882,True
15419,Virginia,North Carolina,Virginia,True,9,2023-10-21,0,0.43367788,False
15420,Wake Forest,Pittsburgh,Wake Forest,True,9,2023-10-21,1,0.66177505,True
15421,Arizona St,Washington,Washington,False,9,2023-10-21,0,0.3104672,True
15422,Wisconsin,Illinois,Wisconsin,True,9,2023-10-21,0,0.38941926,False
15423,Liberty,W Kentucky,Liberty,True,10,2023-10-24,1,0.67036515,True
15424,Louisiana Tech,New Mexico St,New Mexico St,False,10,2023-10-24,0,0.37152633,True
15425,Jacksonville St,Florida Intl,Jacksonville St,True,10,2023-10-25,0,0.3752264,False
15426,Sam Houston,UTEP,UTEP,False,10,2023-10-25,0,0.38487145,True
15427,Georgia So,Georgia St,Georgia So,True,10,2023-10-26,1,0.52540904,True
15428,Virginia Tech,Syracuse,Virginia Tech,True,10,2023-10-26,0,0.15936814,False
15429,Florida Atlantic,Charlotte,Florida Atlantic,True,10,2023-10-27,1,0.56355983,True
15430,Air Force,Colorado St,Air Force,True,10,2023-10-28,0,0.30985713,False
15431,App State,Southern Miss,App State,True,10,2023-10-28,0,0.4339916,False
15432,Arizona,Oregon St,Arizona,True,10,2023-10-28,0,0.35630733,False
15433,Arizona St,Washington St,Arizona St,True,10,2023-10-28,1,0.6688762,True
15434,UL Monroe,Arkansas St,Arkansas St,False,10,2023-10-28,1,0.54748875,False
15435,Mississippi St,Auburn,Auburn,False,10,2023-10-28,1,0.5130921,False
15436,Wyoming,Boise St,Boise St,False,10,2023-10-28,1,0.5236636,False
15437,Boston College,UConn,Boston College,True,10,2023-10-28,0,0.4890785,False
15438,Coastal Car,Marshall,Coastal Car,True,10,2023-10-28,1,0.549754,True
15439,Wake Forest,Florida St,Florida St,False,10,2023-10-28,1,0.7359896,False
15440,UNLV,Fresno St,Fresno St,False,10,2023-10-28,0,0.47143033,True
15441,Florida,Georgia,Georgia,False,10,2023-10-28,0,0.46872467,True
15442,North Carolina,Georgia Tech,Georgia Tech,False,10,2023-10-28,0,0.4008826,True
15443,Iowa St,Baylor,Iowa St,True,10,2023-10-28,0,0.49612427,False
15444,Old Dominion,J Madison,J Madison,False,10,2023-10-28,1,0.5287923,False
15445,Kansas,Oklahoma,Kansas,True,10,2023-10-28,1,0.80398273,True
15446,Kansas St,Houston,Kansas St,True,10,2023-10-28,1,0.5599251,True
15447,S Alabama,Louisiana,Louisiana,False,10,2023-10-28,1,0.65475917,False
15448,Louisville,Duke,Louisville,True,10,2023-10-28,0,0.17696875,False
15449,Army,UMass,UMass,False,10,2023-10-28,1,0.60636216,False
15450,N Texas,Memphis,Memphis,False,10,2023-10-28,0,0.44831392,True
15451,Miami,Virginia,Miami,True,10,2023-10-28,0,0.35905978,False
15452,Miami OH,Ohio,Miami OH,True,10,2023-10-28,0,0.4612053,False
15453,Minnesota,Michigan St,Minnesota,True,10,2023-10-28,0,0.33914357,False
15454,Mississippi,Vanderbilt,Mississippi,True,10,2023-10-28,0,0.23755352,False
15455,Purdue,Nebraska,Nebraska,False,10,2023-10-28,0,0.26319537,True
15456,New Mexico,Nevada,Nevada,False,10,2023-10-28,1,0.65756655,False
15457,NC State,Clemson,NC State,True,10,2023-10-28,1,0.5822406,True
15458,Maryland,Northwestern,Northwestern,False,10,2023-10-28,0,0.4232916,True
15459,Pittsburgh,Notre Dame,Notre Dame,False,10,2023-10-28,0,0.1839558,True
15460,Wisconsin,Ohio St,Ohio St,False,10,2023-10-28,0,0.32630083,True
15461,Oklahoma St,Cincinnati,Oklahoma St,True,10,2023-10-28,1,0.51722234,True
15462,Utah,Oregon,Oregon,False,10,2023-10-28,1,0.65943575,False
15463,Penn St,Indiana,Penn St,True,10,2023-10-28,1,0.7352765,True
15464,USC,California,USC,True,10,2023-10-28,0,0.33570036,False
15465,SMU,Tulsa,SMU,True,10,2023-10-28,0,0.22009248,False
15466,Tennessee,Kentucky,Tennessee,True,10,2023-10-28,1,0.53078246,True
15467,Texas,BYU,Texas,True,10,2023-10-28,0,0.299328,False
15468,Texas A&M,South Carolina,Texas A&M,True,10,2023-10-28,0,0.4654055,False
15469,UTSA,E Carolina,UTSA,True,10,2023-10-28,0,0.49918035,False
15470,Texas St,Troy,Troy,False,10,2023-10-28,0,0.16984555,True
15471,Rice,Tulane,Tulane,False,10,2023-10-28,0,0.44319135,True
15472,Colorado,UCLA,UCLA,False,10,2023-10-28,0,0.32638147,True
15473,Washington,Stanford,Washington,True,10,2023-10-28,1,0.6489983,True
15474,UCF,West Virginia,West Virginia,False,10,2023-10-28,0,0.48264962,True
15475,W Michigan,E Michigan,W Michigan,True,10,2023-10-28,1,0.65957224,True
15476,Hawai'i,San Jose St,San Jose St,False,10,2023-10-29,0,0.38431352,True
15477,N Illinois,C Michigan,C Michigan,False,11,2023-10-31,0,0.4138741,True
15478,Toledo,Buffalo,Toledo,True,11,2023-10-31,1,0.73858154,True
15479,Akron,Kent St,Akron,True,11,2023-11-01,1,0.7332647,True
15480,Bowling Green,Ball St,Bowling Green,True,11,2023-11-01,0,0.39350864,False
15481,Duke,Wake Forest,Duke,True,11,2023-11-02,0,0.36380398,False
15482,Texas Tech,TCU,Texas Tech,True,11,2023-11-02,0,0.36240566,False
15483,Troy,S Alabama,Troy,True,11,2023-11-02,0,0.47045675,False
15484,Boston College,Syracuse,Boston College,True,11,2023-11-03,1,0.8367038,True
15485,Wyoming,Colorado St,Wyoming,True,11,2023-11-03,1,0.69828224,True
15486,Alabama,LSU,Alabama,True,11,2023-11-04,1,0.53715104,True
15487,UAB,Florida Atlantic,UAB,True,11,2023-11-04,1,0.52723706,True
15488,App State,Marshall,App State,True,11,2023-11-04,1,0.5066259,True
15489,Arizona,UCLA,Arizona,True,11,2023-11-04,0,0.3048707,False
15490,Arkansas,Florida,Arkansas,True,11,2023-11-04,1,0.83539015,True
15491,Louisiana,Arkansas St,Arkansas St,False,11,2023-11-04,1,0.6816966,False
15492,Army,Air Force,Army,True,11,2023-11-04,0,0.2359016,False
15493,Auburn,Vanderbilt,Auburn,True,11,2023-11-04,1,0.64369845,True
15494,Cincinnati,UCF,UCF,False,11,2023-11-04,1,0.8205373,False
15495,Charlotte,Tulsa,Charlotte,True,11,2023-11-04,1,0.72839445,True
15496,Clemson,Notre Dame,Clemson,True,11,2023-11-04,0,0.45065513,False
15497,Old Dominion,Coastal Car,Coastal Car,False,11,2023-11-04,0,0.33446884,True
15498,Pittsburgh,Florida St,Florida St,False,11,2023-11-04,1,0.6648244,False
15499,Fresno St,Boise St,Fresno St,True,11,2023-11-04,0,0.39777058,False
15500,Georgia,Missouri,Georgia,True,11,2023-11-04,1,0.5136545,True
15501,Georgia Tech,Virginia,Georgia Tech,True,11,2023-11-04,0,0.40990105,False
15502,Nevada,Hawai'i,Hawai'i,False,11,2023-11-04,1,0.6067945,False
15503,Houston,Baylor,Houston,True,11,2023-11-04,1,0.63382596,True
15504,Illinois,Minnesota,Illinois,True,11,2023-11-04,0,0.33019477,False
15505,Indiana,Wisconsin,Indiana,True,11,2023-11-04,0,0.37597385,False
15506,Iowa,Northwestern,Iowa,True,11,2023-11-04,0,0.4766137,False
15507,J Madison,Georgia St,J Madison,True,11,2023-11-04,1,0.51826584,True
15508,Kansas,Iowa St,Kansas,True,11,2023-11-04,0,0.46251842,False
15509,Mississippi St,Kentucky,Kentucky,False,11,2023-11-04,1,0.6326255,False
15510,Liberty,Louisiana Tech,Liberty,True,11,2023-11-04,1,0.5900286,True
15511,Virginia Tech,Louisville,Louisville,False,11,2023-11-04,0,0.45843226,True
15513,Memphis,S Florida,Memphis,True,11,2023-11-04,1,0.5383231,True
15514,Purdue,Michigan,Michigan,False,11,2023-11-04,1,0.51958525,False
15515,Nebraska,Michigan St,Michigan St,False,11,2023-11-04,1,0.6993011,False
15516,Texas A&M,Mississippi,Mississippi,False,11,2023-11-04,0,0.2539084,True
15517,New Mexico,UNLV,UNLV,False,11,2023-11-04,0,0.25393948,True
15518,New Mexico St,Middle Tenn,New Mexico St,True,11,2023-11-04,1,0.515107,True
15520,Miami,NC State,NC State,False,11,2023-11-04,1,0.54828763,False
15521,Rutgers,Ohio St,Ohio St,False,11,2023-11-04,0,0.35248432,True
15522,Oklahoma,Oklahoma St,Oklahoma St,False,11,2023-11-04,0,0.43188617,True
15523,California,Oregon,Oregon,False,11,2023-11-04,1,0.7042889,False
15524,Colorado,Oregon St,Oregon St,False,11,2023-11-04,0,0.16026948,True
15525,Maryland,Penn St,Penn St,False,11,2023-11-04,0,0.4179499,True
15527,South Carolina,Jacksonville St,South Carolina,True,11,2023-11-04,0,0.48669845,False
15528,Rice,SMU,SMU,False,11,2023-11-04,0,0.43268743,True
15529,UL Monroe,Southern Miss,Southern Miss,False,11,2023-11-04,1,0.7684738,False
15530,Washington St,Stanford,Stanford,False,11,2023-11-04,0,0.33279702,True
15531,Temple,Navy,Temple,True,11,2023-11-04,0,0.25696152,False
15532,UConn,Tennessee,Tennessee,False,11,2023-11-04,0,0.38257414,True
15533,Texas,Kansas St,Texas,True,11,2023-11-04,0,0.36557445,False
15534,Texas St,Georgia So,Texas St,True,11,2023-11-04,0,0.29805765,False
15535,UTSA,N Texas,UTSA,True,11,2023-11-04,0,0.4766339,False
15536,E Carolina,Tulane,Tulane,False,11,2023-11-04,1,0.62500495,False
15537,Arizona St,Utah,Utah,False,11,2023-11-04,0,0.18813506,True
15538,Utah St,San Diego St,Utah St,True,11,2023-11-04,0,0.3644452,False
15539,Washington,USC,Washington,True,11,2023-11-04,0,0.24230945,False
15540,West Virginia,BYU,West Virginia,True,11,2023-11-04,0,0.4899716,False
15541,UTEP,W Kentucky,W Kentucky,False,11,2023-11-04,1,0.6810664,False
15542,N Illinois,Ball St,Ball St,False,12,2023-11-07,1,0.6254348,False
15543,Ohio,Buffalo,Ohio,True,12,2023-11-07,0,0.43565932,False
15544,C Michigan,W Michigan,W Michigan,False,12,2023-11-07,1,0.5495011,False
15545,Bowling Green,Kent St,Bowling Green,True,12,2023-11-08,1,0.74166524,True
15546,Akron,Miami OH,Miami OH,False,12,2023-11-08,1,0.5749374,False
15547,E Michigan,Toledo,Toledo,False,12,2023-11-08,1,0.71404225,False
15548,Virginia,Louisville,Louisville,False,12,2023-11-09,0,0.27155566,True
15549,Louisiana,Southern Miss,Southern Miss,False,12,2023-11-09,1,0.6156561,False
15550,Wyoming,UNLV,UNLV,False,12,2023-11-10,1,0.5216793,False
15551,N Texas,SMU,SMU,False,12,2023-11-10,0,0.33670515,True
15552,Kentucky,Alabama,Alabama,False,12,2023-11-11,1,0.5271855,False
15553,App State,Georgia St,App State,True,12,2023-11-11,0,0.424287,False
15554,Arizona,Colorado,Arizona,True,12,2023-11-11,0,0.31034198,False
15555,UCLA,Arizona St,Arizona St,False,12,2023-11-11,0,0.44951355,True
15557,Arkansas,Auburn,Auburn,False,12,2023-11-11,1,0.5485867,False
15558,Boise St,New Mexico,Boise St,True,12,2023-11-11,1,0.533274,True
15559,California,Washington St,California,True,12,2023-11-11,0,0.15593493,False
15560,Oklahoma St,UCF,UCF,False,12,2023-11-11,1,0.58209205,False
15561,Houston,Cincinnati,Cincinnati,False,12,2023-11-11,1,0.56932616,False
15562,Georgia Tech,Clemson,Clemson,False,12,2023-11-11,1,0.5486333,False
15563,Coastal Car,Texas St,Coastal Car,True,12,2023-11-11,0,0.45280737,False
15564,San Diego St,Colorado St,Colorado St,False,12,2023-11-11,1,0.60792863,False
15565,Florida Atlantic,E Carolina,E Carolina,False,12,2023-11-11,1,0.53983426,False
15566,Miami,Florida St,Florida St,False,12,2023-11-11,1,0.7410576,False
15567,Mississippi,Georgia,Georgia,False,12,2023-11-11,0,0.46123984,True
15568,Air Force,Hawai'i,Hawai'i,False,12,2023-11-11,0,0.47745264,True
15569,Indiana,Illinois,Illinois,False,12,2023-11-11,0,0.30368805,True
15570,Rutgers,Iowa,Iowa,False,12,2023-11-11,0,0.3786543,True
15571,Iowa St,BYU,Iowa St,True,12,2023-11-11,1,0.747078,True
15572,UConn,J Madison,J Madison,False,12,2023-11-11,0,0.19671638,True
15573,Baylor,Kansas St,Kansas St,False,12,2023-11-11,0,0.4040144,True
15574,Liberty,Old Dominion,Liberty,True,12,2023-11-11,0,0.32593313,False
15575,Florida,LSU,LSU,False,12,2023-11-11,0,0.48584434,True
15576,Marshall,Georgia So,Marshall,True,12,2023-11-11,0,0.2965085,False
15577,Nebraska,Maryland,Maryland,False,12,2023-11-11,1,0.7588068,False
15578,Charlotte,Memphis,Memphis,False,12,2023-11-11,1,0.50872284,False
15579,Michigan,Penn St,Michigan,True,12,2023-11-11,0,0.41452155,False
15580,Florida Intl,Middle Tenn,Middle Tenn,False,12,2023-11-11,1,0.86948466,False
15581,Tennessee,Missouri,Missouri,False,12,2023-11-11,1,0.55010575,False
15582,Navy,UAB,Navy,True,12,2023-11-11,0,0.4462034,False
15583,New Mexico St,W Kentucky,New Mexico St,True,12,2023-11-11,1,0.7099025,True
15584,North Carolina,Duke,North Carolina,True,12,2023-11-11,0,0.29699022,False
15585,Wake Forest,NC State,NC State,False,12,2023-11-11,0,0.45946988,True
15586,Wisconsin,Northwestern,Northwestern,False,12,2023-11-11,1,0.5377424,False
15587,Michigan St,Ohio St,Ohio St,False,12,2023-11-11,0,0.4436923,True
15588,West Virginia,Oklahoma,Oklahoma,False,12,2023-11-11,1,0.6021798,False
15589,Oregon,USC,Oregon,True,12,2023-11-11,1,0.5345986,True
15590,Stanford,Oregon St,Oregon St,False,12,2023-11-11,1,0.6613918,False
15591,Minnesota,Purdue,Purdue,False,12,2023-11-11,0,0.48231414,True
15592,Sam Houston,Louisiana Tech,Sam Houston,True,12,2023-11-11,1,0.6919281,True
15593,San Jose St,Fresno St,San Jose St,True,12,2023-11-11,0,0.4511365,False
15594,S Alabama,Arkansas St,S Alabama,True,12,2023-11-11,0,0.26457465,False
15595,South Carolina,Vanderbilt,South Carolina,True,12,2023-11-11,1,0.687551,True
15596,S Florida,Temple,S Florida,True,12,2023-11-11,1,0.8342921,True
15597,Pittsburgh,Syracuse,Syracuse,False,12,2023-11-11,1,0.53766745,False
15598,Texas,TCU,Texas,True,12,2023-11-11,0,0.30213884,False
15599,Mississippi St,Texas A&M,Texas A&M,False,12,2023-11-11,1,0.6813515,False
15600,Texas Tech,Kansas,Texas Tech,True,12,2023-11-11,0,0.33111405,False
15601,Rice,UTSA,UTSA,False,12,2023-11-11,0,0.380467,True
15602,Troy,UL Monroe,Troy,True,12,2023-11-11,0,0.12140082,False
15603,Tulane,Tulsa,Tulane,True,12,2023-11-11,0,0.22848472,False
15604,Nevada,Utah St,Utah St,False,12,2023-11-11,0,0.4008332,True
15605,Boston College,Virginia Tech,Virginia Tech,False,12,2023-11-11,1,0.6192096,False
15606,Washington,Utah,Washington,True,12,2023-11-11,0,0.32590845,False
15607,Akron,E Michigan,E Michigan,False,13,2023-11-14,1,0.5027271,False
15608,N Illinois,W Michigan,N Illinois,True,13,2023-11-14,1,0.50157726,True
15609,Bowling Green,Toledo,Toledo,False,13,2023-11-14,1,0.55827475,False
15610,Miami OH,Buffalo,Miami OH,True,13,2023-11-15,1,0.6419627,True
15611,C Michigan,Ohio,Ohio,False,13,2023-11-15,1,0.73761463,False
15612,Pittsburgh,Boston College,Pittsburgh,True,13,2023-11-16,1,0.7909001,True
15613,UTSA,S Florida,UTSA,True,13,2023-11-17,0,0.40323868,False
15614,Washington St,Colorado,Washington St,True,13,2023-11-17,1,0.6452695,True
15616,UAB,Temple,UAB,True,13,2023-11-18,1,0.6291062,True
15617,J Madison,App State,App State,False,13,2023-11-18,0,0.25957486,True
15618,Utah,Arizona,Arizona,False,13,2023-11-18,0,0.42890763,True
15619,Florida Intl,Arkansas,Arkansas,False,13,2023-11-18,0,0.30442053,True
15620,Arkansas St,Texas St,Arkansas St,True,13,2023-11-18,0,0.33368772,False
15621,Army,Coastal Car,Army,True,13,2023-11-18,0,0.34714985,False
15622,Ball St,Kent St,Ball St,True,13,2023-11-18,1,0.58472306,True
15623,Boise St,Utah St,Boise St,True,13,2023-11-18,1,0.5017263,True
15624,Stanford,California,California,False,13,2023-11-18,1,0.7276644,False
15625,North Carolina,Clemson,Clemson,False,13,2023-11-18,0,0.30793715,True
15626,Colorado St,Nevada,Colorado St,True,13,2023-11-18,1,0.7881129,True
15629,Georgia,Tennessee,Georgia,True,13,2023-11-18,0,0.19994901,False
15630,Syracuse,Georgia Tech,Georgia Tech,False,13,2023-11-18,0,0.41669288,True
15631,Illinois,Iowa,Iowa,False,13,2023-11-18,0,0.08998206,True
15632,Louisiana Tech,Jacksonville St,Jacksonville St,False,13,2023-11-18,0,0.26848602,True
15633,Kansas St,Kansas,Kansas St,True,13,2023-11-18,0,0.4736726,False
15634,UMass,Liberty,Liberty,False,13,2023-11-18,1,0.8026011,False
15635,LSU,Georgia St,LSU,True,13,2023-11-18,1,0.59224933,True
15636,Louisville,Miami,Louisville,True,13,2023-11-18,1,0.5673838,True
15637,Michigan,Maryland,Michigan,True,13,2023-11-18,1,0.71118706,True
15638,Indiana,Michigan St,Michigan St,False,13,2023-11-18,0,0.35866094,True
15639,UTEP,Middle Tenn,Middle Tenn,False,13,2023-11-18,1,0.6998911,False
15640,UL Monroe,Mississippi,Mississippi,False,13,2023-11-18,1,0.77969754,False
15641,Mississippi St,Southern Miss,Mississippi St,True,13,2023-11-18,0,0.3240992,False
15642,Missouri,Florida,Missouri,True,13,2023-11-18,1,0.6770733,True
15643,Navy,E Carolina,Navy,True,13,2023-11-18,0,0.21497189,False
15644,Air Force,UNLV,UNLV,False,13,2023-11-18,0,0.36186594,True
15645,Fresno St,New Mexico,New Mexico,False,13,2023-11-18,1,0.5589079,False
15646,Auburn,New Mexico St,New Mexico St,False,13,2023-11-18,1,0.70617443,False
15647,NC State,Virginia Tech,NC State,True,13,2023-11-18,1,0.57747996,True
15648,Tulsa,N Texas,N Texas,False,13,2023-11-18,0,0.32661465,True
15649,Northwestern,Purdue,Northwestern,True,13,2023-11-18,0,0.35127962,False
15650,Wake Forest,Notre Dame,Notre Dame,False,13,2023-11-18,0,0.42271686,True
15651,Minnesota,Ohio St,Ohio St,False,13,2023-11-18,1,0.53705513,False
15652,BYU,Oklahoma,Oklahoma,False,13,2023-11-18,1,0.52039766,False
15653,Oklahoma St,Houston,Oklahoma St,True,13,2023-11-18,0,0.39783913,False
15654,Georgia So,Old Dominion,Old Dominion,False,13,2023-11-18,0,0.46265706,True
15655,Arizona St,Oregon,Oregon,False,13,2023-11-18,1,0.69910216,False
15656,Rutgers,Penn St,Penn St,False,13,2023-11-18,0,0.45368016,True
15657,Charlotte,Rice,Rice,False,13,2023-11-18,0,0.39256504,True
15658,San Diego St,San Jose St,San Jose St,False,13,2023-11-18,1,0.55360895,False
15659,S Alabama,Marshall,S Alabama,True,13,2023-11-18,0,0.30390346,False
15660,South Carolina,Kentucky,South Carolina,True,13,2023-11-18,0,0.41660184,False
15661,Memphis,SMU,SMU,False,13,2023-11-18,0,0.44997257,True
15662,Texas,Iowa St,Texas,True,13,2023-11-18,1,0.6570409,True
15664,TCU,Baylor,TCU,True,13,2023-11-18,0,0.44626188,False
15665,UCF,Texas Tech,Texas Tech,False,13,2023-11-18,1,0.6448375,False
15666,Troy,Louisiana,Troy,True,13,2023-11-18,1,0.6630194,True
15667,Tulane,Florida Atlantic,Tulane,True,13,2023-11-18,1,0.5224602,True
15668,UCLA,USC,UCLA,True,13,2023-11-18,1,0.71132463,True
15669,Duke,Virginia,Virginia,False,13,2023-11-18,1,0.5312754,False
15670,Oregon St,Washington,Washington,False,13,2023-11-18,0,0.4892703,True
15671,West Virginia,Cincinnati,West Virginia,True,13,2023-11-18,0,0.42946467,False
15672,Sam Houston,W Kentucky,W Kentucky,False,13,2023-11-18,0,0.4740102,True
15673,Nebraska,Wisconsin,Wisconsin,False,13,2023-11-18,1,0.72222966,False
15674,Hawai'i,Wyoming,Wyoming,False,13,2023-11-18,1,0.588501,False
15675,Bowling Green,W Michigan,Bowling Green,True,14,2023-11-21,0,0.40627986,False
15676,Buffalo,E Michigan,E Michigan,False,14,2023-11-21,1,0.51891583,False
15677,Mississippi St,Mississippi,Mississippi,False,14,2023-11-23,1,0.53140926,False
15678,Boise St,Air Force,Boise St,True,14,2023-11-24,0,0.42957982,False
15679,Nebraska,Iowa,Iowa,False,14,2023-11-24,0,0.19813557,True
15680,Temple,Memphis,Memphis,False,14,2023-11-24,1,0.6085356,False
15681,Boston College,Miami,Miami,False,14,2023-11-24,1,0.74838406,False
15682,Arkansas,Missouri,Missouri,False,14,2023-11-24,0,0.49926496,True
15683,Akron,Ohio,Ohio,False,14,2023-11-24,0,0.3028861,True
15684,TCU,Oklahoma,Oklahoma,False,14,2023-11-24,1,0.5028285,False
15685,Oregon,Oregon St,Oregon,True,14,2023-11-24,0,0.28901872,False
15686,Michigan St,Penn St,Penn St,False,14,2023-11-24,0,0.16922943,True
15687,Texas Tech,Texas,Texas,False,14,2023-11-24,0,0.42476287,True
15688,Toledo,C Michigan,Toledo,True,14,2023-11-24,1,0.59723175,True
15689,UTSA,Tulane,Tulane,False,14,2023-11-24,0,0.3771991,True
15690,Utah St,New Mexico,Utah St,True,14,2023-11-24,1,0.6208236,True
15691,Auburn,Alabama,Alabama,False,14,2023-11-25,0,0.45193955,True
15692,App State,Georgia So,App State,True,14,2023-11-25,0,0.22995134,False
15693,Arizona,Arizona St,Arizona,True,14,2023-11-25,0,0.3724133,False
15694,UCLA,California,California,False,14,2023-11-25,1,0.5390165,False
15695,Houston,UCF,UCF,False,14,2023-11-25,0,0.4447108,True
15696,South Carolina,Clemson,Clemson,False,14,2023-11-25,1,0.6678908,False
15697,UConn,UMass,UConn,True,14,2023-11-25,0,0.3283153,False
15698,Duke,Pittsburgh,Duke,True,14,2023-11-25,1,0.59831965,True
15699,Florida,Florida St,Florida St,False,14,2023-11-25,0,0.40521172,True
15700,Georgia Tech,Georgia,Georgia,False,14,2023-11-25,1,0.51568085,False
15701,Colorado St,Hawai'i,Hawai'i,False,14,2023-11-25,1,0.6302311,False
15702,Kansas St,Iowa St,Iowa St,False,14,2023-11-25,1,0.6984969,False
15703,J Madison,Coastal Car,J Madison,True,14,2023-11-25,1,0.5538756,True
15704,Kansas,Cincinnati,Kansas,True,14,2023-11-25,1,0.5526628,True
15705,Louisville,Kentucky,Kentucky,False,14,2023-11-25,0,0.18927525,True
15706,UTEP,Liberty,Liberty,False,14,2023-11-25,1,0.6026725,False
15707,UL Monroe,Louisiana,Louisiana,False,14,2023-11-25,1,0.6467652,False
15708,Texas A&M,LSU,LSU,False,14,2023-11-25,0,0.26452821,True
15709,Marshall,Arkansas St,Marshall,True,14,2023-11-25,0,0.21249254,False
15710,Rutgers,Maryland,Maryland,False,14,2023-11-25,0,0.37875965,True
15711,Miami OH,Ball St,Miami OH,True,14,2023-11-25,0,0.36170852,False
15712,Michigan,Ohio St,Michigan,True,14,2023-11-25,0,0.18230985,False
15713,New Mexico St,Jacksonville St,New Mexico St,True,14,2023-11-25,1,0.6458922,True
15714,North Carolina,NC State,NC State,False,14,2023-11-25,0,0.26774022,True
15715,N Texas,UAB,N Texas,True,14,2023-11-25,0,0.16356033,False
15716,N Illinois,Kent St,N Illinois,True,14,2023-11-25,1,0.7417926,True
15717,Northwestern,Illinois,Northwestern,True,14,2023-11-25,1,0.71426815,True
15718,Stanford,Notre Dame,Notre Dame,False,14,2023-11-25,1,0.63880444,False
15719,Oklahoma St,BYU,Oklahoma St,True,14,2023-11-25,0,0.45629367,False
15720,Georgia St,Old Dominion,Old Dominion,False,14,2023-11-25,1,0.56627434,False
15721,Purdue,Indiana,Purdue,True,14,2023-11-25,0,0.26841766,False
15722,Florida Atlantic,Rice,Rice,False,14,2023-11-25,1,0.621335,False
15723,Sam Houston,Middle Tenn,Sam Houston,True,14,2023-11-25,1,0.5752005,True
15724,Fresno St,San Diego St,San Diego St,False,14,2023-11-25,1,0.6967461,False
15725,San Jose St,UNLV,San Jose St,True,14,2023-11-25,0,0.45476845,False
15726,Charlotte,S Florida,S Florida,False,14,2023-11-25,1,0.5124431,False
15727,SMU,Navy,SMU,True,14,2023-11-25,0,0.45130455,False
15728,Wake Forest,Syracuse,Syracuse,False,14,2023-11-25,0,0.26955426,True
15729,Vanderbilt,Tennessee,Tennessee,False,14,2023-11-25,0,0.2725108,True
15730,S Alabama,Texas St,Texas St,False,14,2023-11-25,1,0.65897334,False
15731,Southern Miss,Troy,Troy,False,14,2023-11-25,1,0.7195236,False
15732,Tulsa,E Carolina,Tulsa,True,14,2023-11-25,0,0.41865698,False
15733,Colorado,Utah,Utah,False,14,2023-11-25,1,0.5816502,False
15734,Virginia,Virginia Tech,Virginia Tech,False,14,2023-11-25,1,0.5040501,False
15735,Washington,Washington St,Washington,True,14,2023-11-25,1,0.5738127,True
15736,West Virginia,Baylor,West Virginia,True,14,2023-11-25,1,0.5293871,True
15737,Florida Intl,W Kentucky,W Kentucky,False,14,2023-11-25,0,0.3530213,True
15738,Minnesota,Wisconsin,Wisconsin,False,14,2023-11-25,1,0.6944206,False
15739,Wyoming,Nevada,Wyoming,True,14,2023-11-25,0,0.36028537,False
15740,Liberty,New Mexico St,Liberty,True,15,2023-12-01,1,0.7697945,True
15741,Oregon,Washington,Washington,False,15,2023-12-01,0,0.16587219,True
15742,Georgia,Alabama,Alabama,False,15,2023-12-02,1,0.5571379,False
15743,Boise St,UNLV,Boise St,True,15,2023-12-02,1,0.6935876,True
15744,Florida St,Louisville,Florida St,True,15,2023-12-02,1,0.6648803,True
15745,Miami OH,Toledo,Miami OH,True,15,2023-12-02,0,0.351405,False
15746,Iowa,Michigan,Michigan,False,15,2023-12-02,0,0.06835316,True
15747,Tulane,SMU,SMU,False,15,2023-12-02,1,0.5245565,False
15748,Texas,Oklahoma St,Texas,True,15,2023-12-02,1,0.5952957,True
15749,App State,Troy,Troy,False,15,2023-12-02,0,0.49276495,True
15750,Navy,Army,Army,False,16,2023-12-09,0,0.38733262,True
15751,Miami OH,App State,App State,False,17,2023-12-16,1,0.5614017,False
15752,New Mexico St,Fresno St,Fresno St,False,17,2023-12-16,1,0.6145415,False
15753,Jacksonville St,Louisiana,Jacksonville St,True,17,2023-12-16,0,0.46462312,False
15754,Ohio,Georgia So,Ohio,True,17,2023-12-16,0,0.4382858,False
15755,California,Texas Tech,Texas Tech,False,17,2023-12-16,1,0.7356651,False
15756,Boise St,UCLA,UCLA,False,17,2023-12-16,1,0.78587264,False
15757,Old Dominion,W Kentucky,W Kentucky,False,17,2023-12-18,1,0.54759127,False
15758,UTSA,Marshall,UTSA,True,18,2023-12-19,0,0.31106415,False
15759,Syracuse,S Florida,S Florida,False,18,2023-12-21,0,0.28283128,True
15760,Georgia Tech,UCF,Georgia Tech,True,18,2023-12-22,1,0.7654703,True
15761,J Madison,Air Force,Air Force,False,18,2023-12-23,1,0.6555819,False
15762,Coastal Car,San Jose St,Coastal Car,True,18,2023-12-23,0,0.35556692,False
15763,Duke,Troy,Duke,True,18,2023-12-23,0,0.41206524,False
15764,Georgia St,Utah St,Georgia St,True,18,2023-12-23,1,0.7813092,True
15765,Arkansas St,N Illinois,N Illinois,False,18,2023-12-23,1,0.53484803,False
15766,Northwestern,Utah,Northwestern,True,18,2023-12-23,1,0.5326365,True
15767,E Michigan,S Alabama,S Alabama,False,18,2023-12-23,0,0.3532198,True
15768,UNLV,Kansas,Kansas,False,19,2023-12-26,0,0.17280202,True
15769,Minnesota,Bowling Green,Minnesota,True,19,2023-12-26,0,0.31249544,False
15770,Texas St,Rice,Texas St,True,19,2023-12-26,0,0.3343985,False
15771,Oklahoma St,Texas A&M,Oklahoma St,True,19,2023-12-27,0,0.33937305,False
15772,USC,Louisville,USC,True,19,2023-12-27,1,0.7018042,True
15773,Virginia Tech,Tulane,Virginia Tech,True,19,2023-12-27,1,0.6177347,True
15774,North Carolina,West Virginia,West Virginia,False,19,2023-12-27,0,0.43154302,True
15775,Arizona,Oklahoma,Arizona,True,19,2023-12-28,1,0.55066687,True
15776,SMU,Boston College,Boston College,False,19,2023-12-28,1,0.563708,False
15777,Kansas St,NC State,Kansas St,True,19,2023-12-28,1,0.8099197,True
15778,Rutgers,Miami,Rutgers,True,19,2023-12-28,0,0.49882606,False
15779,Clemson,Kentucky,Clemson,True,19,2023-12-29,1,0.8611998,True
15780,Iowa St,Memphis,Memphis,False,19,2023-12-29,0,0.41549882,True
15781,Ohio St,Missouri,Missouri,False,19,2023-12-29,0,0.13990255,True
15782,Oregon St,Notre Dame,Notre Dame,False,19,2023-12-29,0,0.42738092,True
15783,Georgia,Florida St,Georgia,True,19,2023-12-30,0,0.10796379,False
15784,Maryland,Auburn,Maryland,True,19,2023-12-30,0,0.41760534,False
15785,Penn St,Mississippi,Mississippi,False,19,2023-12-30,1,0.50999504,False
15786,Toledo,Wyoming,Wyoming,False,19,2023-12-30,1,0.63002026,False
15787,LSU,Wisconsin,LSU,True,20,2024-01-01,1,0.5095308,True
15788,Alabama,Michigan,Michigan,False,20,2024-01-01,0,0.14601254,True
15789,Oregon,Liberty,Oregon,True,20,2024-01-01,0,0.1531972,False
15790,Iowa,Tennessee,Tennessee,False,20,2024-01-01,0,0.39733025,True
15791,Texas,Washington,Washington,False,20,2024-01-01,0,0.18861002,True
15792,Michigan,Washington,Michigan,True,21,2024-01-08,1,0.52290386,True
15914,Georgia So,Nevada,Georgia So,True,3,2024-09-07,1,0.7033075,True
15928,Maryland,Michigan St,Michigan St,False,3,2024-09-07,0,0.27186307,True
15935,North Carolina,Charlotte,North Carolina,True,3,2024-09-07,1,0.6321788,True
15938,Ohio,S Alabama,Ohio,True,3,2024-09-07,0,0.42097124,False
15939,W Michigan,Ohio St,Ohio St,False,3,2024-09-07,0,0.3336505,True
15940,Houston,Oklahoma,Oklahoma,False,3,2024-09-07,0,0.2158803,True
15949,Kentucky,South Carolina,South Carolina,False,3,2024-09-07,1,0.74481064,False
15955,Syracuse,Georgia Tech,Syracuse,True,3,2024-09-07,1,0.5459193,True
15957,Texas,Michigan,Texas,True,3,2024-09-07,1,0.73932236,True
15971,Arizona St,Texas St,Arizona St,True,4,2024-09-12,1,0.90944785,True
15973,Kansas St,Arizona,Kansas St,True,4,2024-09-13,1,0.70648116,True
15974,Kansas,UNLV,UNLV,False,4,2024-09-13,0,0.3709868,True
15976,Wisconsin,Alabama,Alabama,False,4,2024-09-14,1,0.77224606,False
15977,E Carolina,App State,App State,False,4,2024-09-14,0,0.10239165,True
15978,UAB,Arkansas,Arkansas,False,4,2024-09-14,1,0.84354144,False
15979,New Mexico,Auburn,Auburn,False,4,2024-09-14,1,0.9014596,False
15980,Baylor,Air Force,Baylor,True,4,2024-09-14,0,0.44485012,False
15981,Wyoming,BYU,BYU,False,4,2024-09-14,0,0.13103278,True
15982,Buffalo,UMass,Buffalo,True,4,2024-09-14,0,0.09281355,False
15983,San Diego St,California,California,False,4,2024-09-14,0,0.18429984,True
15984,TCU,UCF,UCF,False,4,2024-09-14,0,0.36448014,True
15986,Miami OH,Cincinnati,Cincinnati,False,4,2024-09-14,0,0.36910546,True
15987,Coastal Car,Temple,Coastal Car,True,4,2024-09-14,1,0.8036337,True
15988,Colorado,Colorado St,Colorado,True,4,2024-09-14,0,0.41280517,False
15989,UConn,Duke,Duke,False,4,2024-09-14,1,0.64406097,False
15990,E Michigan,Jacksonville St,E Michigan,True,4,2024-09-14,1,0.78230906,True
15991,Florida Intl,Florida Atlantic,Florida Atlantic,False,4,2024-09-14,1,0.70726526,False
15992,New Mexico St,Fresno St,Fresno St,False,4,2024-09-14,0,0.33362293,True
15993,Georgia,Kentucky,Georgia,True,4,2024-09-14,1,0.5846152,True
15995,Georgia St,Vanderbilt,Georgia St,True,4,2024-09-14,1,0.73756605,True
15997,Rice,Houston,Houston,False,4,2024-09-14,1,0.70337236,False
15998,Illinois,C Michigan,Illinois,True,4,2024-09-14,1,0.6745832,True
15999,Indiana,UCLA,Indiana,True,4,2024-09-14,0,0.35907984,False
16000,Troy,Iowa,Iowa,False,4,2024-09-14,0,0.13410155,True
16001,UTEP,Liberty,Liberty,False,4,2024-09-14,1,0.54576564,False
16002,LSU,South Carolina,LSU,True,4,2024-09-14,1,0.6211944,True
16003,Maryland,Virginia,Maryland,True,4,2024-09-14,0,0.42863938,False
16004,Florida St,Memphis,Memphis,False,4,2024-09-14,0,0.4810329,True
16006,Arkansas St,Michigan,Michigan,False,4,2024-09-14,0,0.33005276,True
16008,Minnesota,Nevada,Minnesota,True,4,2024-09-14,1,0.59567475,True
16009,Mississippi,Wake Forest,Mississippi,True,4,2024-09-14,1,0.5807843,True
16010,Missouri,Boston College,Missouri,True,4,2024-09-14,1,0.85881865,True
16017,Tulane,Oklahoma,Oklahoma,False,4,2024-09-14,0,0.46623272,True
16018,Oklahoma St,Tulsa,Oklahoma St,True,4,2024-09-14,1,0.70667726,True
16019,Oregon St,Oregon,Oregon,False,4,2024-09-14,1,0.5599908,False
16020,West Virginia,Pittsburgh,Pittsburgh,False,4,2024-09-14,1,0.63097763,False
16021,Hawai'i,Sam Houston,Sam Houston,False,4,2024-09-14,1,0.53147054,False
16022,Kennesaw St,San Jose St,San Jose St,False,4,2024-09-14,0,0.27488065,True
16023,Southern Miss,S Florida,S Florida,False,4,2024-09-14,0,0.32945397,True
16024,Tennessee,Kent St,Tennessee,True,4,2024-09-14,0,0.3944541,False
16025,Texas,UTSA,Texas,True,4,2024-09-14,0,0.3962819,False
16026,Florida,Texas A&M,Texas A&M,False,4,2024-09-14,0,0.47781995,True
16027,Texas Tech,N Texas,Texas Tech,True,4,2024-09-14,1,0.5653254,True
16028,Mississippi St,Toledo,Toledo,False,4,2024-09-14,1,0.7082036,False
16029,Utah,Utah St,Utah,True,4,2024-09-14,1,0.62083966,True
16030,Virginia Tech,Old Dominion,Virginia Tech,True,4,2024-09-14,1,0.64492255,True
16031,Washington St,Washington,Washington St,True,4,2024-09-14,1,0.59313,True
16032,W Kentucky,Middle Tenn,W Kentucky,True,4,2024-09-14,0,0.44190744,False
16034,App State,S Alabama,S Alabama,False,5,2024-09-19,0,0.2604098,True
16035,Nebraska,Illinois,Illinois,False,5,2024-09-20,0,0.38790426,True
16036,Syracuse,Stanford,Stanford,False,5,2024-09-20,0,0.477897,True
16037,San Jose St,Washington St,Washington St,False,5,2024-09-20,0,0.21066746,True
16038,Arkansas,Auburn,Arkansas,True,5,2024-09-21,0,0.43348718,False
16039,Rice,Army,Army,False,5,2024-09-21,0,0.1782107,True
16041,Michigan St,Boston College,Boston College,False,5,2024-09-21,0,0.3767092,True
16042,Kansas St,BYU,BYU,False,5,2024-09-21,0,0.39562213,True
16043,Buffalo,N Illinois,Buffalo,True,5,2024-09-21,0,0.33560434,False
16044,Ball St,C Michigan,C Michigan,False,5,2024-09-21,0,0.38667247,True
16045,Houston,Cincinnati,Cincinnati,False,5,2024-09-21,0,0.32518554,True
16046,NC State,Clemson,Clemson,False,5,2024-09-21,1,0.51897556,False
16047,Baylor,Colorado,Colorado,False,5,2024-09-21,0,0.4752463,True
16048,Colorado St,UTEP,Colorado St,True,5,2024-09-21,0,0.30580753,False
16049,UConn,Florida Atlantic,UConn,True,5,2024-09-21,0,0.42063957,False
16050,Middle Tenn,Duke,Duke,False,5,2024-09-21,1,0.9270472,False
16052,Mississippi St,Florida,Florida,False,5,2024-09-21,0,0.44713444,True
16053,Florida St,California,Florida St,True,5,2024-09-21,1,0.5129307,True
16054,Fresno St,New Mexico,Fresno St,True,5,2024-09-21,1,0.5961837,True
16055,Indiana,Charlotte,Indiana,True,5,2024-09-21,0,0.47263384,False
16056,Minnesota,Iowa,Iowa,False,5,2024-09-21,0,0.3344538,True
16057,Iowa St,Arkansas St,Iowa St,True,5,2024-09-21,1,0.6989878,True
16058,Jacksonville St,Southern Miss,Jacksonville St,True,5,2024-09-21,0,0.37915173,False
16059,J Madison,North Carolina,J Madison,True,5,2024-09-21,1,0.6073085,True
16060,Kentucky,Ohio,Kentucky,True,5,2024-09-21,0,0.41206062,False
16061,Liberty,E Carolina,Liberty,True,5,2024-09-21,0,0.25649652,False
16062,LSU,UCLA,LSU,True,5,2024-09-21,1,0.5813791,True
16063,Georgia Tech,Louisville,Louisville,False,5,2024-09-21,1,0.55044365,False
16066,Miami,S Florida,Miami,True,5,2024-09-21,1,0.57863617,True
16067,USC,Michigan,Michigan,False,5,2024-09-21,0,0.16022193,True
16068,Georgia So,Mississippi,Mississippi,False,5,2024-09-21,1,0.68193305,False
16069,Missouri,Vanderbilt,Missouri,True,5,2024-09-21,1,0.74882853,True
16071,Navy,Memphis,Navy,True,5,2024-09-21,1,0.6132925,True
16073,N Texas,Wyoming,N Texas,True,5,2024-09-21,0,0.48840022,False
16074,Miami OH,Notre Dame,Notre Dame,False,5,2024-09-21,1,0.7109917,False
16075,Ohio St,Marshall,Ohio St,True,5,2024-09-21,1,0.9331508,True
16076,Purdue,Oregon St,Oregon St,False,5,2024-09-21,0,0.14986145,True
16077,Kent St,Penn St,Penn St,False,5,2024-09-21,0,0.238332,True
16079,Rutgers,Virginia Tech,Rutgers,True,5,2024-09-21,1,0.54338145,True
16080,New Mexico St,Sam Houston,Sam Houston,False,5,2024-09-21,0,0.48283467,True
16081,South Carolina,Akron,South Carolina,True,5,2024-09-21,1,0.55526537,True
16082,TCU,SMU,SMU,False,5,2024-09-21,1,0.6798408,False
16083,Utah St,Temple,Temple,False,5,2024-09-21,1,0.6962436,False
16084,Oklahoma,Tennessee,Tennessee,False,5,2024-09-21,1,0.9065334,False
16085,UL Monroe,Texas,Texas,False,5,2024-09-21,1,0.7956664,False
16086,Texas A&M,Bowling Green,Texas A&M,True,5,2024-09-21,1,0.7176079,True
16087,Arizona St,Texas Tech,Texas Tech,False,5,2024-09-21,1,0.62906146,False
16090,Tulane,Louisiana,Tulane,True,5,2024-09-21,1,0.69879186,True
16091,Louisiana Tech,Tulsa,Tulsa,False,5,2024-09-21,1,0.62121445,False
16092,Utah,Oklahoma St,Utah,True,5,2024-09-21,1,0.62687206,True
16093,Coastal Car,Virginia,Virginia,False,5,2024-09-21,0,0.37385038,True
16094,Northwestern,Washington,Washington,False,5,2024-09-21,0,0.48733768,True
16095,Kansas,West Virginia,West Virginia,False,5,2024-09-21,1,0.57374823,False
16096,Toledo,W Kentucky,W Kentucky,False,5,2024-09-21,1,0.5362678,False
16098,Army,Temple,Army,True,6,2024-09-26,0,0.43940622,False
16099,Virginia Tech,Miami,Miami,False,6,2024-09-27,1,0.87831444,False
16100,Washington,Rutgers,Rutgers,False,6,2024-09-27,0,0.40980667,True
16101,Alabama,Georgia,Alabama,True,6,2024-09-28,0,0.33077952,False
16102,Utah,Arizona,Arizona,False,6,2024-09-28,1,0.56617796,False
16103,Boise St,Washington St,Boise St,True,6,2024-09-28,0,0.43574613,False
16104,Boston College,W Kentucky,Boston College,True,6,2024-09-28,1,0.5863425,True
16105,BYU,Baylor,BYU,True,6,2024-09-28,0,0.3281944,False
16106,C Michigan,San Diego St,C Michigan,True,6,2024-09-28,1,0.55561846,True
16107,Charlotte,Rice,Charlotte,True,6,2024-09-28,1,0.6035621,True
16108,Clemson,Stanford,Clemson,True,6,2024-09-28,0,0.34895068,False
16109,Colorado,UCF,Colorado,True,6,2024-09-28,0,0.3902583,False
16110,Buffalo,UConn,UConn,False,6,2024-09-28,1,0.7779075,False
16111,North Carolina,Duke,Duke,False,6,2024-09-28,0,0.43788835,True
16112,E Carolina,UTSA,E Carolina,True,6,2024-09-28,0,0.30926377,False
16113,E Michigan,Kent St,E Michigan,True,6,2024-09-28,0,0.3077926,False
16115,Florida Intl,Louisiana Tech,Florida Intl,True,6,2024-09-28,1,0.7419237,True
16116,Georgia So,Georgia St,Georgia So,True,6,2024-09-28,1,0.6657218,True
16117,Maryland,Indiana,Indiana,False,6,2024-09-28,1,0.5628395,False
16118,Houston,Iowa St,Iowa St,False,6,2024-09-28,0,0.35619578,True
16119,Ball St,J Madison,J Madison,False,6,2024-09-28,1,0.7496859,False
16120,Kansas St,Oklahoma St,Kansas St,True,6,2024-09-28,0,0.36136055,False
16121,Kentucky,Mississippi,Kentucky,True,6,2024-09-28,1,0.64808476,True
16122,Wake Forest,Louisiana,Louisiana,False,6,2024-09-28,1,0.64524287,False
16123,LSU,S Alabama,LSU,True,6,2024-09-28,0,0.47593734,False
16124,Troy,UL Monroe,UL Monroe,False,6,2024-09-28,1,0.60953593,False
16125,W Michigan,Marshall,Marshall,False,6,2024-09-28,0,0.36928505,True
16126,Memphis,Middle Tenn,Memphis,True,6,2024-09-28,1,0.57003593,True
16127,UMass,Miami OH,Miami OH,False,6,2024-09-28,0,0.45808545,True
16128,Michigan,Minnesota,Michigan,True,6,2024-09-28,1,0.5531696,True
16129,UAB,Navy,Navy,False,6,2024-09-28,1,0.79339445,False
16130,Nebraska,Purdue,Nebraska,True,6,2024-09-28,0,0.4211091,False
16131,UNLV,Fresno St,UNLV,True,6,2024-09-28,1,0.6516924,True
16132,New Mexico,New Mexico St,New Mexico,True,6,2024-09-28,1,0.6986975,True
16133,NC State,N Illinois,NC State,True,6,2024-09-28,0,0.3420069,False
16134,Tulsa,N Texas,N Texas,False,6,2024-09-28,0,0.4633036,True
16135,Notre Dame,Louisville,Notre Dame,True,6,2024-09-28,0,0.29958197,False
16136,Akron,Ohio,Ohio,False,6,2024-09-28,0,0.44036993,True
16137,Ohio St,Michigan St,Ohio St,True,6,2024-09-28,0,0.38446057,False
16138,Oklahoma,Auburn,Oklahoma,True,6,2024-09-28,1,0.5545655,True
16139,Old Dominion,Bowling Green,Old Dominion,True,6,2024-09-28,1,0.7186665,True
16140,UCLA,Oregon,Oregon,False,6,2024-09-28,0,0.123328485,True
16141,Penn St,Illinois,Penn St,True,6,2024-09-28,1,0.7408388,True
16142,Sam Houston,Texas St,Sam Houston,True,6,2024-09-28,1,0.6976345,True
16143,Wisconsin,USC,USC,False,6,2024-09-28,0,0.45189333,True
16144,SMU,Florida St,SMU,True,6,2024-09-28,0,0.35236982,False
16147,Texas,Mississippi St,Texas,True,6,2024-09-28,1,0.78570765,True
16148,Texas A&M,Arkansas,Texas A&M,True,6,2024-09-28,1,0.5757124,True
16149,TCU,Kansas,TCU,True,6,2024-09-28,1,0.6304558,True
16150,Texas Tech,Cincinnati,Texas Tech,True,6,2024-09-28,0,0.24451286,False
16151,Tulane,S Florida,Tulane,True,6,2024-09-28,1,0.5673463,True
16152,Air Force,Wyoming,Wyoming,False,6,2024-09-28,1,0.60667396,False
16153,UTEP,Sam Houston,Sam Houston,False,7,2024-10-03,0,0.46978316,True
16154,Troy,Texas St,Texas St,False,7,2024-10-03,0,0.47655246,True
16155,Houston,TCU,Houston,True,7,2024-10-04,1,0.5223803,True
16156,Jacksonville St,Kennesaw St,Jacksonville St,True,7,2024-10-04,1,0.87004036,True
16157,Michigan St,Oregon,Oregon,False,7,2024-10-04,0,0.1964712,True
16158,Syracuse,UNLV,Syracuse,True,7,2024-10-04,1,0.52482736,True
16159,Arizona St,Kansas,Arizona St,True,7,2024-10-05,0,0.28885537,False
16160,Tennessee,Arkansas,Arkansas,False,7,2024-10-05,0,0.4461688,True
16161,Arkansas St,S Alabama,Arkansas St,True,7,2024-10-05,1,0.503699,True
16162,Tulsa,Army,Army,False,7,2024-10-05,1,0.66674244,False
16163,Utah St,Boise St,Boise St,False,7,2024-10-05,1,0.8402824,False
16164,Bowling Green,Akron,Bowling Green,True,7,2024-10-05,1,0.8403259,True
16165,Charlotte,E Carolina,Charlotte,True,7,2024-10-05,1,0.77176696,True
16166,Clemson,Florida St,Clemson,True,7,2024-10-05,1,0.8198432,True
16167,Old Dominion,Coastal Car,Coastal Car,False,7,2024-10-05,0,0.45663437,True
16168,UConn,Temple,UConn,True,7,2024-10-05,1,0.55938464,True
16169,UCF,Florida,Florida,False,7,2024-10-05,1,0.5681028,False
16170,Georgia,Auburn,Georgia,True,7,2024-10-05,1,0.61147493,True
16171,Duke,Georgia Tech,Georgia Tech,False,7,2024-10-05,0,0.34928364,True
16172,Indiana,Northwestern,Indiana,True,7,2024-10-05,0,0.31554928,False
16173,Baylor,Iowa St,Iowa St,False,7,2024-10-05,0,0.39858156,True
16174,Southern Miss,Louisiana,Louisiana,False,7,2024-10-05,1,0.681836,False
16175,J Madison,UL Monroe,UL Monroe,False,7,2024-10-05,1,0.60295016,False
16176,App State,Marshall,Marshall,False,7,2024-10-05,0,0.35211828,True
16177,Miami,California,Miami,True,7,2024-10-05,1,0.62443805,True
16178,USC,Minnesota,Minnesota,False,7,2024-10-05,0,0.4258009,True
16179,Mississippi,South Carolina,Mississippi,True,7,2024-10-05,1,0.5604828,True
16180,Navy,Air Force,Navy,True,7,2024-10-05,1,0.5056022,True
16181,Nebraska,Rutgers,Nebraska,True,7,2024-10-05,1,0.5086739,True
16182,N Illinois,UMass,N Illinois,True,7,2024-10-05,0,0.4461939,False
16183,Ohio St,Iowa,Ohio St,True,7,2024-10-05,1,0.6965375,True
16184,Oregon St,Colorado St,Oregon St,True,7,2024-10-05,1,0.9091916,True
16185,UCLA,Penn St,Penn St,False,7,2024-10-05,0,0.35361868,True
16186,North Carolina,Pittsburgh,Pittsburgh,False,7,2024-10-05,0,0.41651034,True
16187,Hawai'i,San Diego St,San Diego St,False,7,2024-10-05,1,0.65391403,False
16188,San Jose St,Nevada,San Jose St,True,7,2024-10-05,1,0.65007186,True
16189,Louisville,SMU,SMU,False,7,2024-10-05,0,0.49814254,True
16190,Texas A&M,Missouri,Texas A&M,True,7,2024-10-05,0,0.37180477,False
16191,Arizona,Texas Tech,Texas Tech,False,7,2024-10-05,0,0.40084583,True
16192,Toledo,Miami OH,Toledo,True,7,2024-10-05,1,0.51770204,True
16193,UAB,Tulane,Tulane,False,7,2024-10-05,0,0.37698504,True
16194,Vanderbilt,Alabama,Vanderbilt,True,7,2024-10-05,1,0.5250469,True
16195,Virginia,Boston College,Virginia,True,7,2024-10-05,1,0.60938126,True
16196,Virginia Tech,Stanford,Virginia Tech,True,7,2024-10-05,1,0.5459956,True
16197,NC State,Wake Forest,Wake Forest,False,7,2024-10-05,0,0.24681215,True
16198,Michigan,Washington,Washington,False,7,2024-10-05,1,0.57210124,False
16199,West Virginia,Oklahoma St,West Virginia,True,7,2024-10-05,1,0.80051166,True
16200,W Michigan,Ball St,W Michigan,True,7,2024-10-05,1,0.8583838,True
16201,Wisconsin,Purdue,Wisconsin,True,7,2024-10-05,1,0.76492226,True
16202,Florida Intl,Liberty,Liberty,False,8,2024-10-08,0,0.22598742,True
16203,New Mexico St,Jacksonville St,Jacksonville St,False,8,2024-10-09,1,0.5265126,False
16204,J Madison,Coastal Car,J Madison,True,8,2024-10-10,0,0.29652846,False
16205,Middle Tenn,Louisiana Tech,Louisiana Tech,False,8,2024-10-10,0,0.28058884,True
16206,W Kentucky,UTEP,W Kentucky,True,8,2024-10-10,0,0.36915275,False
16207,Utah,Arizona St,Arizona St,False,8,2024-10-11,1,0.5525995,False
16208,Utah St,UNLV,UNLV,False,8,2024-10-11,1,0.60986656,False
16209,Northwestern,Maryland,Northwestern,True,8,2024-10-11,1,0.81093067,True
16210,Alabama,South Carolina,Alabama,True,8,2024-10-12,0,0.47861376,False
16211,UAB,Army,Army,False,8,2024-10-12,1,0.6855106,False
16212,Ball St,Kent St,Ball St,True,8,2024-10-12,1,0.81385046,True
16213,Hawai'i,Boise St,Boise St,False,8,2024-10-12,0,0.21583621,True
16214,Arizona,BYU,BYU,False,8,2024-10-12,0,0.4743562,True
16215,Buffalo,Toledo,Buffalo,True,8,2024-10-12,0,0.45282957,False
16216,Cincinnati,UCF,Cincinnati,True,8,2024-10-12,0,0.48226848,False
16217,Wake Forest,Clemson,Clemson,False,8,2024-10-12,1,0.5842685,False
16218,Colorado St,San Jose St,Colorado St,True,8,2024-10-12,1,0.63826895,True
16219,Mississippi St,Georgia,Georgia,False,8,2024-10-12,1,0.57042855,False
16220,Marshall,Georgia So,Georgia So,False,8,2024-10-12,1,0.64304143,False
16221,North Carolina,Georgia Tech,Georgia Tech,False,8,2024-10-12,0,0.38345292,True
16222,Illinois,Purdue,Illinois,True,8,2024-10-12,1,0.55928653,True
16223,Iowa,Washington,Iowa,True,8,2024-10-12,1,0.6165302,True
16224,West Virginia,Iowa St,Iowa St,False,8,2024-10-12,0,0.32170433,True
16225,Colorado,Kansas St,Kansas St,False,8,2024-10-12,0,0.3699512,True
16226,App State,Louisiana,Louisiana,False,8,2024-10-12,1,0.52764606,False
16227,Mississippi,LSU,LSU,False,8,2024-10-12,0,0.20799768,True
16228,Southern Miss,UL Monroe,UL Monroe,False,8,2024-10-12,1,0.6508041,False
16229,Louisville,Virginia,Louisville,True,8,2024-10-12,0,0.3883521,False
16230,S Florida,Memphis,Memphis,False,8,2024-10-12,0,0.44318095,True
16231,E Michigan,Miami OH,Miami OH,False,8,2024-10-12,1,0.6615389,False
16232,Minnesota,UCLA,Minnesota,True,8,2024-10-12,1,0.6585786,True
16233,UMass,Missouri,Missouri,False,8,2024-10-12,1,0.6249895,False
16234,Nevada,Oregon St,Nevada,True,8,2024-10-12,1,0.5672879,True
16235,Air Force,New Mexico,New Mexico,False,8,2024-10-12,0,0.3583723,True
16236,Florida Atlantic,N Texas,N Texas,False,8,2024-10-12,0,0.23454545,True
16237,Bowling Green,N Illinois,N Illinois,False,8,2024-10-12,0,0.2789455,True
16238,Stanford,Notre Dame,Notre Dame,False,8,2024-10-12,1,0.56566954,False
16239,Ohio,C Michigan,Ohio,True,8,2024-10-12,1,0.81354445,True
16240,Old Dominion,Georgia St,Old Dominion,True,8,2024-10-12,1,0.61754096,True
16241,Oregon,Ohio St,Oregon,True,8,2024-10-12,1,0.7213436,True
16242,USC,Penn St,Penn St,False,8,2024-10-12,1,0.59309834,False
16243,Pittsburgh,California,Pittsburgh,True,8,2024-10-12,1,0.57485616,True
16244,Rice,UTSA,Rice,True,8,2024-10-12,1,0.6874621,True
16245,Wyoming,San Diego St,San Diego St,False,8,2024-10-12,1,0.6609733,False
16246,Syracuse,NC State,Syracuse,True,8,2024-10-12,0,0.42131892,False
16247,Florida,Tennessee,Tennessee,False,8,2024-10-12,1,0.6233149,False
16248,Oklahoma,Texas,Texas,False,8,2024-10-12,1,0.62314075,False
16249,Texas St,Arkansas St,Texas St,True,8,2024-10-12,1,0.56488734,True
16250,Vanderbilt,Kentucky,Vanderbilt,True,8,2024-10-12,0,0.3396061,False
16251,Fresno St,Washington St,Washington St,False,8,2024-10-12,0,0.42506796,True
16252,Akron,W Michigan,W Michigan,False,8,2024-10-12,1,0.50431126,False
16253,Rutgers,Wisconsin,Wisconsin,False,8,2024-10-12,1,0.502982,False
16254,Kennesaw St,Middle Tenn,Middle Tenn,False,9,2024-10-15,1,0.738305,False
16255,Louisiana Tech,New Mexico St,New Mexico St,False,9,2024-10-15,1,0.5773442,False
16256,S Alabama,Troy,S Alabama,True,9,2024-10-15,0,0.46641552,False
16257,UTEP,Florida Intl,UTEP,True,9,2024-10-16,1,0.77091527,True
16258,Sam Houston,W Kentucky,W Kentucky,False,9,2024-10-16,0,0.425932,True
16259,Georgia St,Marshall,Marshall,False,9,2024-10-17,0,0.26194844,True
16260,Virginia Tech,Boston College,Virginia Tech,True,9,2024-10-17,0,0.2901635,False
16261,Oklahoma St,BYU,BYU,False,9,2024-10-18,0,0.3614699,True
16262,Duke,Florida St,Duke,True,9,2024-10-18,0,0.49765027,False
16263,Fresno St,Nevada,Fresno St,True,9,2024-10-18,1,0.65995336,True
16264,Purdue,Oregon,Oregon,False,9,2024-10-18,1,0.57254624,False
16265,Arkansas St,Southern Miss,Arkansas St,True,9,2024-10-19,0,0.4759193,False
16266,E Carolina,Army,Army,False,9,2024-10-19,1,0.6294388,False
16267,Texas Tech,Baylor,Baylor,False,9,2024-10-19,0,0.43284246,True
16268,Bowling Green,Kent St,Bowling Green,True,9,2024-10-19,1,0.74214995,True
16269,Arizona St,Cincinnati,Cincinnati,False,9,2024-10-19,1,0.5278552,False
16270,Virginia,Clemson,Clemson,False,9,2024-10-19,0,0.31069565,True
16271,Arizona,Colorado,Colorado,False,9,2024-10-19,0,0.4573237,True
16272,Air Force,Colorado St,Colorado St,False,9,2024-10-19,1,0.67925364,False
16273,E Michigan,C Michigan,E Michigan,True,9,2024-10-19,1,0.7148901,True
16274,Florida,Kentucky,Florida,True,9,2024-10-19,1,0.6078188,True
16275,Texas,Georgia,Georgia,False,9,2024-10-19,1,0.7599145,False
16276,J Madison,Georgia So,Georgia So,False,9,2024-10-19,0,0.28031862,True
16277,Michigan,Illinois,Illinois,False,9,2024-10-19,0,0.39865732,True
16278,Nebraska,Indiana,Indiana,False,9,2024-10-19,0,0.25079653,True
16279,Iowa St,UCF,Iowa St,True,9,2024-10-19,0,0.47011548,False
16280,Kansas,Houston,Kansas,True,9,2024-10-19,0,0.42442504,False
16281,Kansas St,West Virginia,Kansas St,True,9,2024-10-19,1,0.56217605,True
16282,Coastal Car,Louisiana,Louisiana,False,9,2024-10-19,0,0.34564394,True
16283,Arkansas,LSU,LSU,False,9,2024-10-19,0,0.4434105,True
16284,USC,Maryland,Maryland,False,9,2024-10-19,1,0.54768217,False
16285,Memphis,N Texas,Memphis,True,9,2024-10-19,1,0.5849586,True
16286,Louisville,Miami,Miami,False,9,2024-10-19,0,0.37600282,True
16287,Miami OH,Ohio,Miami OH,True,9,2024-10-19,1,0.50889945,True
16288,Iowa,Michigan St,Michigan St,False,9,2024-10-19,1,0.6013383,False
16289,Missouri,Auburn,Missouri,True,9,2024-10-19,0,0.3605567,False
16290,Charlotte,Navy,Navy,False,9,2024-10-19,1,0.5978332,False
16291,Oregon St,UNLV,UNLV,False,9,2024-10-19,1,0.91187006,False
16292,New Mexico,Utah St,New Mexico,True,9,2024-10-19,0,0.3220175,False
16293,NC State,California,NC State,True,9,2024-10-19,1,0.6372668,True
16294,Notre Dame,Georgia Tech,Notre Dame,True,9,2024-10-19,1,0.503912,True
16295,Texas St,Old Dominion,Old Dominion,False,9,2024-10-19,1,0.61692864,False
16296,Wyoming,San Jose St,San Jose St,False,9,2024-10-19,1,0.7752891,False
16297,South Carolina,Oklahoma,South Carolina,True,9,2024-10-19,0,0.31422207,False
16298,UAB,S Florida,S Florida,False,9,2024-10-19,1,0.591956,False
16299,SMU,Stanford,SMU,True,9,2024-10-19,0,0.49971086,False
16300,Temple,Tulsa,Temple,True,9,2024-10-19,0,0.4470226,False
16301,Alabama,Tennessee,Tennessee,False,9,2024-10-19,0,0.23973748,True
16302,Mississippi St,Texas A&M,Texas A&M,False,9,2024-10-19,0,0.30936468,True
16303,TCU,Utah,TCU,True,9,2024-10-19,0,0.45030743,False
16304,Florida Atlantic,UTSA,UTSA,False,9,2024-10-19,0,0.34213603,True
16305,N Illinois,Toledo,Toledo,False,9,2024-10-19,1,0.76191556,False
16306,Tulane,Rice,Tulane,True,9,2024-10-19,1,0.5405778,True
16307,Rutgers,UCLA,UCLA,False,9,2024-10-19,1,0.58391196,False
16308,Ball St,Vanderbilt,Vanderbilt,False,9,2024-10-19,1,0.5202846,False
16309,Wake Forest,UConn,Wake Forest,True,9,2024-10-19,1,0.72023976,True
16310,Washington St,Hawai'i,Washington St,True,9,2024-10-19,0,0.26314884,False
16311,W Michigan,Buffalo,W Michigan,True,9,2024-10-19,0,0.43691346,False
16312,Wisconsin,Northwestern,Wisconsin,True,9,2024-10-19,0,0.41549495,False
16313,Louisiana Tech,UTEP,Louisiana Tech,True,10,2024-10-22,0,0.36462164,False
16314,Florida Intl,Sam Houston,Sam Houston,False,10,2024-10-22,0,0.465763,True
16315,Middle Tenn,Jacksonville St,Jacksonville St,False,10,2024-10-23,1,0.7211865,False
16316,Liberty,Kennesaw St,Kennesaw St,False,10,2024-10-23,0,0.2862651,True
16317,Old Dominion,Georgia So,Old Dominion,True,10,2024-10-24,0,0.39400792,False
16318,Pittsburgh,Syracuse,Pittsburgh,True,10,2024-10-24,1,0.6352036,True
16319,Boise St,UNLV,Boise St,True,10,2024-10-25,1,0.60500467,True
16320,Boston College,Louisville,Louisville,False,10,2024-10-25,1,0.717796,False
16321,USC,Rutgers,USC,True,10,2024-10-25,0,0.2959711,False
16322,Akron,E Michigan,Akron,True,10,2024-10-26,1,0.6486518,True
16323,Alabama,Missouri,Alabama,True,10,2024-10-26,0,0.409636,False
16324,App State,Georgia St,App State,True,10,2024-10-26,1,0.5047806,True
16325,Mississippi St,Arkansas,Arkansas,False,10,2024-10-26,1,0.6437732,False
16326,Troy,Arkansas St,Arkansas St,False,10,2024-10-26,1,0.63181597,False
16327,Kentucky,Auburn,Auburn,False,10,2024-10-26,0,0.45143372,True
16328,Ball St,N Illinois,Ball St,True,10,2024-10-26,0,0.49566567,False
16329,Baylor,Oklahoma St,Baylor,True,10,2024-10-26,0,0.4440743,False
16330,Toledo,Bowling Green,Bowling Green,False,10,2024-10-26,1,0.6454188,False
16331,BYU,UCF,BYU,True,10,2024-10-26,0,0.49731937,False
16332,Oregon St,California,California,False,10,2024-10-26,1,0.6532059,False
16333,Cincinnati,Colorado,Colorado,False,10,2024-10-26,1,0.5823165,False
16334,New Mexico,Colorado St,Colorado St,False,10,2024-10-26,0,0.2993688,True
16335,Rice,UConn,UConn,False,10,2024-10-26,0,0.14621149,True
16336,Temple,E Carolina,E Carolina,False,10,2024-10-26,0,0.4020348,True
16337,San Jose St,Fresno St,Fresno St,False,10,2024-10-26,1,0.5312902,False
16338,Utah,Houston,Houston,False,10,2024-10-26,0,0.4610035,True
16339,Indiana,Washington,Indiana,True,10,2024-10-26,1,0.63167745,True
16340,Iowa,Northwestern,Iowa,True,10,2024-10-26,0,0.4635404,False
16341,Southern Miss,J Madison,J Madison,False,10,2024-10-26,0,0.3048171,True
16342,Kansas,Kansas St,Kansas St,False,10,2024-10-26,1,0.8281325,False
16344,Charlotte,Memphis,Memphis,False,10,2024-10-26,0,0.45121342,True
16345,Florida St,Miami,Miami,False,10,2024-10-26,0,0.4564448,True
16346,Miami OH,C Michigan,Miami OH,True,10,2024-10-26,1,0.7525748,True
16347,Michigan,Michigan St,Michigan,True,10,2024-10-26,1,0.6372017,True
16348,Maryland,Minnesota,Minnesota,False,10,2024-10-26,1,0.5845648,False
16349,Oklahoma,Mississippi,Mississippi,False,10,2024-10-26,1,0.7228467,False
16350,North Carolina,Virginia,North Carolina,True,10,2024-10-26,0,0.4975353,False
16351,Notre Dame,Navy,Notre Dame,True,10,2024-10-26,0,0.18428506,False
16352,Ohio,Buffalo,Ohio,True,10,2024-10-26,1,0.5674915,True
16353,Ohio St,Nebraska,Ohio St,True,10,2024-10-26,1,0.5626624,True
16354,Oregon,Illinois,Oregon,True,10,2024-10-26,0,0.3764362,False
16355,Wisconsin,Penn St,Penn St,False,10,2024-10-26,0,0.27902666,True
16356,UL Monroe,S Alabama,S Alabama,False,10,2024-10-26,0,0.46781564,True
16357,Duke,SMU,SMU,False,10,2024-10-26,1,0.6099744,False
16358,Texas,Vanderbilt,Texas,True,10,2024-10-26,0,0.44008213,False
16359,LSU,Texas A&M,Texas A&M,False,10,2024-10-26,0,0.43745804,True
16360,TCU,Texas Tech,TCU,True,10,2024-10-26,0,0.23962995,False
16361,Tulane,N Texas,Tulane,True,10,2024-10-26,1,0.560728,True
16362,UTSA,Tulsa,Tulsa,False,10,2024-10-26,1,0.52148235,False
16363,Wyoming,Utah St,Utah St,False,10,2024-10-26,1,0.64143103,False
16364,Georgia Tech,Virginia Tech,Virginia Tech,False,10,2024-10-26,0,0.30398118,True
16365,Wake Forest,Stanford,Wake Forest,True,10,2024-10-26,0,0.41426772,False
16366,Washington St,San Diego St,Washington St,True,10,2024-10-26,1,0.5590617,True
16367,Arizona,West Virginia,West Virginia,False,10,2024-10-26,1,0.5557812,False
16368,Kent St,W Michigan,W Michigan,False,10,2024-10-26,1,0.7538385,False
16369,Nevada,Hawai'i,Hawai'i,False,10,2024-10-27,1,0.71645516,False
16370,New Mexico St,Florida Intl,Florida Intl,False,11,2024-10-29,1,0.775315,False
16371,Texas St,Louisiana,Louisiana,False,11,2024-10-29,0,0.44918364,True
16372,Sam Houston,Louisiana Tech,Sam Houston,True,11,2024-10-29,0,0.41232878,False
16373,Jacksonville St,Liberty,Jacksonville St,True,11,2024-10-30,1,0.5973946,True
16374,Kennesaw St,W Kentucky,W Kentucky,False,11,2024-10-30,1,0.5708507,False
16375,Tulane,Charlotte,Tulane,True,11,2024-10-31,0,0.22041579,False
16376,Boise St,San Diego St,Boise St,True,11,2024-11-01,1,0.61387753,True
16377,Georgia St,UConn,UConn,False,11,2024-11-01,0,0.3906049,True
16378,Florida Atlantic,S Florida,S Florida,False,11,2024-11-01,1,0.6967032,False
16379,UAB,Tulsa,UAB,True,11,2024-11-02,0,0.38161516,False
16380,Old Dominion,App State,App State,False,11,2024-11-02,0,0.23592171,True
16381,Arizona St,Oklahoma St,Arizona St,True,11,2024-11-02,1,0.84490085,True
16382,Army,Air Force,Army,True,11,2024-11-02,0,0.44471273,False
16383,TCU,Baylor,Baylor,False,11,2024-11-02,1,0.50819916,False
16384,Akron,Buffalo,Buffalo,False,11,2024-11-02,1,0.580685,False
16385,UCF,Arizona,UCF,True,11,2024-11-02,1,0.5224878,True
16386,Colorado St,Nevada,Colorado St,True,11,2024-11-02,1,0.59768516,True
16387,Florida,Georgia,Georgia,False,11,2024-11-02,1,0.57526904,False
16388,S Alabama,Georgia So,Georgia So,False,11,2024-11-02,0,0.32834572,True
16389,Hawai'i,Fresno St,Hawai'i,True,11,2024-11-02,0,0.48094037,False
16390,Houston,Kansas St,Houston,True,11,2024-11-02,0,0.4561134,False
16391,Indiana,Michigan St,Indiana,True,11,2024-11-02,0,0.33483818,False
16392,Wisconsin,Iowa,Iowa,False,11,2024-11-02,1,0.5575638,False
16393,Clemson,Louisville,Louisville,False,11,2024-11-02,0,0.3934475,True
16394,Marshall,UL Monroe,Marshall,True,11,2024-11-02,1,0.700608,True
16395,Miami,Duke,Miami,True,11,2024-11-02,1,0.6362031,True
16396,Middle Tenn,UTEP,Middle Tenn,True,11,2024-11-02,0,0.3635479,False
16397,Illinois,Minnesota,Minnesota,False,11,2024-11-02,1,0.50320005,False
16398,Mississippi,Arkansas,Mississippi,True,11,2024-11-02,1,0.7316102,True
16399,Mississippi St,UMass,Mississippi St,True,11,2024-11-02,1,0.6165078,True
16400,North Carolina,Florida St,North Carolina,True,11,2024-11-02,1,0.6564445,True
16401,Stanford,NC State,NC State,False,11,2024-11-02,0,0.49852106,True
16402,Northwestern,Purdue,Northwestern,True,11,2024-11-02,1,0.51239586,True
16403,Ohio St,Penn St,Ohio St,True,11,2024-11-02,0,0.14934328,False
16405,Oregon,Michigan,Oregon,True,11,2024-11-02,0,0.49397382,False
16406,Navy,Rice,Rice,False,11,2024-11-02,1,0.702518,False
16407,Texas A&M,South Carolina,South Carolina,False,11,2024-11-02,1,0.5308878,False
16408,Pittsburgh,SMU,SMU,False,11,2024-11-02,1,0.6227863,False
16409,Syracuse,Virginia Tech,Syracuse,True,11,2024-11-02,0,0.3508125,False
16410,Tennessee,Kentucky,Tennessee,True,11,2024-11-02,1,0.70521694,True
16411,Iowa St,Texas Tech,Texas Tech,False,11,2024-11-02,0,0.4463301,True
16412,UTSA,Memphis,UTSA,True,11,2024-11-02,1,0.659385,True
16413,E Michigan,Toledo,Toledo,False,11,2024-11-02,0,0.46177316,True
16414,Coastal Car,Troy,Troy,False,11,2024-11-02,1,0.5820294,False
16415,UCLA,Nebraska,UCLA,True,11,2024-11-02,0,0.24628405,False
16416,Vanderbilt,Auburn,Vanderbilt,True,11,2024-11-02,1,0.51595193,True
16417,USC,Washington,Washington,False,11,2024-11-02,0,0.42994374,True
16418,Wyoming,New Mexico,Wyoming,True,11,2024-11-02,1,0.6177195,True
16419,C Michigan,Bowling Green,Bowling Green,False,12,2024-11-05,0,0.2932176,True
16420,Miami OH,Ball St,Miami OH,True,12,2024-11-05,1,0.7131512,True
16421,N Illinois,W Michigan,N Illinois,True,12,2024-11-06,1,0.55809194,True
16422,Kent St,Ohio,Ohio,False,12,2024-11-06,0,0.44398052,True
16423,App State,Coastal Car,Coastal Car,False,12,2024-11-07,1,0.5061956,False
16424,E Carolina,Florida Atlantic,E Carolina,True,12,2024-11-07,0,0.40808654,False
16425,Wake Forest,California,California,False,12,2024-11-08,1,0.5331123,False
16426,Memphis,Rice,Memphis,True,12,2024-11-08,1,0.58561563,True
16427,San Diego St,New Mexico,New Mexico,False,12,2024-11-08,1,0.7087152,False
16428,UCLA,Iowa,UCLA,True,12,2024-11-08,1,0.60328376,True
16429,Fresno St,Air Force,Air Force,False,12,2024-11-09,0,0.4924366,True
16430,LSU,Alabama,Alabama,False,12,2024-11-09,0,0.4779694,True
16431,UCF,Arizona St,Arizona St,False,12,2024-11-09,0,0.41197157,True
16432,Army,N Texas,Army,True,12,2024-11-09,1,0.66821045,True
16433,Nevada,Boise St,Boise St,False,12,2024-11-09,0,0.37826195,True
16434,Boston College,Syracuse,Boston College,True,12,2024-11-09,1,0.58190715,True
16435,BYU,Utah,BYU,True,12,2024-11-09,0,0.479909,False
16436,Clemson,Virginia Tech,Clemson,True,12,2024-11-09,0,0.23471592,False
16437,Colorado,Texas Tech,Colorado,True,12,2024-11-09,1,0.67823833,True
16438,UConn,UAB,UConn,True,12,2024-11-09,1,0.79194516,True
16439,NC State,Duke,Duke,False,12,2024-11-09,0,0.43510073,True
16440,Miami,Georgia Tech,Georgia Tech,False,12,2024-11-09,0,0.30892265,True
16441,Michigan,Indiana,Indiana,False,12,2024-11-09,0,0.49712232,True
16442,Louisiana Tech,Jacksonville St,Jacksonville St,False,12,2024-11-09,0,0.35902303,True
16443,Georgia St,J Madison,J Madison,False,12,2024-11-09,0,0.37918448,True
16444,Iowa St,Kansas,Kansas,False,12,2024-11-09,0,0.37777457,True
16445,Middle Tenn,Liberty,Liberty,False,12,2024-11-09,1,0.62262714,False
16446,Louisiana,Arkansas St,Louisiana,True,12,2024-11-09,0,0.34809417,False
16447,Southern Miss,Marshall,Marshall,False,12,2024-11-09,0,0.44372806,True
16448,Mississippi,Georgia,Mississippi,True,12,2024-11-09,0,0.2237486,False
16449,Oklahoma,Missouri,Missouri,False,12,2024-11-09,1,0.7620766,False
16450,Navy,S Florida,Navy,True,12,2024-11-09,0,0.28966597,False
16451,Hawai'i,UNLV,UNLV,False,12,2024-11-09,0,0.34816095,True
16452,Florida St,Notre Dame,Notre Dame,False,12,2024-11-09,1,0.7435584,False
16453,Ohio St,Purdue,Ohio St,True,12,2024-11-09,1,0.5280583,True
16454,Maryland,Oregon,Oregon,False,12,2024-11-09,1,0.52151716,False
16455,Penn St,Washington,Penn St,True,12,2024-11-09,0,0.40831178,False
16456,Rutgers,Minnesota,Rutgers,True,12,2024-11-09,0,0.46049544,False
16457,Oregon St,San Jose St,San Jose St,False,12,2024-11-09,0,0.46349004,True
16458,South Carolina,Vanderbilt,South Carolina,True,12,2024-11-09,1,0.70468867,True
16459,Mississippi St,Tennessee,Tennessee,False,12,2024-11-09,1,0.5924788,False
16460,Texas,Florida,Texas,True,12,2024-11-09,1,0.65198064,True
16461,Oklahoma St,TCU,TCU,False,12,2024-11-09,1,0.5066915,False
16462,UL Monroe,Texas St,Texas St,False,12,2024-11-09,1,0.7988217,False
16463,Kennesaw St,UTEP,UTEP,False,12,2024-11-09,0,0.16980825,True
16464,Tulane,Temple,Tulane,True,12,2024-11-09,0,0.48101026,False
16465,Pittsburgh,Virginia,Virginia,False,12,2024-11-09,1,0.5274463,False
16466,Washington St,Utah St,Washington St,True,12,2024-11-09,0,0.3936569,False
16467,West Virginia,Cincinnati,West Virginia,True,12,2024-11-09,0,0.42480126,False
16468,New Mexico St,W Kentucky,W Kentucky,False,12,2024-11-09,0,0.43164837,True
16469,W Michigan,Bowling Green,Bowling Green,False,13,2024-11-12,1,0.750411,False
16470,Ball St,Buffalo,Buffalo,False,13,2024-11-12,1,0.52707267,False
16471,Toledo,C Michigan,Toledo,True,13,2024-11-12,1,0.67163175,True
16472,Miami OH,Kent St,Miami OH,True,13,2024-11-13,1,0.5024169,True
16473,N Illinois,Akron,N Illinois,True,13,2024-11-13,0,0.46990812,False
16474,E Michigan,Ohio,Ohio,False,13,2024-11-13,1,0.58496004,False
16475,E Carolina,Tulsa,E Carolina,True,13,2024-11-14,0,0.20452906,False
16476,Houston,Arizona,Arizona,False,13,2024-11-15,1,0.63300043,False
16477,Wyoming,Colorado St,Colorado St,False,13,2024-11-15,0,0.35144264,True
16478,N Texas,UTSA,UTSA,False,13,2024-11-15,1,0.7015691,False
16479,UCLA,Washington,Washington,False,13,2024-11-15,0,0.4179088,True
16480,Air Force,Oregon St,Air Force,True,13,2024-11-16,1,0.71313167,True
16482,Kansas St,Arizona St,Arizona St,False,13,2024-11-16,1,0.5872244,False
16483,Arkansas St,Georgia St,Arkansas St,True,13,2024-11-16,1,0.64731544,True
16484,UL Monroe,Auburn,Auburn,False,13,2024-11-16,0,0.42860398,True
16485,Baylor,West Virginia,Baylor,True,13,2024-11-16,0,0.18189602,False
16486,San Jose St,Boise St,Boise St,False,13,2024-11-16,0,0.49555743,True
16487,Clemson,Pittsburgh,Clemson,True,13,2024-11-16,0,0.48627108,False
16488,Colorado,Utah,Colorado,True,13,2024-11-16,1,0.55896723,True
16489,Florida,LSU,Florida,True,13,2024-11-16,1,0.6769325,True
16490,Tennessee,Georgia,Georgia,False,13,2024-11-16,1,0.7291623,False
16491,Michigan St,Illinois,Illinois,False,13,2024-11-16,0,0.34681898,True
16492,Cincinnati,Iowa St,Iowa St,False,13,2024-11-16,0,0.36138764,True
16493,Florida Intl,Jacksonville St,Jacksonville St,False,13,2024-11-16,0,0.44526282,True
16494,Old Dominion,J Madison,J Madison,False,13,2024-11-16,0,0.4998427,True
16495,Kansas,BYU,Kansas,True,13,2024-11-16,0,0.36572757,False
16497,UMass,Liberty,Liberty,False,13,2024-11-16,1,0.54792434,False
16498,W Kentucky,Louisiana Tech,Louisiana Tech,False,13,2024-11-16,0,0.4281818,True
16499,Coastal Car,Marshall,Marshall,False,13,2024-11-16,1,0.5482057,False
16500,Memphis,UAB,Memphis,True,13,2024-11-16,1,0.5040783,True
16501,UNLV,San Diego St,UNLV,True,13,2024-11-16,0,0.49822438,False
16502,New Mexico,Washington St,New Mexico,True,13,2024-11-16,0,0.37415254,False
16503,North Carolina,Wake Forest,North Carolina,True,13,2024-11-16,0,0.41621432,False
16504,Notre Dame,Virginia,Notre Dame,True,13,2024-11-16,1,0.65369016,True
16505,Ohio St,Northwestern,Ohio St,True,13,2024-11-16,0,0.4232217,False
16506,Oregon,Wisconsin,Oregon,True,13,2024-11-16,0,0.45289382,False
16507,Penn St,Purdue,Penn St,True,13,2024-11-16,0,0.4623476,False
16508,Rutgers,Maryland,Rutgers,True,13,2024-11-16,0,0.39000204,False
16509,Kennesaw St,Sam Houston,Sam Houston,False,13,2024-11-16,1,0.60231173,False
16510,Louisiana,S Alabama,S Alabama,False,13,2024-11-16,0,0.34301814,True
16511,South Carolina,Missouri,South Carolina,True,13,2024-11-16,0,0.25571355,False
16512,S Florida,Charlotte,S Florida,True,13,2024-11-16,0,0.37997684,False
16513,USC,Nebraska,USC,True,13,2024-11-16,0,0.24104254,False
16514,Boston College,SMU,SMU,False,13,2024-11-16,1,0.622131,False
16515,Stanford,Louisville,Stanford,True,13,2024-11-16,1,0.52457404,True
16516,California,Syracuse,Syracuse,False,13,2024-11-16,0,0.39039856,True
16517,Florida Atlantic,Temple,Temple,False,13,2024-11-16,0,0.41357,True
16518,Texas,Arkansas,Texas,True,13,2024-11-16,0,0.30070004,False
16519,New Mexico St,Texas A&M,Texas A&M,False,13,2024-11-16,0,0.26734543,True
16520,Texas St,Southern Miss,Texas St,True,13,2024-11-16,1,0.6289025,True
16521,Troy,Georgia So,Troy,True,13,2024-11-16,1,0.50824875,True
16522,Tulane,Navy,Tulane,True,13,2024-11-16,1,0.5579072,True
16523,Hawai'i,Utah St,Utah St,False,13,2024-11-16,0,0.41451985,True
16524,Akron,Kent St,Akron,True,14,2024-11-19,1,0.8374946,True
16525,C Michigan,W Michigan,C Michigan,True,14,2024-11-19,1,0.5297365,True
16526,N Illinois,Miami OH,Miami OH,False,14,2024-11-19,1,0.6552611,False
16527,E Michigan,Buffalo,Buffalo,False,14,2024-11-20,1,0.73484474,False
16528,Toledo,Ohio,Ohio,False,14,2024-11-20,0,0.41443136,True
16529,NC State,Georgia Tech,Georgia Tech,False,14,2024-11-21,1,0.5173869,False
16530,Purdue,Michigan St,Michigan St,False,14,2024-11-22,1,0.5589685,False
16531,San Jose St,UNLV,UNLV,False,14,2024-11-22,1,0.54948986,False
16532,UTSA,Temple,UTSA,True,14,2024-11-22,1,0.53902555,True
16533,Air Force,Nevada,Air Force,True,14,2024-11-23,0,0.40353802,False
16534,UAB,Rice,UAB,True,14,2024-11-23,0,0.46293953,False
16535,App State,J Madison,App State,True,14,2024-11-23,1,0.7677851,True
16536,BYU,Arizona St,Arizona St,False,14,2024-11-23,0,0.48979184,True
16537,Louisiana Tech,Arkansas,Arkansas,False,14,2024-11-23,1,0.71514255,False
16538,UL Monroe,Arkansas St,Arkansas St,False,14,2024-11-23,1,0.69628423,False
16539,Auburn,Texas A&M,Auburn,True,14,2024-11-23,1,0.5338159,True
16540,Houston,Baylor,Baylor,False,14,2024-11-23,1,0.7496378,False
16541,Wyoming,Boise St,Boise St,False,14,2024-11-23,0,0.4758945,True
16542,Boston College,North Carolina,Boston College,True,14,2024-11-23,0,0.35203066,False
16543,Bowling Green,Ball St,Bowling Green,True,14,2024-11-23,1,0.5228989,True
16544,Stanford,California,California,False,14,2024-11-23,1,0.5833568,False
16545,Florida Atlantic,Charlotte,Charlotte,False,14,2024-11-23,1,0.7594737,False
16547,Duke,Virginia Tech,Duke,True,14,2024-11-23,0,0.07858627,False
16548,E Carolina,N Texas,E Carolina,True,14,2024-11-23,0,0.483729,False
16549,Mississippi,Florida,Florida,False,14,2024-11-23,0,0.09452956,True
16551,Fresno St,Colorado St,Fresno St,True,14,2024-11-23,1,0.80310565,True
16552,Georgia,UMass,Georgia,True,14,2024-11-23,1,0.50591373,True
16553,Georgia So,Coastal Car,Georgia So,True,14,2024-11-23,1,0.590306,True
16554,Georgia St,Texas St,Georgia St,True,14,2024-11-23,0,0.28021643,False
16555,Rutgers,Illinois,Illinois,False,14,2024-11-23,0,0.20915534,True
16556,Iowa,Maryland,Iowa,True,14,2024-11-23,0,0.24104416,False
16557,Iowa St,Utah,Iowa St,True,14,2024-11-23,0,0.34144136,False
16558,Sam Houston,Jacksonville St,Jacksonville St,False,14,2024-11-23,1,0.6986555,False
16559,Kansas,Colorado,Kansas,True,14,2024-11-23,1,0.7104218,True
16560,Kansas St,Cincinnati,Kansas St,True,14,2024-11-23,1,0.503832,True
16561,Florida Intl,Kennesaw St,Kennesaw St,False,14,2024-11-23,1,0.57989186,False
16562,Liberty,W Kentucky,Liberty,True,14,2024-11-23,1,0.7463716,True
16563,Troy,Louisiana,Louisiana,False,14,2024-11-23,0,0.36954838,True
16564,Vanderbilt,LSU,LSU,False,14,2024-11-23,0,0.49358737,True
16565,Louisville,Pittsburgh,Louisville,True,14,2024-11-23,0,0.47814748,False
16566,Old Dominion,Marshall,Marshall,False,14,2024-11-23,0,0.23629048,True
16567,Wake Forest,Miami,Miami,False,14,2024-11-23,0,0.2401485,True
16568,Northwestern,Michigan,Michigan,False,14,2024-11-23,0,0.48813415,True
16569,Mississippi St,Missouri,Missouri,False,14,2024-11-23,1,0.5220216,False
16570,Nebraska,Wisconsin,Nebraska,True,14,2024-11-23,1,0.7238388,True
16571,Middle Tenn,New Mexico St,New Mexico St,False,14,2024-11-23,0,0.47381368,True
16572,Notre Dame,Army,Notre Dame,True,14,2024-11-23,1,0.7725416,True
16573,Indiana,Ohio St,Ohio St,False,14,2024-11-23,0,0.08232094,True
16574,Oklahoma,Alabama,Oklahoma,True,14,2024-11-23,1,0.65331024,True
16575,Oregon St,Washington St,Oregon St,True,14,2024-11-23,1,0.63102823,True
16576,Minnesota,Penn St,Penn St,False,14,2024-11-23,0,0.22462592,True
16577,Southern Miss,S Alabama,S Alabama,False,14,2024-11-23,0,0.4878206,True
16579,Tulsa,S Florida,S Florida,False,14,2024-11-23,1,0.74268055,False
16580,UCLA,USC,USC,False,14,2024-11-23,0,0.39943424,True
16581,Virginia,SMU,SMU,False,14,2024-11-23,0,0.37959334,True
16582,UConn,Syracuse,Syracuse,False,14,2024-11-23,1,0.6981267,False
16583,Tennessee,UTEP,Tennessee,True,14,2024-11-23,1,0.8136704,True
16584,Kentucky,Texas,Texas,False,14,2024-11-23,1,0.5388452,False
16585,TCU,Arizona,TCU,True,14,2024-11-23,1,0.53789335,True
16586,Texas Tech,Oklahoma St,Texas Tech,True,14,2024-11-23,0,0.29828203,False
16587,Utah St,San Diego St,Utah St,True,14,2024-11-23,1,0.64091754,True
16588,UCF,West Virginia,West Virginia,False,14,2024-11-23,1,0.51955,False
16589,Akron,Toledo,Akron,True,15,2024-11-26,1,0.64248616,True
16590,Buffalo,Kent St,Buffalo,True,15,2024-11-26,1,0.6979945,True
16591,Tulane,Memphis,Memphis,False,15,2024-11-28,1,0.6103956,False
16592,Oregon St,Boise St,Boise St,False,15,2024-11-29,0,0.3436754,True
16593,Colorado,Oklahoma St,Colorado,True,15,2024-11-29,0,0.23650056,False
16594,Colorado St,Utah St,Colorado St,True,15,2024-11-29,1,0.58110297,True
16595,Georgia,Georgia Tech,Georgia,True,15,2024-11-29,0,0.15130566,False
16596,Nebraska,Iowa,Iowa,False,15,2024-11-29,0,0.37656772,True
16597,Bowling Green,Miami OH,Miami OH,False,15,2024-11-29,1,0.53502077,False
16598,Wisconsin,Minnesota,Minnesota,False,15,2024-11-29,1,0.5326756,False
16599,Mississippi St,Mississippi,Mississippi,False,15,2024-11-29,1,0.61949265,False
16600,Navy,E Carolina,Navy,True,15,2024-11-29,0,0.34803396,False
16601,Ohio,Ball St,Ohio,True,15,2024-11-29,0,0.3008923,False
16602,Sam Houston,Liberty,Sam Houston,True,15,2024-11-29,1,0.7312884,True
16603,Stanford,San Jose St,San Jose St,False,15,2024-11-29,0,0.39074597,True
16604,Texas St,S Alabama,Texas St,True,15,2024-11-29,0,0.4776435,False
16605,Utah,UCF,Utah,True,15,2024-11-29,1,0.61859715,True
16606,San Diego St,Air Force,Air Force,False,15,2024-11-30,1,0.71403486,False
16607,Auburn,Alabama,Alabama,False,15,2024-11-30,1,0.62338644,False
16608,Arizona,Arizona St,Arizona St,False,15,2024-11-30,0,0.28324768,True
16609,Army,UTSA,Army,True,15,2024-11-30,1,0.63155997,True
16610,Baylor,Kansas,Baylor,True,15,2024-11-30,1,0.8288472,True
16611,Boston College,Pittsburgh,Boston College,True,15,2024-11-30,1,0.51383215,True
16612,Houston,BYU,BYU,False,15,2024-11-30,0,0.29138395,True
16613,Charlotte,UAB,Charlotte,True,15,2024-11-30,0,0.47219026,False
16614,Coastal Car,Georgia St,Coastal Car,True,15,2024-11-30,1,0.81248486,True
16615,UConn,UMass,UConn,True,15,2024-11-30,0,0.43633425,False
16616,Duke,Wake Forest,Duke,True,15,2024-11-30,0,0.21948619,False
16617,Florida,Florida St,Florida,True,15,2024-11-30,1,0.7372555,True
16618,Florida Atlantic,Tulsa,Florida Atlantic,True,15,2024-11-30,0,0.47444886,False
16619,Middle Tenn,Florida Intl,Florida Intl,False,15,2024-11-30,1,0.90208834,False
16620,App State,Georgia So,Georgia So,False,15,2024-11-30,0,0.49438775,True
16621,Hawai'i,New Mexico,Hawai'i,True,15,2024-11-30,1,0.848589,True
16622,Northwestern,Illinois,Illinois,False,15,2024-11-30,0,0.2532021,True
16623,Indiana,Purdue,Indiana,True,15,2024-11-30,1,0.5775202,True
16624,Kansas St,Iowa St,Iowa St,False,15,2024-11-30,0,0.43328458,True
16625,UL Monroe,Louisiana,Louisiana,False,15,2024-11-30,1,0.6069765,False
16626,Oklahoma,LSU,LSU,False,15,2024-11-30,1,0.7662195,False
16627,Kennesaw St,Louisiana Tech,Louisiana Tech,False,15,2024-11-30,1,0.51967126,False
16628,Kentucky,Louisville,Louisville,False,15,2024-11-30,1,0.6008309,False
16629,Marshall,J Madison,Marshall,True,15,2024-11-30,1,0.56554246,True
16630,Ohio St,Michigan,Michigan,False,15,2024-11-30,1,0.57292104,False
16631,Arkansas,Missouri,Missouri,False,15,2024-11-30,0,0.46160722,True
16632,Nevada,UNLV,UNLV,False,15,2024-11-30,0,0.37939596,True
16633,NC State,North Carolina,NC State,True,15,2024-11-30,1,0.5595244,True
16634,N Texas,Temple,N Texas,True,15,2024-11-30,0,0.31464574,False
16635,C Michigan,N Illinois,N Illinois,False,15,2024-11-30,1,0.6195381,False
16636,Notre Dame,USC,Notre Dame,True,15,2024-11-30,1,0.72671264,True
16637,Old Dominion,Arkansas St,Old Dominion,True,15,2024-11-30,1,0.6248301,True
16638,Washington,Oregon,Oregon,False,15,2024-11-30,0,0.2131882,True
16639,Maryland,Penn St,Penn St,False,15,2024-11-30,0,0.48502335,True
16640,S Florida,Rice,Rice,False,15,2024-11-30,1,0.7599701,False
16641,Rutgers,Michigan St,Rutgers,True,15,2024-11-30,0,0.29637,False
16642,Clemson,South Carolina,South Carolina,False,15,2024-11-30,1,0.5112865,False
16643,SMU,California,SMU,True,15,2024-11-30,1,0.63234204,True
16644,Miami,Syracuse,Syracuse,False,15,2024-11-30,1,0.5671081,False
16645,Vanderbilt,Tennessee,Tennessee,False,15,2024-11-30,0,0.4602226,True
16646,Texas A&M,Texas,Texas,False,15,2024-11-30,0,0.25881022,True
16647,TCU,Cincinnati,TCU,True,15,2024-11-30,0,0.19661255,False
16648,West Virginia,Texas Tech,Texas Tech,False,15,2024-11-30,1,0.66780674,False
16649,New Mexico St,UTEP,UTEP,False,15,2024-11-30,1,0.7468266,False
16650,Troy,Southern Miss,Troy,True,15,2024-11-30,1,0.7346063,True
16651,UCLA,Fresno St,UCLA,True,15,2024-11-30,0,0.21325576,False
16652,Virginia Tech,Virginia,Virginia Tech,True,15,2024-11-30,1,0.5062042,True
16653,Jacksonville St,W Kentucky,W Kentucky,False,15,2024-11-30,1,0.87348086,False
16654,E Michigan,W Michigan,W Michigan,False,15,2024-11-30,1,0.55415803,False
16655,Wyoming,Washington St,Wyoming,True,15,2024-11-30,1,0.55299735,True
16656,Tulane,Army,Army,False,16,2024-12-06,0,0.26419744,True
16657,Boise St,UNLV,Boise St,True,16,2024-12-06,0,0.4057078,False
16658,W Kentucky,Jacksonville St,Jacksonville St,False,16,2024-12-06,1,0.5004949,False
16659,Iowa St,Arizona St,Arizona St,False,16,2024-12-07,0,0.4991825,True
16660,Clemson,SMU,Clemson,True,16,2024-12-07,0,0.4151595,False
16661,Texas,Georgia,Georgia,False,16,2024-12-07,1,0.5369818,False
16662,Marshall,Louisiana,Marshall,True,16,2024-12-07,1,0.64222383,True
16663,Miami OH,Ohio,Ohio,False,16,2024-12-07,1,0.6536659,False
16664,Penn St,Oregon,Oregon,False,16,2024-12-07,1,0.73658144,False
16665,Navy,Army,Navy,True,17,2024-12-14,0,0.3648761,False
16666,S Alabama,W Michigan,S Alabama,True,17,2024-12-14,1,0.5729534,True
16667,Memphis,West Virginia,Memphis,True,18,2024-12-17,0,0.4392623,False
16668,J Madison,W Kentucky,J Madison,True,18,2024-12-18,1,0.84116566,True
16669,UNLV,California,UNLV,True,18,2024-12-18,1,0.7343562,True
16670,Sam Houston,Georgia So,Sam Houston,True,18,2024-12-19,1,0.5493238,True
16671,Tulane,Florida,Florida,False,18,2024-12-20,0,0.2523009,True
16672,Indiana,Notre Dame,Notre Dame,False,18,2024-12-20,0,0.4223996,True
16673,Jacksonville St,Ohio,Ohio,False,18,2024-12-20,1,0.5289622,False
16674,Tennessee,Ohio St,Ohio St,False,18,2024-12-21,0,0.30397418,True
16675,SMU,Penn St,Penn St,False,18,2024-12-21,0,0.42375097,True
16676,Clemson,Texas,Texas,False,18,2024-12-21,0,0.29692158,True
16677,Fresno St,N Illinois,N Illinois,False,18,2024-12-23,0,0.4861888,True
16678,Coastal Car,UTSA,UTSA,False,18,2024-12-23,0,0.37088752,True
16679,S Florida,San Jose St,S Florida,True,19,2024-12-24,0,0.4165138,False
16680,Arkansas St,Bowling Green,Arkansas St,True,19,2024-12-26,0,0.34315416,False
16681,Kansas St,Rutgers,Kansas St,True,19,2024-12-26,1,0.6052012,True
16682,Pittsburgh,Toledo,Toledo,False,19,2024-12-26,0,0.115481846,True
16683,Texas Tech,Arkansas,Arkansas,False,19,2024-12-27,1,0.5101343,False
16684,Navy,Oklahoma,Navy,True,19,2024-12-27,0,0.43231627,False
16685,USC,Texas A&M,USC,True,19,2024-12-27,1,0.5949386,True
16686,Washington St,Syracuse,Syracuse,False,19,2024-12-27,1,0.633653,False
16687,Georgia Tech,Vanderbilt,Vanderbilt,False,19,2024-12-27,1,0.5477165,False
16688,Army,Louisiana Tech,Army,True,19,2024-12-28,1,0.6254576,True
16689,Colorado,BYU,BYU,False,19,2024-12-28,0,0.46064046,True
16690,UConn,North Carolina,UConn,True,19,2024-12-28,0,0.4970651,False
16691,NC State,E Carolina,E Carolina,False,19,2024-12-28,1,0.51921546,False
16692,Iowa St,Miami,Iowa St,True,19,2024-12-28,0,0.39658812,False
16693,Colorado St,Miami OH,Miami OH,False,19,2024-12-28,1,0.562199,False
16694,Nebraska,Boston College,Nebraska,True,19,2024-12-28,1,0.5779336,True
16695,TCU,Louisiana,TCU,True,19,2024-12-28,0,0.3612661,False
16696,Missouri,Iowa,Missouri,True,20,2024-12-30,0,0.22113307,False
16697,South Carolina,Illinois,Illinois,False,21,2024-12-31,0,0.4005956,True
16698,LSU,Baylor,LSU,True,21,2024-12-31,0,0.2543578,False
16699,Washington,Louisville,Louisville,False,21,2024-12-31,0,0.20947048,True
16700,Alabama,Michigan,Michigan,False,21,2024-12-31,0,0.4720803,True
16701,Boise St,Penn St,Penn St,False,21,2024-12-31,0,0.4320694,True
16702,Ohio St,Oregon,Ohio St,True,21,2025-01-01,0,0.36143512,False
16703,Arizona St,Texas,Texas,False,21,2025-01-01,0,0.26444507,True
16704,Duke,Mississippi,Mississippi,False,21,2025-01-02,0,0.1476992,True
16705,Notre Dame,Georgia,Notre Dame,True,21,2025-01-02,1,0.7128322,True
16706,Virginia Tech,Minnesota,Minnesota,False,21,2025-01-03,1,0.61654174,False
16707,Texas St,N Texas,Texas St,True,21,2025-01-03,1,0.707085,True
16708,Liberty,Buffalo,Buffalo,False,21,2025-01-04,1,0.6350922,False
16709,Penn St,Notre Dame,Notre Dame,False,22,2025-01-09,0,0.45634428,True
16710,Texas,Ohio St,Ohio St,False,22,2025-01-10,0,0.22396621,True
16711,Notre Dame,Ohio St,Ohio St,False,23,2025-01-20,0,0.42544845,True
